name	type	source	detector	wavelength_nominal	units	sampling_frequency
S1-D1	NIRSCWAMPLITUDE	1	1	685	n/a	7.8125
S2-D1	NIRSCWAMPLITUDE	2	1	685	n/a	7.8125
S3-D1	NIRSCWAMPLITUDE	3	1	685	n/a	7.8125
S4-D1	NIRSCWAMPLITUDE	4	1	685	n/a	7.8125
S7-D1	NIRSCWAMPLITUDE	7	1	685	n/a	7.8125
S8-D1	NIRSCWAMPLITUDE	8	1	685	n/a	7.8125
S9-D1	NIRSCWAMPLITUDE	9	1	685	n/a	7.8125
S10-D1	NIRSCWAMPLITUDE	10	1	685	n/a	7.8125
S13-D1	NIRSCWAMPLITUDE	13	1	685	n/a	7.8125
S14-D1	NIRSCWAMPLITUDE	14	1	685	n/a	7.8125
S15-D1	NIRSCWAMPLITUDE	15	1	685	n/a	7.8125
S16-D1	NIRSCWAMPLITUDE	16	1	685	n/a	7.8125
S19-D1	NIRSCWAMPLITUDE	19	1	685	n/a	7.8125
S20-D1	NIRSCWAMPLITUDE	20	1	685	n/a	7.8125
S21-D1	NIRSCWAMPLITUDE	21	1	685	n/a	7.8125
S25-D1	NIRSCWAMPLITUDE	25	1	685	n/a	7.8125
S26-D1	NIRSCWAMPLITUDE	26	1	685	n/a	7.8125
S1-D2	NIRSCWAMPLITUDE	1	2	685	n/a	7.8125
S2-D2	NIRSCWAMPLITUDE	2	2	685	n/a	7.8125
S3-D2	NIRSCWAMPLITUDE	3	2	685	n/a	7.8125
S4-D2	NIRSCWAMPLITUDE	4	2	685	n/a	7.8125
S5-D2	NIRSCWAMPLITUDE	5	2	685	n/a	7.8125
S7-D2	NIRSCWAMPLITUDE	7	2	685	n/a	7.8125
S8-D2	NIRSCWAMPLITUDE	8	2	685	n/a	7.8125
S9-D2	NIRSCWAMPLITUDE	9	2	685	n/a	7.8125
S10-D2	NIRSCWAMPLITUDE	10	2	685	n/a	7.8125
S11-D2	NIRSCWAMPLITUDE	11	2	685	n/a	7.8125
S13-D2	NIRSCWAMPLITUDE	13	2	685	n/a	7.8125
S14-D2	NIRSCWAMPLITUDE	14	2	685	n/a	7.8125
S15-D2	NIRSCWAMPLITUDE	15	2	685	n/a	7.8125
S16-D2	NIRSCWAMPLITUDE	16	2	685	n/a	7.8125
S17-D2	NIRSCWAMPLITUDE	17	2	685	n/a	7.8125
S19-D2	NIRSCWAMPLITUDE	19	2	685	n/a	7.8125
S20-D2	NIRSCWAMPLITUDE	20	2	685	n/a	7.8125
S21-D2	NIRSCWAMPLITUDE	21	2	685	n/a	7.8125
S22-D2	NIRSCWAMPLITUDE	22	2	685	n/a	7.8125
S23-D2	NIRSCWAMPLITUDE	23	2	685	n/a	7.8125
S25-D2	NIRSCWAMPLITUDE	25	2	685	n/a	7.8125
S26-D2	NIRSCWAMPLITUDE	26	2	685	n/a	7.8125
S27-D2	NIRSCWAMPLITUDE	27	2	685	n/a	7.8125
S1-D3	NIRSCWAMPLITUDE	1	3	685	n/a	7.8125
S2-D3	NIRSCWAMPLITUDE	2	3	685	n/a	7.8125
S3-D3	NIRSCWAMPLITUDE	3	3	685	n/a	7.8125
S4-D3	NIRSCWAMPLITUDE	4	3	685	n/a	7.8125
S5-D3	NIRSCWAMPLITUDE	5	3	685	n/a	7.8125
S6-D3	NIRSCWAMPLITUDE	6	3	685	n/a	7.8125
S7-D3	NIRSCWAMPLITUDE	7	3	685	n/a	7.8125
S8-D3	NIRSCWAMPLITUDE	8	3	685	n/a	7.8125
S9-D3	NIRSCWAMPLITUDE	9	3	685	n/a	7.8125
S10-D3	NIRSCWAMPLITUDE	10	3	685	n/a	7.8125
S11-D3	NIRSCWAMPLITUDE	11	3	685	n/a	7.8125
S12-D3	NIRSCWAMPLITUDE	12	3	685	n/a	7.8125
S13-D3	NIRSCWAMPLITUDE	13	3	685	n/a	7.8125
S14-D3	NIRSCWAMPLITUDE	14	3	685	n/a	7.8125
S15-D3	NIRSCWAMPLITUDE	15	3	685	n/a	7.8125
S16-D3	NIRSCWAMPLITUDE	16	3	685	n/a	7.8125
S17-D3	NIRSCWAMPLITUDE	17	3	685	n/a	7.8125
S18-D3	NIRSCWAMPLITUDE	18	3	685	n/a	7.8125
S19-D3	NIRSCWAMPLITUDE	19	3	685	n/a	7.8125
S20-D3	NIRSCWAMPLITUDE	20	3	685	n/a	7.8125
S21-D3	NIRSCWAMPLITUDE	21	3	685	n/a	7.8125
S22-D3	NIRSCWAMPLITUDE	22	3	685	n/a	7.8125
S23-D3	NIRSCWAMPLITUDE	23	3	685	n/a	7.8125
S24-D3	NIRSCWAMPLITUDE	24	3	685	n/a	7.8125
S25-D3	NIRSCWAMPLITUDE	25	3	685	n/a	7.8125
S26-D3	NIRSCWAMPLITUDE	26	3	685	n/a	7.8125
S27-D3	NIRSCWAMPLITUDE	27	3	685	n/a	7.8125
S28-D3	NIRSCWAMPLITUDE	28	3	685	n/a	7.8125
S1-D4	NIRSCWAMPLITUDE	1	4	685	n/a	7.8125
S2-D4	NIRSCWAMPLITUDE	2	4	685	n/a	7.8125
S3-D4	NIRSCWAMPLITUDE	3	4	685	n/a	7.8125
S4-D4	NIRSCWAMPLITUDE	4	4	685	n/a	7.8125
S5-D4	NIRSCWAMPLITUDE	5	4	685	n/a	7.8125
S6-D4	NIRSCWAMPLITUDE	6	4	685	n/a	7.8125
S7-D4	NIRSCWAMPLITUDE	7	4	685	n/a	7.8125
S8-D4	NIRSCWAMPLITUDE	8	4	685	n/a	7.8125
S9-D4	NIRSCWAMPLITUDE	9	4	685	n/a	7.8125
S10-D4	NIRSCWAMPLITUDE	10	4	685	n/a	7.8125
S11-D4	NIRSCWAMPLITUDE	11	4	685	n/a	7.8125
S12-D4	NIRSCWAMPLITUDE	12	4	685	n/a	7.8125
S13-D4	NIRSCWAMPLITUDE	13	4	685	n/a	7.8125
S14-D4	NIRSCWAMPLITUDE	14	4	685	n/a	7.8125
S15-D4	NIRSCWAMPLITUDE	15	4	685	n/a	7.8125
S16-D4	NIRSCWAMPLITUDE	16	4	685	n/a	7.8125
S17-D4	NIRSCWAMPLITUDE	17	4	685	n/a	7.8125
S18-D4	NIRSCWAMPLITUDE	18	4	685	n/a	7.8125
S19-D4	NIRSCWAMPLITUDE	19	4	685	n/a	7.8125
S20-D4	NIRSCWAMPLITUDE	20	4	685	n/a	7.8125
S21-D4	NIRSCWAMPLITUDE	21	4	685	n/a	7.8125
S22-D4	NIRSCWAMPLITUDE	22	4	685	n/a	7.8125
S23-D4	NIRSCWAMPLITUDE	23	4	685	n/a	7.8125
S24-D4	NIRSCWAMPLITUDE	24	4	685	n/a	7.8125
S26-D4	NIRSCWAMPLITUDE	26	4	685	n/a	7.8125
S27-D4	NIRSCWAMPLITUDE	27	4	685	n/a	7.8125
S28-D4	NIRSCWAMPLITUDE	28	4	685	n/a	7.8125
S29-D4	NIRSCWAMPLITUDE	29	4	685	n/a	7.8125
S30-D4	NIRSCWAMPLITUDE	30	4	685	n/a	7.8125
S206-D4	NIRSCWAMPLITUDE	206	4	685	n/a	7.8125
S207-D4	NIRSCWAMPLITUDE	207	4	685	n/a	7.8125
S217-D4	NIRSCWAMPLITUDE	217	4	685	n/a	7.8125
S218-D4	NIRSCWAMPLITUDE	218	4	685	n/a	7.8125
S1-D5	NIRSCWAMPLITUDE	1	5	685	n/a	7.8125
S2-D5	NIRSCWAMPLITUDE	2	5	685	n/a	7.8125
S3-D5	NIRSCWAMPLITUDE	3	5	685	n/a	7.8125
S4-D5	NIRSCWAMPLITUDE	4	5	685	n/a	7.8125
S5-D5	NIRSCWAMPLITUDE	5	5	685	n/a	7.8125
S6-D5	NIRSCWAMPLITUDE	6	5	685	n/a	7.8125
S7-D5	NIRSCWAMPLITUDE	7	5	685	n/a	7.8125
S8-D5	NIRSCWAMPLITUDE	8	5	685	n/a	7.8125
S9-D5	NIRSCWAMPLITUDE	9	5	685	n/a	7.8125
S10-D5	NIRSCWAMPLITUDE	10	5	685	n/a	7.8125
S11-D5	NIRSCWAMPLITUDE	11	5	685	n/a	7.8125
S12-D5	NIRSCWAMPLITUDE	12	5	685	n/a	7.8125
S13-D5	NIRSCWAMPLITUDE	13	5	685	n/a	7.8125
S14-D5	NIRSCWAMPLITUDE	14	5	685	n/a	7.8125
S15-D5	NIRSCWAMPLITUDE	15	5	685	n/a	7.8125
S16-D5	NIRSCWAMPLITUDE	16	5	685	n/a	7.8125
S17-D5	NIRSCWAMPLITUDE	17	5	685	n/a	7.8125
S18-D5	NIRSCWAMPLITUDE	18	5	685	n/a	7.8125
S19-D5	NIRSCWAMPLITUDE	19	5	685	n/a	7.8125
S20-D5	NIRSCWAMPLITUDE	20	5	685	n/a	7.8125
S21-D5	NIRSCWAMPLITUDE	21	5	685	n/a	7.8125
S22-D5	NIRSCWAMPLITUDE	22	5	685	n/a	7.8125
S23-D5	NIRSCWAMPLITUDE	23	5	685	n/a	7.8125
S24-D5	NIRSCWAMPLITUDE	24	5	685	n/a	7.8125
S27-D5	NIRSCWAMPLITUDE	27	5	685	n/a	7.8125
S28-D5	NIRSCWAMPLITUDE	28	5	685	n/a	7.8125
S29-D5	NIRSCWAMPLITUDE	29	5	685	n/a	7.8125
S30-D5	NIRSCWAMPLITUDE	30	5	685	n/a	7.8125
S205-D5	NIRSCWAMPLITUDE	205	5	685	n/a	7.8125
S206-D5	NIRSCWAMPLITUDE	206	5	685	n/a	7.8125
S207-D5	NIRSCWAMPLITUDE	207	5	685	n/a	7.8125
S216-D5	NIRSCWAMPLITUDE	216	5	685	n/a	7.8125
S217-D5	NIRSCWAMPLITUDE	217	5	685	n/a	7.8125
S218-D5	NIRSCWAMPLITUDE	218	5	685	n/a	7.8125
S229-D5	NIRSCWAMPLITUDE	229	5	685	n/a	7.8125
S240-D5	NIRSCWAMPLITUDE	240	5	685	n/a	7.8125
S2-D6	NIRSCWAMPLITUDE	2	6	685	n/a	7.8125
S3-D6	NIRSCWAMPLITUDE	3	6	685	n/a	7.8125
S4-D6	NIRSCWAMPLITUDE	4	6	685	n/a	7.8125
S5-D6	NIRSCWAMPLITUDE	5	6	685	n/a	7.8125
S6-D6	NIRSCWAMPLITUDE	6	6	685	n/a	7.8125
S8-D6	NIRSCWAMPLITUDE	8	6	685	n/a	7.8125
S9-D6	NIRSCWAMPLITUDE	9	6	685	n/a	7.8125
S10-D6	NIRSCWAMPLITUDE	10	6	685	n/a	7.8125
S11-D6	NIRSCWAMPLITUDE	11	6	685	n/a	7.8125
S12-D6	NIRSCWAMPLITUDE	12	6	685	n/a	7.8125
S14-D6	NIRSCWAMPLITUDE	14	6	685	n/a	7.8125
S15-D6	NIRSCWAMPLITUDE	15	6	685	n/a	7.8125
S16-D6	NIRSCWAMPLITUDE	16	6	685	n/a	7.8125
S17-D6	NIRSCWAMPLITUDE	17	6	685	n/a	7.8125
S18-D6	NIRSCWAMPLITUDE	18	6	685	n/a	7.8125
S20-D6	NIRSCWAMPLITUDE	20	6	685	n/a	7.8125
S21-D6	NIRSCWAMPLITUDE	21	6	685	n/a	7.8125
S22-D6	NIRSCWAMPLITUDE	22	6	685	n/a	7.8125
S23-D6	NIRSCWAMPLITUDE	23	6	685	n/a	7.8125
S24-D6	NIRSCWAMPLITUDE	24	6	685	n/a	7.8125
S28-D6	NIRSCWAMPLITUDE	28	6	685	n/a	7.8125
S29-D6	NIRSCWAMPLITUDE	29	6	685	n/a	7.8125
S30-D6	NIRSCWAMPLITUDE	30	6	685	n/a	7.8125
S192-D6	NIRSCWAMPLITUDE	192	6	685	n/a	7.8125
S205-D6	NIRSCWAMPLITUDE	205	6	685	n/a	7.8125
S206-D6	NIRSCWAMPLITUDE	206	6	685	n/a	7.8125
S207-D6	NIRSCWAMPLITUDE	207	6	685	n/a	7.8125
S215-D6	NIRSCWAMPLITUDE	215	6	685	n/a	7.8125
S216-D6	NIRSCWAMPLITUDE	216	6	685	n/a	7.8125
S217-D6	NIRSCWAMPLITUDE	217	6	685	n/a	7.8125
S218-D6	NIRSCWAMPLITUDE	218	6	685	n/a	7.8125
S228-D6	NIRSCWAMPLITUDE	228	6	685	n/a	7.8125
S229-D6	NIRSCWAMPLITUDE	229	6	685	n/a	7.8125
S238-D6	NIRSCWAMPLITUDE	238	6	685	n/a	7.8125
S239-D6	NIRSCWAMPLITUDE	239	6	685	n/a	7.8125
S240-D6	NIRSCWAMPLITUDE	240	6	685	n/a	7.8125
S1-D7	NIRSCWAMPLITUDE	1	7	685	n/a	7.8125
S2-D7	NIRSCWAMPLITUDE	2	7	685	n/a	7.8125
S3-D7	NIRSCWAMPLITUDE	3	7	685	n/a	7.8125
S4-D7	NIRSCWAMPLITUDE	4	7	685	n/a	7.8125
S7-D7	NIRSCWAMPLITUDE	7	7	685	n/a	7.8125
S8-D7	NIRSCWAMPLITUDE	8	7	685	n/a	7.8125
S9-D7	NIRSCWAMPLITUDE	9	7	685	n/a	7.8125
S10-D7	NIRSCWAMPLITUDE	10	7	685	n/a	7.8125
S13-D7	NIRSCWAMPLITUDE	13	7	685	n/a	7.8125
S14-D7	NIRSCWAMPLITUDE	14	7	685	n/a	7.8125
S15-D7	NIRSCWAMPLITUDE	15	7	685	n/a	7.8125
S16-D7	NIRSCWAMPLITUDE	16	7	685	n/a	7.8125
S19-D7	NIRSCWAMPLITUDE	19	7	685	n/a	7.8125
S20-D7	NIRSCWAMPLITUDE	20	7	685	n/a	7.8125
S21-D7	NIRSCWAMPLITUDE	21	7	685	n/a	7.8125
S22-D7	NIRSCWAMPLITUDE	22	7	685	n/a	7.8125
S25-D7	NIRSCWAMPLITUDE	25	7	685	n/a	7.8125
S26-D7	NIRSCWAMPLITUDE	26	7	685	n/a	7.8125
S27-D7	NIRSCWAMPLITUDE	27	7	685	n/a	7.8125
S31-D7	NIRSCWAMPLITUDE	31	7	685	n/a	7.8125
S32-D7	NIRSCWAMPLITUDE	32	7	685	n/a	7.8125
S1-D8	NIRSCWAMPLITUDE	1	8	685	n/a	7.8125
S2-D8	NIRSCWAMPLITUDE	2	8	685	n/a	7.8125
S3-D8	NIRSCWAMPLITUDE	3	8	685	n/a	7.8125
S4-D8	NIRSCWAMPLITUDE	4	8	685	n/a	7.8125
S5-D8	NIRSCWAMPLITUDE	5	8	685	n/a	7.8125
S7-D8	NIRSCWAMPLITUDE	7	8	685	n/a	7.8125
S8-D8	NIRSCWAMPLITUDE	8	8	685	n/a	7.8125
S9-D8	NIRSCWAMPLITUDE	9	8	685	n/a	7.8125
S10-D8	NIRSCWAMPLITUDE	10	8	685	n/a	7.8125
S11-D8	NIRSCWAMPLITUDE	11	8	685	n/a	7.8125
S13-D8	NIRSCWAMPLITUDE	13	8	685	n/a	7.8125
S14-D8	NIRSCWAMPLITUDE	14	8	685	n/a	7.8125
S15-D8	NIRSCWAMPLITUDE	15	8	685	n/a	7.8125
S16-D8	NIRSCWAMPLITUDE	16	8	685	n/a	7.8125
S17-D8	NIRSCWAMPLITUDE	17	8	685	n/a	7.8125
S19-D8	NIRSCWAMPLITUDE	19	8	685	n/a	7.8125
S20-D8	NIRSCWAMPLITUDE	20	8	685	n/a	7.8125
S21-D8	NIRSCWAMPLITUDE	21	8	685	n/a	7.8125
S22-D8	NIRSCWAMPLITUDE	22	8	685	n/a	7.8125
S23-D8	NIRSCWAMPLITUDE	23	8	685	n/a	7.8125
S25-D8	NIRSCWAMPLITUDE	25	8	685	n/a	7.8125
S26-D8	NIRSCWAMPLITUDE	26	8	685	n/a	7.8125
S27-D8	NIRSCWAMPLITUDE	27	8	685	n/a	7.8125
S28-D8	NIRSCWAMPLITUDE	28	8	685	n/a	7.8125
S29-D8	NIRSCWAMPLITUDE	29	8	685	n/a	7.8125
S31-D8	NIRSCWAMPLITUDE	31	8	685	n/a	7.8125
S32-D8	NIRSCWAMPLITUDE	32	8	685	n/a	7.8125
S33-D8	NIRSCWAMPLITUDE	33	8	685	n/a	7.8125
S1-D9	NIRSCWAMPLITUDE	1	9	685	n/a	7.8125
S2-D9	NIRSCWAMPLITUDE	2	9	685	n/a	7.8125
S3-D9	NIRSCWAMPLITUDE	3	9	685	n/a	7.8125
S4-D9	NIRSCWAMPLITUDE	4	9	685	n/a	7.8125
S5-D9	NIRSCWAMPLITUDE	5	9	685	n/a	7.8125
S6-D9	NIRSCWAMPLITUDE	6	9	685	n/a	7.8125
S7-D9	NIRSCWAMPLITUDE	7	9	685	n/a	7.8125
S8-D9	NIRSCWAMPLITUDE	8	9	685	n/a	7.8125
S9-D9	NIRSCWAMPLITUDE	9	9	685	n/a	7.8125
S10-D9	NIRSCWAMPLITUDE	10	9	685	n/a	7.8125
S11-D9	NIRSCWAMPLITUDE	11	9	685	n/a	7.8125
S12-D9	NIRSCWAMPLITUDE	12	9	685	n/a	7.8125
S13-D9	NIRSCWAMPLITUDE	13	9	685	n/a	7.8125
S14-D9	NIRSCWAMPLITUDE	14	9	685	n/a	7.8125
S15-D9	NIRSCWAMPLITUDE	15	9	685	n/a	7.8125
S16-D9	NIRSCWAMPLITUDE	16	9	685	n/a	7.8125
S17-D9	NIRSCWAMPLITUDE	17	9	685	n/a	7.8125
S18-D9	NIRSCWAMPLITUDE	18	9	685	n/a	7.8125
S19-D9	NIRSCWAMPLITUDE	19	9	685	n/a	7.8125
S20-D9	NIRSCWAMPLITUDE	20	9	685	n/a	7.8125
S21-D9	NIRSCWAMPLITUDE	21	9	685	n/a	7.8125
S22-D9	NIRSCWAMPLITUDE	22	9	685	n/a	7.8125
S23-D9	NIRSCWAMPLITUDE	23	9	685	n/a	7.8125
S24-D9	NIRSCWAMPLITUDE	24	9	685	n/a	7.8125
S25-D9	NIRSCWAMPLITUDE	25	9	685	n/a	7.8125
S26-D9	NIRSCWAMPLITUDE	26	9	685	n/a	7.8125
S27-D9	NIRSCWAMPLITUDE	27	9	685	n/a	7.8125
S28-D9	NIRSCWAMPLITUDE	28	9	685	n/a	7.8125
S29-D9	NIRSCWAMPLITUDE	29	9	685	n/a	7.8125
S30-D9	NIRSCWAMPLITUDE	30	9	685	n/a	7.8125
S31-D9	NIRSCWAMPLITUDE	31	9	685	n/a	7.8125
S32-D9	NIRSCWAMPLITUDE	32	9	685	n/a	7.8125
S33-D9	NIRSCWAMPLITUDE	33	9	685	n/a	7.8125
S34-D9	NIRSCWAMPLITUDE	34	9	685	n/a	7.8125
S207-D9	NIRSCWAMPLITUDE	207	9	685	n/a	7.8125
S1-D10	NIRSCWAMPLITUDE	1	10	685	n/a	7.8125
S2-D10	NIRSCWAMPLITUDE	2	10	685	n/a	7.8125
S3-D10	NIRSCWAMPLITUDE	3	10	685	n/a	7.8125
S4-D10	NIRSCWAMPLITUDE	4	10	685	n/a	7.8125
S5-D10	NIRSCWAMPLITUDE	5	10	685	n/a	7.8125
S6-D10	NIRSCWAMPLITUDE	6	10	685	n/a	7.8125
S7-D10	NIRSCWAMPLITUDE	7	10	685	n/a	7.8125
S8-D10	NIRSCWAMPLITUDE	8	10	685	n/a	7.8125
S9-D10	NIRSCWAMPLITUDE	9	10	685	n/a	7.8125
S10-D10	NIRSCWAMPLITUDE	10	10	685	n/a	7.8125
S11-D10	NIRSCWAMPLITUDE	11	10	685	n/a	7.8125
S12-D10	NIRSCWAMPLITUDE	12	10	685	n/a	7.8125
S13-D10	NIRSCWAMPLITUDE	13	10	685	n/a	7.8125
S14-D10	NIRSCWAMPLITUDE	14	10	685	n/a	7.8125
S15-D10	NIRSCWAMPLITUDE	15	10	685	n/a	7.8125
S16-D10	NIRSCWAMPLITUDE	16	10	685	n/a	7.8125
S17-D10	NIRSCWAMPLITUDE	17	10	685	n/a	7.8125
S18-D10	NIRSCWAMPLITUDE	18	10	685	n/a	7.8125
S19-D10	NIRSCWAMPLITUDE	19	10	685	n/a	7.8125
S20-D10	NIRSCWAMPLITUDE	20	10	685	n/a	7.8125
S21-D10	NIRSCWAMPLITUDE	21	10	685	n/a	7.8125
S22-D10	NIRSCWAMPLITUDE	22	10	685	n/a	7.8125
S23-D10	NIRSCWAMPLITUDE	23	10	685	n/a	7.8125
S24-D10	NIRSCWAMPLITUDE	24	10	685	n/a	7.8125
S25-D10	NIRSCWAMPLITUDE	25	10	685	n/a	7.8125
S26-D10	NIRSCWAMPLITUDE	26	10	685	n/a	7.8125
S27-D10	NIRSCWAMPLITUDE	27	10	685	n/a	7.8125
S28-D10	NIRSCWAMPLITUDE	28	10	685	n/a	7.8125
S29-D10	NIRSCWAMPLITUDE	29	10	685	n/a	7.8125
S30-D10	NIRSCWAMPLITUDE	30	10	685	n/a	7.8125
S32-D10	NIRSCWAMPLITUDE	32	10	685	n/a	7.8125
S33-D10	NIRSCWAMPLITUDE	33	10	685	n/a	7.8125
S34-D10	NIRSCWAMPLITUDE	34	10	685	n/a	7.8125
S35-D10	NIRSCWAMPLITUDE	35	10	685	n/a	7.8125
S36-D10	NIRSCWAMPLITUDE	36	10	685	n/a	7.8125
S206-D10	NIRSCWAMPLITUDE	206	10	685	n/a	7.8125
S207-D10	NIRSCWAMPLITUDE	207	10	685	n/a	7.8125
S217-D10	NIRSCWAMPLITUDE	217	10	685	n/a	7.8125
S218-D10	NIRSCWAMPLITUDE	218	10	685	n/a	7.8125
S1-D11	NIRSCWAMPLITUDE	1	11	685	n/a	7.8125
S2-D11	NIRSCWAMPLITUDE	2	11	685	n/a	7.8125
S3-D11	NIRSCWAMPLITUDE	3	11	685	n/a	7.8125
S4-D11	NIRSCWAMPLITUDE	4	11	685	n/a	7.8125
S5-D11	NIRSCWAMPLITUDE	5	11	685	n/a	7.8125
S6-D11	NIRSCWAMPLITUDE	6	11	685	n/a	7.8125
S7-D11	NIRSCWAMPLITUDE	7	11	685	n/a	7.8125
S8-D11	NIRSCWAMPLITUDE	8	11	685	n/a	7.8125
S9-D11	NIRSCWAMPLITUDE	9	11	685	n/a	7.8125
S10-D11	NIRSCWAMPLITUDE	10	11	685	n/a	7.8125
S11-D11	NIRSCWAMPLITUDE	11	11	685	n/a	7.8125
S12-D11	NIRSCWAMPLITUDE	12	11	685	n/a	7.8125
S13-D11	NIRSCWAMPLITUDE	13	11	685	n/a	7.8125
S14-D11	NIRSCWAMPLITUDE	14	11	685	n/a	7.8125
S15-D11	NIRSCWAMPLITUDE	15	11	685	n/a	7.8125
S16-D11	NIRSCWAMPLITUDE	16	11	685	n/a	7.8125
S17-D11	NIRSCWAMPLITUDE	17	11	685	n/a	7.8125
S18-D11	NIRSCWAMPLITUDE	18	11	685	n/a	7.8125
S19-D11	NIRSCWAMPLITUDE	19	11	685	n/a	7.8125
S20-D11	NIRSCWAMPLITUDE	20	11	685	n/a	7.8125
S21-D11	NIRSCWAMPLITUDE	21	11	685	n/a	7.8125
S22-D11	NIRSCWAMPLITUDE	22	11	685	n/a	7.8125
S23-D11	NIRSCWAMPLITUDE	23	11	685	n/a	7.8125
S24-D11	NIRSCWAMPLITUDE	24	11	685	n/a	7.8125
S25-D11	NIRSCWAMPLITUDE	25	11	685	n/a	7.8125
S26-D11	NIRSCWAMPLITUDE	26	11	685	n/a	7.8125
S27-D11	NIRSCWAMPLITUDE	27	11	685	n/a	7.8125
S28-D11	NIRSCWAMPLITUDE	28	11	685	n/a	7.8125
S29-D11	NIRSCWAMPLITUDE	29	11	685	n/a	7.8125
S30-D11	NIRSCWAMPLITUDE	30	11	685	n/a	7.8125
S33-D11	NIRSCWAMPLITUDE	33	11	685	n/a	7.8125
S34-D11	NIRSCWAMPLITUDE	34	11	685	n/a	7.8125
S35-D11	NIRSCWAMPLITUDE	35	11	685	n/a	7.8125
S36-D11	NIRSCWAMPLITUDE	36	11	685	n/a	7.8125
S205-D11	NIRSCWAMPLITUDE	205	11	685	n/a	7.8125
S206-D11	NIRSCWAMPLITUDE	206	11	685	n/a	7.8125
S207-D11	NIRSCWAMPLITUDE	207	11	685	n/a	7.8125
S216-D11	NIRSCWAMPLITUDE	216	11	685	n/a	7.8125
S217-D11	NIRSCWAMPLITUDE	217	11	685	n/a	7.8125
S218-D11	NIRSCWAMPLITUDE	218	11	685	n/a	7.8125
S229-D11	NIRSCWAMPLITUDE	229	11	685	n/a	7.8125
S2-D12	NIRSCWAMPLITUDE	2	12	685	n/a	7.8125
S3-D12	NIRSCWAMPLITUDE	3	12	685	n/a	7.8125
S4-D12	NIRSCWAMPLITUDE	4	12	685	n/a	7.8125
S5-D12	NIRSCWAMPLITUDE	5	12	685	n/a	7.8125
S6-D12	NIRSCWAMPLITUDE	6	12	685	n/a	7.8125
S8-D12	NIRSCWAMPLITUDE	8	12	685	n/a	7.8125
S9-D12	NIRSCWAMPLITUDE	9	12	685	n/a	7.8125
S10-D12	NIRSCWAMPLITUDE	10	12	685	n/a	7.8125
S11-D12	NIRSCWAMPLITUDE	11	12	685	n/a	7.8125
S12-D12	NIRSCWAMPLITUDE	12	12	685	n/a	7.8125
S14-D12	NIRSCWAMPLITUDE	14	12	685	n/a	7.8125
S15-D12	NIRSCWAMPLITUDE	15	12	685	n/a	7.8125
S16-D12	NIRSCWAMPLITUDE	16	12	685	n/a	7.8125
S17-D12	NIRSCWAMPLITUDE	17	12	685	n/a	7.8125
S18-D12	NIRSCWAMPLITUDE	18	12	685	n/a	7.8125
S20-D12	NIRSCWAMPLITUDE	20	12	685	n/a	7.8125
S21-D12	NIRSCWAMPLITUDE	21	12	685	n/a	7.8125
S22-D12	NIRSCWAMPLITUDE	22	12	685	n/a	7.8125
S23-D12	NIRSCWAMPLITUDE	23	12	685	n/a	7.8125
S24-D12	NIRSCWAMPLITUDE	24	12	685	n/a	7.8125
S27-D12	NIRSCWAMPLITUDE	27	12	685	n/a	7.8125
S28-D12	NIRSCWAMPLITUDE	28	12	685	n/a	7.8125
S29-D12	NIRSCWAMPLITUDE	29	12	685	n/a	7.8125
S30-D12	NIRSCWAMPLITUDE	30	12	685	n/a	7.8125
S34-D12	NIRSCWAMPLITUDE	34	12	685	n/a	7.8125
S35-D12	NIRSCWAMPLITUDE	35	12	685	n/a	7.8125
S36-D12	NIRSCWAMPLITUDE	36	12	685	n/a	7.8125
S204-D12	NIRSCWAMPLITUDE	204	12	685	n/a	7.8125
S205-D12	NIRSCWAMPLITUDE	205	12	685	n/a	7.8125
S206-D12	NIRSCWAMPLITUDE	206	12	685	n/a	7.8125
S207-D12	NIRSCWAMPLITUDE	207	12	685	n/a	7.8125
S215-D12	NIRSCWAMPLITUDE	215	12	685	n/a	7.8125
S216-D12	NIRSCWAMPLITUDE	216	12	685	n/a	7.8125
S217-D12	NIRSCWAMPLITUDE	217	12	685	n/a	7.8125
S218-D12	NIRSCWAMPLITUDE	218	12	685	n/a	7.8125
S227-D12	NIRSCWAMPLITUDE	227	12	685	n/a	7.8125
S228-D12	NIRSCWAMPLITUDE	228	12	685	n/a	7.8125
S229-D12	NIRSCWAMPLITUDE	229	12	685	n/a	7.8125
S239-D12	NIRSCWAMPLITUDE	239	12	685	n/a	7.8125
S240-D12	NIRSCWAMPLITUDE	240	12	685	n/a	7.8125
S1-D13	NIRSCWAMPLITUDE	1	13	685	n/a	7.8125
S2-D13	NIRSCWAMPLITUDE	2	13	685	n/a	7.8125
S3-D13	NIRSCWAMPLITUDE	3	13	685	n/a	7.8125
S4-D13	NIRSCWAMPLITUDE	4	13	685	n/a	7.8125
S7-D13	NIRSCWAMPLITUDE	7	13	685	n/a	7.8125
S8-D13	NIRSCWAMPLITUDE	8	13	685	n/a	7.8125
S9-D13	NIRSCWAMPLITUDE	9	13	685	n/a	7.8125
S10-D13	NIRSCWAMPLITUDE	10	13	685	n/a	7.8125
S13-D13	NIRSCWAMPLITUDE	13	13	685	n/a	7.8125
S14-D13	NIRSCWAMPLITUDE	14	13	685	n/a	7.8125
S15-D13	NIRSCWAMPLITUDE	15	13	685	n/a	7.8125
S16-D13	NIRSCWAMPLITUDE	16	13	685	n/a	7.8125
S19-D13	NIRSCWAMPLITUDE	19	13	685	n/a	7.8125
S20-D13	NIRSCWAMPLITUDE	20	13	685	n/a	7.8125
S21-D13	NIRSCWAMPLITUDE	21	13	685	n/a	7.8125
S22-D13	NIRSCWAMPLITUDE	22	13	685	n/a	7.8125
S25-D13	NIRSCWAMPLITUDE	25	13	685	n/a	7.8125
S26-D13	NIRSCWAMPLITUDE	26	13	685	n/a	7.8125
S27-D13	NIRSCWAMPLITUDE	27	13	685	n/a	7.8125
S28-D13	NIRSCWAMPLITUDE	28	13	685	n/a	7.8125
S31-D13	NIRSCWAMPLITUDE	31	13	685	n/a	7.8125
S32-D13	NIRSCWAMPLITUDE	32	13	685	n/a	7.8125
S33-D13	NIRSCWAMPLITUDE	33	13	685	n/a	7.8125
S37-D13	NIRSCWAMPLITUDE	37	13	685	n/a	7.8125
S38-D13	NIRSCWAMPLITUDE	38	13	685	n/a	7.8125
S1-D14	NIRSCWAMPLITUDE	1	14	685	n/a	7.8125
S2-D14	NIRSCWAMPLITUDE	2	14	685	n/a	7.8125
S3-D14	NIRSCWAMPLITUDE	3	14	685	n/a	7.8125
S4-D14	NIRSCWAMPLITUDE	4	14	685	n/a	7.8125
S5-D14	NIRSCWAMPLITUDE	5	14	685	n/a	7.8125
S7-D14	NIRSCWAMPLITUDE	7	14	685	n/a	7.8125
S8-D14	NIRSCWAMPLITUDE	8	14	685	n/a	7.8125
S9-D14	NIRSCWAMPLITUDE	9	14	685	n/a	7.8125
S10-D14	NIRSCWAMPLITUDE	10	14	685	n/a	7.8125
S11-D14	NIRSCWAMPLITUDE	11	14	685	n/a	7.8125
S13-D14	NIRSCWAMPLITUDE	13	14	685	n/a	7.8125
S14-D14	NIRSCWAMPLITUDE	14	14	685	n/a	7.8125
S15-D14	NIRSCWAMPLITUDE	15	14	685	n/a	7.8125
S16-D14	NIRSCWAMPLITUDE	16	14	685	n/a	7.8125
S17-D14	NIRSCWAMPLITUDE	17	14	685	n/a	7.8125
S19-D14	NIRSCWAMPLITUDE	19	14	685	n/a	7.8125
S20-D14	NIRSCWAMPLITUDE	20	14	685	n/a	7.8125
S21-D14	NIRSCWAMPLITUDE	21	14	685	n/a	7.8125
S22-D14	NIRSCWAMPLITUDE	22	14	685	n/a	7.8125
S23-D14	NIRSCWAMPLITUDE	23	14	685	n/a	7.8125
S25-D14	NIRSCWAMPLITUDE	25	14	685	n/a	7.8125
S26-D14	NIRSCWAMPLITUDE	26	14	685	n/a	7.8125
S27-D14	NIRSCWAMPLITUDE	27	14	685	n/a	7.8125
S28-D14	NIRSCWAMPLITUDE	28	14	685	n/a	7.8125
S29-D14	NIRSCWAMPLITUDE	29	14	685	n/a	7.8125
S31-D14	NIRSCWAMPLITUDE	31	14	685	n/a	7.8125
S32-D14	NIRSCWAMPLITUDE	32	14	685	n/a	7.8125
S33-D14	NIRSCWAMPLITUDE	33	14	685	n/a	7.8125
S34-D14	NIRSCWAMPLITUDE	34	14	685	n/a	7.8125
S35-D14	NIRSCWAMPLITUDE	35	14	685	n/a	7.8125
S37-D14	NIRSCWAMPLITUDE	37	14	685	n/a	7.8125
S38-D14	NIRSCWAMPLITUDE	38	14	685	n/a	7.8125
S39-D14	NIRSCWAMPLITUDE	39	14	685	n/a	7.8125
S1-D15	NIRSCWAMPLITUDE	1	15	685	n/a	7.8125
S2-D15	NIRSCWAMPLITUDE	2	15	685	n/a	7.8125
S3-D15	NIRSCWAMPLITUDE	3	15	685	n/a	7.8125
S4-D15	NIRSCWAMPLITUDE	4	15	685	n/a	7.8125
S5-D15	NIRSCWAMPLITUDE	5	15	685	n/a	7.8125
S7-D15	NIRSCWAMPLITUDE	7	15	685	n/a	7.8125
S8-D15	NIRSCWAMPLITUDE	8	15	685	n/a	7.8125
S9-D15	NIRSCWAMPLITUDE	9	15	685	n/a	7.8125
S10-D15	NIRSCWAMPLITUDE	10	15	685	n/a	7.8125
S11-D15	NIRSCWAMPLITUDE	11	15	685	n/a	7.8125
S12-D15	NIRSCWAMPLITUDE	12	15	685	n/a	7.8125
S13-D15	NIRSCWAMPLITUDE	13	15	685	n/a	7.8125
S14-D15	NIRSCWAMPLITUDE	14	15	685	n/a	7.8125
S15-D15	NIRSCWAMPLITUDE	15	15	685	n/a	7.8125
S16-D15	NIRSCWAMPLITUDE	16	15	685	n/a	7.8125
S17-D15	NIRSCWAMPLITUDE	17	15	685	n/a	7.8125
S18-D15	NIRSCWAMPLITUDE	18	15	685	n/a	7.8125
S19-D15	NIRSCWAMPLITUDE	19	15	685	n/a	7.8125
S20-D15	NIRSCWAMPLITUDE	20	15	685	n/a	7.8125
S21-D15	NIRSCWAMPLITUDE	21	15	685	n/a	7.8125
S22-D15	NIRSCWAMPLITUDE	22	15	685	n/a	7.8125
S23-D15	NIRSCWAMPLITUDE	23	15	685	n/a	7.8125
S24-D15	NIRSCWAMPLITUDE	24	15	685	n/a	7.8125
S25-D15	NIRSCWAMPLITUDE	25	15	685	n/a	7.8125
S26-D15	NIRSCWAMPLITUDE	26	15	685	n/a	7.8125
S27-D15	NIRSCWAMPLITUDE	27	15	685	n/a	7.8125
S28-D15	NIRSCWAMPLITUDE	28	15	685	n/a	7.8125
S29-D15	NIRSCWAMPLITUDE	29	15	685	n/a	7.8125
S30-D15	NIRSCWAMPLITUDE	30	15	685	n/a	7.8125
S31-D15	NIRSCWAMPLITUDE	31	15	685	n/a	7.8125
S32-D15	NIRSCWAMPLITUDE	32	15	685	n/a	7.8125
S33-D15	NIRSCWAMPLITUDE	33	15	685	n/a	7.8125
S34-D15	NIRSCWAMPLITUDE	34	15	685	n/a	7.8125
S35-D15	NIRSCWAMPLITUDE	35	15	685	n/a	7.8125
S36-D15	NIRSCWAMPLITUDE	36	15	685	n/a	7.8125
S37-D15	NIRSCWAMPLITUDE	37	15	685	n/a	7.8125
S38-D15	NIRSCWAMPLITUDE	38	15	685	n/a	7.8125
S39-D15	NIRSCWAMPLITUDE	39	15	685	n/a	7.8125
S40-D15	NIRSCWAMPLITUDE	40	15	685	n/a	7.8125
S1-D16	NIRSCWAMPLITUDE	1	16	685	n/a	7.8125
S2-D16	NIRSCWAMPLITUDE	2	16	685	n/a	7.8125
S3-D16	NIRSCWAMPLITUDE	3	16	685	n/a	7.8125
S4-D16	NIRSCWAMPLITUDE	4	16	685	n/a	7.8125
S5-D16	NIRSCWAMPLITUDE	5	16	685	n/a	7.8125
S6-D16	NIRSCWAMPLITUDE	6	16	685	n/a	7.8125
S7-D16	NIRSCWAMPLITUDE	7	16	685	n/a	7.8125
S8-D16	NIRSCWAMPLITUDE	8	16	685	n/a	7.8125
S9-D16	NIRSCWAMPLITUDE	9	16	685	n/a	7.8125
S10-D16	NIRSCWAMPLITUDE	10	16	685	n/a	7.8125
S11-D16	NIRSCWAMPLITUDE	11	16	685	n/a	7.8125
S12-D16	NIRSCWAMPLITUDE	12	16	685	n/a	7.8125
S13-D16	NIRSCWAMPLITUDE	13	16	685	n/a	7.8125
S14-D16	NIRSCWAMPLITUDE	14	16	685	n/a	7.8125
S15-D16	NIRSCWAMPLITUDE	15	16	685	n/a	7.8125
S16-D16	NIRSCWAMPLITUDE	16	16	685	n/a	7.8125
S17-D16	NIRSCWAMPLITUDE	17	16	685	n/a	7.8125
S18-D16	NIRSCWAMPLITUDE	18	16	685	n/a	7.8125
S19-D16	NIRSCWAMPLITUDE	19	16	685	n/a	7.8125
S20-D16	NIRSCWAMPLITUDE	20	16	685	n/a	7.8125
S21-D16	NIRSCWAMPLITUDE	21	16	685	n/a	7.8125
S22-D16	NIRSCWAMPLITUDE	22	16	685	n/a	7.8125
S23-D16	NIRSCWAMPLITUDE	23	16	685	n/a	7.8125
S24-D16	NIRSCWAMPLITUDE	24	16	685	n/a	7.8125
S25-D16	NIRSCWAMPLITUDE	25	16	685	n/a	7.8125
S26-D16	NIRSCWAMPLITUDE	26	16	685	n/a	7.8125
S27-D16	NIRSCWAMPLITUDE	27	16	685	n/a	7.8125
S28-D16	NIRSCWAMPLITUDE	28	16	685	n/a	7.8125
S29-D16	NIRSCWAMPLITUDE	29	16	685	n/a	7.8125
S30-D16	NIRSCWAMPLITUDE	30	16	685	n/a	7.8125
S31-D16	NIRSCWAMPLITUDE	31	16	685	n/a	7.8125
S32-D16	NIRSCWAMPLITUDE	32	16	685	n/a	7.8125
S33-D16	NIRSCWAMPLITUDE	33	16	685	n/a	7.8125
S34-D16	NIRSCWAMPLITUDE	34	16	685	n/a	7.8125
S35-D16	NIRSCWAMPLITUDE	35	16	685	n/a	7.8125
S36-D16	NIRSCWAMPLITUDE	36	16	685	n/a	7.8125
S38-D16	NIRSCWAMPLITUDE	38	16	685	n/a	7.8125
S39-D16	NIRSCWAMPLITUDE	39	16	685	n/a	7.8125
S40-D16	NIRSCWAMPLITUDE	40	16	685	n/a	7.8125
S41-D16	NIRSCWAMPLITUDE	41	16	685	n/a	7.8125
S206-D16	NIRSCWAMPLITUDE	206	16	685	n/a	7.8125
S207-D16	NIRSCWAMPLITUDE	207	16	685	n/a	7.8125
S1-D17	NIRSCWAMPLITUDE	1	17	685	n/a	7.8125
S2-D17	NIRSCWAMPLITUDE	2	17	685	n/a	7.8125
S3-D17	NIRSCWAMPLITUDE	3	17	685	n/a	7.8125
S4-D17	NIRSCWAMPLITUDE	4	17	685	n/a	7.8125
S5-D17	NIRSCWAMPLITUDE	5	17	685	n/a	7.8125
S6-D17	NIRSCWAMPLITUDE	6	17	685	n/a	7.8125
S7-D17	NIRSCWAMPLITUDE	7	17	685	n/a	7.8125
S8-D17	NIRSCWAMPLITUDE	8	17	685	n/a	7.8125
S9-D17	NIRSCWAMPLITUDE	9	17	685	n/a	7.8125
S10-D17	NIRSCWAMPLITUDE	10	17	685	n/a	7.8125
S11-D17	NIRSCWAMPLITUDE	11	17	685	n/a	7.8125
S12-D17	NIRSCWAMPLITUDE	12	17	685	n/a	7.8125
S13-D17	NIRSCWAMPLITUDE	13	17	685	n/a	7.8125
S14-D17	NIRSCWAMPLITUDE	14	17	685	n/a	7.8125
S15-D17	NIRSCWAMPLITUDE	15	17	685	n/a	7.8125
S16-D17	NIRSCWAMPLITUDE	16	17	685	n/a	7.8125
S17-D17	NIRSCWAMPLITUDE	17	17	685	n/a	7.8125
S18-D17	NIRSCWAMPLITUDE	18	17	685	n/a	7.8125
S19-D17	NIRSCWAMPLITUDE	19	17	685	n/a	7.8125
S20-D17	NIRSCWAMPLITUDE	20	17	685	n/a	7.8125
S21-D17	NIRSCWAMPLITUDE	21	17	685	n/a	7.8125
S22-D17	NIRSCWAMPLITUDE	22	17	685	n/a	7.8125
S23-D17	NIRSCWAMPLITUDE	23	17	685	n/a	7.8125
S24-D17	NIRSCWAMPLITUDE	24	17	685	n/a	7.8125
S25-D17	NIRSCWAMPLITUDE	25	17	685	n/a	7.8125
S26-D17	NIRSCWAMPLITUDE	26	17	685	n/a	7.8125
S27-D17	NIRSCWAMPLITUDE	27	17	685	n/a	7.8125
S28-D17	NIRSCWAMPLITUDE	28	17	685	n/a	7.8125
S29-D17	NIRSCWAMPLITUDE	29	17	685	n/a	7.8125
S30-D17	NIRSCWAMPLITUDE	30	17	685	n/a	7.8125
S31-D17	NIRSCWAMPLITUDE	31	17	685	n/a	7.8125
S32-D17	NIRSCWAMPLITUDE	32	17	685	n/a	7.8125
S33-D17	NIRSCWAMPLITUDE	33	17	685	n/a	7.8125
S34-D17	NIRSCWAMPLITUDE	34	17	685	n/a	7.8125
S35-D17	NIRSCWAMPLITUDE	35	17	685	n/a	7.8125
S36-D17	NIRSCWAMPLITUDE	36	17	685	n/a	7.8125
S39-D17	NIRSCWAMPLITUDE	39	17	685	n/a	7.8125
S40-D17	NIRSCWAMPLITUDE	40	17	685	n/a	7.8125
S41-D17	NIRSCWAMPLITUDE	41	17	685	n/a	7.8125
S42-D17	NIRSCWAMPLITUDE	42	17	685	n/a	7.8125
S204-D17	NIRSCWAMPLITUDE	204	17	685	n/a	7.8125
S205-D17	NIRSCWAMPLITUDE	205	17	685	n/a	7.8125
S206-D17	NIRSCWAMPLITUDE	206	17	685	n/a	7.8125
S207-D17	NIRSCWAMPLITUDE	207	17	685	n/a	7.8125
S216-D17	NIRSCWAMPLITUDE	216	17	685	n/a	7.8125
S217-D17	NIRSCWAMPLITUDE	217	17	685	n/a	7.8125
S218-D17	NIRSCWAMPLITUDE	218	17	685	n/a	7.8125
S2-D18	NIRSCWAMPLITUDE	2	18	685	n/a	7.8125
S3-D18	NIRSCWAMPLITUDE	3	18	685	n/a	7.8125
S4-D18	NIRSCWAMPLITUDE	4	18	685	n/a	7.8125
S5-D18	NIRSCWAMPLITUDE	5	18	685	n/a	7.8125
S6-D18	NIRSCWAMPLITUDE	6	18	685	n/a	7.8125
S8-D18	NIRSCWAMPLITUDE	8	18	685	n/a	7.8125
S9-D18	NIRSCWAMPLITUDE	9	18	685	n/a	7.8125
S10-D18	NIRSCWAMPLITUDE	10	18	685	n/a	7.8125
S11-D18	NIRSCWAMPLITUDE	11	18	685	n/a	7.8125
S12-D18	NIRSCWAMPLITUDE	12	18	685	n/a	7.8125
S14-D18	NIRSCWAMPLITUDE	14	18	685	n/a	7.8125
S15-D18	NIRSCWAMPLITUDE	15	18	685	n/a	7.8125
S16-D18	NIRSCWAMPLITUDE	16	18	685	n/a	7.8125
S17-D18	NIRSCWAMPLITUDE	17	18	685	n/a	7.8125
S18-D18	NIRSCWAMPLITUDE	18	18	685	n/a	7.8125
S20-D18	NIRSCWAMPLITUDE	20	18	685	n/a	7.8125
S21-D18	NIRSCWAMPLITUDE	21	18	685	n/a	7.8125
S22-D18	NIRSCWAMPLITUDE	22	18	685	n/a	7.8125
S23-D18	NIRSCWAMPLITUDE	23	18	685	n/a	7.8125
S24-D18	NIRSCWAMPLITUDE	24	18	685	n/a	7.8125
S26-D18	NIRSCWAMPLITUDE	26	18	685	n/a	7.8125
S27-D18	NIRSCWAMPLITUDE	27	18	685	n/a	7.8125
S28-D18	NIRSCWAMPLITUDE	28	18	685	n/a	7.8125
S29-D18	NIRSCWAMPLITUDE	29	18	685	n/a	7.8125
S30-D18	NIRSCWAMPLITUDE	30	18	685	n/a	7.8125
S32-D18	NIRSCWAMPLITUDE	32	18	685	n/a	7.8125
S33-D18	NIRSCWAMPLITUDE	33	18	685	n/a	7.8125
S34-D18	NIRSCWAMPLITUDE	34	18	685	n/a	7.8125
S35-D18	NIRSCWAMPLITUDE	35	18	685	n/a	7.8125
S36-D18	NIRSCWAMPLITUDE	36	18	685	n/a	7.8125
S40-D18	NIRSCWAMPLITUDE	40	18	685	n/a	7.8125
S41-D18	NIRSCWAMPLITUDE	41	18	685	n/a	7.8125
S42-D18	NIRSCWAMPLITUDE	42	18	685	n/a	7.8125
S203-D18	NIRSCWAMPLITUDE	203	18	685	n/a	7.8125
S204-D18	NIRSCWAMPLITUDE	204	18	685	n/a	7.8125
S205-D18	NIRSCWAMPLITUDE	205	18	685	n/a	7.8125
S206-D18	NIRSCWAMPLITUDE	206	18	685	n/a	7.8125
S207-D18	NIRSCWAMPLITUDE	207	18	685	n/a	7.8125
S214-D18	NIRSCWAMPLITUDE	214	18	685	n/a	7.8125
S215-D18	NIRSCWAMPLITUDE	215	18	685	n/a	7.8125
S216-D18	NIRSCWAMPLITUDE	216	18	685	n/a	7.8125
S217-D18	NIRSCWAMPLITUDE	217	18	685	n/a	7.8125
S218-D18	NIRSCWAMPLITUDE	218	18	685	n/a	7.8125
S227-D18	NIRSCWAMPLITUDE	227	18	685	n/a	7.8125
S228-D18	NIRSCWAMPLITUDE	228	18	685	n/a	7.8125
S229-D18	NIRSCWAMPLITUDE	229	18	685	n/a	7.8125
S1-D19	NIRSCWAMPLITUDE	1	19	685	n/a	7.8125
S2-D19	NIRSCWAMPLITUDE	2	19	685	n/a	7.8125
S3-D19	NIRSCWAMPLITUDE	3	19	685	n/a	7.8125
S7-D19	NIRSCWAMPLITUDE	7	19	685	n/a	7.8125
S8-D19	NIRSCWAMPLITUDE	8	19	685	n/a	7.8125
S9-D19	NIRSCWAMPLITUDE	9	19	685	n/a	7.8125
S10-D19	NIRSCWAMPLITUDE	10	19	685	n/a	7.8125
S13-D19	NIRSCWAMPLITUDE	13	19	685	n/a	7.8125
S14-D19	NIRSCWAMPLITUDE	14	19	685	n/a	7.8125
S15-D19	NIRSCWAMPLITUDE	15	19	685	n/a	7.8125
S16-D19	NIRSCWAMPLITUDE	16	19	685	n/a	7.8125
S19-D19	NIRSCWAMPLITUDE	19	19	685	n/a	7.8125
S20-D19	NIRSCWAMPLITUDE	20	19	685	n/a	7.8125
S21-D19	NIRSCWAMPLITUDE	21	19	685	n/a	7.8125
S22-D19	NIRSCWAMPLITUDE	22	19	685	n/a	7.8125
S25-D19	NIRSCWAMPLITUDE	25	19	685	n/a	7.8125
S26-D19	NIRSCWAMPLITUDE	26	19	685	n/a	7.8125
S27-D19	NIRSCWAMPLITUDE	27	19	685	n/a	7.8125
S28-D19	NIRSCWAMPLITUDE	28	19	685	n/a	7.8125
S31-D19	NIRSCWAMPLITUDE	31	19	685	n/a	7.8125
S32-D19	NIRSCWAMPLITUDE	32	19	685	n/a	7.8125
S33-D19	NIRSCWAMPLITUDE	33	19	685	n/a	7.8125
S34-D19	NIRSCWAMPLITUDE	34	19	685	n/a	7.8125
S37-D19	NIRSCWAMPLITUDE	37	19	685	n/a	7.8125
S38-D19	NIRSCWAMPLITUDE	38	19	685	n/a	7.8125
S39-D19	NIRSCWAMPLITUDE	39	19	685	n/a	7.8125
S43-D19	NIRSCWAMPLITUDE	43	19	685	n/a	7.8125
S44-D19	NIRSCWAMPLITUDE	44	19	685	n/a	7.8125
S1-D20	NIRSCWAMPLITUDE	1	20	685	n/a	7.8125
S2-D20	NIRSCWAMPLITUDE	2	20	685	n/a	7.8125
S3-D20	NIRSCWAMPLITUDE	3	20	685	n/a	7.8125
S7-D20	NIRSCWAMPLITUDE	7	20	685	n/a	7.8125
S8-D20	NIRSCWAMPLITUDE	8	20	685	n/a	7.8125
S9-D20	NIRSCWAMPLITUDE	9	20	685	n/a	7.8125
S10-D20	NIRSCWAMPLITUDE	10	20	685	n/a	7.8125
S13-D20	NIRSCWAMPLITUDE	13	20	685	n/a	7.8125
S14-D20	NIRSCWAMPLITUDE	14	20	685	n/a	7.8125
S15-D20	NIRSCWAMPLITUDE	15	20	685	n/a	7.8125
S16-D20	NIRSCWAMPLITUDE	16	20	685	n/a	7.8125
S17-D20	NIRSCWAMPLITUDE	17	20	685	n/a	7.8125
S19-D20	NIRSCWAMPLITUDE	19	20	685	n/a	7.8125
S20-D20	NIRSCWAMPLITUDE	20	20	685	n/a	7.8125
S21-D20	NIRSCWAMPLITUDE	21	20	685	n/a	7.8125
S22-D20	NIRSCWAMPLITUDE	22	20	685	n/a	7.8125
S23-D20	NIRSCWAMPLITUDE	23	20	685	n/a	7.8125
S25-D20	NIRSCWAMPLITUDE	25	20	685	n/a	7.8125
S26-D20	NIRSCWAMPLITUDE	26	20	685	n/a	7.8125
S27-D20	NIRSCWAMPLITUDE	27	20	685	n/a	7.8125
S28-D20	NIRSCWAMPLITUDE	28	20	685	n/a	7.8125
S29-D20	NIRSCWAMPLITUDE	29	20	685	n/a	7.8125
S31-D20	NIRSCWAMPLITUDE	31	20	685	n/a	7.8125
S32-D20	NIRSCWAMPLITUDE	32	20	685	n/a	7.8125
S33-D20	NIRSCWAMPLITUDE	33	20	685	n/a	7.8125
S34-D20	NIRSCWAMPLITUDE	34	20	685	n/a	7.8125
S35-D20	NIRSCWAMPLITUDE	35	20	685	n/a	7.8125
S37-D20	NIRSCWAMPLITUDE	37	20	685	n/a	7.8125
S38-D20	NIRSCWAMPLITUDE	38	20	685	n/a	7.8125
S39-D20	NIRSCWAMPLITUDE	39	20	685	n/a	7.8125
S40-D20	NIRSCWAMPLITUDE	40	20	685	n/a	7.8125
S43-D20	NIRSCWAMPLITUDE	43	20	685	n/a	7.8125
S44-D20	NIRSCWAMPLITUDE	44	20	685	n/a	7.8125
S45-D20	NIRSCWAMPLITUDE	45	20	685	n/a	7.8125
S1-D21	NIRSCWAMPLITUDE	1	21	685	n/a	7.8125
S2-D21	NIRSCWAMPLITUDE	2	21	685	n/a	7.8125
S3-D21	NIRSCWAMPLITUDE	3	21	685	n/a	7.8125
S4-D21	NIRSCWAMPLITUDE	4	21	685	n/a	7.8125
S7-D21	NIRSCWAMPLITUDE	7	21	685	n/a	7.8125
S8-D21	NIRSCWAMPLITUDE	8	21	685	n/a	7.8125
S9-D21	NIRSCWAMPLITUDE	9	21	685	n/a	7.8125
S10-D21	NIRSCWAMPLITUDE	10	21	685	n/a	7.8125
S11-D21	NIRSCWAMPLITUDE	11	21	685	n/a	7.8125
S13-D21	NIRSCWAMPLITUDE	13	21	685	n/a	7.8125
S14-D21	NIRSCWAMPLITUDE	14	21	685	n/a	7.8125
S15-D21	NIRSCWAMPLITUDE	15	21	685	n/a	7.8125
S16-D21	NIRSCWAMPLITUDE	16	21	685	n/a	7.8125
S17-D21	NIRSCWAMPLITUDE	17	21	685	n/a	7.8125
S18-D21	NIRSCWAMPLITUDE	18	21	685	n/a	7.8125
S19-D21	NIRSCWAMPLITUDE	19	21	685	n/a	7.8125
S20-D21	NIRSCWAMPLITUDE	20	21	685	n/a	7.8125
S21-D21	NIRSCWAMPLITUDE	21	21	685	n/a	7.8125
S22-D21	NIRSCWAMPLITUDE	22	21	685	n/a	7.8125
S23-D21	NIRSCWAMPLITUDE	23	21	685	n/a	7.8125
S24-D21	NIRSCWAMPLITUDE	24	21	685	n/a	7.8125
S25-D21	NIRSCWAMPLITUDE	25	21	685	n/a	7.8125
S26-D21	NIRSCWAMPLITUDE	26	21	685	n/a	7.8125
S27-D21	NIRSCWAMPLITUDE	27	21	685	n/a	7.8125
S28-D21	NIRSCWAMPLITUDE	28	21	685	n/a	7.8125
S29-D21	NIRSCWAMPLITUDE	29	21	685	n/a	7.8125
S30-D21	NIRSCWAMPLITUDE	30	21	685	n/a	7.8125
S31-D21	NIRSCWAMPLITUDE	31	21	685	n/a	7.8125
S32-D21	NIRSCWAMPLITUDE	32	21	685	n/a	7.8125
S33-D21	NIRSCWAMPLITUDE	33	21	685	n/a	7.8125
S34-D21	NIRSCWAMPLITUDE	34	21	685	n/a	7.8125
S35-D21	NIRSCWAMPLITUDE	35	21	685	n/a	7.8125
S36-D21	NIRSCWAMPLITUDE	36	21	685	n/a	7.8125
S37-D21	NIRSCWAMPLITUDE	37	21	685	n/a	7.8125
S38-D21	NIRSCWAMPLITUDE	38	21	685	n/a	7.8125
S39-D21	NIRSCWAMPLITUDE	39	21	685	n/a	7.8125
S40-D21	NIRSCWAMPLITUDE	40	21	685	n/a	7.8125
S41-D21	NIRSCWAMPLITUDE	41	21	685	n/a	7.8125
S43-D21	NIRSCWAMPLITUDE	43	21	685	n/a	7.8125
S44-D21	NIRSCWAMPLITUDE	44	21	685	n/a	7.8125
S45-D21	NIRSCWAMPLITUDE	45	21	685	n/a	7.8125
S46-D21	NIRSCWAMPLITUDE	46	21	685	n/a	7.8125
S2-D22	NIRSCWAMPLITUDE	2	22	685	n/a	7.8125
S3-D22	NIRSCWAMPLITUDE	3	22	685	n/a	7.8125
S4-D22	NIRSCWAMPLITUDE	4	22	685	n/a	7.8125
S5-D22	NIRSCWAMPLITUDE	5	22	685	n/a	7.8125
S7-D22	NIRSCWAMPLITUDE	7	22	685	n/a	7.8125
S8-D22	NIRSCWAMPLITUDE	8	22	685	n/a	7.8125
S9-D22	NIRSCWAMPLITUDE	9	22	685	n/a	7.8125
S10-D22	NIRSCWAMPLITUDE	10	22	685	n/a	7.8125
S11-D22	NIRSCWAMPLITUDE	11	22	685	n/a	7.8125
S12-D22	NIRSCWAMPLITUDE	12	22	685	n/a	7.8125
S13-D22	NIRSCWAMPLITUDE	13	22	685	n/a	7.8125
S14-D22	NIRSCWAMPLITUDE	14	22	685	n/a	7.8125
S15-D22	NIRSCWAMPLITUDE	15	22	685	n/a	7.8125
S16-D22	NIRSCWAMPLITUDE	16	22	685	n/a	7.8125
S17-D22	NIRSCWAMPLITUDE	17	22	685	n/a	7.8125
S18-D22	NIRSCWAMPLITUDE	18	22	685	n/a	7.8125
S19-D22	NIRSCWAMPLITUDE	19	22	685	n/a	7.8125
S20-D22	NIRSCWAMPLITUDE	20	22	685	n/a	7.8125
S21-D22	NIRSCWAMPLITUDE	21	22	685	n/a	7.8125
S22-D22	NIRSCWAMPLITUDE	22	22	685	n/a	7.8125
S23-D22	NIRSCWAMPLITUDE	23	22	685	n/a	7.8125
S24-D22	NIRSCWAMPLITUDE	24	22	685	n/a	7.8125
S25-D22	NIRSCWAMPLITUDE	25	22	685	n/a	7.8125
S26-D22	NIRSCWAMPLITUDE	26	22	685	n/a	7.8125
S27-D22	NIRSCWAMPLITUDE	27	22	685	n/a	7.8125
S28-D22	NIRSCWAMPLITUDE	28	22	685	n/a	7.8125
S29-D22	NIRSCWAMPLITUDE	29	22	685	n/a	7.8125
S30-D22	NIRSCWAMPLITUDE	30	22	685	n/a	7.8125
S31-D22	NIRSCWAMPLITUDE	31	22	685	n/a	7.8125
S32-D22	NIRSCWAMPLITUDE	32	22	685	n/a	7.8125
S33-D22	NIRSCWAMPLITUDE	33	22	685	n/a	7.8125
S34-D22	NIRSCWAMPLITUDE	34	22	685	n/a	7.8125
S35-D22	NIRSCWAMPLITUDE	35	22	685	n/a	7.8125
S36-D22	NIRSCWAMPLITUDE	36	22	685	n/a	7.8125
S37-D22	NIRSCWAMPLITUDE	37	22	685	n/a	7.8125
S38-D22	NIRSCWAMPLITUDE	38	22	685	n/a	7.8125
S39-D22	NIRSCWAMPLITUDE	39	22	685	n/a	7.8125
S40-D22	NIRSCWAMPLITUDE	40	22	685	n/a	7.8125
S41-D22	NIRSCWAMPLITUDE	41	22	685	n/a	7.8125
S42-D22	NIRSCWAMPLITUDE	42	22	685	n/a	7.8125
S44-D22	NIRSCWAMPLITUDE	44	22	685	n/a	7.8125
S45-D22	NIRSCWAMPLITUDE	45	22	685	n/a	7.8125
S46-D22	NIRSCWAMPLITUDE	46	22	685	n/a	7.8125
S47-D22	NIRSCWAMPLITUDE	47	22	685	n/a	7.8125
S206-D22	NIRSCWAMPLITUDE	206	22	685	n/a	7.8125
S207-D22	NIRSCWAMPLITUDE	207	22	685	n/a	7.8125
S3-D23	NIRSCWAMPLITUDE	3	23	685	n/a	7.8125
S4-D23	NIRSCWAMPLITUDE	4	23	685	n/a	7.8125
S5-D23	NIRSCWAMPLITUDE	5	23	685	n/a	7.8125
S6-D23	NIRSCWAMPLITUDE	6	23	685	n/a	7.8125
S8-D23	NIRSCWAMPLITUDE	8	23	685	n/a	7.8125
S9-D23	NIRSCWAMPLITUDE	9	23	685	n/a	7.8125
S10-D23	NIRSCWAMPLITUDE	10	23	685	n/a	7.8125
S11-D23	NIRSCWAMPLITUDE	11	23	685	n/a	7.8125
S12-D23	NIRSCWAMPLITUDE	12	23	685	n/a	7.8125
S13-D23	NIRSCWAMPLITUDE	13	23	685	n/a	7.8125
S14-D23	NIRSCWAMPLITUDE	14	23	685	n/a	7.8125
S15-D23	NIRSCWAMPLITUDE	15	23	685	n/a	7.8125
S16-D23	NIRSCWAMPLITUDE	16	23	685	n/a	7.8125
S17-D23	NIRSCWAMPLITUDE	17	23	685	n/a	7.8125
S18-D23	NIRSCWAMPLITUDE	18	23	685	n/a	7.8125
S19-D23	NIRSCWAMPLITUDE	19	23	685	n/a	7.8125
S20-D23	NIRSCWAMPLITUDE	20	23	685	n/a	7.8125
S21-D23	NIRSCWAMPLITUDE	21	23	685	n/a	7.8125
S22-D23	NIRSCWAMPLITUDE	22	23	685	n/a	7.8125
S23-D23	NIRSCWAMPLITUDE	23	23	685	n/a	7.8125
S24-D23	NIRSCWAMPLITUDE	24	23	685	n/a	7.8125
S25-D23	NIRSCWAMPLITUDE	25	23	685	n/a	7.8125
S26-D23	NIRSCWAMPLITUDE	26	23	685	n/a	7.8125
S27-D23	NIRSCWAMPLITUDE	27	23	685	n/a	7.8125
S28-D23	NIRSCWAMPLITUDE	28	23	685	n/a	7.8125
S29-D23	NIRSCWAMPLITUDE	29	23	685	n/a	7.8125
S30-D23	NIRSCWAMPLITUDE	30	23	685	n/a	7.8125
S31-D23	NIRSCWAMPLITUDE	31	23	685	n/a	7.8125
S32-D23	NIRSCWAMPLITUDE	32	23	685	n/a	7.8125
S33-D23	NIRSCWAMPLITUDE	33	23	685	n/a	7.8125
S34-D23	NIRSCWAMPLITUDE	34	23	685	n/a	7.8125
S35-D23	NIRSCWAMPLITUDE	35	23	685	n/a	7.8125
S36-D23	NIRSCWAMPLITUDE	36	23	685	n/a	7.8125
S38-D23	NIRSCWAMPLITUDE	38	23	685	n/a	7.8125
S39-D23	NIRSCWAMPLITUDE	39	23	685	n/a	7.8125
S40-D23	NIRSCWAMPLITUDE	40	23	685	n/a	7.8125
S41-D23	NIRSCWAMPLITUDE	41	23	685	n/a	7.8125
S42-D23	NIRSCWAMPLITUDE	42	23	685	n/a	7.8125
S45-D23	NIRSCWAMPLITUDE	45	23	685	n/a	7.8125
S46-D23	NIRSCWAMPLITUDE	46	23	685	n/a	7.8125
S47-D23	NIRSCWAMPLITUDE	47	23	685	n/a	7.8125
S48-D23	NIRSCWAMPLITUDE	48	23	685	n/a	7.8125
S204-D23	NIRSCWAMPLITUDE	204	23	685	n/a	7.8125
S205-D23	NIRSCWAMPLITUDE	205	23	685	n/a	7.8125
S206-D23	NIRSCWAMPLITUDE	206	23	685	n/a	7.8125
S207-D23	NIRSCWAMPLITUDE	207	23	685	n/a	7.8125
S216-D23	NIRSCWAMPLITUDE	216	23	685	n/a	7.8125
S217-D23	NIRSCWAMPLITUDE	217	23	685	n/a	7.8125
S3-D24	NIRSCWAMPLITUDE	3	24	685	n/a	7.8125
S4-D24	NIRSCWAMPLITUDE	4	24	685	n/a	7.8125
S5-D24	NIRSCWAMPLITUDE	5	24	685	n/a	7.8125
S6-D24	NIRSCWAMPLITUDE	6	24	685	n/a	7.8125
S8-D24	NIRSCWAMPLITUDE	8	24	685	n/a	7.8125
S9-D24	NIRSCWAMPLITUDE	9	24	685	n/a	7.8125
S10-D24	NIRSCWAMPLITUDE	10	24	685	n/a	7.8125
S11-D24	NIRSCWAMPLITUDE	11	24	685	n/a	7.8125
S12-D24	NIRSCWAMPLITUDE	12	24	685	n/a	7.8125
S14-D24	NIRSCWAMPLITUDE	14	24	685	n/a	7.8125
S15-D24	NIRSCWAMPLITUDE	15	24	685	n/a	7.8125
S16-D24	NIRSCWAMPLITUDE	16	24	685	n/a	7.8125
S17-D24	NIRSCWAMPLITUDE	17	24	685	n/a	7.8125
S18-D24	NIRSCWAMPLITUDE	18	24	685	n/a	7.8125
S20-D24	NIRSCWAMPLITUDE	20	24	685	n/a	7.8125
S21-D24	NIRSCWAMPLITUDE	21	24	685	n/a	7.8125
S22-D24	NIRSCWAMPLITUDE	22	24	685	n/a	7.8125
S23-D24	NIRSCWAMPLITUDE	23	24	685	n/a	7.8125
S24-D24	NIRSCWAMPLITUDE	24	24	685	n/a	7.8125
S26-D24	NIRSCWAMPLITUDE	26	24	685	n/a	7.8125
S27-D24	NIRSCWAMPLITUDE	27	24	685	n/a	7.8125
S28-D24	NIRSCWAMPLITUDE	28	24	685	n/a	7.8125
S29-D24	NIRSCWAMPLITUDE	29	24	685	n/a	7.8125
S30-D24	NIRSCWAMPLITUDE	30	24	685	n/a	7.8125
S32-D24	NIRSCWAMPLITUDE	32	24	685	n/a	7.8125
S33-D24	NIRSCWAMPLITUDE	33	24	685	n/a	7.8125
S34-D24	NIRSCWAMPLITUDE	34	24	685	n/a	7.8125
S35-D24	NIRSCWAMPLITUDE	35	24	685	n/a	7.8125
S36-D24	NIRSCWAMPLITUDE	36	24	685	n/a	7.8125
S39-D24	NIRSCWAMPLITUDE	39	24	685	n/a	7.8125
S40-D24	NIRSCWAMPLITUDE	40	24	685	n/a	7.8125
S41-D24	NIRSCWAMPLITUDE	41	24	685	n/a	7.8125
S42-D24	NIRSCWAMPLITUDE	42	24	685	n/a	7.8125
S46-D24	NIRSCWAMPLITUDE	46	24	685	n/a	7.8125
S47-D24	NIRSCWAMPLITUDE	47	24	685	n/a	7.8125
S48-D24	NIRSCWAMPLITUDE	48	24	685	n/a	7.8125
S197-D24	NIRSCWAMPLITUDE	197	24	685	n/a	7.8125
S203-D24	NIRSCWAMPLITUDE	203	24	685	n/a	7.8125
S204-D24	NIRSCWAMPLITUDE	204	24	685	n/a	7.8125
S205-D24	NIRSCWAMPLITUDE	205	24	685	n/a	7.8125
S206-D24	NIRSCWAMPLITUDE	206	24	685	n/a	7.8125
S207-D24	NIRSCWAMPLITUDE	207	24	685	n/a	7.8125
S214-D24	NIRSCWAMPLITUDE	214	24	685	n/a	7.8125
S215-D24	NIRSCWAMPLITUDE	215	24	685	n/a	7.8125
S216-D24	NIRSCWAMPLITUDE	216	24	685	n/a	7.8125
S217-D24	NIRSCWAMPLITUDE	217	24	685	n/a	7.8125
S218-D24	NIRSCWAMPLITUDE	218	24	685	n/a	7.8125
S7-D25	NIRSCWAMPLITUDE	7	25	685	n/a	7.8125
S8-D25	NIRSCWAMPLITUDE	8	25	685	n/a	7.8125
S9-D25	NIRSCWAMPLITUDE	9	25	685	n/a	7.8125
S13-D25	NIRSCWAMPLITUDE	13	25	685	n/a	7.8125
S14-D25	NIRSCWAMPLITUDE	14	25	685	n/a	7.8125
S15-D25	NIRSCWAMPLITUDE	15	25	685	n/a	7.8125
S16-D25	NIRSCWAMPLITUDE	16	25	685	n/a	7.8125
S19-D25	NIRSCWAMPLITUDE	19	25	685	n/a	7.8125
S20-D25	NIRSCWAMPLITUDE	20	25	685	n/a	7.8125
S21-D25	NIRSCWAMPLITUDE	21	25	685	n/a	7.8125
S22-D25	NIRSCWAMPLITUDE	22	25	685	n/a	7.8125
S25-D25	NIRSCWAMPLITUDE	25	25	685	n/a	7.8125
S26-D25	NIRSCWAMPLITUDE	26	25	685	n/a	7.8125
S27-D25	NIRSCWAMPLITUDE	27	25	685	n/a	7.8125
S28-D25	NIRSCWAMPLITUDE	28	25	685	n/a	7.8125
S31-D25	NIRSCWAMPLITUDE	31	25	685	n/a	7.8125
S32-D25	NIRSCWAMPLITUDE	32	25	685	n/a	7.8125
S33-D25	NIRSCWAMPLITUDE	33	25	685	n/a	7.8125
S34-D25	NIRSCWAMPLITUDE	34	25	685	n/a	7.8125
S37-D25	NIRSCWAMPLITUDE	37	25	685	n/a	7.8125
S38-D25	NIRSCWAMPLITUDE	38	25	685	n/a	7.8125
S39-D25	NIRSCWAMPLITUDE	39	25	685	n/a	7.8125
S40-D25	NIRSCWAMPLITUDE	40	25	685	n/a	7.8125
S43-D25	NIRSCWAMPLITUDE	43	25	685	n/a	7.8125
S44-D25	NIRSCWAMPLITUDE	44	25	685	n/a	7.8125
S45-D25	NIRSCWAMPLITUDE	45	25	685	n/a	7.8125
S46-D25	NIRSCWAMPLITUDE	46	25	685	n/a	7.8125
S49-D25	NIRSCWAMPLITUDE	49	25	685	n/a	7.8125
S50-D25	NIRSCWAMPLITUDE	50	25	685	n/a	7.8125
S7-D26	NIRSCWAMPLITUDE	7	26	685	n/a	7.8125
S8-D26	NIRSCWAMPLITUDE	8	26	685	n/a	7.8125
S9-D26	NIRSCWAMPLITUDE	9	26	685	n/a	7.8125
S13-D26	NIRSCWAMPLITUDE	13	26	685	n/a	7.8125
S14-D26	NIRSCWAMPLITUDE	14	26	685	n/a	7.8125
S15-D26	NIRSCWAMPLITUDE	15	26	685	n/a	7.8125
S16-D26	NIRSCWAMPLITUDE	16	26	685	n/a	7.8125
S17-D26	NIRSCWAMPLITUDE	17	26	685	n/a	7.8125
S19-D26	NIRSCWAMPLITUDE	19	26	685	n/a	7.8125
S20-D26	NIRSCWAMPLITUDE	20	26	685	n/a	7.8125
S21-D26	NIRSCWAMPLITUDE	21	26	685	n/a	7.8125
S22-D26	NIRSCWAMPLITUDE	22	26	685	n/a	7.8125
S23-D26	NIRSCWAMPLITUDE	23	26	685	n/a	7.8125
S25-D26	NIRSCWAMPLITUDE	25	26	685	n/a	7.8125
S26-D26	NIRSCWAMPLITUDE	26	26	685	n/a	7.8125
S27-D26	NIRSCWAMPLITUDE	27	26	685	n/a	7.8125
S28-D26	NIRSCWAMPLITUDE	28	26	685	n/a	7.8125
S29-D26	NIRSCWAMPLITUDE	29	26	685	n/a	7.8125
S31-D26	NIRSCWAMPLITUDE	31	26	685	n/a	7.8125
S32-D26	NIRSCWAMPLITUDE	32	26	685	n/a	7.8125
S33-D26	NIRSCWAMPLITUDE	33	26	685	n/a	7.8125
S34-D26	NIRSCWAMPLITUDE	34	26	685	n/a	7.8125
S35-D26	NIRSCWAMPLITUDE	35	26	685	n/a	7.8125
S37-D26	NIRSCWAMPLITUDE	37	26	685	n/a	7.8125
S38-D26	NIRSCWAMPLITUDE	38	26	685	n/a	7.8125
S39-D26	NIRSCWAMPLITUDE	39	26	685	n/a	7.8125
S40-D26	NIRSCWAMPLITUDE	40	26	685	n/a	7.8125
S41-D26	NIRSCWAMPLITUDE	41	26	685	n/a	7.8125
S43-D26	NIRSCWAMPLITUDE	43	26	685	n/a	7.8125
S44-D26	NIRSCWAMPLITUDE	44	26	685	n/a	7.8125
S45-D26	NIRSCWAMPLITUDE	45	26	685	n/a	7.8125
S46-D26	NIRSCWAMPLITUDE	46	26	685	n/a	7.8125
S49-D26	NIRSCWAMPLITUDE	49	26	685	n/a	7.8125
S50-D26	NIRSCWAMPLITUDE	50	26	685	n/a	7.8125
S51-D26	NIRSCWAMPLITUDE	51	26	685	n/a	7.8125
S7-D27	NIRSCWAMPLITUDE	7	27	685	n/a	7.8125
S8-D27	NIRSCWAMPLITUDE	8	27	685	n/a	7.8125
S9-D27	NIRSCWAMPLITUDE	9	27	685	n/a	7.8125
S10-D27	NIRSCWAMPLITUDE	10	27	685	n/a	7.8125
S13-D27	NIRSCWAMPLITUDE	13	27	685	n/a	7.8125
S14-D27	NIRSCWAMPLITUDE	14	27	685	n/a	7.8125
S15-D27	NIRSCWAMPLITUDE	15	27	685	n/a	7.8125
S16-D27	NIRSCWAMPLITUDE	16	27	685	n/a	7.8125
S17-D27	NIRSCWAMPLITUDE	17	27	685	n/a	7.8125
S18-D27	NIRSCWAMPLITUDE	18	27	685	n/a	7.8125
S19-D27	NIRSCWAMPLITUDE	19	27	685	n/a	7.8125
S20-D27	NIRSCWAMPLITUDE	20	27	685	n/a	7.8125
S21-D27	NIRSCWAMPLITUDE	21	27	685	n/a	7.8125
S22-D27	NIRSCWAMPLITUDE	22	27	685	n/a	7.8125
S23-D27	NIRSCWAMPLITUDE	23	27	685	n/a	7.8125
S24-D27	NIRSCWAMPLITUDE	24	27	685	n/a	7.8125
S25-D27	NIRSCWAMPLITUDE	25	27	685	n/a	7.8125
S26-D27	NIRSCWAMPLITUDE	26	27	685	n/a	7.8125
S27-D27	NIRSCWAMPLITUDE	27	27	685	n/a	7.8125
S28-D27	NIRSCWAMPLITUDE	28	27	685	n/a	7.8125
S29-D27	NIRSCWAMPLITUDE	29	27	685	n/a	7.8125
S30-D27	NIRSCWAMPLITUDE	30	27	685	n/a	7.8125
S31-D27	NIRSCWAMPLITUDE	31	27	685	n/a	7.8125
S32-D27	NIRSCWAMPLITUDE	32	27	685	n/a	7.8125
S33-D27	NIRSCWAMPLITUDE	33	27	685	n/a	7.8125
S34-D27	NIRSCWAMPLITUDE	34	27	685	n/a	7.8125
S35-D27	NIRSCWAMPLITUDE	35	27	685	n/a	7.8125
S36-D27	NIRSCWAMPLITUDE	36	27	685	n/a	7.8125
S37-D27	NIRSCWAMPLITUDE	37	27	685	n/a	7.8125
S38-D27	NIRSCWAMPLITUDE	38	27	685	n/a	7.8125
S39-D27	NIRSCWAMPLITUDE	39	27	685	n/a	7.8125
S40-D27	NIRSCWAMPLITUDE	40	27	685	n/a	7.8125
S41-D27	NIRSCWAMPLITUDE	41	27	685	n/a	7.8125
S42-D27	NIRSCWAMPLITUDE	42	27	685	n/a	7.8125
S43-D27	NIRSCWAMPLITUDE	43	27	685	n/a	7.8125
S44-D27	NIRSCWAMPLITUDE	44	27	685	n/a	7.8125
S45-D27	NIRSCWAMPLITUDE	45	27	685	n/a	7.8125
S46-D27	NIRSCWAMPLITUDE	46	27	685	n/a	7.8125
S47-D27	NIRSCWAMPLITUDE	47	27	685	n/a	7.8125
S49-D27	NIRSCWAMPLITUDE	49	27	685	n/a	7.8125
S50-D27	NIRSCWAMPLITUDE	50	27	685	n/a	7.8125
S51-D27	NIRSCWAMPLITUDE	51	27	685	n/a	7.8125
S52-D27	NIRSCWAMPLITUDE	52	27	685	n/a	7.8125
S8-D28	NIRSCWAMPLITUDE	8	28	685	n/a	7.8125
S9-D28	NIRSCWAMPLITUDE	9	28	685	n/a	7.8125
S10-D28	NIRSCWAMPLITUDE	10	28	685	n/a	7.8125
S11-D28	NIRSCWAMPLITUDE	11	28	685	n/a	7.8125
S13-D28	NIRSCWAMPLITUDE	13	28	685	n/a	7.8125
S14-D28	NIRSCWAMPLITUDE	14	28	685	n/a	7.8125
S15-D28	NIRSCWAMPLITUDE	15	28	685	n/a	7.8125
S16-D28	NIRSCWAMPLITUDE	16	28	685	n/a	7.8125
S17-D28	NIRSCWAMPLITUDE	17	28	685	n/a	7.8125
S18-D28	NIRSCWAMPLITUDE	18	28	685	n/a	7.8125
S19-D28	NIRSCWAMPLITUDE	19	28	685	n/a	7.8125
S20-D28	NIRSCWAMPLITUDE	20	28	685	n/a	7.8125
S21-D28	NIRSCWAMPLITUDE	21	28	685	n/a	7.8125
S22-D28	NIRSCWAMPLITUDE	22	28	685	n/a	7.8125
S23-D28	NIRSCWAMPLITUDE	23	28	685	n/a	7.8125
S24-D28	NIRSCWAMPLITUDE	24	28	685	n/a	7.8125
S25-D28	NIRSCWAMPLITUDE	25	28	685	n/a	7.8125
S26-D28	NIRSCWAMPLITUDE	26	28	685	n/a	7.8125
S27-D28	NIRSCWAMPLITUDE	27	28	685	n/a	7.8125
S28-D28	NIRSCWAMPLITUDE	28	28	685	n/a	7.8125
S29-D28	NIRSCWAMPLITUDE	29	28	685	n/a	7.8125
S30-D28	NIRSCWAMPLITUDE	30	28	685	n/a	7.8125
S31-D28	NIRSCWAMPLITUDE	31	28	685	n/a	7.8125
S32-D28	NIRSCWAMPLITUDE	32	28	685	n/a	7.8125
S33-D28	NIRSCWAMPLITUDE	33	28	685	n/a	7.8125
S34-D28	NIRSCWAMPLITUDE	34	28	685	n/a	7.8125
S35-D28	NIRSCWAMPLITUDE	35	28	685	n/a	7.8125
S36-D28	NIRSCWAMPLITUDE	36	28	685	n/a	7.8125
S37-D28	NIRSCWAMPLITUDE	37	28	685	n/a	7.8125
S38-D28	NIRSCWAMPLITUDE	38	28	685	n/a	7.8125
S39-D28	NIRSCWAMPLITUDE	39	28	685	n/a	7.8125
S40-D28	NIRSCWAMPLITUDE	40	28	685	n/a	7.8125
S41-D28	NIRSCWAMPLITUDE	41	28	685	n/a	7.8125
S42-D28	NIRSCWAMPLITUDE	42	28	685	n/a	7.8125
S43-D28	NIRSCWAMPLITUDE	43	28	685	n/a	7.8125
S44-D28	NIRSCWAMPLITUDE	44	28	685	n/a	7.8125
S45-D28	NIRSCWAMPLITUDE	45	28	685	n/a	7.8125
S46-D28	NIRSCWAMPLITUDE	46	28	685	n/a	7.8125
S47-D28	NIRSCWAMPLITUDE	47	28	685	n/a	7.8125
S48-D28	NIRSCWAMPLITUDE	48	28	685	n/a	7.8125
S50-D28	NIRSCWAMPLITUDE	50	28	685	n/a	7.8125
S51-D28	NIRSCWAMPLITUDE	51	28	685	n/a	7.8125
S52-D28	NIRSCWAMPLITUDE	52	28	685	n/a	7.8125
S53-D28	NIRSCWAMPLITUDE	53	28	685	n/a	7.8125
S9-D29	NIRSCWAMPLITUDE	9	29	685	n/a	7.8125
S10-D29	NIRSCWAMPLITUDE	10	29	685	n/a	7.8125
S11-D29	NIRSCWAMPLITUDE	11	29	685	n/a	7.8125
S12-D29	NIRSCWAMPLITUDE	12	29	685	n/a	7.8125
S14-D29	NIRSCWAMPLITUDE	14	29	685	n/a	7.8125
S15-D29	NIRSCWAMPLITUDE	15	29	685	n/a	7.8125
S16-D29	NIRSCWAMPLITUDE	16	29	685	n/a	7.8125
S17-D29	NIRSCWAMPLITUDE	17	29	685	n/a	7.8125
S18-D29	NIRSCWAMPLITUDE	18	29	685	n/a	7.8125
S19-D29	NIRSCWAMPLITUDE	19	29	685	n/a	7.8125
S20-D29	NIRSCWAMPLITUDE	20	29	685	n/a	7.8125
S21-D29	NIRSCWAMPLITUDE	21	29	685	n/a	7.8125
S22-D29	NIRSCWAMPLITUDE	22	29	685	n/a	7.8125
S23-D29	NIRSCWAMPLITUDE	23	29	685	n/a	7.8125
S24-D29	NIRSCWAMPLITUDE	24	29	685	n/a	7.8125
S25-D29	NIRSCWAMPLITUDE	25	29	685	n/a	7.8125
S26-D29	NIRSCWAMPLITUDE	26	29	685	n/a	7.8125
S27-D29	NIRSCWAMPLITUDE	27	29	685	n/a	7.8125
S28-D29	NIRSCWAMPLITUDE	28	29	685	n/a	7.8125
S29-D29	NIRSCWAMPLITUDE	29	29	685	n/a	7.8125
S30-D29	NIRSCWAMPLITUDE	30	29	685	n/a	7.8125
S31-D29	NIRSCWAMPLITUDE	31	29	685	n/a	7.8125
S32-D29	NIRSCWAMPLITUDE	32	29	685	n/a	7.8125
S33-D29	NIRSCWAMPLITUDE	33	29	685	n/a	7.8125
S34-D29	NIRSCWAMPLITUDE	34	29	685	n/a	7.8125
S35-D29	NIRSCWAMPLITUDE	35	29	685	n/a	7.8125
S36-D29	NIRSCWAMPLITUDE	36	29	685	n/a	7.8125
S37-D29	NIRSCWAMPLITUDE	37	29	685	n/a	7.8125
S38-D29	NIRSCWAMPLITUDE	38	29	685	n/a	7.8125
S39-D29	NIRSCWAMPLITUDE	39	29	685	n/a	7.8125
S40-D29	NIRSCWAMPLITUDE	40	29	685	n/a	7.8125
S41-D29	NIRSCWAMPLITUDE	41	29	685	n/a	7.8125
S42-D29	NIRSCWAMPLITUDE	42	29	685	n/a	7.8125
S44-D29	NIRSCWAMPLITUDE	44	29	685	n/a	7.8125
S45-D29	NIRSCWAMPLITUDE	45	29	685	n/a	7.8125
S46-D29	NIRSCWAMPLITUDE	46	29	685	n/a	7.8125
S47-D29	NIRSCWAMPLITUDE	47	29	685	n/a	7.8125
S48-D29	NIRSCWAMPLITUDE	48	29	685	n/a	7.8125
S51-D29	NIRSCWAMPLITUDE	51	29	685	n/a	7.8125
S52-D29	NIRSCWAMPLITUDE	52	29	685	n/a	7.8125
S53-D29	NIRSCWAMPLITUDE	53	29	685	n/a	7.8125
S54-D29	NIRSCWAMPLITUDE	54	29	685	n/a	7.8125
S197-D29	NIRSCWAMPLITUDE	197	29	685	n/a	7.8125
S204-D29	NIRSCWAMPLITUDE	204	29	685	n/a	7.8125
S205-D29	NIRSCWAMPLITUDE	205	29	685	n/a	7.8125
S206-D29	NIRSCWAMPLITUDE	206	29	685	n/a	7.8125
S207-D29	NIRSCWAMPLITUDE	207	29	685	n/a	7.8125
S10-D30	NIRSCWAMPLITUDE	10	30	685	n/a	7.8125
S11-D30	NIRSCWAMPLITUDE	11	30	685	n/a	7.8125
S12-D30	NIRSCWAMPLITUDE	12	30	685	n/a	7.8125
S14-D30	NIRSCWAMPLITUDE	14	30	685	n/a	7.8125
S15-D30	NIRSCWAMPLITUDE	15	30	685	n/a	7.8125
S16-D30	NIRSCWAMPLITUDE	16	30	685	n/a	7.8125
S17-D30	NIRSCWAMPLITUDE	17	30	685	n/a	7.8125
S18-D30	NIRSCWAMPLITUDE	18	30	685	n/a	7.8125
S20-D30	NIRSCWAMPLITUDE	20	30	685	n/a	7.8125
S21-D30	NIRSCWAMPLITUDE	21	30	685	n/a	7.8125
S22-D30	NIRSCWAMPLITUDE	22	30	685	n/a	7.8125
S23-D30	NIRSCWAMPLITUDE	23	30	685	n/a	7.8125
S24-D30	NIRSCWAMPLITUDE	24	30	685	n/a	7.8125
S26-D30	NIRSCWAMPLITUDE	26	30	685	n/a	7.8125
S27-D30	NIRSCWAMPLITUDE	27	30	685	n/a	7.8125
S28-D30	NIRSCWAMPLITUDE	28	30	685	n/a	7.8125
S29-D30	NIRSCWAMPLITUDE	29	30	685	n/a	7.8125
S30-D30	NIRSCWAMPLITUDE	30	30	685	n/a	7.8125
S32-D30	NIRSCWAMPLITUDE	32	30	685	n/a	7.8125
S33-D30	NIRSCWAMPLITUDE	33	30	685	n/a	7.8125
S34-D30	NIRSCWAMPLITUDE	34	30	685	n/a	7.8125
S35-D30	NIRSCWAMPLITUDE	35	30	685	n/a	7.8125
S36-D30	NIRSCWAMPLITUDE	36	30	685	n/a	7.8125
S38-D30	NIRSCWAMPLITUDE	38	30	685	n/a	7.8125
S39-D30	NIRSCWAMPLITUDE	39	30	685	n/a	7.8125
S40-D30	NIRSCWAMPLITUDE	40	30	685	n/a	7.8125
S41-D30	NIRSCWAMPLITUDE	41	30	685	n/a	7.8125
S42-D30	NIRSCWAMPLITUDE	42	30	685	n/a	7.8125
S45-D30	NIRSCWAMPLITUDE	45	30	685	n/a	7.8125
S46-D30	NIRSCWAMPLITUDE	46	30	685	n/a	7.8125
S47-D30	NIRSCWAMPLITUDE	47	30	685	n/a	7.8125
S48-D30	NIRSCWAMPLITUDE	48	30	685	n/a	7.8125
S52-D30	NIRSCWAMPLITUDE	52	30	685	n/a	7.8125
S53-D30	NIRSCWAMPLITUDE	53	30	685	n/a	7.8125
S54-D30	NIRSCWAMPLITUDE	54	30	685	n/a	7.8125
S196-D30	NIRSCWAMPLITUDE	196	30	685	n/a	7.8125
S197-D30	NIRSCWAMPLITUDE	197	30	685	n/a	7.8125
S202-D30	NIRSCWAMPLITUDE	202	30	685	n/a	7.8125
S203-D30	NIRSCWAMPLITUDE	203	30	685	n/a	7.8125
S204-D30	NIRSCWAMPLITUDE	204	30	685	n/a	7.8125
S205-D30	NIRSCWAMPLITUDE	205	30	685	n/a	7.8125
S206-D30	NIRSCWAMPLITUDE	206	30	685	n/a	7.8125
S207-D30	NIRSCWAMPLITUDE	207	30	685	n/a	7.8125
S213-D30	NIRSCWAMPLITUDE	213	30	685	n/a	7.8125
S214-D30	NIRSCWAMPLITUDE	214	30	685	n/a	7.8125
S215-D30	NIRSCWAMPLITUDE	215	30	685	n/a	7.8125
S216-D30	NIRSCWAMPLITUDE	216	30	685	n/a	7.8125
S217-D30	NIRSCWAMPLITUDE	217	30	685	n/a	7.8125
S13-D31	NIRSCWAMPLITUDE	13	31	685	n/a	7.8125
S14-D31	NIRSCWAMPLITUDE	14	31	685	n/a	7.8125
S15-D31	NIRSCWAMPLITUDE	15	31	685	n/a	7.8125
S19-D31	NIRSCWAMPLITUDE	19	31	685	n/a	7.8125
S20-D31	NIRSCWAMPLITUDE	20	31	685	n/a	7.8125
S21-D31	NIRSCWAMPLITUDE	21	31	685	n/a	7.8125
S22-D31	NIRSCWAMPLITUDE	22	31	685	n/a	7.8125
S25-D31	NIRSCWAMPLITUDE	25	31	685	n/a	7.8125
S26-D31	NIRSCWAMPLITUDE	26	31	685	n/a	7.8125
S27-D31	NIRSCWAMPLITUDE	27	31	685	n/a	7.8125
S28-D31	NIRSCWAMPLITUDE	28	31	685	n/a	7.8125
S31-D31	NIRSCWAMPLITUDE	31	31	685	n/a	7.8125
S32-D31	NIRSCWAMPLITUDE	32	31	685	n/a	7.8125
S33-D31	NIRSCWAMPLITUDE	33	31	685	n/a	7.8125
S34-D31	NIRSCWAMPLITUDE	34	31	685	n/a	7.8125
S37-D31	NIRSCWAMPLITUDE	37	31	685	n/a	7.8125
S38-D31	NIRSCWAMPLITUDE	38	31	685	n/a	7.8125
S39-D31	NIRSCWAMPLITUDE	39	31	685	n/a	7.8125
S40-D31	NIRSCWAMPLITUDE	40	31	685	n/a	7.8125
S43-D31	NIRSCWAMPLITUDE	43	31	685	n/a	7.8125
S44-D31	NIRSCWAMPLITUDE	44	31	685	n/a	7.8125
S45-D31	NIRSCWAMPLITUDE	45	31	685	n/a	7.8125
S46-D31	NIRSCWAMPLITUDE	46	31	685	n/a	7.8125
S49-D31	NIRSCWAMPLITUDE	49	31	685	n/a	7.8125
S50-D31	NIRSCWAMPLITUDE	50	31	685	n/a	7.8125
S51-D31	NIRSCWAMPLITUDE	51	31	685	n/a	7.8125
S52-D31	NIRSCWAMPLITUDE	52	31	685	n/a	7.8125
S55-D31	NIRSCWAMPLITUDE	55	31	685	n/a	7.8125
S56-D31	NIRSCWAMPLITUDE	56	31	685	n/a	7.8125
S13-D32	NIRSCWAMPLITUDE	13	32	685	n/a	7.8125
S14-D32	NIRSCWAMPLITUDE	14	32	685	n/a	7.8125
S15-D32	NIRSCWAMPLITUDE	15	32	685	n/a	7.8125
S19-D32	NIRSCWAMPLITUDE	19	32	685	n/a	7.8125
S20-D32	NIRSCWAMPLITUDE	20	32	685	n/a	7.8125
S21-D32	NIRSCWAMPLITUDE	21	32	685	n/a	7.8125
S22-D32	NIRSCWAMPLITUDE	22	32	685	n/a	7.8125
S23-D32	NIRSCWAMPLITUDE	23	32	685	n/a	7.8125
S25-D32	NIRSCWAMPLITUDE	25	32	685	n/a	7.8125
S26-D32	NIRSCWAMPLITUDE	26	32	685	n/a	7.8125
S27-D32	NIRSCWAMPLITUDE	27	32	685	n/a	7.8125
S28-D32	NIRSCWAMPLITUDE	28	32	685	n/a	7.8125
S29-D32	NIRSCWAMPLITUDE	29	32	685	n/a	7.8125
S31-D32	NIRSCWAMPLITUDE	31	32	685	n/a	7.8125
S32-D32	NIRSCWAMPLITUDE	32	32	685	n/a	7.8125
S33-D32	NIRSCWAMPLITUDE	33	32	685	n/a	7.8125
S34-D32	NIRSCWAMPLITUDE	34	32	685	n/a	7.8125
S35-D32	NIRSCWAMPLITUDE	35	32	685	n/a	7.8125
S37-D32	NIRSCWAMPLITUDE	37	32	685	n/a	7.8125
S38-D32	NIRSCWAMPLITUDE	38	32	685	n/a	7.8125
S39-D32	NIRSCWAMPLITUDE	39	32	685	n/a	7.8125
S40-D32	NIRSCWAMPLITUDE	40	32	685	n/a	7.8125
S41-D32	NIRSCWAMPLITUDE	41	32	685	n/a	7.8125
S43-D32	NIRSCWAMPLITUDE	43	32	685	n/a	7.8125
S44-D32	NIRSCWAMPLITUDE	44	32	685	n/a	7.8125
S45-D32	NIRSCWAMPLITUDE	45	32	685	n/a	7.8125
S46-D32	NIRSCWAMPLITUDE	46	32	685	n/a	7.8125
S47-D32	NIRSCWAMPLITUDE	47	32	685	n/a	7.8125
S49-D32	NIRSCWAMPLITUDE	49	32	685	n/a	7.8125
S50-D32	NIRSCWAMPLITUDE	50	32	685	n/a	7.8125
S51-D32	NIRSCWAMPLITUDE	51	32	685	n/a	7.8125
S52-D32	NIRSCWAMPLITUDE	52	32	685	n/a	7.8125
S55-D32	NIRSCWAMPLITUDE	55	32	685	n/a	7.8125
S56-D32	NIRSCWAMPLITUDE	56	32	685	n/a	7.8125
S57-D32	NIRSCWAMPLITUDE	57	32	685	n/a	7.8125
S13-D33	NIRSCWAMPLITUDE	13	33	685	n/a	7.8125
S14-D33	NIRSCWAMPLITUDE	14	33	685	n/a	7.8125
S15-D33	NIRSCWAMPLITUDE	15	33	685	n/a	7.8125
S16-D33	NIRSCWAMPLITUDE	16	33	685	n/a	7.8125
S19-D33	NIRSCWAMPLITUDE	19	33	685	n/a	7.8125
S20-D33	NIRSCWAMPLITUDE	20	33	685	n/a	7.8125
S21-D33	NIRSCWAMPLITUDE	21	33	685	n/a	7.8125
S22-D33	NIRSCWAMPLITUDE	22	33	685	n/a	7.8125
S23-D33	NIRSCWAMPLITUDE	23	33	685	n/a	7.8125
S24-D33	NIRSCWAMPLITUDE	24	33	685	n/a	7.8125
S25-D33	NIRSCWAMPLITUDE	25	33	685	n/a	7.8125
S26-D33	NIRSCWAMPLITUDE	26	33	685	n/a	7.8125
S27-D33	NIRSCWAMPLITUDE	27	33	685	n/a	7.8125
S28-D33	NIRSCWAMPLITUDE	28	33	685	n/a	7.8125
S29-D33	NIRSCWAMPLITUDE	29	33	685	n/a	7.8125
S30-D33	NIRSCWAMPLITUDE	30	33	685	n/a	7.8125
S31-D33	NIRSCWAMPLITUDE	31	33	685	n/a	7.8125
S32-D33	NIRSCWAMPLITUDE	32	33	685	n/a	7.8125
S33-D33	NIRSCWAMPLITUDE	33	33	685	n/a	7.8125
S34-D33	NIRSCWAMPLITUDE	34	33	685	n/a	7.8125
S35-D33	NIRSCWAMPLITUDE	35	33	685	n/a	7.8125
S36-D33	NIRSCWAMPLITUDE	36	33	685	n/a	7.8125
S37-D33	NIRSCWAMPLITUDE	37	33	685	n/a	7.8125
S38-D33	NIRSCWAMPLITUDE	38	33	685	n/a	7.8125
S39-D33	NIRSCWAMPLITUDE	39	33	685	n/a	7.8125
S40-D33	NIRSCWAMPLITUDE	40	33	685	n/a	7.8125
S41-D33	NIRSCWAMPLITUDE	41	33	685	n/a	7.8125
S42-D33	NIRSCWAMPLITUDE	42	33	685	n/a	7.8125
S43-D33	NIRSCWAMPLITUDE	43	33	685	n/a	7.8125
S44-D33	NIRSCWAMPLITUDE	44	33	685	n/a	7.8125
S45-D33	NIRSCWAMPLITUDE	45	33	685	n/a	7.8125
S46-D33	NIRSCWAMPLITUDE	46	33	685	n/a	7.8125
S47-D33	NIRSCWAMPLITUDE	47	33	685	n/a	7.8125
S48-D33	NIRSCWAMPLITUDE	48	33	685	n/a	7.8125
S49-D33	NIRSCWAMPLITUDE	49	33	685	n/a	7.8125
S50-D33	NIRSCWAMPLITUDE	50	33	685	n/a	7.8125
S51-D33	NIRSCWAMPLITUDE	51	33	685	n/a	7.8125
S52-D33	NIRSCWAMPLITUDE	52	33	685	n/a	7.8125
S53-D33	NIRSCWAMPLITUDE	53	33	685	n/a	7.8125
S54-D33	NIRSCWAMPLITUDE	54	33	685	n/a	7.8125
S55-D33	NIRSCWAMPLITUDE	55	33	685	n/a	7.8125
S56-D33	NIRSCWAMPLITUDE	56	33	685	n/a	7.8125
S57-D33	NIRSCWAMPLITUDE	57	33	685	n/a	7.8125
S58-D33	NIRSCWAMPLITUDE	58	33	685	n/a	7.8125
S14-D34	NIRSCWAMPLITUDE	14	34	685	n/a	7.8125
S15-D34	NIRSCWAMPLITUDE	15	34	685	n/a	7.8125
S16-D34	NIRSCWAMPLITUDE	16	34	685	n/a	7.8125
S17-D34	NIRSCWAMPLITUDE	17	34	685	n/a	7.8125
S19-D34	NIRSCWAMPLITUDE	19	34	685	n/a	7.8125
S20-D34	NIRSCWAMPLITUDE	20	34	685	n/a	7.8125
S21-D34	NIRSCWAMPLITUDE	21	34	685	n/a	7.8125
S22-D34	NIRSCWAMPLITUDE	22	34	685	n/a	7.8125
S23-D34	NIRSCWAMPLITUDE	23	34	685	n/a	7.8125
S24-D34	NIRSCWAMPLITUDE	24	34	685	n/a	7.8125
S25-D34	NIRSCWAMPLITUDE	25	34	685	n/a	7.8125
S26-D34	NIRSCWAMPLITUDE	26	34	685	n/a	7.8125
S27-D34	NIRSCWAMPLITUDE	27	34	685	n/a	7.8125
S28-D34	NIRSCWAMPLITUDE	28	34	685	n/a	7.8125
S29-D34	NIRSCWAMPLITUDE	29	34	685	n/a	7.8125
S30-D34	NIRSCWAMPLITUDE	30	34	685	n/a	7.8125
S31-D34	NIRSCWAMPLITUDE	31	34	685	n/a	7.8125
S32-D34	NIRSCWAMPLITUDE	32	34	685	n/a	7.8125
S33-D34	NIRSCWAMPLITUDE	33	34	685	n/a	7.8125
S34-D34	NIRSCWAMPLITUDE	34	34	685	n/a	7.8125
S35-D34	NIRSCWAMPLITUDE	35	34	685	n/a	7.8125
S36-D34	NIRSCWAMPLITUDE	36	34	685	n/a	7.8125
S37-D34	NIRSCWAMPLITUDE	37	34	685	n/a	7.8125
S38-D34	NIRSCWAMPLITUDE	38	34	685	n/a	7.8125
S39-D34	NIRSCWAMPLITUDE	39	34	685	n/a	7.8125
S40-D34	NIRSCWAMPLITUDE	40	34	685	n/a	7.8125
S41-D34	NIRSCWAMPLITUDE	41	34	685	n/a	7.8125
S42-D34	NIRSCWAMPLITUDE	42	34	685	n/a	7.8125
S43-D34	NIRSCWAMPLITUDE	43	34	685	n/a	7.8125
S44-D34	NIRSCWAMPLITUDE	44	34	685	n/a	7.8125
S45-D34	NIRSCWAMPLITUDE	45	34	685	n/a	7.8125
S46-D34	NIRSCWAMPLITUDE	46	34	685	n/a	7.8125
S47-D34	NIRSCWAMPLITUDE	47	34	685	n/a	7.8125
S48-D34	NIRSCWAMPLITUDE	48	34	685	n/a	7.8125
S49-D34	NIRSCWAMPLITUDE	49	34	685	n/a	7.8125
S50-D34	NIRSCWAMPLITUDE	50	34	685	n/a	7.8125
S51-D34	NIRSCWAMPLITUDE	51	34	685	n/a	7.8125
S52-D34	NIRSCWAMPLITUDE	52	34	685	n/a	7.8125
S53-D34	NIRSCWAMPLITUDE	53	34	685	n/a	7.8125
S54-D34	NIRSCWAMPLITUDE	54	34	685	n/a	7.8125
S56-D34	NIRSCWAMPLITUDE	56	34	685	n/a	7.8125
S57-D34	NIRSCWAMPLITUDE	57	34	685	n/a	7.8125
S58-D34	NIRSCWAMPLITUDE	58	34	685	n/a	7.8125
S59-D34	NIRSCWAMPLITUDE	59	34	685	n/a	7.8125
S15-D35	NIRSCWAMPLITUDE	15	35	685	n/a	7.8125
S16-D35	NIRSCWAMPLITUDE	16	35	685	n/a	7.8125
S17-D35	NIRSCWAMPLITUDE	17	35	685	n/a	7.8125
S18-D35	NIRSCWAMPLITUDE	18	35	685	n/a	7.8125
S20-D35	NIRSCWAMPLITUDE	20	35	685	n/a	7.8125
S21-D35	NIRSCWAMPLITUDE	21	35	685	n/a	7.8125
S22-D35	NIRSCWAMPLITUDE	22	35	685	n/a	7.8125
S23-D35	NIRSCWAMPLITUDE	23	35	685	n/a	7.8125
S24-D35	NIRSCWAMPLITUDE	24	35	685	n/a	7.8125
S25-D35	NIRSCWAMPLITUDE	25	35	685	n/a	7.8125
S26-D35	NIRSCWAMPLITUDE	26	35	685	n/a	7.8125
S27-D35	NIRSCWAMPLITUDE	27	35	685	n/a	7.8125
S28-D35	NIRSCWAMPLITUDE	28	35	685	n/a	7.8125
S29-D35	NIRSCWAMPLITUDE	29	35	685	n/a	7.8125
S30-D35	NIRSCWAMPLITUDE	30	35	685	n/a	7.8125
S31-D35	NIRSCWAMPLITUDE	31	35	685	n/a	7.8125
S32-D35	NIRSCWAMPLITUDE	32	35	685	n/a	7.8125
S33-D35	NIRSCWAMPLITUDE	33	35	685	n/a	7.8125
S34-D35	NIRSCWAMPLITUDE	34	35	685	n/a	7.8125
S35-D35	NIRSCWAMPLITUDE	35	35	685	n/a	7.8125
S36-D35	NIRSCWAMPLITUDE	36	35	685	n/a	7.8125
S37-D35	NIRSCWAMPLITUDE	37	35	685	n/a	7.8125
S38-D35	NIRSCWAMPLITUDE	38	35	685	n/a	7.8125
S39-D35	NIRSCWAMPLITUDE	39	35	685	n/a	7.8125
S40-D35	NIRSCWAMPLITUDE	40	35	685	n/a	7.8125
S41-D35	NIRSCWAMPLITUDE	41	35	685	n/a	7.8125
S42-D35	NIRSCWAMPLITUDE	42	35	685	n/a	7.8125
S43-D35	NIRSCWAMPLITUDE	43	35	685	n/a	7.8125
S44-D35	NIRSCWAMPLITUDE	44	35	685	n/a	7.8125
S45-D35	NIRSCWAMPLITUDE	45	35	685	n/a	7.8125
S46-D35	NIRSCWAMPLITUDE	46	35	685	n/a	7.8125
S47-D35	NIRSCWAMPLITUDE	47	35	685	n/a	7.8125
S48-D35	NIRSCWAMPLITUDE	48	35	685	n/a	7.8125
S50-D35	NIRSCWAMPLITUDE	50	35	685	n/a	7.8125
S51-D35	NIRSCWAMPLITUDE	51	35	685	n/a	7.8125
S52-D35	NIRSCWAMPLITUDE	52	35	685	n/a	7.8125
S53-D35	NIRSCWAMPLITUDE	53	35	685	n/a	7.8125
S54-D35	NIRSCWAMPLITUDE	54	35	685	n/a	7.8125
S57-D35	NIRSCWAMPLITUDE	57	35	685	n/a	7.8125
S58-D35	NIRSCWAMPLITUDE	58	35	685	n/a	7.8125
S59-D35	NIRSCWAMPLITUDE	59	35	685	n/a	7.8125
S60-D35	NIRSCWAMPLITUDE	60	35	685	n/a	7.8125
S196-D35	NIRSCWAMPLITUDE	196	35	685	n/a	7.8125
S197-D35	NIRSCWAMPLITUDE	197	35	685	n/a	7.8125
S203-D35	NIRSCWAMPLITUDE	203	35	685	n/a	7.8125
S204-D35	NIRSCWAMPLITUDE	204	35	685	n/a	7.8125
S205-D35	NIRSCWAMPLITUDE	205	35	685	n/a	7.8125
S16-D36	NIRSCWAMPLITUDE	16	36	685	n/a	7.8125
S17-D36	NIRSCWAMPLITUDE	17	36	685	n/a	7.8125
S18-D36	NIRSCWAMPLITUDE	18	36	685	n/a	7.8125
S21-D36	NIRSCWAMPLITUDE	21	36	685	n/a	7.8125
S22-D36	NIRSCWAMPLITUDE	22	36	685	n/a	7.8125
S23-D36	NIRSCWAMPLITUDE	23	36	685	n/a	7.8125
S24-D36	NIRSCWAMPLITUDE	24	36	685	n/a	7.8125
S26-D36	NIRSCWAMPLITUDE	26	36	685	n/a	7.8125
S27-D36	NIRSCWAMPLITUDE	27	36	685	n/a	7.8125
S28-D36	NIRSCWAMPLITUDE	28	36	685	n/a	7.8125
S29-D36	NIRSCWAMPLITUDE	29	36	685	n/a	7.8125
S30-D36	NIRSCWAMPLITUDE	30	36	685	n/a	7.8125
S32-D36	NIRSCWAMPLITUDE	32	36	685	n/a	7.8125
S33-D36	NIRSCWAMPLITUDE	33	36	685	n/a	7.8125
S34-D36	NIRSCWAMPLITUDE	34	36	685	n/a	7.8125
S35-D36	NIRSCWAMPLITUDE	35	36	685	n/a	7.8125
S36-D36	NIRSCWAMPLITUDE	36	36	685	n/a	7.8125
S38-D36	NIRSCWAMPLITUDE	38	36	685	n/a	7.8125
S39-D36	NIRSCWAMPLITUDE	39	36	685	n/a	7.8125
S40-D36	NIRSCWAMPLITUDE	40	36	685	n/a	7.8125
S41-D36	NIRSCWAMPLITUDE	41	36	685	n/a	7.8125
S42-D36	NIRSCWAMPLITUDE	42	36	685	n/a	7.8125
S44-D36	NIRSCWAMPLITUDE	44	36	685	n/a	7.8125
S45-D36	NIRSCWAMPLITUDE	45	36	685	n/a	7.8125
S46-D36	NIRSCWAMPLITUDE	46	36	685	n/a	7.8125
S47-D36	NIRSCWAMPLITUDE	47	36	685	n/a	7.8125
S48-D36	NIRSCWAMPLITUDE	48	36	685	n/a	7.8125
S51-D36	NIRSCWAMPLITUDE	51	36	685	n/a	7.8125
S52-D36	NIRSCWAMPLITUDE	52	36	685	n/a	7.8125
S53-D36	NIRSCWAMPLITUDE	53	36	685	n/a	7.8125
S54-D36	NIRSCWAMPLITUDE	54	36	685	n/a	7.8125
S58-D36	NIRSCWAMPLITUDE	58	36	685	n/a	7.8125
S59-D36	NIRSCWAMPLITUDE	59	36	685	n/a	7.8125
S60-D36	NIRSCWAMPLITUDE	60	36	685	n/a	7.8125
S195-D36	NIRSCWAMPLITUDE	195	36	685	n/a	7.8125
S196-D36	NIRSCWAMPLITUDE	196	36	685	n/a	7.8125
S197-D36	NIRSCWAMPLITUDE	197	36	685	n/a	7.8125
S201-D36	NIRSCWAMPLITUDE	201	36	685	n/a	7.8125
S202-D36	NIRSCWAMPLITUDE	202	36	685	n/a	7.8125
S203-D36	NIRSCWAMPLITUDE	203	36	685	n/a	7.8125
S204-D36	NIRSCWAMPLITUDE	204	36	685	n/a	7.8125
S205-D36	NIRSCWAMPLITUDE	205	36	685	n/a	7.8125
S206-D36	NIRSCWAMPLITUDE	206	36	685	n/a	7.8125
S207-D36	NIRSCWAMPLITUDE	207	36	685	n/a	7.8125
S213-D36	NIRSCWAMPLITUDE	213	36	685	n/a	7.8125
S214-D36	NIRSCWAMPLITUDE	214	36	685	n/a	7.8125
S19-D37	NIRSCWAMPLITUDE	19	37	685	n/a	7.8125
S20-D37	NIRSCWAMPLITUDE	20	37	685	n/a	7.8125
S25-D37	NIRSCWAMPLITUDE	25	37	685	n/a	7.8125
S26-D37	NIRSCWAMPLITUDE	26	37	685	n/a	7.8125
S27-D37	NIRSCWAMPLITUDE	27	37	685	n/a	7.8125
S31-D37	NIRSCWAMPLITUDE	31	37	685	n/a	7.8125
S32-D37	NIRSCWAMPLITUDE	32	37	685	n/a	7.8125
S33-D37	NIRSCWAMPLITUDE	33	37	685	n/a	7.8125
S34-D37	NIRSCWAMPLITUDE	34	37	685	n/a	7.8125
S37-D37	NIRSCWAMPLITUDE	37	37	685	n/a	7.8125
S38-D37	NIRSCWAMPLITUDE	38	37	685	n/a	7.8125
S39-D37	NIRSCWAMPLITUDE	39	37	685	n/a	7.8125
S40-D37	NIRSCWAMPLITUDE	40	37	685	n/a	7.8125
S43-D37	NIRSCWAMPLITUDE	43	37	685	n/a	7.8125
S44-D37	NIRSCWAMPLITUDE	44	37	685	n/a	7.8125
S45-D37	NIRSCWAMPLITUDE	45	37	685	n/a	7.8125
S46-D37	NIRSCWAMPLITUDE	46	37	685	n/a	7.8125
S49-D37	NIRSCWAMPLITUDE	49	37	685	n/a	7.8125
S50-D37	NIRSCWAMPLITUDE	50	37	685	n/a	7.8125
S51-D37	NIRSCWAMPLITUDE	51	37	685	n/a	7.8125
S52-D37	NIRSCWAMPLITUDE	52	37	685	n/a	7.8125
S55-D37	NIRSCWAMPLITUDE	55	37	685	n/a	7.8125
S56-D37	NIRSCWAMPLITUDE	56	37	685	n/a	7.8125
S57-D37	NIRSCWAMPLITUDE	57	37	685	n/a	7.8125
S58-D37	NIRSCWAMPLITUDE	58	37	685	n/a	7.8125
S61-D37	NIRSCWAMPLITUDE	61	37	685	n/a	7.8125
S62-D37	NIRSCWAMPLITUDE	62	37	685	n/a	7.8125
S63-D37	NIRSCWAMPLITUDE	63	37	685	n/a	7.8125
S19-D38	NIRSCWAMPLITUDE	19	38	685	n/a	7.8125
S20-D38	NIRSCWAMPLITUDE	20	38	685	n/a	7.8125
S21-D38	NIRSCWAMPLITUDE	21	38	685	n/a	7.8125
S25-D38	NIRSCWAMPLITUDE	25	38	685	n/a	7.8125
S26-D38	NIRSCWAMPLITUDE	26	38	685	n/a	7.8125
S27-D38	NIRSCWAMPLITUDE	27	38	685	n/a	7.8125
S28-D38	NIRSCWAMPLITUDE	28	38	685	n/a	7.8125
S31-D38	NIRSCWAMPLITUDE	31	38	685	n/a	7.8125
S32-D38	NIRSCWAMPLITUDE	32	38	685	n/a	7.8125
S33-D38	NIRSCWAMPLITUDE	33	38	685	n/a	7.8125
S34-D38	NIRSCWAMPLITUDE	34	38	685	n/a	7.8125
S35-D38	NIRSCWAMPLITUDE	35	38	685	n/a	7.8125
S37-D38	NIRSCWAMPLITUDE	37	38	685	n/a	7.8125
S38-D38	NIRSCWAMPLITUDE	38	38	685	n/a	7.8125
S39-D38	NIRSCWAMPLITUDE	39	38	685	n/a	7.8125
S40-D38	NIRSCWAMPLITUDE	40	38	685	n/a	7.8125
S41-D38	NIRSCWAMPLITUDE	41	38	685	n/a	7.8125
S43-D38	NIRSCWAMPLITUDE	43	38	685	n/a	7.8125
S44-D38	NIRSCWAMPLITUDE	44	38	685	n/a	7.8125
S45-D38	NIRSCWAMPLITUDE	45	38	685	n/a	7.8125
S46-D38	NIRSCWAMPLITUDE	46	38	685	n/a	7.8125
S47-D38	NIRSCWAMPLITUDE	47	38	685	n/a	7.8125
S49-D38	NIRSCWAMPLITUDE	49	38	685	n/a	7.8125
S50-D38	NIRSCWAMPLITUDE	50	38	685	n/a	7.8125
S51-D38	NIRSCWAMPLITUDE	51	38	685	n/a	7.8125
S52-D38	NIRSCWAMPLITUDE	52	38	685	n/a	7.8125
S53-D38	NIRSCWAMPLITUDE	53	38	685	n/a	7.8125
S55-D38	NIRSCWAMPLITUDE	55	38	685	n/a	7.8125
S56-D38	NIRSCWAMPLITUDE	56	38	685	n/a	7.8125
S57-D38	NIRSCWAMPLITUDE	57	38	685	n/a	7.8125
S58-D38	NIRSCWAMPLITUDE	58	38	685	n/a	7.8125
S61-D38	NIRSCWAMPLITUDE	61	38	685	n/a	7.8125
S62-D38	NIRSCWAMPLITUDE	62	38	685	n/a	7.8125
S63-D38	NIRSCWAMPLITUDE	63	38	685	n/a	7.8125
S64-D38	NIRSCWAMPLITUDE	64	38	685	n/a	7.8125
S19-D39	NIRSCWAMPLITUDE	19	39	685	n/a	7.8125
S20-D39	NIRSCWAMPLITUDE	20	39	685	n/a	7.8125
S21-D39	NIRSCWAMPLITUDE	21	39	685	n/a	7.8125
S22-D39	NIRSCWAMPLITUDE	22	39	685	n/a	7.8125
S25-D39	NIRSCWAMPLITUDE	25	39	685	n/a	7.8125
S26-D39	NIRSCWAMPLITUDE	26	39	685	n/a	7.8125
S27-D39	NIRSCWAMPLITUDE	27	39	685	n/a	7.8125
S28-D39	NIRSCWAMPLITUDE	28	39	685	n/a	7.8125
S29-D39	NIRSCWAMPLITUDE	29	39	685	n/a	7.8125
S30-D39	NIRSCWAMPLITUDE	30	39	685	n/a	7.8125
S31-D39	NIRSCWAMPLITUDE	31	39	685	n/a	7.8125
S32-D39	NIRSCWAMPLITUDE	32	39	685	n/a	7.8125
S33-D39	NIRSCWAMPLITUDE	33	39	685	n/a	7.8125
S34-D39	NIRSCWAMPLITUDE	34	39	685	n/a	7.8125
S35-D39	NIRSCWAMPLITUDE	35	39	685	n/a	7.8125
S36-D39	NIRSCWAMPLITUDE	36	39	685	n/a	7.8125
S37-D39	NIRSCWAMPLITUDE	37	39	685	n/a	7.8125
S38-D39	NIRSCWAMPLITUDE	38	39	685	n/a	7.8125
S39-D39	NIRSCWAMPLITUDE	39	39	685	n/a	7.8125
S40-D39	NIRSCWAMPLITUDE	40	39	685	n/a	7.8125
S41-D39	NIRSCWAMPLITUDE	41	39	685	n/a	7.8125
S42-D39	NIRSCWAMPLITUDE	42	39	685	n/a	7.8125
S43-D39	NIRSCWAMPLITUDE	43	39	685	n/a	7.8125
S44-D39	NIRSCWAMPLITUDE	44	39	685	n/a	7.8125
S45-D39	NIRSCWAMPLITUDE	45	39	685	n/a	7.8125
S46-D39	NIRSCWAMPLITUDE	46	39	685	n/a	7.8125
S47-D39	NIRSCWAMPLITUDE	47	39	685	n/a	7.8125
S48-D39	NIRSCWAMPLITUDE	48	39	685	n/a	7.8125
S49-D39	NIRSCWAMPLITUDE	49	39	685	n/a	7.8125
S50-D39	NIRSCWAMPLITUDE	50	39	685	n/a	7.8125
S51-D39	NIRSCWAMPLITUDE	51	39	685	n/a	7.8125
S52-D39	NIRSCWAMPLITUDE	52	39	685	n/a	7.8125
S53-D39	NIRSCWAMPLITUDE	53	39	685	n/a	7.8125
S54-D39	NIRSCWAMPLITUDE	54	39	685	n/a	7.8125
S55-D39	NIRSCWAMPLITUDE	55	39	685	n/a	7.8125
S56-D39	NIRSCWAMPLITUDE	56	39	685	n/a	7.8125
S57-D39	NIRSCWAMPLITUDE	57	39	685	n/a	7.8125
S58-D39	NIRSCWAMPLITUDE	58	39	685	n/a	7.8125
S59-D39	NIRSCWAMPLITUDE	59	39	685	n/a	7.8125
S62-D39	NIRSCWAMPLITUDE	62	39	685	n/a	7.8125
S63-D39	NIRSCWAMPLITUDE	63	39	685	n/a	7.8125
S64-D39	NIRSCWAMPLITUDE	64	39	685	n/a	7.8125
S65-D39	NIRSCWAMPLITUDE	65	39	685	n/a	7.8125
S20-D40	NIRSCWAMPLITUDE	20	40	685	n/a	7.8125
S21-D40	NIRSCWAMPLITUDE	21	40	685	n/a	7.8125
S22-D40	NIRSCWAMPLITUDE	22	40	685	n/a	7.8125
S23-D40	NIRSCWAMPLITUDE	23	40	685	n/a	7.8125
S25-D40	NIRSCWAMPLITUDE	25	40	685	n/a	7.8125
S26-D40	NIRSCWAMPLITUDE	26	40	685	n/a	7.8125
S27-D40	NIRSCWAMPLITUDE	27	40	685	n/a	7.8125
S28-D40	NIRSCWAMPLITUDE	28	40	685	n/a	7.8125
S29-D40	NIRSCWAMPLITUDE	29	40	685	n/a	7.8125
S30-D40	NIRSCWAMPLITUDE	30	40	685	n/a	7.8125
S31-D40	NIRSCWAMPLITUDE	31	40	685	n/a	7.8125
S32-D40	NIRSCWAMPLITUDE	32	40	685	n/a	7.8125
S33-D40	NIRSCWAMPLITUDE	33	40	685	n/a	7.8125
S34-D40	NIRSCWAMPLITUDE	34	40	685	n/a	7.8125
S35-D40	NIRSCWAMPLITUDE	35	40	685	n/a	7.8125
S36-D40	NIRSCWAMPLITUDE	36	40	685	n/a	7.8125
S37-D40	NIRSCWAMPLITUDE	37	40	685	n/a	7.8125
S38-D40	NIRSCWAMPLITUDE	38	40	685	n/a	7.8125
S39-D40	NIRSCWAMPLITUDE	39	40	685	n/a	7.8125
S40-D40	NIRSCWAMPLITUDE	40	40	685	n/a	7.8125
S41-D40	NIRSCWAMPLITUDE	41	40	685	n/a	7.8125
S42-D40	NIRSCWAMPLITUDE	42	40	685	n/a	7.8125
S43-D40	NIRSCWAMPLITUDE	43	40	685	n/a	7.8125
S44-D40	NIRSCWAMPLITUDE	44	40	685	n/a	7.8125
S45-D40	NIRSCWAMPLITUDE	45	40	685	n/a	7.8125
S46-D40	NIRSCWAMPLITUDE	46	40	685	n/a	7.8125
S47-D40	NIRSCWAMPLITUDE	47	40	685	n/a	7.8125
S48-D40	NIRSCWAMPLITUDE	48	40	685	n/a	7.8125
S49-D40	NIRSCWAMPLITUDE	49	40	685	n/a	7.8125
S50-D40	NIRSCWAMPLITUDE	50	40	685	n/a	7.8125
S51-D40	NIRSCWAMPLITUDE	51	40	685	n/a	7.8125
S52-D40	NIRSCWAMPLITUDE	52	40	685	n/a	7.8125
S53-D40	NIRSCWAMPLITUDE	53	40	685	n/a	7.8125
S54-D40	NIRSCWAMPLITUDE	54	40	685	n/a	7.8125
S55-D40	NIRSCWAMPLITUDE	55	40	685	n/a	7.8125
S56-D40	NIRSCWAMPLITUDE	56	40	685	n/a	7.8125
S57-D40	NIRSCWAMPLITUDE	57	40	685	n/a	7.8125
S58-D40	NIRSCWAMPLITUDE	58	40	685	n/a	7.8125
S59-D40	NIRSCWAMPLITUDE	59	40	685	n/a	7.8125
S60-D40	NIRSCWAMPLITUDE	60	40	685	n/a	7.8125
S63-D40	NIRSCWAMPLITUDE	63	40	685	n/a	7.8125
S64-D40	NIRSCWAMPLITUDE	64	40	685	n/a	7.8125
S65-D40	NIRSCWAMPLITUDE	65	40	685	n/a	7.8125
S21-D41	NIRSCWAMPLITUDE	21	41	685	n/a	7.8125
S22-D41	NIRSCWAMPLITUDE	22	41	685	n/a	7.8125
S23-D41	NIRSCWAMPLITUDE	23	41	685	n/a	7.8125
S24-D41	NIRSCWAMPLITUDE	24	41	685	n/a	7.8125
S26-D41	NIRSCWAMPLITUDE	26	41	685	n/a	7.8125
S27-D41	NIRSCWAMPLITUDE	27	41	685	n/a	7.8125
S28-D41	NIRSCWAMPLITUDE	28	41	685	n/a	7.8125
S29-D41	NIRSCWAMPLITUDE	29	41	685	n/a	7.8125
S30-D41	NIRSCWAMPLITUDE	30	41	685	n/a	7.8125
S31-D41	NIRSCWAMPLITUDE	31	41	685	n/a	7.8125
S32-D41	NIRSCWAMPLITUDE	32	41	685	n/a	7.8125
S33-D41	NIRSCWAMPLITUDE	33	41	685	n/a	7.8125
S34-D41	NIRSCWAMPLITUDE	34	41	685	n/a	7.8125
S35-D41	NIRSCWAMPLITUDE	35	41	685	n/a	7.8125
S36-D41	NIRSCWAMPLITUDE	36	41	685	n/a	7.8125
S37-D41	NIRSCWAMPLITUDE	37	41	685	n/a	7.8125
S38-D41	NIRSCWAMPLITUDE	38	41	685	n/a	7.8125
S39-D41	NIRSCWAMPLITUDE	39	41	685	n/a	7.8125
S40-D41	NIRSCWAMPLITUDE	40	41	685	n/a	7.8125
S41-D41	NIRSCWAMPLITUDE	41	41	685	n/a	7.8125
S42-D41	NIRSCWAMPLITUDE	42	41	685	n/a	7.8125
S43-D41	NIRSCWAMPLITUDE	43	41	685	n/a	7.8125
S44-D41	NIRSCWAMPLITUDE	44	41	685	n/a	7.8125
S45-D41	NIRSCWAMPLITUDE	45	41	685	n/a	7.8125
S46-D41	NIRSCWAMPLITUDE	46	41	685	n/a	7.8125
S47-D41	NIRSCWAMPLITUDE	47	41	685	n/a	7.8125
S48-D41	NIRSCWAMPLITUDE	48	41	685	n/a	7.8125
S49-D41	NIRSCWAMPLITUDE	49	41	685	n/a	7.8125
S50-D41	NIRSCWAMPLITUDE	50	41	685	n/a	7.8125
S51-D41	NIRSCWAMPLITUDE	51	41	685	n/a	7.8125
S52-D41	NIRSCWAMPLITUDE	52	41	685	n/a	7.8125
S53-D41	NIRSCWAMPLITUDE	53	41	685	n/a	7.8125
S54-D41	NIRSCWAMPLITUDE	54	41	685	n/a	7.8125
S56-D41	NIRSCWAMPLITUDE	56	41	685	n/a	7.8125
S57-D41	NIRSCWAMPLITUDE	57	41	685	n/a	7.8125
S58-D41	NIRSCWAMPLITUDE	58	41	685	n/a	7.8125
S59-D41	NIRSCWAMPLITUDE	59	41	685	n/a	7.8125
S60-D41	NIRSCWAMPLITUDE	60	41	685	n/a	7.8125
S64-D41	NIRSCWAMPLITUDE	64	41	685	n/a	7.8125
S65-D41	NIRSCWAMPLITUDE	65	41	685	n/a	7.8125
S195-D41	NIRSCWAMPLITUDE	195	41	685	n/a	7.8125
S196-D41	NIRSCWAMPLITUDE	196	41	685	n/a	7.8125
S197-D41	NIRSCWAMPLITUDE	197	41	685	n/a	7.8125
S22-D42	NIRSCWAMPLITUDE	22	42	685	n/a	7.8125
S23-D42	NIRSCWAMPLITUDE	23	42	685	n/a	7.8125
S24-D42	NIRSCWAMPLITUDE	24	42	685	n/a	7.8125
S27-D42	NIRSCWAMPLITUDE	27	42	685	n/a	7.8125
S28-D42	NIRSCWAMPLITUDE	28	42	685	n/a	7.8125
S29-D42	NIRSCWAMPLITUDE	29	42	685	n/a	7.8125
S30-D42	NIRSCWAMPLITUDE	30	42	685	n/a	7.8125
S32-D42	NIRSCWAMPLITUDE	32	42	685	n/a	7.8125
S33-D42	NIRSCWAMPLITUDE	33	42	685	n/a	7.8125
S34-D42	NIRSCWAMPLITUDE	34	42	685	n/a	7.8125
S35-D42	NIRSCWAMPLITUDE	35	42	685	n/a	7.8125
S36-D42	NIRSCWAMPLITUDE	36	42	685	n/a	7.8125
S38-D42	NIRSCWAMPLITUDE	38	42	685	n/a	7.8125
S39-D42	NIRSCWAMPLITUDE	39	42	685	n/a	7.8125
S40-D42	NIRSCWAMPLITUDE	40	42	685	n/a	7.8125
S41-D42	NIRSCWAMPLITUDE	41	42	685	n/a	7.8125
S42-D42	NIRSCWAMPLITUDE	42	42	685	n/a	7.8125
S44-D42	NIRSCWAMPLITUDE	44	42	685	n/a	7.8125
S45-D42	NIRSCWAMPLITUDE	45	42	685	n/a	7.8125
S46-D42	NIRSCWAMPLITUDE	46	42	685	n/a	7.8125
S47-D42	NIRSCWAMPLITUDE	47	42	685	n/a	7.8125
S48-D42	NIRSCWAMPLITUDE	48	42	685	n/a	7.8125
S50-D42	NIRSCWAMPLITUDE	50	42	685	n/a	7.8125
S51-D42	NIRSCWAMPLITUDE	51	42	685	n/a	7.8125
S52-D42	NIRSCWAMPLITUDE	52	42	685	n/a	7.8125
S53-D42	NIRSCWAMPLITUDE	53	42	685	n/a	7.8125
S54-D42	NIRSCWAMPLITUDE	54	42	685	n/a	7.8125
S57-D42	NIRSCWAMPLITUDE	57	42	685	n/a	7.8125
S58-D42	NIRSCWAMPLITUDE	58	42	685	n/a	7.8125
S59-D42	NIRSCWAMPLITUDE	59	42	685	n/a	7.8125
S60-D42	NIRSCWAMPLITUDE	60	42	685	n/a	7.8125
S65-D42	NIRSCWAMPLITUDE	65	42	685	n/a	7.8125
S194-D42	NIRSCWAMPLITUDE	194	42	685	n/a	7.8125
S195-D42	NIRSCWAMPLITUDE	195	42	685	n/a	7.8125
S196-D42	NIRSCWAMPLITUDE	196	42	685	n/a	7.8125
S197-D42	NIRSCWAMPLITUDE	197	42	685	n/a	7.8125
S200-D42	NIRSCWAMPLITUDE	200	42	685	n/a	7.8125
S201-D42	NIRSCWAMPLITUDE	201	42	685	n/a	7.8125
S202-D42	NIRSCWAMPLITUDE	202	42	685	n/a	7.8125
S203-D42	NIRSCWAMPLITUDE	203	42	685	n/a	7.8125
S204-D42	NIRSCWAMPLITUDE	204	42	685	n/a	7.8125
S205-D42	NIRSCWAMPLITUDE	205	42	685	n/a	7.8125
S25-D43	NIRSCWAMPLITUDE	25	43	685	n/a	7.8125
S26-D43	NIRSCWAMPLITUDE	26	43	685	n/a	7.8125
S31-D43	NIRSCWAMPLITUDE	31	43	685	n/a	7.8125
S32-D43	NIRSCWAMPLITUDE	32	43	685	n/a	7.8125
S33-D43	NIRSCWAMPLITUDE	33	43	685	n/a	7.8125
S37-D43	NIRSCWAMPLITUDE	37	43	685	n/a	7.8125
S38-D43	NIRSCWAMPLITUDE	38	43	685	n/a	7.8125
S39-D43	NIRSCWAMPLITUDE	39	43	685	n/a	7.8125
S40-D43	NIRSCWAMPLITUDE	40	43	685	n/a	7.8125
S43-D43	NIRSCWAMPLITUDE	43	43	685	n/a	7.8125
S44-D43	NIRSCWAMPLITUDE	44	43	685	n/a	7.8125
S45-D43	NIRSCWAMPLITUDE	45	43	685	n/a	7.8125
S46-D43	NIRSCWAMPLITUDE	46	43	685	n/a	7.8125
S49-D43	NIRSCWAMPLITUDE	49	43	685	n/a	7.8125
S50-D43	NIRSCWAMPLITUDE	50	43	685	n/a	7.8125
S51-D43	NIRSCWAMPLITUDE	51	43	685	n/a	7.8125
S52-D43	NIRSCWAMPLITUDE	52	43	685	n/a	7.8125
S55-D43	NIRSCWAMPLITUDE	55	43	685	n/a	7.8125
S56-D43	NIRSCWAMPLITUDE	56	43	685	n/a	7.8125
S57-D43	NIRSCWAMPLITUDE	57	43	685	n/a	7.8125
S58-D43	NIRSCWAMPLITUDE	58	43	685	n/a	7.8125
S61-D43	NIRSCWAMPLITUDE	61	43	685	n/a	7.8125
S62-D43	NIRSCWAMPLITUDE	62	43	685	n/a	7.8125
S63-D43	NIRSCWAMPLITUDE	63	43	685	n/a	7.8125
S64-D43	NIRSCWAMPLITUDE	64	43	685	n/a	7.8125
S65-D43	NIRSCWAMPLITUDE	65	43	685	n/a	7.8125
S66-D43	NIRSCWAMPLITUDE	66	43	685	n/a	7.8125
S67-D43	NIRSCWAMPLITUDE	67	43	685	n/a	7.8125
S68-D43	NIRSCWAMPLITUDE	68	43	685	n/a	7.8125
S25-D44	NIRSCWAMPLITUDE	25	44	685	n/a	7.8125
S26-D44	NIRSCWAMPLITUDE	26	44	685	n/a	7.8125
S27-D44	NIRSCWAMPLITUDE	27	44	685	n/a	7.8125
S31-D44	NIRSCWAMPLITUDE	31	44	685	n/a	7.8125
S32-D44	NIRSCWAMPLITUDE	32	44	685	n/a	7.8125
S33-D44	NIRSCWAMPLITUDE	33	44	685	n/a	7.8125
S34-D44	NIRSCWAMPLITUDE	34	44	685	n/a	7.8125
S37-D44	NIRSCWAMPLITUDE	37	44	685	n/a	7.8125
S38-D44	NIRSCWAMPLITUDE	38	44	685	n/a	7.8125
S39-D44	NIRSCWAMPLITUDE	39	44	685	n/a	7.8125
S40-D44	NIRSCWAMPLITUDE	40	44	685	n/a	7.8125
S41-D44	NIRSCWAMPLITUDE	41	44	685	n/a	7.8125
S43-D44	NIRSCWAMPLITUDE	43	44	685	n/a	7.8125
S44-D44	NIRSCWAMPLITUDE	44	44	685	n/a	7.8125
S45-D44	NIRSCWAMPLITUDE	45	44	685	n/a	7.8125
S46-D44	NIRSCWAMPLITUDE	46	44	685	n/a	7.8125
S47-D44	NIRSCWAMPLITUDE	47	44	685	n/a	7.8125
S49-D44	NIRSCWAMPLITUDE	49	44	685	n/a	7.8125
S50-D44	NIRSCWAMPLITUDE	50	44	685	n/a	7.8125
S51-D44	NIRSCWAMPLITUDE	51	44	685	n/a	7.8125
S52-D44	NIRSCWAMPLITUDE	52	44	685	n/a	7.8125
S53-D44	NIRSCWAMPLITUDE	53	44	685	n/a	7.8125
S55-D44	NIRSCWAMPLITUDE	55	44	685	n/a	7.8125
S56-D44	NIRSCWAMPLITUDE	56	44	685	n/a	7.8125
S57-D44	NIRSCWAMPLITUDE	57	44	685	n/a	7.8125
S58-D44	NIRSCWAMPLITUDE	58	44	685	n/a	7.8125
S59-D44	NIRSCWAMPLITUDE	59	44	685	n/a	7.8125
S61-D44	NIRSCWAMPLITUDE	61	44	685	n/a	7.8125
S62-D44	NIRSCWAMPLITUDE	62	44	685	n/a	7.8125
S63-D44	NIRSCWAMPLITUDE	63	44	685	n/a	7.8125
S64-D44	NIRSCWAMPLITUDE	64	44	685	n/a	7.8125
S65-D44	NIRSCWAMPLITUDE	65	44	685	n/a	7.8125
S66-D44	NIRSCWAMPLITUDE	66	44	685	n/a	7.8125
S67-D44	NIRSCWAMPLITUDE	67	44	685	n/a	7.8125
S68-D44	NIRSCWAMPLITUDE	68	44	685	n/a	7.8125
S69-D44	NIRSCWAMPLITUDE	69	44	685	n/a	7.8125
S25-D45	NIRSCWAMPLITUDE	25	45	685	n/a	7.8125
S26-D45	NIRSCWAMPLITUDE	26	45	685	n/a	7.8125
S27-D45	NIRSCWAMPLITUDE	27	45	685	n/a	7.8125
S28-D45	NIRSCWAMPLITUDE	28	45	685	n/a	7.8125
S31-D45	NIRSCWAMPLITUDE	31	45	685	n/a	7.8125
S32-D45	NIRSCWAMPLITUDE	32	45	685	n/a	7.8125
S33-D45	NIRSCWAMPLITUDE	33	45	685	n/a	7.8125
S34-D45	NIRSCWAMPLITUDE	34	45	685	n/a	7.8125
S35-D45	NIRSCWAMPLITUDE	35	45	685	n/a	7.8125
S36-D45	NIRSCWAMPLITUDE	36	45	685	n/a	7.8125
S37-D45	NIRSCWAMPLITUDE	37	45	685	n/a	7.8125
S38-D45	NIRSCWAMPLITUDE	38	45	685	n/a	7.8125
S39-D45	NIRSCWAMPLITUDE	39	45	685	n/a	7.8125
S40-D45	NIRSCWAMPLITUDE	40	45	685	n/a	7.8125
S41-D45	NIRSCWAMPLITUDE	41	45	685	n/a	7.8125
S42-D45	NIRSCWAMPLITUDE	42	45	685	n/a	7.8125
S43-D45	NIRSCWAMPLITUDE	43	45	685	n/a	7.8125
S44-D45	NIRSCWAMPLITUDE	44	45	685	n/a	7.8125
S45-D45	NIRSCWAMPLITUDE	45	45	685	n/a	7.8125
S46-D45	NIRSCWAMPLITUDE	46	45	685	n/a	7.8125
S47-D45	NIRSCWAMPLITUDE	47	45	685	n/a	7.8125
S48-D45	NIRSCWAMPLITUDE	48	45	685	n/a	7.8125
S49-D45	NIRSCWAMPLITUDE	49	45	685	n/a	7.8125
S50-D45	NIRSCWAMPLITUDE	50	45	685	n/a	7.8125
S51-D45	NIRSCWAMPLITUDE	51	45	685	n/a	7.8125
S52-D45	NIRSCWAMPLITUDE	52	45	685	n/a	7.8125
S53-D45	NIRSCWAMPLITUDE	53	45	685	n/a	7.8125
S54-D45	NIRSCWAMPLITUDE	54	45	685	n/a	7.8125
S55-D45	NIRSCWAMPLITUDE	55	45	685	n/a	7.8125
S56-D45	NIRSCWAMPLITUDE	56	45	685	n/a	7.8125
S57-D45	NIRSCWAMPLITUDE	57	45	685	n/a	7.8125
S58-D45	NIRSCWAMPLITUDE	58	45	685	n/a	7.8125
S59-D45	NIRSCWAMPLITUDE	59	45	685	n/a	7.8125
S60-D45	NIRSCWAMPLITUDE	60	45	685	n/a	7.8125
S61-D45	NIRSCWAMPLITUDE	61	45	685	n/a	7.8125
S62-D45	NIRSCWAMPLITUDE	62	45	685	n/a	7.8125
S63-D45	NIRSCWAMPLITUDE	63	45	685	n/a	7.8125
S64-D45	NIRSCWAMPLITUDE	64	45	685	n/a	7.8125
S65-D45	NIRSCWAMPLITUDE	65	45	685	n/a	7.8125
S67-D45	NIRSCWAMPLITUDE	67	45	685	n/a	7.8125
S68-D45	NIRSCWAMPLITUDE	68	45	685	n/a	7.8125
S69-D45	NIRSCWAMPLITUDE	69	45	685	n/a	7.8125
S70-D45	NIRSCWAMPLITUDE	70	45	685	n/a	7.8125
S26-D46	NIRSCWAMPLITUDE	26	46	685	n/a	7.8125
S27-D46	NIRSCWAMPLITUDE	27	46	685	n/a	7.8125
S28-D46	NIRSCWAMPLITUDE	28	46	685	n/a	7.8125
S29-D46	NIRSCWAMPLITUDE	29	46	685	n/a	7.8125
S31-D46	NIRSCWAMPLITUDE	31	46	685	n/a	7.8125
S32-D46	NIRSCWAMPLITUDE	32	46	685	n/a	7.8125
S33-D46	NIRSCWAMPLITUDE	33	46	685	n/a	7.8125
S34-D46	NIRSCWAMPLITUDE	34	46	685	n/a	7.8125
S35-D46	NIRSCWAMPLITUDE	35	46	685	n/a	7.8125
S36-D46	NIRSCWAMPLITUDE	36	46	685	n/a	7.8125
S37-D46	NIRSCWAMPLITUDE	37	46	685	n/a	7.8125
S38-D46	NIRSCWAMPLITUDE	38	46	685	n/a	7.8125
S39-D46	NIRSCWAMPLITUDE	39	46	685	n/a	7.8125
S40-D46	NIRSCWAMPLITUDE	40	46	685	n/a	7.8125
S41-D46	NIRSCWAMPLITUDE	41	46	685	n/a	7.8125
S42-D46	NIRSCWAMPLITUDE	42	46	685	n/a	7.8125
S43-D46	NIRSCWAMPLITUDE	43	46	685	n/a	7.8125
S44-D46	NIRSCWAMPLITUDE	44	46	685	n/a	7.8125
S45-D46	NIRSCWAMPLITUDE	45	46	685	n/a	7.8125
S46-D46	NIRSCWAMPLITUDE	46	46	685	n/a	7.8125
S47-D46	NIRSCWAMPLITUDE	47	46	685	n/a	7.8125
S48-D46	NIRSCWAMPLITUDE	48	46	685	n/a	7.8125
S49-D46	NIRSCWAMPLITUDE	49	46	685	n/a	7.8125
S50-D46	NIRSCWAMPLITUDE	50	46	685	n/a	7.8125
S51-D46	NIRSCWAMPLITUDE	51	46	685	n/a	7.8125
S52-D46	NIRSCWAMPLITUDE	52	46	685	n/a	7.8125
S53-D46	NIRSCWAMPLITUDE	53	46	685	n/a	7.8125
S54-D46	NIRSCWAMPLITUDE	54	46	685	n/a	7.8125
S55-D46	NIRSCWAMPLITUDE	55	46	685	n/a	7.8125
S56-D46	NIRSCWAMPLITUDE	56	46	685	n/a	7.8125
S57-D46	NIRSCWAMPLITUDE	57	46	685	n/a	7.8125
S58-D46	NIRSCWAMPLITUDE	58	46	685	n/a	7.8125
S59-D46	NIRSCWAMPLITUDE	59	46	685	n/a	7.8125
S60-D46	NIRSCWAMPLITUDE	60	46	685	n/a	7.8125
S62-D46	NIRSCWAMPLITUDE	62	46	685	n/a	7.8125
S63-D46	NIRSCWAMPLITUDE	63	46	685	n/a	7.8125
S64-D46	NIRSCWAMPLITUDE	64	46	685	n/a	7.8125
S65-D46	NIRSCWAMPLITUDE	65	46	685	n/a	7.8125
S68-D46	NIRSCWAMPLITUDE	68	46	685	n/a	7.8125
S69-D46	NIRSCWAMPLITUDE	69	46	685	n/a	7.8125
S70-D46	NIRSCWAMPLITUDE	70	46	685	n/a	7.8125
S195-D46	NIRSCWAMPLITUDE	195	46	685	n/a	7.8125
S196-D46	NIRSCWAMPLITUDE	196	46	685	n/a	7.8125
S27-D47	NIRSCWAMPLITUDE	27	47	685	n/a	7.8125
S28-D47	NIRSCWAMPLITUDE	28	47	685	n/a	7.8125
S29-D47	NIRSCWAMPLITUDE	29	47	685	n/a	7.8125
S30-D47	NIRSCWAMPLITUDE	30	47	685	n/a	7.8125
S31-D47	NIRSCWAMPLITUDE	31	47	685	n/a	7.8125
S32-D47	NIRSCWAMPLITUDE	32	47	685	n/a	7.8125
S33-D47	NIRSCWAMPLITUDE	33	47	685	n/a	7.8125
S34-D47	NIRSCWAMPLITUDE	34	47	685	n/a	7.8125
S35-D47	NIRSCWAMPLITUDE	35	47	685	n/a	7.8125
S36-D47	NIRSCWAMPLITUDE	36	47	685	n/a	7.8125
S37-D47	NIRSCWAMPLITUDE	37	47	685	n/a	7.8125
S38-D47	NIRSCWAMPLITUDE	38	47	685	n/a	7.8125
S39-D47	NIRSCWAMPLITUDE	39	47	685	n/a	7.8125
S40-D47	NIRSCWAMPLITUDE	40	47	685	n/a	7.8125
S41-D47	NIRSCWAMPLITUDE	41	47	685	n/a	7.8125
S42-D47	NIRSCWAMPLITUDE	42	47	685	n/a	7.8125
S43-D47	NIRSCWAMPLITUDE	43	47	685	n/a	7.8125
S44-D47	NIRSCWAMPLITUDE	44	47	685	n/a	7.8125
S45-D47	NIRSCWAMPLITUDE	45	47	685	n/a	7.8125
S46-D47	NIRSCWAMPLITUDE	46	47	685	n/a	7.8125
S47-D47	NIRSCWAMPLITUDE	47	47	685	n/a	7.8125
S48-D47	NIRSCWAMPLITUDE	48	47	685	n/a	7.8125
S49-D47	NIRSCWAMPLITUDE	49	47	685	n/a	7.8125
S50-D47	NIRSCWAMPLITUDE	50	47	685	n/a	7.8125
S51-D47	NIRSCWAMPLITUDE	51	47	685	n/a	7.8125
S52-D47	NIRSCWAMPLITUDE	52	47	685	n/a	7.8125
S53-D47	NIRSCWAMPLITUDE	53	47	685	n/a	7.8125
S54-D47	NIRSCWAMPLITUDE	54	47	685	n/a	7.8125
S55-D47	NIRSCWAMPLITUDE	55	47	685	n/a	7.8125
S56-D47	NIRSCWAMPLITUDE	56	47	685	n/a	7.8125
S57-D47	NIRSCWAMPLITUDE	57	47	685	n/a	7.8125
S58-D47	NIRSCWAMPLITUDE	58	47	685	n/a	7.8125
S59-D47	NIRSCWAMPLITUDE	59	47	685	n/a	7.8125
S60-D47	NIRSCWAMPLITUDE	60	47	685	n/a	7.8125
S63-D47	NIRSCWAMPLITUDE	63	47	685	n/a	7.8125
S64-D47	NIRSCWAMPLITUDE	64	47	685	n/a	7.8125
S65-D47	NIRSCWAMPLITUDE	65	47	685	n/a	7.8125
S69-D47	NIRSCWAMPLITUDE	69	47	685	n/a	7.8125
S70-D47	NIRSCWAMPLITUDE	70	47	685	n/a	7.8125
S194-D47	NIRSCWAMPLITUDE	194	47	685	n/a	7.8125
S195-D47	NIRSCWAMPLITUDE	195	47	685	n/a	7.8125
S196-D47	NIRSCWAMPLITUDE	196	47	685	n/a	7.8125
S197-D47	NIRSCWAMPLITUDE	197	47	685	n/a	7.8125
S28-D48	NIRSCWAMPLITUDE	28	48	685	n/a	7.8125
S29-D48	NIRSCWAMPLITUDE	29	48	685	n/a	7.8125
S30-D48	NIRSCWAMPLITUDE	30	48	685	n/a	7.8125
S33-D48	NIRSCWAMPLITUDE	33	48	685	n/a	7.8125
S34-D48	NIRSCWAMPLITUDE	34	48	685	n/a	7.8125
S35-D48	NIRSCWAMPLITUDE	35	48	685	n/a	7.8125
S36-D48	NIRSCWAMPLITUDE	36	48	685	n/a	7.8125
S38-D48	NIRSCWAMPLITUDE	38	48	685	n/a	7.8125
S39-D48	NIRSCWAMPLITUDE	39	48	685	n/a	7.8125
S40-D48	NIRSCWAMPLITUDE	40	48	685	n/a	7.8125
S41-D48	NIRSCWAMPLITUDE	41	48	685	n/a	7.8125
S42-D48	NIRSCWAMPLITUDE	42	48	685	n/a	7.8125
S44-D48	NIRSCWAMPLITUDE	44	48	685	n/a	7.8125
S45-D48	NIRSCWAMPLITUDE	45	48	685	n/a	7.8125
S46-D48	NIRSCWAMPLITUDE	46	48	685	n/a	7.8125
S47-D48	NIRSCWAMPLITUDE	47	48	685	n/a	7.8125
S48-D48	NIRSCWAMPLITUDE	48	48	685	n/a	7.8125
S50-D48	NIRSCWAMPLITUDE	50	48	685	n/a	7.8125
S51-D48	NIRSCWAMPLITUDE	51	48	685	n/a	7.8125
S52-D48	NIRSCWAMPLITUDE	52	48	685	n/a	7.8125
S53-D48	NIRSCWAMPLITUDE	53	48	685	n/a	7.8125
S54-D48	NIRSCWAMPLITUDE	54	48	685	n/a	7.8125
S56-D48	NIRSCWAMPLITUDE	56	48	685	n/a	7.8125
S57-D48	NIRSCWAMPLITUDE	57	48	685	n/a	7.8125
S58-D48	NIRSCWAMPLITUDE	58	48	685	n/a	7.8125
S59-D48	NIRSCWAMPLITUDE	59	48	685	n/a	7.8125
S60-D48	NIRSCWAMPLITUDE	60	48	685	n/a	7.8125
S64-D48	NIRSCWAMPLITUDE	64	48	685	n/a	7.8125
S65-D48	NIRSCWAMPLITUDE	65	48	685	n/a	7.8125
S70-D48	NIRSCWAMPLITUDE	70	48	685	n/a	7.8125
S194-D48	NIRSCWAMPLITUDE	194	48	685	n/a	7.8125
S195-D48	NIRSCWAMPLITUDE	195	48	685	n/a	7.8125
S196-D48	NIRSCWAMPLITUDE	196	48	685	n/a	7.8125
S197-D48	NIRSCWAMPLITUDE	197	48	685	n/a	7.8125
S198-D48	NIRSCWAMPLITUDE	198	48	685	n/a	7.8125
S199-D48	NIRSCWAMPLITUDE	199	48	685	n/a	7.8125
S200-D48	NIRSCWAMPLITUDE	200	48	685	n/a	7.8125
S201-D48	NIRSCWAMPLITUDE	201	48	685	n/a	7.8125
S202-D48	NIRSCWAMPLITUDE	202	48	685	n/a	7.8125
S203-D48	NIRSCWAMPLITUDE	203	48	685	n/a	7.8125
S204-D48	NIRSCWAMPLITUDE	204	48	685	n/a	7.8125
S31-D49	NIRSCWAMPLITUDE	31	49	685	n/a	7.8125
S32-D49	NIRSCWAMPLITUDE	32	49	685	n/a	7.8125
S37-D49	NIRSCWAMPLITUDE	37	49	685	n/a	7.8125
S38-D49	NIRSCWAMPLITUDE	38	49	685	n/a	7.8125
S39-D49	NIRSCWAMPLITUDE	39	49	685	n/a	7.8125
S43-D49	NIRSCWAMPLITUDE	43	49	685	n/a	7.8125
S44-D49	NIRSCWAMPLITUDE	44	49	685	n/a	7.8125
S45-D49	NIRSCWAMPLITUDE	45	49	685	n/a	7.8125
S46-D49	NIRSCWAMPLITUDE	46	49	685	n/a	7.8125
S49-D49	NIRSCWAMPLITUDE	49	49	685	n/a	7.8125
S50-D49	NIRSCWAMPLITUDE	50	49	685	n/a	7.8125
S51-D49	NIRSCWAMPLITUDE	51	49	685	n/a	7.8125
S52-D49	NIRSCWAMPLITUDE	52	49	685	n/a	7.8125
S55-D49	NIRSCWAMPLITUDE	55	49	685	n/a	7.8125
S56-D49	NIRSCWAMPLITUDE	56	49	685	n/a	7.8125
S57-D49	NIRSCWAMPLITUDE	57	49	685	n/a	7.8125
S58-D49	NIRSCWAMPLITUDE	58	49	685	n/a	7.8125
S61-D49	NIRSCWAMPLITUDE	61	49	685	n/a	7.8125
S62-D49	NIRSCWAMPLITUDE	62	49	685	n/a	7.8125
S63-D49	NIRSCWAMPLITUDE	63	49	685	n/a	7.8125
S64-D49	NIRSCWAMPLITUDE	64	49	685	n/a	7.8125
S65-D49	NIRSCWAMPLITUDE	65	49	685	n/a	7.8125
S66-D49	NIRSCWAMPLITUDE	66	49	685	n/a	7.8125
S67-D49	NIRSCWAMPLITUDE	67	49	685	n/a	7.8125
S68-D49	NIRSCWAMPLITUDE	68	49	685	n/a	7.8125
S69-D49	NIRSCWAMPLITUDE	69	49	685	n/a	7.8125
S70-D49	NIRSCWAMPLITUDE	70	49	685	n/a	7.8125
S71-D49	NIRSCWAMPLITUDE	71	49	685	n/a	7.8125
S72-D49	NIRSCWAMPLITUDE	72	49	685	n/a	7.8125
S73-D49	NIRSCWAMPLITUDE	73	49	685	n/a	7.8125
S74-D49	NIRSCWAMPLITUDE	74	49	685	n/a	7.8125
S31-D50	NIRSCWAMPLITUDE	31	50	685	n/a	7.8125
S32-D50	NIRSCWAMPLITUDE	32	50	685	n/a	7.8125
S33-D50	NIRSCWAMPLITUDE	33	50	685	n/a	7.8125
S37-D50	NIRSCWAMPLITUDE	37	50	685	n/a	7.8125
S38-D50	NIRSCWAMPLITUDE	38	50	685	n/a	7.8125
S39-D50	NIRSCWAMPLITUDE	39	50	685	n/a	7.8125
S40-D50	NIRSCWAMPLITUDE	40	50	685	n/a	7.8125
S43-D50	NIRSCWAMPLITUDE	43	50	685	n/a	7.8125
S44-D50	NIRSCWAMPLITUDE	44	50	685	n/a	7.8125
S45-D50	NIRSCWAMPLITUDE	45	50	685	n/a	7.8125
S46-D50	NIRSCWAMPLITUDE	46	50	685	n/a	7.8125
S47-D50	NIRSCWAMPLITUDE	47	50	685	n/a	7.8125
S49-D50	NIRSCWAMPLITUDE	49	50	685	n/a	7.8125
S50-D50	NIRSCWAMPLITUDE	50	50	685	n/a	7.8125
S51-D50	NIRSCWAMPLITUDE	51	50	685	n/a	7.8125
S52-D50	NIRSCWAMPLITUDE	52	50	685	n/a	7.8125
S53-D50	NIRSCWAMPLITUDE	53	50	685	n/a	7.8125
S55-D50	NIRSCWAMPLITUDE	55	50	685	n/a	7.8125
S56-D50	NIRSCWAMPLITUDE	56	50	685	n/a	7.8125
S57-D50	NIRSCWAMPLITUDE	57	50	685	n/a	7.8125
S58-D50	NIRSCWAMPLITUDE	58	50	685	n/a	7.8125
S59-D50	NIRSCWAMPLITUDE	59	50	685	n/a	7.8125
S61-D50	NIRSCWAMPLITUDE	61	50	685	n/a	7.8125
S62-D50	NIRSCWAMPLITUDE	62	50	685	n/a	7.8125
S63-D50	NIRSCWAMPLITUDE	63	50	685	n/a	7.8125
S64-D50	NIRSCWAMPLITUDE	64	50	685	n/a	7.8125
S65-D50	NIRSCWAMPLITUDE	65	50	685	n/a	7.8125
S66-D50	NIRSCWAMPLITUDE	66	50	685	n/a	7.8125
S67-D50	NIRSCWAMPLITUDE	67	50	685	n/a	7.8125
S68-D50	NIRSCWAMPLITUDE	68	50	685	n/a	7.8125
S69-D50	NIRSCWAMPLITUDE	69	50	685	n/a	7.8125
S70-D50	NIRSCWAMPLITUDE	70	50	685	n/a	7.8125
S71-D50	NIRSCWAMPLITUDE	71	50	685	n/a	7.8125
S72-D50	NIRSCWAMPLITUDE	72	50	685	n/a	7.8125
S73-D50	NIRSCWAMPLITUDE	73	50	685	n/a	7.8125
S74-D50	NIRSCWAMPLITUDE	74	50	685	n/a	7.8125
S75-D50	NIRSCWAMPLITUDE	75	50	685	n/a	7.8125
S31-D51	NIRSCWAMPLITUDE	31	51	685	n/a	7.8125
S32-D51	NIRSCWAMPLITUDE	32	51	685	n/a	7.8125
S33-D51	NIRSCWAMPLITUDE	33	51	685	n/a	7.8125
S34-D51	NIRSCWAMPLITUDE	34	51	685	n/a	7.8125
S37-D51	NIRSCWAMPLITUDE	37	51	685	n/a	7.8125
S38-D51	NIRSCWAMPLITUDE	38	51	685	n/a	7.8125
S39-D51	NIRSCWAMPLITUDE	39	51	685	n/a	7.8125
S40-D51	NIRSCWAMPLITUDE	40	51	685	n/a	7.8125
S41-D51	NIRSCWAMPLITUDE	41	51	685	n/a	7.8125
S43-D51	NIRSCWAMPLITUDE	43	51	685	n/a	7.8125
S44-D51	NIRSCWAMPLITUDE	44	51	685	n/a	7.8125
S45-D51	NIRSCWAMPLITUDE	45	51	685	n/a	7.8125
S46-D51	NIRSCWAMPLITUDE	46	51	685	n/a	7.8125
S47-D51	NIRSCWAMPLITUDE	47	51	685	n/a	7.8125
S48-D51	NIRSCWAMPLITUDE	48	51	685	n/a	7.8125
S49-D51	NIRSCWAMPLITUDE	49	51	685	n/a	7.8125
S50-D51	NIRSCWAMPLITUDE	50	51	685	n/a	7.8125
S51-D51	NIRSCWAMPLITUDE	51	51	685	n/a	7.8125
S52-D51	NIRSCWAMPLITUDE	52	51	685	n/a	7.8125
S53-D51	NIRSCWAMPLITUDE	53	51	685	n/a	7.8125
S54-D51	NIRSCWAMPLITUDE	54	51	685	n/a	7.8125
S55-D51	NIRSCWAMPLITUDE	55	51	685	n/a	7.8125
S56-D51	NIRSCWAMPLITUDE	56	51	685	n/a	7.8125
S57-D51	NIRSCWAMPLITUDE	57	51	685	n/a	7.8125
S58-D51	NIRSCWAMPLITUDE	58	51	685	n/a	7.8125
S59-D51	NIRSCWAMPLITUDE	59	51	685	n/a	7.8125
S60-D51	NIRSCWAMPLITUDE	60	51	685	n/a	7.8125
S61-D51	NIRSCWAMPLITUDE	61	51	685	n/a	7.8125
S62-D51	NIRSCWAMPLITUDE	62	51	685	n/a	7.8125
S63-D51	NIRSCWAMPLITUDE	63	51	685	n/a	7.8125
S64-D51	NIRSCWAMPLITUDE	64	51	685	n/a	7.8125
S65-D51	NIRSCWAMPLITUDE	65	51	685	n/a	7.8125
S66-D51	NIRSCWAMPLITUDE	66	51	685	n/a	7.8125
S67-D51	NIRSCWAMPLITUDE	67	51	685	n/a	7.8125
S68-D51	NIRSCWAMPLITUDE	68	51	685	n/a	7.8125
S69-D51	NIRSCWAMPLITUDE	69	51	685	n/a	7.8125
S70-D51	NIRSCWAMPLITUDE	70	51	685	n/a	7.8125
S72-D51	NIRSCWAMPLITUDE	72	51	685	n/a	7.8125
S73-D51	NIRSCWAMPLITUDE	73	51	685	n/a	7.8125
S74-D51	NIRSCWAMPLITUDE	74	51	685	n/a	7.8125
S75-D51	NIRSCWAMPLITUDE	75	51	685	n/a	7.8125
S32-D52	NIRSCWAMPLITUDE	32	52	685	n/a	7.8125
S33-D52	NIRSCWAMPLITUDE	33	52	685	n/a	7.8125
S34-D52	NIRSCWAMPLITUDE	34	52	685	n/a	7.8125
S35-D52	NIRSCWAMPLITUDE	35	52	685	n/a	7.8125
S37-D52	NIRSCWAMPLITUDE	37	52	685	n/a	7.8125
S38-D52	NIRSCWAMPLITUDE	38	52	685	n/a	7.8125
S39-D52	NIRSCWAMPLITUDE	39	52	685	n/a	7.8125
S40-D52	NIRSCWAMPLITUDE	40	52	685	n/a	7.8125
S41-D52	NIRSCWAMPLITUDE	41	52	685	n/a	7.8125
S42-D52	NIRSCWAMPLITUDE	42	52	685	n/a	7.8125
S43-D52	NIRSCWAMPLITUDE	43	52	685	n/a	7.8125
S44-D52	NIRSCWAMPLITUDE	44	52	685	n/a	7.8125
S45-D52	NIRSCWAMPLITUDE	45	52	685	n/a	7.8125
S46-D52	NIRSCWAMPLITUDE	46	52	685	n/a	7.8125
S47-D52	NIRSCWAMPLITUDE	47	52	685	n/a	7.8125
S48-D52	NIRSCWAMPLITUDE	48	52	685	n/a	7.8125
S49-D52	NIRSCWAMPLITUDE	49	52	685	n/a	7.8125
S50-D52	NIRSCWAMPLITUDE	50	52	685	n/a	7.8125
S51-D52	NIRSCWAMPLITUDE	51	52	685	n/a	7.8125
S52-D52	NIRSCWAMPLITUDE	52	52	685	n/a	7.8125
S53-D52	NIRSCWAMPLITUDE	53	52	685	n/a	7.8125
S54-D52	NIRSCWAMPLITUDE	54	52	685	n/a	7.8125
S55-D52	NIRSCWAMPLITUDE	55	52	685	n/a	7.8125
S56-D52	NIRSCWAMPLITUDE	56	52	685	n/a	7.8125
S57-D52	NIRSCWAMPLITUDE	57	52	685	n/a	7.8125
S58-D52	NIRSCWAMPLITUDE	58	52	685	n/a	7.8125
S59-D52	NIRSCWAMPLITUDE	59	52	685	n/a	7.8125
S60-D52	NIRSCWAMPLITUDE	60	52	685	n/a	7.8125
S61-D52	NIRSCWAMPLITUDE	61	52	685	n/a	7.8125
S62-D52	NIRSCWAMPLITUDE	62	52	685	n/a	7.8125
S63-D52	NIRSCWAMPLITUDE	63	52	685	n/a	7.8125
S64-D52	NIRSCWAMPLITUDE	64	52	685	n/a	7.8125
S65-D52	NIRSCWAMPLITUDE	65	52	685	n/a	7.8125
S67-D52	NIRSCWAMPLITUDE	67	52	685	n/a	7.8125
S68-D52	NIRSCWAMPLITUDE	68	52	685	n/a	7.8125
S69-D52	NIRSCWAMPLITUDE	69	52	685	n/a	7.8125
S70-D52	NIRSCWAMPLITUDE	70	52	685	n/a	7.8125
S73-D52	NIRSCWAMPLITUDE	73	52	685	n/a	7.8125
S74-D52	NIRSCWAMPLITUDE	74	52	685	n/a	7.8125
S75-D52	NIRSCWAMPLITUDE	75	52	685	n/a	7.8125
S194-D52	NIRSCWAMPLITUDE	194	52	685	n/a	7.8125
S195-D52	NIRSCWAMPLITUDE	195	52	685	n/a	7.8125
S196-D52	NIRSCWAMPLITUDE	196	52	685	n/a	7.8125
S33-D53	NIRSCWAMPLITUDE	33	53	685	n/a	7.8125
S34-D53	NIRSCWAMPLITUDE	34	53	685	n/a	7.8125
S35-D53	NIRSCWAMPLITUDE	35	53	685	n/a	7.8125
S36-D53	NIRSCWAMPLITUDE	36	53	685	n/a	7.8125
S37-D53	NIRSCWAMPLITUDE	37	53	685	n/a	7.8125
S38-D53	NIRSCWAMPLITUDE	38	53	685	n/a	7.8125
S39-D53	NIRSCWAMPLITUDE	39	53	685	n/a	7.8125
S40-D53	NIRSCWAMPLITUDE	40	53	685	n/a	7.8125
S41-D53	NIRSCWAMPLITUDE	41	53	685	n/a	7.8125
S42-D53	NIRSCWAMPLITUDE	42	53	685	n/a	7.8125
S43-D53	NIRSCWAMPLITUDE	43	53	685	n/a	7.8125
S44-D53	NIRSCWAMPLITUDE	44	53	685	n/a	7.8125
S45-D53	NIRSCWAMPLITUDE	45	53	685	n/a	7.8125
S46-D53	NIRSCWAMPLITUDE	46	53	685	n/a	7.8125
S47-D53	NIRSCWAMPLITUDE	47	53	685	n/a	7.8125
S48-D53	NIRSCWAMPLITUDE	48	53	685	n/a	7.8125
S49-D53	NIRSCWAMPLITUDE	49	53	685	n/a	7.8125
S50-D53	NIRSCWAMPLITUDE	50	53	685	n/a	7.8125
S51-D53	NIRSCWAMPLITUDE	51	53	685	n/a	7.8125
S52-D53	NIRSCWAMPLITUDE	52	53	685	n/a	7.8125
S53-D53	NIRSCWAMPLITUDE	53	53	685	n/a	7.8125
S54-D53	NIRSCWAMPLITUDE	54	53	685	n/a	7.8125
S55-D53	NIRSCWAMPLITUDE	55	53	685	n/a	7.8125
S56-D53	NIRSCWAMPLITUDE	56	53	685	n/a	7.8125
S57-D53	NIRSCWAMPLITUDE	57	53	685	n/a	7.8125
S58-D53	NIRSCWAMPLITUDE	58	53	685	n/a	7.8125
S59-D53	NIRSCWAMPLITUDE	59	53	685	n/a	7.8125
S60-D53	NIRSCWAMPLITUDE	60	53	685	n/a	7.8125
S62-D53	NIRSCWAMPLITUDE	62	53	685	n/a	7.8125
S63-D53	NIRSCWAMPLITUDE	63	53	685	n/a	7.8125
S64-D53	NIRSCWAMPLITUDE	64	53	685	n/a	7.8125
S65-D53	NIRSCWAMPLITUDE	65	53	685	n/a	7.8125
S68-D53	NIRSCWAMPLITUDE	68	53	685	n/a	7.8125
S69-D53	NIRSCWAMPLITUDE	69	53	685	n/a	7.8125
S70-D53	NIRSCWAMPLITUDE	70	53	685	n/a	7.8125
S74-D53	NIRSCWAMPLITUDE	74	53	685	n/a	7.8125
S75-D53	NIRSCWAMPLITUDE	75	53	685	n/a	7.8125
S81-D53	NIRSCWAMPLITUDE	81	53	685	n/a	7.8125
S194-D53	NIRSCWAMPLITUDE	194	53	685	n/a	7.8125
S195-D53	NIRSCWAMPLITUDE	195	53	685	n/a	7.8125
S196-D53	NIRSCWAMPLITUDE	196	53	685	n/a	7.8125
S197-D53	NIRSCWAMPLITUDE	197	53	685	n/a	7.8125
S198-D53	NIRSCWAMPLITUDE	198	53	685	n/a	7.8125
S199-D53	NIRSCWAMPLITUDE	199	53	685	n/a	7.8125
S200-D53	NIRSCWAMPLITUDE	200	53	685	n/a	7.8125
S201-D53	NIRSCWAMPLITUDE	201	53	685	n/a	7.8125
S34-D54	NIRSCWAMPLITUDE	34	54	685	n/a	7.8125
S35-D54	NIRSCWAMPLITUDE	35	54	685	n/a	7.8125
S36-D54	NIRSCWAMPLITUDE	36	54	685	n/a	7.8125
S39-D54	NIRSCWAMPLITUDE	39	54	685	n/a	7.8125
S40-D54	NIRSCWAMPLITUDE	40	54	685	n/a	7.8125
S41-D54	NIRSCWAMPLITUDE	41	54	685	n/a	7.8125
S42-D54	NIRSCWAMPLITUDE	42	54	685	n/a	7.8125
S44-D54	NIRSCWAMPLITUDE	44	54	685	n/a	7.8125
S45-D54	NIRSCWAMPLITUDE	45	54	685	n/a	7.8125
S46-D54	NIRSCWAMPLITUDE	46	54	685	n/a	7.8125
S47-D54	NIRSCWAMPLITUDE	47	54	685	n/a	7.8125
S48-D54	NIRSCWAMPLITUDE	48	54	685	n/a	7.8125
S50-D54	NIRSCWAMPLITUDE	50	54	685	n/a	7.8125
S51-D54	NIRSCWAMPLITUDE	51	54	685	n/a	7.8125
S52-D54	NIRSCWAMPLITUDE	52	54	685	n/a	7.8125
S53-D54	NIRSCWAMPLITUDE	53	54	685	n/a	7.8125
S54-D54	NIRSCWAMPLITUDE	54	54	685	n/a	7.8125
S56-D54	NIRSCWAMPLITUDE	56	54	685	n/a	7.8125
S57-D54	NIRSCWAMPLITUDE	57	54	685	n/a	7.8125
S58-D54	NIRSCWAMPLITUDE	58	54	685	n/a	7.8125
S59-D54	NIRSCWAMPLITUDE	59	54	685	n/a	7.8125
S60-D54	NIRSCWAMPLITUDE	60	54	685	n/a	7.8125
S63-D54	NIRSCWAMPLITUDE	63	54	685	n/a	7.8125
S64-D54	NIRSCWAMPLITUDE	64	54	685	n/a	7.8125
S65-D54	NIRSCWAMPLITUDE	65	54	685	n/a	7.8125
S69-D54	NIRSCWAMPLITUDE	69	54	685	n/a	7.8125
S70-D54	NIRSCWAMPLITUDE	70	54	685	n/a	7.8125
S75-D54	NIRSCWAMPLITUDE	75	54	685	n/a	7.8125
S81-D54	NIRSCWAMPLITUDE	81	54	685	n/a	7.8125
S194-D54	NIRSCWAMPLITUDE	194	54	685	n/a	7.8125
S195-D54	NIRSCWAMPLITUDE	195	54	685	n/a	7.8125
S196-D54	NIRSCWAMPLITUDE	196	54	685	n/a	7.8125
S197-D54	NIRSCWAMPLITUDE	197	54	685	n/a	7.8125
S198-D54	NIRSCWAMPLITUDE	198	54	685	n/a	7.8125
S199-D54	NIRSCWAMPLITUDE	199	54	685	n/a	7.8125
S200-D54	NIRSCWAMPLITUDE	200	54	685	n/a	7.8125
S201-D54	NIRSCWAMPLITUDE	201	54	685	n/a	7.8125
S202-D54	NIRSCWAMPLITUDE	202	54	685	n/a	7.8125
S203-D54	NIRSCWAMPLITUDE	203	54	685	n/a	7.8125
S209-D54	NIRSCWAMPLITUDE	209	54	685	n/a	7.8125
S210-D54	NIRSCWAMPLITUDE	210	54	685	n/a	7.8125
S37-D55	NIRSCWAMPLITUDE	37	55	685	n/a	7.8125
S38-D55	NIRSCWAMPLITUDE	38	55	685	n/a	7.8125
S43-D55	NIRSCWAMPLITUDE	43	55	685	n/a	7.8125
S44-D55	NIRSCWAMPLITUDE	44	55	685	n/a	7.8125
S45-D55	NIRSCWAMPLITUDE	45	55	685	n/a	7.8125
S49-D55	NIRSCWAMPLITUDE	49	55	685	n/a	7.8125
S50-D55	NIRSCWAMPLITUDE	50	55	685	n/a	7.8125
S51-D55	NIRSCWAMPLITUDE	51	55	685	n/a	7.8125
S52-D55	NIRSCWAMPLITUDE	52	55	685	n/a	7.8125
S55-D55	NIRSCWAMPLITUDE	55	55	685	n/a	7.8125
S56-D55	NIRSCWAMPLITUDE	56	55	685	n/a	7.8125
S57-D55	NIRSCWAMPLITUDE	57	55	685	n/a	7.8125
S58-D55	NIRSCWAMPLITUDE	58	55	685	n/a	7.8125
S61-D55	NIRSCWAMPLITUDE	61	55	685	n/a	7.8125
S62-D55	NIRSCWAMPLITUDE	62	55	685	n/a	7.8125
S63-D55	NIRSCWAMPLITUDE	63	55	685	n/a	7.8125
S64-D55	NIRSCWAMPLITUDE	64	55	685	n/a	7.8125
S65-D55	NIRSCWAMPLITUDE	65	55	685	n/a	7.8125
S66-D55	NIRSCWAMPLITUDE	66	55	685	n/a	7.8125
S67-D55	NIRSCWAMPLITUDE	67	55	685	n/a	7.8125
S68-D55	NIRSCWAMPLITUDE	68	55	685	n/a	7.8125
S69-D55	NIRSCWAMPLITUDE	69	55	685	n/a	7.8125
S70-D55	NIRSCWAMPLITUDE	70	55	685	n/a	7.8125
S71-D55	NIRSCWAMPLITUDE	71	55	685	n/a	7.8125
S72-D55	NIRSCWAMPLITUDE	72	55	685	n/a	7.8125
S73-D55	NIRSCWAMPLITUDE	73	55	685	n/a	7.8125
S74-D55	NIRSCWAMPLITUDE	74	55	685	n/a	7.8125
S75-D55	NIRSCWAMPLITUDE	75	55	685	n/a	7.8125
S76-D55	NIRSCWAMPLITUDE	76	55	685	n/a	7.8125
S77-D55	NIRSCWAMPLITUDE	77	55	685	n/a	7.8125
S78-D55	NIRSCWAMPLITUDE	78	55	685	n/a	7.8125
S79-D55	NIRSCWAMPLITUDE	79	55	685	n/a	7.8125
S37-D56	NIRSCWAMPLITUDE	37	56	685	n/a	7.8125
S38-D56	NIRSCWAMPLITUDE	38	56	685	n/a	7.8125
S39-D56	NIRSCWAMPLITUDE	39	56	685	n/a	7.8125
S43-D56	NIRSCWAMPLITUDE	43	56	685	n/a	7.8125
S44-D56	NIRSCWAMPLITUDE	44	56	685	n/a	7.8125
S45-D56	NIRSCWAMPLITUDE	45	56	685	n/a	7.8125
S46-D56	NIRSCWAMPLITUDE	46	56	685	n/a	7.8125
S49-D56	NIRSCWAMPLITUDE	49	56	685	n/a	7.8125
S50-D56	NIRSCWAMPLITUDE	50	56	685	n/a	7.8125
S51-D56	NIRSCWAMPLITUDE	51	56	685	n/a	7.8125
S52-D56	NIRSCWAMPLITUDE	52	56	685	n/a	7.8125
S53-D56	NIRSCWAMPLITUDE	53	56	685	n/a	7.8125
S55-D56	NIRSCWAMPLITUDE	55	56	685	n/a	7.8125
S56-D56	NIRSCWAMPLITUDE	56	56	685	n/a	7.8125
S57-D56	NIRSCWAMPLITUDE	57	56	685	n/a	7.8125
S58-D56	NIRSCWAMPLITUDE	58	56	685	n/a	7.8125
S59-D56	NIRSCWAMPLITUDE	59	56	685	n/a	7.8125
S61-D56	NIRSCWAMPLITUDE	61	56	685	n/a	7.8125
S62-D56	NIRSCWAMPLITUDE	62	56	685	n/a	7.8125
S63-D56	NIRSCWAMPLITUDE	63	56	685	n/a	7.8125
S64-D56	NIRSCWAMPLITUDE	64	56	685	n/a	7.8125
S65-D56	NIRSCWAMPLITUDE	65	56	685	n/a	7.8125
S66-D56	NIRSCWAMPLITUDE	66	56	685	n/a	7.8125
S67-D56	NIRSCWAMPLITUDE	67	56	685	n/a	7.8125
S68-D56	NIRSCWAMPLITUDE	68	56	685	n/a	7.8125
S69-D56	NIRSCWAMPLITUDE	69	56	685	n/a	7.8125
S70-D56	NIRSCWAMPLITUDE	70	56	685	n/a	7.8125
S71-D56	NIRSCWAMPLITUDE	71	56	685	n/a	7.8125
S72-D56	NIRSCWAMPLITUDE	72	56	685	n/a	7.8125
S73-D56	NIRSCWAMPLITUDE	73	56	685	n/a	7.8125
S74-D56	NIRSCWAMPLITUDE	74	56	685	n/a	7.8125
S75-D56	NIRSCWAMPLITUDE	75	56	685	n/a	7.8125
S76-D56	NIRSCWAMPLITUDE	76	56	685	n/a	7.8125
S77-D56	NIRSCWAMPLITUDE	77	56	685	n/a	7.8125
S78-D56	NIRSCWAMPLITUDE	78	56	685	n/a	7.8125
S79-D56	NIRSCWAMPLITUDE	79	56	685	n/a	7.8125
S80-D56	NIRSCWAMPLITUDE	80	56	685	n/a	7.8125
S37-D57	NIRSCWAMPLITUDE	37	57	685	n/a	7.8125
S38-D57	NIRSCWAMPLITUDE	38	57	685	n/a	7.8125
S39-D57	NIRSCWAMPLITUDE	39	57	685	n/a	7.8125
S40-D57	NIRSCWAMPLITUDE	40	57	685	n/a	7.8125
S43-D57	NIRSCWAMPLITUDE	43	57	685	n/a	7.8125
S44-D57	NIRSCWAMPLITUDE	44	57	685	n/a	7.8125
S45-D57	NIRSCWAMPLITUDE	45	57	685	n/a	7.8125
S46-D57	NIRSCWAMPLITUDE	46	57	685	n/a	7.8125
S47-D57	NIRSCWAMPLITUDE	47	57	685	n/a	7.8125
S49-D57	NIRSCWAMPLITUDE	49	57	685	n/a	7.8125
S50-D57	NIRSCWAMPLITUDE	50	57	685	n/a	7.8125
S51-D57	NIRSCWAMPLITUDE	51	57	685	n/a	7.8125
S52-D57	NIRSCWAMPLITUDE	52	57	685	n/a	7.8125
S53-D57	NIRSCWAMPLITUDE	53	57	685	n/a	7.8125
S54-D57	NIRSCWAMPLITUDE	54	57	685	n/a	7.8125
S55-D57	NIRSCWAMPLITUDE	55	57	685	n/a	7.8125
S56-D57	NIRSCWAMPLITUDE	56	57	685	n/a	7.8125
S57-D57	NIRSCWAMPLITUDE	57	57	685	n/a	7.8125
S58-D57	NIRSCWAMPLITUDE	58	57	685	n/a	7.8125
S59-D57	NIRSCWAMPLITUDE	59	57	685	n/a	7.8125
S60-D57	NIRSCWAMPLITUDE	60	57	685	n/a	7.8125
S61-D57	NIRSCWAMPLITUDE	61	57	685	n/a	7.8125
S62-D57	NIRSCWAMPLITUDE	62	57	685	n/a	7.8125
S63-D57	NIRSCWAMPLITUDE	63	57	685	n/a	7.8125
S64-D57	NIRSCWAMPLITUDE	64	57	685	n/a	7.8125
S65-D57	NIRSCWAMPLITUDE	65	57	685	n/a	7.8125
S66-D57	NIRSCWAMPLITUDE	66	57	685	n/a	7.8125
S67-D57	NIRSCWAMPLITUDE	67	57	685	n/a	7.8125
S68-D57	NIRSCWAMPLITUDE	68	57	685	n/a	7.8125
S69-D57	NIRSCWAMPLITUDE	69	57	685	n/a	7.8125
S70-D57	NIRSCWAMPLITUDE	70	57	685	n/a	7.8125
S71-D57	NIRSCWAMPLITUDE	71	57	685	n/a	7.8125
S72-D57	NIRSCWAMPLITUDE	72	57	685	n/a	7.8125
S73-D57	NIRSCWAMPLITUDE	73	57	685	n/a	7.8125
S74-D57	NIRSCWAMPLITUDE	74	57	685	n/a	7.8125
S75-D57	NIRSCWAMPLITUDE	75	57	685	n/a	7.8125
S77-D57	NIRSCWAMPLITUDE	77	57	685	n/a	7.8125
S78-D57	NIRSCWAMPLITUDE	78	57	685	n/a	7.8125
S79-D57	NIRSCWAMPLITUDE	79	57	685	n/a	7.8125
S80-D57	NIRSCWAMPLITUDE	80	57	685	n/a	7.8125
S81-D57	NIRSCWAMPLITUDE	81	57	685	n/a	7.8125
S38-D58	NIRSCWAMPLITUDE	38	58	685	n/a	7.8125
S39-D58	NIRSCWAMPLITUDE	39	58	685	n/a	7.8125
S40-D58	NIRSCWAMPLITUDE	40	58	685	n/a	7.8125
S41-D58	NIRSCWAMPLITUDE	41	58	685	n/a	7.8125
S43-D58	NIRSCWAMPLITUDE	43	58	685	n/a	7.8125
S44-D58	NIRSCWAMPLITUDE	44	58	685	n/a	7.8125
S45-D58	NIRSCWAMPLITUDE	45	58	685	n/a	7.8125
S46-D58	NIRSCWAMPLITUDE	46	58	685	n/a	7.8125
S47-D58	NIRSCWAMPLITUDE	47	58	685	n/a	7.8125
S48-D58	NIRSCWAMPLITUDE	48	58	685	n/a	7.8125
S49-D58	NIRSCWAMPLITUDE	49	58	685	n/a	7.8125
S50-D58	NIRSCWAMPLITUDE	50	58	685	n/a	7.8125
S51-D58	NIRSCWAMPLITUDE	51	58	685	n/a	7.8125
S52-D58	NIRSCWAMPLITUDE	52	58	685	n/a	7.8125
S53-D58	NIRSCWAMPLITUDE	53	58	685	n/a	7.8125
S54-D58	NIRSCWAMPLITUDE	54	58	685	n/a	7.8125
S55-D58	NIRSCWAMPLITUDE	55	58	685	n/a	7.8125
S56-D58	NIRSCWAMPLITUDE	56	58	685	n/a	7.8125
S57-D58	NIRSCWAMPLITUDE	57	58	685	n/a	7.8125
S58-D58	NIRSCWAMPLITUDE	58	58	685	n/a	7.8125
S59-D58	NIRSCWAMPLITUDE	59	58	685	n/a	7.8125
S60-D58	NIRSCWAMPLITUDE	60	58	685	n/a	7.8125
S61-D58	NIRSCWAMPLITUDE	61	58	685	n/a	7.8125
S62-D58	NIRSCWAMPLITUDE	62	58	685	n/a	7.8125
S63-D58	NIRSCWAMPLITUDE	63	58	685	n/a	7.8125
S64-D58	NIRSCWAMPLITUDE	64	58	685	n/a	7.8125
S65-D58	NIRSCWAMPLITUDE	65	58	685	n/a	7.8125
S66-D58	NIRSCWAMPLITUDE	66	58	685	n/a	7.8125
S67-D58	NIRSCWAMPLITUDE	67	58	685	n/a	7.8125
S68-D58	NIRSCWAMPLITUDE	68	58	685	n/a	7.8125
S69-D58	NIRSCWAMPLITUDE	69	58	685	n/a	7.8125
S70-D58	NIRSCWAMPLITUDE	70	58	685	n/a	7.8125
S72-D58	NIRSCWAMPLITUDE	72	58	685	n/a	7.8125
S73-D58	NIRSCWAMPLITUDE	73	58	685	n/a	7.8125
S74-D58	NIRSCWAMPLITUDE	74	58	685	n/a	7.8125
S75-D58	NIRSCWAMPLITUDE	75	58	685	n/a	7.8125
S78-D58	NIRSCWAMPLITUDE	78	58	685	n/a	7.8125
S79-D58	NIRSCWAMPLITUDE	79	58	685	n/a	7.8125
S80-D58	NIRSCWAMPLITUDE	80	58	685	n/a	7.8125
S81-D58	NIRSCWAMPLITUDE	81	58	685	n/a	7.8125
S194-D58	NIRSCWAMPLITUDE	194	58	685	n/a	7.8125
S195-D58	NIRSCWAMPLITUDE	195	58	685	n/a	7.8125
S39-D59	NIRSCWAMPLITUDE	39	59	685	n/a	7.8125
S40-D59	NIRSCWAMPLITUDE	40	59	685	n/a	7.8125
S41-D59	NIRSCWAMPLITUDE	41	59	685	n/a	7.8125
S42-D59	NIRSCWAMPLITUDE	42	59	685	n/a	7.8125
S43-D59	NIRSCWAMPLITUDE	43	59	685	n/a	7.8125
S44-D59	NIRSCWAMPLITUDE	44	59	685	n/a	7.8125
S45-D59	NIRSCWAMPLITUDE	45	59	685	n/a	7.8125
S46-D59	NIRSCWAMPLITUDE	46	59	685	n/a	7.8125
S47-D59	NIRSCWAMPLITUDE	47	59	685	n/a	7.8125
S48-D59	NIRSCWAMPLITUDE	48	59	685	n/a	7.8125
S49-D59	NIRSCWAMPLITUDE	49	59	685	n/a	7.8125
S50-D59	NIRSCWAMPLITUDE	50	59	685	n/a	7.8125
S51-D59	NIRSCWAMPLITUDE	51	59	685	n/a	7.8125
S52-D59	NIRSCWAMPLITUDE	52	59	685	n/a	7.8125
S53-D59	NIRSCWAMPLITUDE	53	59	685	n/a	7.8125
S54-D59	NIRSCWAMPLITUDE	54	59	685	n/a	7.8125
S55-D59	NIRSCWAMPLITUDE	55	59	685	n/a	7.8125
S56-D59	NIRSCWAMPLITUDE	56	59	685	n/a	7.8125
S57-D59	NIRSCWAMPLITUDE	57	59	685	n/a	7.8125
S58-D59	NIRSCWAMPLITUDE	58	59	685	n/a	7.8125
S59-D59	NIRSCWAMPLITUDE	59	59	685	n/a	7.8125
S60-D59	NIRSCWAMPLITUDE	60	59	685	n/a	7.8125
S62-D59	NIRSCWAMPLITUDE	62	59	685	n/a	7.8125
S63-D59	NIRSCWAMPLITUDE	63	59	685	n/a	7.8125
S64-D59	NIRSCWAMPLITUDE	64	59	685	n/a	7.8125
S65-D59	NIRSCWAMPLITUDE	65	59	685	n/a	7.8125
S67-D59	NIRSCWAMPLITUDE	67	59	685	n/a	7.8125
S68-D59	NIRSCWAMPLITUDE	68	59	685	n/a	7.8125
S69-D59	NIRSCWAMPLITUDE	69	59	685	n/a	7.8125
S70-D59	NIRSCWAMPLITUDE	70	59	685	n/a	7.8125
S73-D59	NIRSCWAMPLITUDE	73	59	685	n/a	7.8125
S74-D59	NIRSCWAMPLITUDE	74	59	685	n/a	7.8125
S75-D59	NIRSCWAMPLITUDE	75	59	685	n/a	7.8125
S79-D59	NIRSCWAMPLITUDE	79	59	685	n/a	7.8125
S80-D59	NIRSCWAMPLITUDE	80	59	685	n/a	7.8125
S81-D59	NIRSCWAMPLITUDE	81	59	685	n/a	7.8125
S87-D59	NIRSCWAMPLITUDE	87	59	685	n/a	7.8125
S194-D59	NIRSCWAMPLITUDE	194	59	685	n/a	7.8125
S195-D59	NIRSCWAMPLITUDE	195	59	685	n/a	7.8125
S196-D59	NIRSCWAMPLITUDE	196	59	685	n/a	7.8125
S197-D59	NIRSCWAMPLITUDE	197	59	685	n/a	7.8125
S198-D59	NIRSCWAMPLITUDE	198	59	685	n/a	7.8125
S199-D59	NIRSCWAMPLITUDE	199	59	685	n/a	7.8125
S200-D59	NIRSCWAMPLITUDE	200	59	685	n/a	7.8125
S40-D60	NIRSCWAMPLITUDE	40	60	685	n/a	7.8125
S41-D60	NIRSCWAMPLITUDE	41	60	685	n/a	7.8125
S42-D60	NIRSCWAMPLITUDE	42	60	685	n/a	7.8125
S44-D60	NIRSCWAMPLITUDE	44	60	685	n/a	7.8125
S45-D60	NIRSCWAMPLITUDE	45	60	685	n/a	7.8125
S46-D60	NIRSCWAMPLITUDE	46	60	685	n/a	7.8125
S47-D60	NIRSCWAMPLITUDE	47	60	685	n/a	7.8125
S48-D60	NIRSCWAMPLITUDE	48	60	685	n/a	7.8125
S50-D60	NIRSCWAMPLITUDE	50	60	685	n/a	7.8125
S51-D60	NIRSCWAMPLITUDE	51	60	685	n/a	7.8125
S52-D60	NIRSCWAMPLITUDE	52	60	685	n/a	7.8125
S53-D60	NIRSCWAMPLITUDE	53	60	685	n/a	7.8125
S54-D60	NIRSCWAMPLITUDE	54	60	685	n/a	7.8125
S56-D60	NIRSCWAMPLITUDE	56	60	685	n/a	7.8125
S57-D60	NIRSCWAMPLITUDE	57	60	685	n/a	7.8125
S58-D60	NIRSCWAMPLITUDE	58	60	685	n/a	7.8125
S59-D60	NIRSCWAMPLITUDE	59	60	685	n/a	7.8125
S60-D60	NIRSCWAMPLITUDE	60	60	685	n/a	7.8125
S63-D60	NIRSCWAMPLITUDE	63	60	685	n/a	7.8125
S64-D60	NIRSCWAMPLITUDE	64	60	685	n/a	7.8125
S65-D60	NIRSCWAMPLITUDE	65	60	685	n/a	7.8125
S68-D60	NIRSCWAMPLITUDE	68	60	685	n/a	7.8125
S69-D60	NIRSCWAMPLITUDE	69	60	685	n/a	7.8125
S70-D60	NIRSCWAMPLITUDE	70	60	685	n/a	7.8125
S74-D60	NIRSCWAMPLITUDE	74	60	685	n/a	7.8125
S75-D60	NIRSCWAMPLITUDE	75	60	685	n/a	7.8125
S79-D60	NIRSCWAMPLITUDE	79	60	685	n/a	7.8125
S80-D60	NIRSCWAMPLITUDE	80	60	685	n/a	7.8125
S81-D60	NIRSCWAMPLITUDE	81	60	685	n/a	7.8125
S87-D60	NIRSCWAMPLITUDE	87	60	685	n/a	7.8125
S193-D60	NIRSCWAMPLITUDE	193	60	685	n/a	7.8125
S194-D60	NIRSCWAMPLITUDE	194	60	685	n/a	7.8125
S195-D60	NIRSCWAMPLITUDE	195	60	685	n/a	7.8125
S196-D60	NIRSCWAMPLITUDE	196	60	685	n/a	7.8125
S197-D60	NIRSCWAMPLITUDE	197	60	685	n/a	7.8125
S198-D60	NIRSCWAMPLITUDE	198	60	685	n/a	7.8125
S199-D60	NIRSCWAMPLITUDE	199	60	685	n/a	7.8125
S200-D60	NIRSCWAMPLITUDE	200	60	685	n/a	7.8125
S201-D60	NIRSCWAMPLITUDE	201	60	685	n/a	7.8125
S202-D60	NIRSCWAMPLITUDE	202	60	685	n/a	7.8125
S208-D60	NIRSCWAMPLITUDE	208	60	685	n/a	7.8125
S209-D60	NIRSCWAMPLITUDE	209	60	685	n/a	7.8125
S210-D60	NIRSCWAMPLITUDE	210	60	685	n/a	7.8125
S43-D61	NIRSCWAMPLITUDE	43	61	685	n/a	7.8125
S49-D61	NIRSCWAMPLITUDE	49	61	685	n/a	7.8125
S50-D61	NIRSCWAMPLITUDE	50	61	685	n/a	7.8125
S55-D61	NIRSCWAMPLITUDE	55	61	685	n/a	7.8125
S56-D61	NIRSCWAMPLITUDE	56	61	685	n/a	7.8125
S57-D61	NIRSCWAMPLITUDE	57	61	685	n/a	7.8125
S61-D61	NIRSCWAMPLITUDE	61	61	685	n/a	7.8125
S62-D61	NIRSCWAMPLITUDE	62	61	685	n/a	7.8125
S63-D61	NIRSCWAMPLITUDE	63	61	685	n/a	7.8125
S64-D61	NIRSCWAMPLITUDE	64	61	685	n/a	7.8125
S66-D61	NIRSCWAMPLITUDE	66	61	685	n/a	7.8125
S67-D61	NIRSCWAMPLITUDE	67	61	685	n/a	7.8125
S68-D61	NIRSCWAMPLITUDE	68	61	685	n/a	7.8125
S69-D61	NIRSCWAMPLITUDE	69	61	685	n/a	7.8125
S71-D61	NIRSCWAMPLITUDE	71	61	685	n/a	7.8125
S72-D61	NIRSCWAMPLITUDE	72	61	685	n/a	7.8125
S73-D61	NIRSCWAMPLITUDE	73	61	685	n/a	7.8125
S74-D61	NIRSCWAMPLITUDE	74	61	685	n/a	7.8125
S76-D61	NIRSCWAMPLITUDE	76	61	685	n/a	7.8125
S77-D61	NIRSCWAMPLITUDE	77	61	685	n/a	7.8125
S78-D61	NIRSCWAMPLITUDE	78	61	685	n/a	7.8125
S79-D61	NIRSCWAMPLITUDE	79	61	685	n/a	7.8125
S82-D61	NIRSCWAMPLITUDE	82	61	685	n/a	7.8125
S83-D61	NIRSCWAMPLITUDE	83	61	685	n/a	7.8125
S84-D61	NIRSCWAMPLITUDE	84	61	685	n/a	7.8125
S43-D62	NIRSCWAMPLITUDE	43	62	685	n/a	7.8125
S44-D62	NIRSCWAMPLITUDE	44	62	685	n/a	7.8125
S49-D62	NIRSCWAMPLITUDE	49	62	685	n/a	7.8125
S50-D62	NIRSCWAMPLITUDE	50	62	685	n/a	7.8125
S51-D62	NIRSCWAMPLITUDE	51	62	685	n/a	7.8125
S55-D62	NIRSCWAMPLITUDE	55	62	685	n/a	7.8125
S56-D62	NIRSCWAMPLITUDE	56	62	685	n/a	7.8125
S57-D62	NIRSCWAMPLITUDE	57	62	685	n/a	7.8125
S58-D62	NIRSCWAMPLITUDE	58	62	685	n/a	7.8125
S61-D62	NIRSCWAMPLITUDE	61	62	685	n/a	7.8125
S62-D62	NIRSCWAMPLITUDE	62	62	685	n/a	7.8125
S63-D62	NIRSCWAMPLITUDE	63	62	685	n/a	7.8125
S64-D62	NIRSCWAMPLITUDE	64	62	685	n/a	7.8125
S65-D62	NIRSCWAMPLITUDE	65	62	685	n/a	7.8125
S66-D62	NIRSCWAMPLITUDE	66	62	685	n/a	7.8125
S67-D62	NIRSCWAMPLITUDE	67	62	685	n/a	7.8125
S68-D62	NIRSCWAMPLITUDE	68	62	685	n/a	7.8125
S69-D62	NIRSCWAMPLITUDE	69	62	685	n/a	7.8125
S70-D62	NIRSCWAMPLITUDE	70	62	685	n/a	7.8125
S71-D62	NIRSCWAMPLITUDE	71	62	685	n/a	7.8125
S72-D62	NIRSCWAMPLITUDE	72	62	685	n/a	7.8125
S73-D62	NIRSCWAMPLITUDE	73	62	685	n/a	7.8125
S74-D62	NIRSCWAMPLITUDE	74	62	685	n/a	7.8125
S75-D62	NIRSCWAMPLITUDE	75	62	685	n/a	7.8125
S76-D62	NIRSCWAMPLITUDE	76	62	685	n/a	7.8125
S77-D62	NIRSCWAMPLITUDE	77	62	685	n/a	7.8125
S78-D62	NIRSCWAMPLITUDE	78	62	685	n/a	7.8125
S79-D62	NIRSCWAMPLITUDE	79	62	685	n/a	7.8125
S80-D62	NIRSCWAMPLITUDE	80	62	685	n/a	7.8125
S82-D62	NIRSCWAMPLITUDE	82	62	685	n/a	7.8125
S83-D62	NIRSCWAMPLITUDE	83	62	685	n/a	7.8125
S84-D62	NIRSCWAMPLITUDE	84	62	685	n/a	7.8125
S85-D62	NIRSCWAMPLITUDE	85	62	685	n/a	7.8125
S43-D63	NIRSCWAMPLITUDE	43	63	685	n/a	7.8125
S44-D63	NIRSCWAMPLITUDE	44	63	685	n/a	7.8125
S45-D63	NIRSCWAMPLITUDE	45	63	685	n/a	7.8125
S49-D63	NIRSCWAMPLITUDE	49	63	685	n/a	7.8125
S50-D63	NIRSCWAMPLITUDE	50	63	685	n/a	7.8125
S51-D63	NIRSCWAMPLITUDE	51	63	685	n/a	7.8125
S52-D63	NIRSCWAMPLITUDE	52	63	685	n/a	7.8125
S55-D63	NIRSCWAMPLITUDE	55	63	685	n/a	7.8125
S56-D63	NIRSCWAMPLITUDE	56	63	685	n/a	7.8125
S57-D63	NIRSCWAMPLITUDE	57	63	685	n/a	7.8125
S58-D63	NIRSCWAMPLITUDE	58	63	685	n/a	7.8125
S59-D63	NIRSCWAMPLITUDE	59	63	685	n/a	7.8125
S61-D63	NIRSCWAMPLITUDE	61	63	685	n/a	7.8125
S62-D63	NIRSCWAMPLITUDE	62	63	685	n/a	7.8125
S63-D63	NIRSCWAMPLITUDE	63	63	685	n/a	7.8125
S64-D63	NIRSCWAMPLITUDE	64	63	685	n/a	7.8125
S65-D63	NIRSCWAMPLITUDE	65	63	685	n/a	7.8125
S66-D63	NIRSCWAMPLITUDE	66	63	685	n/a	7.8125
S67-D63	NIRSCWAMPLITUDE	67	63	685	n/a	7.8125
S68-D63	NIRSCWAMPLITUDE	68	63	685	n/a	7.8125
S69-D63	NIRSCWAMPLITUDE	69	63	685	n/a	7.8125
S70-D63	NIRSCWAMPLITUDE	70	63	685	n/a	7.8125
S71-D63	NIRSCWAMPLITUDE	71	63	685	n/a	7.8125
S72-D63	NIRSCWAMPLITUDE	72	63	685	n/a	7.8125
S73-D63	NIRSCWAMPLITUDE	73	63	685	n/a	7.8125
S74-D63	NIRSCWAMPLITUDE	74	63	685	n/a	7.8125
S75-D63	NIRSCWAMPLITUDE	75	63	685	n/a	7.8125
S76-D63	NIRSCWAMPLITUDE	76	63	685	n/a	7.8125
S77-D63	NIRSCWAMPLITUDE	77	63	685	n/a	7.8125
S78-D63	NIRSCWAMPLITUDE	78	63	685	n/a	7.8125
S79-D63	NIRSCWAMPLITUDE	79	63	685	n/a	7.8125
S80-D63	NIRSCWAMPLITUDE	80	63	685	n/a	7.8125
S81-D63	NIRSCWAMPLITUDE	81	63	685	n/a	7.8125
S82-D63	NIRSCWAMPLITUDE	82	63	685	n/a	7.8125
S83-D63	NIRSCWAMPLITUDE	83	63	685	n/a	7.8125
S84-D63	NIRSCWAMPLITUDE	84	63	685	n/a	7.8125
S85-D63	NIRSCWAMPLITUDE	85	63	685	n/a	7.8125
S86-D63	NIRSCWAMPLITUDE	86	63	685	n/a	7.8125
S43-D64	NIRSCWAMPLITUDE	43	64	685	n/a	7.8125
S44-D64	NIRSCWAMPLITUDE	44	64	685	n/a	7.8125
S45-D64	NIRSCWAMPLITUDE	45	64	685	n/a	7.8125
S46-D64	NIRSCWAMPLITUDE	46	64	685	n/a	7.8125
S49-D64	NIRSCWAMPLITUDE	49	64	685	n/a	7.8125
S50-D64	NIRSCWAMPLITUDE	50	64	685	n/a	7.8125
S51-D64	NIRSCWAMPLITUDE	51	64	685	n/a	7.8125
S52-D64	NIRSCWAMPLITUDE	52	64	685	n/a	7.8125
S53-D64	NIRSCWAMPLITUDE	53	64	685	n/a	7.8125
S55-D64	NIRSCWAMPLITUDE	55	64	685	n/a	7.8125
S56-D64	NIRSCWAMPLITUDE	56	64	685	n/a	7.8125
S57-D64	NIRSCWAMPLITUDE	57	64	685	n/a	7.8125
S58-D64	NIRSCWAMPLITUDE	58	64	685	n/a	7.8125
S59-D64	NIRSCWAMPLITUDE	59	64	685	n/a	7.8125
S60-D64	NIRSCWAMPLITUDE	60	64	685	n/a	7.8125
S61-D64	NIRSCWAMPLITUDE	61	64	685	n/a	7.8125
S62-D64	NIRSCWAMPLITUDE	62	64	685	n/a	7.8125
S63-D64	NIRSCWAMPLITUDE	63	64	685	n/a	7.8125
S64-D64	NIRSCWAMPLITUDE	64	64	685	n/a	7.8125
S65-D64	NIRSCWAMPLITUDE	65	64	685	n/a	7.8125
S66-D64	NIRSCWAMPLITUDE	66	64	685	n/a	7.8125
S67-D64	NIRSCWAMPLITUDE	67	64	685	n/a	7.8125
S68-D64	NIRSCWAMPLITUDE	68	64	685	n/a	7.8125
S69-D64	NIRSCWAMPLITUDE	69	64	685	n/a	7.8125
S70-D64	NIRSCWAMPLITUDE	70	64	685	n/a	7.8125
S71-D64	NIRSCWAMPLITUDE	71	64	685	n/a	7.8125
S72-D64	NIRSCWAMPLITUDE	72	64	685	n/a	7.8125
S73-D64	NIRSCWAMPLITUDE	73	64	685	n/a	7.8125
S74-D64	NIRSCWAMPLITUDE	74	64	685	n/a	7.8125
S75-D64	NIRSCWAMPLITUDE	75	64	685	n/a	7.8125
S76-D64	NIRSCWAMPLITUDE	76	64	685	n/a	7.8125
S77-D64	NIRSCWAMPLITUDE	77	64	685	n/a	7.8125
S78-D64	NIRSCWAMPLITUDE	78	64	685	n/a	7.8125
S79-D64	NIRSCWAMPLITUDE	79	64	685	n/a	7.8125
S80-D64	NIRSCWAMPLITUDE	80	64	685	n/a	7.8125
S81-D64	NIRSCWAMPLITUDE	81	64	685	n/a	7.8125
S83-D64	NIRSCWAMPLITUDE	83	64	685	n/a	7.8125
S84-D64	NIRSCWAMPLITUDE	84	64	685	n/a	7.8125
S85-D64	NIRSCWAMPLITUDE	85	64	685	n/a	7.8125
S86-D64	NIRSCWAMPLITUDE	86	64	685	n/a	7.8125
S87-D64	NIRSCWAMPLITUDE	87	64	685	n/a	7.8125
S44-D65	NIRSCWAMPLITUDE	44	65	685	n/a	7.8125
S45-D65	NIRSCWAMPLITUDE	45	65	685	n/a	7.8125
S46-D65	NIRSCWAMPLITUDE	46	65	685	n/a	7.8125
S47-D65	NIRSCWAMPLITUDE	47	65	685	n/a	7.8125
S49-D65	NIRSCWAMPLITUDE	49	65	685	n/a	7.8125
S50-D65	NIRSCWAMPLITUDE	50	65	685	n/a	7.8125
S51-D65	NIRSCWAMPLITUDE	51	65	685	n/a	7.8125
S52-D65	NIRSCWAMPLITUDE	52	65	685	n/a	7.8125
S53-D65	NIRSCWAMPLITUDE	53	65	685	n/a	7.8125
S54-D65	NIRSCWAMPLITUDE	54	65	685	n/a	7.8125
S55-D65	NIRSCWAMPLITUDE	55	65	685	n/a	7.8125
S56-D65	NIRSCWAMPLITUDE	56	65	685	n/a	7.8125
S57-D65	NIRSCWAMPLITUDE	57	65	685	n/a	7.8125
S58-D65	NIRSCWAMPLITUDE	58	65	685	n/a	7.8125
S59-D65	NIRSCWAMPLITUDE	59	65	685	n/a	7.8125
S60-D65	NIRSCWAMPLITUDE	60	65	685	n/a	7.8125
S61-D65	NIRSCWAMPLITUDE	61	65	685	n/a	7.8125
S62-D65	NIRSCWAMPLITUDE	62	65	685	n/a	7.8125
S63-D65	NIRSCWAMPLITUDE	63	65	685	n/a	7.8125
S64-D65	NIRSCWAMPLITUDE	64	65	685	n/a	7.8125
S65-D65	NIRSCWAMPLITUDE	65	65	685	n/a	7.8125
S66-D65	NIRSCWAMPLITUDE	66	65	685	n/a	7.8125
S67-D65	NIRSCWAMPLITUDE	67	65	685	n/a	7.8125
S68-D65	NIRSCWAMPLITUDE	68	65	685	n/a	7.8125
S69-D65	NIRSCWAMPLITUDE	69	65	685	n/a	7.8125
S70-D65	NIRSCWAMPLITUDE	70	65	685	n/a	7.8125
S71-D65	NIRSCWAMPLITUDE	71	65	685	n/a	7.8125
S72-D65	NIRSCWAMPLITUDE	72	65	685	n/a	7.8125
S73-D65	NIRSCWAMPLITUDE	73	65	685	n/a	7.8125
S74-D65	NIRSCWAMPLITUDE	74	65	685	n/a	7.8125
S75-D65	NIRSCWAMPLITUDE	75	65	685	n/a	7.8125
S77-D65	NIRSCWAMPLITUDE	77	65	685	n/a	7.8125
S78-D65	NIRSCWAMPLITUDE	78	65	685	n/a	7.8125
S79-D65	NIRSCWAMPLITUDE	79	65	685	n/a	7.8125
S80-D65	NIRSCWAMPLITUDE	80	65	685	n/a	7.8125
S81-D65	NIRSCWAMPLITUDE	81	65	685	n/a	7.8125
S84-D65	NIRSCWAMPLITUDE	84	65	685	n/a	7.8125
S85-D65	NIRSCWAMPLITUDE	85	65	685	n/a	7.8125
S86-D65	NIRSCWAMPLITUDE	86	65	685	n/a	7.8125
S87-D65	NIRSCWAMPLITUDE	87	65	685	n/a	7.8125
S194-D65	NIRSCWAMPLITUDE	194	65	685	n/a	7.8125
S195-D65	NIRSCWAMPLITUDE	195	65	685	n/a	7.8125
S198-D65	NIRSCWAMPLITUDE	198	65	685	n/a	7.8125
S49-D66	NIRSCWAMPLITUDE	49	66	685	n/a	7.8125
S55-D66	NIRSCWAMPLITUDE	55	66	685	n/a	7.8125
S56-D66	NIRSCWAMPLITUDE	56	66	685	n/a	7.8125
S61-D66	NIRSCWAMPLITUDE	61	66	685	n/a	7.8125
S62-D66	NIRSCWAMPLITUDE	62	66	685	n/a	7.8125
S63-D66	NIRSCWAMPLITUDE	63	66	685	n/a	7.8125
S64-D66	NIRSCWAMPLITUDE	64	66	685	n/a	7.8125
S66-D66	NIRSCWAMPLITUDE	66	66	685	n/a	7.8125
S67-D66	NIRSCWAMPLITUDE	67	66	685	n/a	7.8125
S68-D66	NIRSCWAMPLITUDE	68	66	685	n/a	7.8125
S69-D66	NIRSCWAMPLITUDE	69	66	685	n/a	7.8125
S71-D66	NIRSCWAMPLITUDE	71	66	685	n/a	7.8125
S72-D66	NIRSCWAMPLITUDE	72	66	685	n/a	7.8125
S73-D66	NIRSCWAMPLITUDE	73	66	685	n/a	7.8125
S74-D66	NIRSCWAMPLITUDE	74	66	685	n/a	7.8125
S76-D66	NIRSCWAMPLITUDE	76	66	685	n/a	7.8125
S77-D66	NIRSCWAMPLITUDE	77	66	685	n/a	7.8125
S78-D66	NIRSCWAMPLITUDE	78	66	685	n/a	7.8125
S79-D66	NIRSCWAMPLITUDE	79	66	685	n/a	7.8125
S82-D66	NIRSCWAMPLITUDE	82	66	685	n/a	7.8125
S83-D66	NIRSCWAMPLITUDE	83	66	685	n/a	7.8125
S84-D66	NIRSCWAMPLITUDE	84	66	685	n/a	7.8125
S85-D66	NIRSCWAMPLITUDE	85	66	685	n/a	7.8125
S88-D66	NIRSCWAMPLITUDE	88	66	685	n/a	7.8125
S89-D66	NIRSCWAMPLITUDE	89	66	685	n/a	7.8125
S49-D67	NIRSCWAMPLITUDE	49	67	685	n/a	7.8125
S50-D67	NIRSCWAMPLITUDE	50	67	685	n/a	7.8125
S55-D67	NIRSCWAMPLITUDE	55	67	685	n/a	7.8125
S56-D67	NIRSCWAMPLITUDE	56	67	685	n/a	7.8125
S57-D67	NIRSCWAMPLITUDE	57	67	685	n/a	7.8125
S61-D67	NIRSCWAMPLITUDE	61	67	685	n/a	7.8125
S62-D67	NIRSCWAMPLITUDE	62	67	685	n/a	7.8125
S63-D67	NIRSCWAMPLITUDE	63	67	685	n/a	7.8125
S64-D67	NIRSCWAMPLITUDE	64	67	685	n/a	7.8125
S65-D67	NIRSCWAMPLITUDE	65	67	685	n/a	7.8125
S66-D67	NIRSCWAMPLITUDE	66	67	685	n/a	7.8125
S67-D67	NIRSCWAMPLITUDE	67	67	685	n/a	7.8125
S68-D67	NIRSCWAMPLITUDE	68	67	685	n/a	7.8125
S69-D67	NIRSCWAMPLITUDE	69	67	685	n/a	7.8125
S70-D67	NIRSCWAMPLITUDE	70	67	685	n/a	7.8125
S71-D67	NIRSCWAMPLITUDE	71	67	685	n/a	7.8125
S72-D67	NIRSCWAMPLITUDE	72	67	685	n/a	7.8125
S73-D67	NIRSCWAMPLITUDE	73	67	685	n/a	7.8125
S74-D67	NIRSCWAMPLITUDE	74	67	685	n/a	7.8125
S75-D67	NIRSCWAMPLITUDE	75	67	685	n/a	7.8125
S76-D67	NIRSCWAMPLITUDE	76	67	685	n/a	7.8125
S77-D67	NIRSCWAMPLITUDE	77	67	685	n/a	7.8125
S78-D67	NIRSCWAMPLITUDE	78	67	685	n/a	7.8125
S79-D67	NIRSCWAMPLITUDE	79	67	685	n/a	7.8125
S80-D67	NIRSCWAMPLITUDE	80	67	685	n/a	7.8125
S82-D67	NIRSCWAMPLITUDE	82	67	685	n/a	7.8125
S83-D67	NIRSCWAMPLITUDE	83	67	685	n/a	7.8125
S84-D67	NIRSCWAMPLITUDE	84	67	685	n/a	7.8125
S85-D67	NIRSCWAMPLITUDE	85	67	685	n/a	7.8125
S86-D67	NIRSCWAMPLITUDE	86	67	685	n/a	7.8125
S88-D67	NIRSCWAMPLITUDE	88	67	685	n/a	7.8125
S89-D67	NIRSCWAMPLITUDE	89	67	685	n/a	7.8125
S90-D67	NIRSCWAMPLITUDE	90	67	685	n/a	7.8125
S91-D67	NIRSCWAMPLITUDE	91	67	685	n/a	7.8125
S49-D68	NIRSCWAMPLITUDE	49	68	685	n/a	7.8125
S50-D68	NIRSCWAMPLITUDE	50	68	685	n/a	7.8125
S51-D68	NIRSCWAMPLITUDE	51	68	685	n/a	7.8125
S55-D68	NIRSCWAMPLITUDE	55	68	685	n/a	7.8125
S56-D68	NIRSCWAMPLITUDE	56	68	685	n/a	7.8125
S57-D68	NIRSCWAMPLITUDE	57	68	685	n/a	7.8125
S58-D68	NIRSCWAMPLITUDE	58	68	685	n/a	7.8125
S61-D68	NIRSCWAMPLITUDE	61	68	685	n/a	7.8125
S62-D68	NIRSCWAMPLITUDE	62	68	685	n/a	7.8125
S63-D68	NIRSCWAMPLITUDE	63	68	685	n/a	7.8125
S64-D68	NIRSCWAMPLITUDE	64	68	685	n/a	7.8125
S65-D68	NIRSCWAMPLITUDE	65	68	685	n/a	7.8125
S66-D68	NIRSCWAMPLITUDE	66	68	685	n/a	7.8125
S67-D68	NIRSCWAMPLITUDE	67	68	685	n/a	7.8125
S68-D68	NIRSCWAMPLITUDE	68	68	685	n/a	7.8125
S69-D68	NIRSCWAMPLITUDE	69	68	685	n/a	7.8125
S70-D68	NIRSCWAMPLITUDE	70	68	685	n/a	7.8125
S71-D68	NIRSCWAMPLITUDE	71	68	685	n/a	7.8125
S72-D68	NIRSCWAMPLITUDE	72	68	685	n/a	7.8125
S73-D68	NIRSCWAMPLITUDE	73	68	685	n/a	7.8125
S74-D68	NIRSCWAMPLITUDE	74	68	685	n/a	7.8125
S75-D68	NIRSCWAMPLITUDE	75	68	685	n/a	7.8125
S76-D68	NIRSCWAMPLITUDE	76	68	685	n/a	7.8125
S77-D68	NIRSCWAMPLITUDE	77	68	685	n/a	7.8125
S78-D68	NIRSCWAMPLITUDE	78	68	685	n/a	7.8125
S79-D68	NIRSCWAMPLITUDE	79	68	685	n/a	7.8125
S80-D68	NIRSCWAMPLITUDE	80	68	685	n/a	7.8125
S81-D68	NIRSCWAMPLITUDE	81	68	685	n/a	7.8125
S82-D68	NIRSCWAMPLITUDE	82	68	685	n/a	7.8125
S83-D68	NIRSCWAMPLITUDE	83	68	685	n/a	7.8125
S84-D68	NIRSCWAMPLITUDE	84	68	685	n/a	7.8125
S85-D68	NIRSCWAMPLITUDE	85	68	685	n/a	7.8125
S86-D68	NIRSCWAMPLITUDE	86	68	685	n/a	7.8125
S87-D68	NIRSCWAMPLITUDE	87	68	685	n/a	7.8125
S88-D68	NIRSCWAMPLITUDE	88	68	685	n/a	7.8125
S89-D68	NIRSCWAMPLITUDE	89	68	685	n/a	7.8125
S90-D68	NIRSCWAMPLITUDE	90	68	685	n/a	7.8125
S91-D68	NIRSCWAMPLITUDE	91	68	685	n/a	7.8125
S92-D68	NIRSCWAMPLITUDE	92	68	685	n/a	7.8125
S49-D69	NIRSCWAMPLITUDE	49	69	685	n/a	7.8125
S50-D69	NIRSCWAMPLITUDE	50	69	685	n/a	7.8125
S51-D69	NIRSCWAMPLITUDE	51	69	685	n/a	7.8125
S52-D69	NIRSCWAMPLITUDE	52	69	685	n/a	7.8125
S55-D69	NIRSCWAMPLITUDE	55	69	685	n/a	7.8125
S56-D69	NIRSCWAMPLITUDE	56	69	685	n/a	7.8125
S57-D69	NIRSCWAMPLITUDE	57	69	685	n/a	7.8125
S58-D69	NIRSCWAMPLITUDE	58	69	685	n/a	7.8125
S59-D69	NIRSCWAMPLITUDE	59	69	685	n/a	7.8125
S61-D69	NIRSCWAMPLITUDE	61	69	685	n/a	7.8125
S62-D69	NIRSCWAMPLITUDE	62	69	685	n/a	7.8125
S63-D69	NIRSCWAMPLITUDE	63	69	685	n/a	7.8125
S64-D69	NIRSCWAMPLITUDE	64	69	685	n/a	7.8125
S65-D69	NIRSCWAMPLITUDE	65	69	685	n/a	7.8125
S66-D69	NIRSCWAMPLITUDE	66	69	685	n/a	7.8125
S67-D69	NIRSCWAMPLITUDE	67	69	685	n/a	7.8125
S68-D69	NIRSCWAMPLITUDE	68	69	685	n/a	7.8125
S69-D69	NIRSCWAMPLITUDE	69	69	685	n/a	7.8125
S70-D69	NIRSCWAMPLITUDE	70	69	685	n/a	7.8125
S71-D69	NIRSCWAMPLITUDE	71	69	685	n/a	7.8125
S72-D69	NIRSCWAMPLITUDE	72	69	685	n/a	7.8125
S73-D69	NIRSCWAMPLITUDE	73	69	685	n/a	7.8125
S74-D69	NIRSCWAMPLITUDE	74	69	685	n/a	7.8125
S75-D69	NIRSCWAMPLITUDE	75	69	685	n/a	7.8125
S76-D69	NIRSCWAMPLITUDE	76	69	685	n/a	7.8125
S77-D69	NIRSCWAMPLITUDE	77	69	685	n/a	7.8125
S78-D69	NIRSCWAMPLITUDE	78	69	685	n/a	7.8125
S79-D69	NIRSCWAMPLITUDE	79	69	685	n/a	7.8125
S80-D69	NIRSCWAMPLITUDE	80	69	685	n/a	7.8125
S81-D69	NIRSCWAMPLITUDE	81	69	685	n/a	7.8125
S82-D69	NIRSCWAMPLITUDE	82	69	685	n/a	7.8125
S83-D69	NIRSCWAMPLITUDE	83	69	685	n/a	7.8125
S84-D69	NIRSCWAMPLITUDE	84	69	685	n/a	7.8125
S85-D69	NIRSCWAMPLITUDE	85	69	685	n/a	7.8125
S86-D69	NIRSCWAMPLITUDE	86	69	685	n/a	7.8125
S87-D69	NIRSCWAMPLITUDE	87	69	685	n/a	7.8125
S89-D69	NIRSCWAMPLITUDE	89	69	685	n/a	7.8125
S90-D69	NIRSCWAMPLITUDE	90	69	685	n/a	7.8125
S91-D69	NIRSCWAMPLITUDE	91	69	685	n/a	7.8125
S92-D69	NIRSCWAMPLITUDE	92	69	685	n/a	7.8125
S93-D69	NIRSCWAMPLITUDE	93	69	685	n/a	7.8125
S49-D70	NIRSCWAMPLITUDE	49	70	685	n/a	7.8125
S50-D70	NIRSCWAMPLITUDE	50	70	685	n/a	7.8125
S51-D70	NIRSCWAMPLITUDE	51	70	685	n/a	7.8125
S52-D70	NIRSCWAMPLITUDE	52	70	685	n/a	7.8125
S53-D70	NIRSCWAMPLITUDE	53	70	685	n/a	7.8125
S54-D70	NIRSCWAMPLITUDE	54	70	685	n/a	7.8125
S55-D70	NIRSCWAMPLITUDE	55	70	685	n/a	7.8125
S56-D70	NIRSCWAMPLITUDE	56	70	685	n/a	7.8125
S57-D70	NIRSCWAMPLITUDE	57	70	685	n/a	7.8125
S58-D70	NIRSCWAMPLITUDE	58	70	685	n/a	7.8125
S59-D70	NIRSCWAMPLITUDE	59	70	685	n/a	7.8125
S60-D70	NIRSCWAMPLITUDE	60	70	685	n/a	7.8125
S61-D70	NIRSCWAMPLITUDE	61	70	685	n/a	7.8125
S62-D70	NIRSCWAMPLITUDE	62	70	685	n/a	7.8125
S63-D70	NIRSCWAMPLITUDE	63	70	685	n/a	7.8125
S64-D70	NIRSCWAMPLITUDE	64	70	685	n/a	7.8125
S65-D70	NIRSCWAMPLITUDE	65	70	685	n/a	7.8125
S66-D70	NIRSCWAMPLITUDE	66	70	685	n/a	7.8125
S67-D70	NIRSCWAMPLITUDE	67	70	685	n/a	7.8125
S68-D70	NIRSCWAMPLITUDE	68	70	685	n/a	7.8125
S69-D70	NIRSCWAMPLITUDE	69	70	685	n/a	7.8125
S70-D70	NIRSCWAMPLITUDE	70	70	685	n/a	7.8125
S71-D70	NIRSCWAMPLITUDE	71	70	685	n/a	7.8125
S72-D70	NIRSCWAMPLITUDE	72	70	685	n/a	7.8125
S73-D70	NIRSCWAMPLITUDE	73	70	685	n/a	7.8125
S74-D70	NIRSCWAMPLITUDE	74	70	685	n/a	7.8125
S75-D70	NIRSCWAMPLITUDE	75	70	685	n/a	7.8125
S76-D70	NIRSCWAMPLITUDE	76	70	685	n/a	7.8125
S77-D70	NIRSCWAMPLITUDE	77	70	685	n/a	7.8125
S78-D70	NIRSCWAMPLITUDE	78	70	685	n/a	7.8125
S79-D70	NIRSCWAMPLITUDE	79	70	685	n/a	7.8125
S80-D70	NIRSCWAMPLITUDE	80	70	685	n/a	7.8125
S81-D70	NIRSCWAMPLITUDE	81	70	685	n/a	7.8125
S83-D70	NIRSCWAMPLITUDE	83	70	685	n/a	7.8125
S84-D70	NIRSCWAMPLITUDE	84	70	685	n/a	7.8125
S85-D70	NIRSCWAMPLITUDE	85	70	685	n/a	7.8125
S86-D70	NIRSCWAMPLITUDE	86	70	685	n/a	7.8125
S87-D70	NIRSCWAMPLITUDE	87	70	685	n/a	7.8125
S90-D70	NIRSCWAMPLITUDE	90	70	685	n/a	7.8125
S91-D70	NIRSCWAMPLITUDE	91	70	685	n/a	7.8125
S92-D70	NIRSCWAMPLITUDE	92	70	685	n/a	7.8125
S93-D70	NIRSCWAMPLITUDE	93	70	685	n/a	7.8125
S99-D70	NIRSCWAMPLITUDE	99	70	685	n/a	7.8125
S193-D70	NIRSCWAMPLITUDE	193	70	685	n/a	7.8125
S194-D70	NIRSCWAMPLITUDE	194	70	685	n/a	7.8125
S198-D70	NIRSCWAMPLITUDE	198	70	685	n/a	7.8125
S55-D71	NIRSCWAMPLITUDE	55	71	685	n/a	7.8125
S61-D71	NIRSCWAMPLITUDE	61	71	685	n/a	7.8125
S62-D71	NIRSCWAMPLITUDE	62	71	685	n/a	7.8125
S63-D71	NIRSCWAMPLITUDE	63	71	685	n/a	7.8125
S66-D71	NIRSCWAMPLITUDE	66	71	685	n/a	7.8125
S67-D71	NIRSCWAMPLITUDE	67	71	685	n/a	7.8125
S68-D71	NIRSCWAMPLITUDE	68	71	685	n/a	7.8125
S69-D71	NIRSCWAMPLITUDE	69	71	685	n/a	7.8125
S71-D71	NIRSCWAMPLITUDE	71	71	685	n/a	7.8125
S72-D71	NIRSCWAMPLITUDE	72	71	685	n/a	7.8125
S73-D71	NIRSCWAMPLITUDE	73	71	685	n/a	7.8125
S74-D71	NIRSCWAMPLITUDE	74	71	685	n/a	7.8125
S76-D71	NIRSCWAMPLITUDE	76	71	685	n/a	7.8125
S77-D71	NIRSCWAMPLITUDE	77	71	685	n/a	7.8125
S78-D71	NIRSCWAMPLITUDE	78	71	685	n/a	7.8125
S79-D71	NIRSCWAMPLITUDE	79	71	685	n/a	7.8125
S82-D71	NIRSCWAMPLITUDE	82	71	685	n/a	7.8125
S83-D71	NIRSCWAMPLITUDE	83	71	685	n/a	7.8125
S84-D71	NIRSCWAMPLITUDE	84	71	685	n/a	7.8125
S85-D71	NIRSCWAMPLITUDE	85	71	685	n/a	7.8125
S88-D71	NIRSCWAMPLITUDE	88	71	685	n/a	7.8125
S89-D71	NIRSCWAMPLITUDE	89	71	685	n/a	7.8125
S90-D71	NIRSCWAMPLITUDE	90	71	685	n/a	7.8125
S91-D71	NIRSCWAMPLITUDE	91	71	685	n/a	7.8125
S94-D71	NIRSCWAMPLITUDE	94	71	685	n/a	7.8125
S95-D71	NIRSCWAMPLITUDE	95	71	685	n/a	7.8125
S55-D72	NIRSCWAMPLITUDE	55	72	685	n/a	7.8125
S56-D72	NIRSCWAMPLITUDE	56	72	685	n/a	7.8125
S61-D72	NIRSCWAMPLITUDE	61	72	685	n/a	7.8125
S62-D72	NIRSCWAMPLITUDE	62	72	685	n/a	7.8125
S63-D72	NIRSCWAMPLITUDE	63	72	685	n/a	7.8125
S64-D72	NIRSCWAMPLITUDE	64	72	685	n/a	7.8125
S66-D72	NIRSCWAMPLITUDE	66	72	685	n/a	7.8125
S67-D72	NIRSCWAMPLITUDE	67	72	685	n/a	7.8125
S68-D72	NIRSCWAMPLITUDE	68	72	685	n/a	7.8125
S69-D72	NIRSCWAMPLITUDE	69	72	685	n/a	7.8125
S70-D72	NIRSCWAMPLITUDE	70	72	685	n/a	7.8125
S71-D72	NIRSCWAMPLITUDE	71	72	685	n/a	7.8125
S72-D72	NIRSCWAMPLITUDE	72	72	685	n/a	7.8125
S73-D72	NIRSCWAMPLITUDE	73	72	685	n/a	7.8125
S74-D72	NIRSCWAMPLITUDE	74	72	685	n/a	7.8125
S75-D72	NIRSCWAMPLITUDE	75	72	685	n/a	7.8125
S76-D72	NIRSCWAMPLITUDE	76	72	685	n/a	7.8125
S77-D72	NIRSCWAMPLITUDE	77	72	685	n/a	7.8125
S78-D72	NIRSCWAMPLITUDE	78	72	685	n/a	7.8125
S79-D72	NIRSCWAMPLITUDE	79	72	685	n/a	7.8125
S80-D72	NIRSCWAMPLITUDE	80	72	685	n/a	7.8125
S82-D72	NIRSCWAMPLITUDE	82	72	685	n/a	7.8125
S83-D72	NIRSCWAMPLITUDE	83	72	685	n/a	7.8125
S84-D72	NIRSCWAMPLITUDE	84	72	685	n/a	7.8125
S85-D72	NIRSCWAMPLITUDE	85	72	685	n/a	7.8125
S86-D72	NIRSCWAMPLITUDE	86	72	685	n/a	7.8125
S88-D72	NIRSCWAMPLITUDE	88	72	685	n/a	7.8125
S89-D72	NIRSCWAMPLITUDE	89	72	685	n/a	7.8125
S90-D72	NIRSCWAMPLITUDE	90	72	685	n/a	7.8125
S91-D72	NIRSCWAMPLITUDE	91	72	685	n/a	7.8125
S92-D72	NIRSCWAMPLITUDE	92	72	685	n/a	7.8125
S94-D72	NIRSCWAMPLITUDE	94	72	685	n/a	7.8125
S95-D72	NIRSCWAMPLITUDE	95	72	685	n/a	7.8125
S96-D72	NIRSCWAMPLITUDE	96	72	685	n/a	7.8125
S97-D72	NIRSCWAMPLITUDE	97	72	685	n/a	7.8125
S55-D73	NIRSCWAMPLITUDE	55	73	685	n/a	7.8125
S56-D73	NIRSCWAMPLITUDE	56	73	685	n/a	7.8125
S57-D73	NIRSCWAMPLITUDE	57	73	685	n/a	7.8125
S61-D73	NIRSCWAMPLITUDE	61	73	685	n/a	7.8125
S62-D73	NIRSCWAMPLITUDE	62	73	685	n/a	7.8125
S63-D73	NIRSCWAMPLITUDE	63	73	685	n/a	7.8125
S64-D73	NIRSCWAMPLITUDE	64	73	685	n/a	7.8125
S65-D73	NIRSCWAMPLITUDE	65	73	685	n/a	7.8125
S66-D73	NIRSCWAMPLITUDE	66	73	685	n/a	7.8125
S67-D73	NIRSCWAMPLITUDE	67	73	685	n/a	7.8125
S68-D73	NIRSCWAMPLITUDE	68	73	685	n/a	7.8125
S69-D73	NIRSCWAMPLITUDE	69	73	685	n/a	7.8125
S70-D73	NIRSCWAMPLITUDE	70	73	685	n/a	7.8125
S71-D73	NIRSCWAMPLITUDE	71	73	685	n/a	7.8125
S72-D73	NIRSCWAMPLITUDE	72	73	685	n/a	7.8125
S73-D73	NIRSCWAMPLITUDE	73	73	685	n/a	7.8125
S74-D73	NIRSCWAMPLITUDE	74	73	685	n/a	7.8125
S75-D73	NIRSCWAMPLITUDE	75	73	685	n/a	7.8125
S76-D73	NIRSCWAMPLITUDE	76	73	685	n/a	7.8125
S77-D73	NIRSCWAMPLITUDE	77	73	685	n/a	7.8125
S78-D73	NIRSCWAMPLITUDE	78	73	685	n/a	7.8125
S79-D73	NIRSCWAMPLITUDE	79	73	685	n/a	7.8125
S80-D73	NIRSCWAMPLITUDE	80	73	685	n/a	7.8125
S81-D73	NIRSCWAMPLITUDE	81	73	685	n/a	7.8125
S82-D73	NIRSCWAMPLITUDE	82	73	685	n/a	7.8125
S83-D73	NIRSCWAMPLITUDE	83	73	685	n/a	7.8125
S84-D73	NIRSCWAMPLITUDE	84	73	685	n/a	7.8125
S85-D73	NIRSCWAMPLITUDE	85	73	685	n/a	7.8125
S86-D73	NIRSCWAMPLITUDE	86	73	685	n/a	7.8125
S87-D73	NIRSCWAMPLITUDE	87	73	685	n/a	7.8125
S88-D73	NIRSCWAMPLITUDE	88	73	685	n/a	7.8125
S89-D73	NIRSCWAMPLITUDE	89	73	685	n/a	7.8125
S90-D73	NIRSCWAMPLITUDE	90	73	685	n/a	7.8125
S91-D73	NIRSCWAMPLITUDE	91	73	685	n/a	7.8125
S92-D73	NIRSCWAMPLITUDE	92	73	685	n/a	7.8125
S93-D73	NIRSCWAMPLITUDE	93	73	685	n/a	7.8125
S94-D73	NIRSCWAMPLITUDE	94	73	685	n/a	7.8125
S95-D73	NIRSCWAMPLITUDE	95	73	685	n/a	7.8125
S96-D73	NIRSCWAMPLITUDE	96	73	685	n/a	7.8125
S97-D73	NIRSCWAMPLITUDE	97	73	685	n/a	7.8125
S98-D73	NIRSCWAMPLITUDE	98	73	685	n/a	7.8125
S55-D74	NIRSCWAMPLITUDE	55	74	685	n/a	7.8125
S56-D74	NIRSCWAMPLITUDE	56	74	685	n/a	7.8125
S57-D74	NIRSCWAMPLITUDE	57	74	685	n/a	7.8125
S58-D74	NIRSCWAMPLITUDE	58	74	685	n/a	7.8125
S61-D74	NIRSCWAMPLITUDE	61	74	685	n/a	7.8125
S62-D74	NIRSCWAMPLITUDE	62	74	685	n/a	7.8125
S63-D74	NIRSCWAMPLITUDE	63	74	685	n/a	7.8125
S64-D74	NIRSCWAMPLITUDE	64	74	685	n/a	7.8125
S65-D74	NIRSCWAMPLITUDE	65	74	685	n/a	7.8125
S66-D74	NIRSCWAMPLITUDE	66	74	685	n/a	7.8125
S67-D74	NIRSCWAMPLITUDE	67	74	685	n/a	7.8125
S68-D74	NIRSCWAMPLITUDE	68	74	685	n/a	7.8125
S69-D74	NIRSCWAMPLITUDE	69	74	685	n/a	7.8125
S70-D74	NIRSCWAMPLITUDE	70	74	685	n/a	7.8125
S71-D74	NIRSCWAMPLITUDE	71	74	685	n/a	7.8125
S72-D74	NIRSCWAMPLITUDE	72	74	685	n/a	7.8125
S73-D74	NIRSCWAMPLITUDE	73	74	685	n/a	7.8125
S74-D74	NIRSCWAMPLITUDE	74	74	685	n/a	7.8125
S75-D74	NIRSCWAMPLITUDE	75	74	685	n/a	7.8125
S76-D74	NIRSCWAMPLITUDE	76	74	685	n/a	7.8125
S77-D74	NIRSCWAMPLITUDE	77	74	685	n/a	7.8125
S78-D74	NIRSCWAMPLITUDE	78	74	685	n/a	7.8125
S79-D74	NIRSCWAMPLITUDE	79	74	685	n/a	7.8125
S80-D74	NIRSCWAMPLITUDE	80	74	685	n/a	7.8125
S81-D74	NIRSCWAMPLITUDE	81	74	685	n/a	7.8125
S82-D74	NIRSCWAMPLITUDE	82	74	685	n/a	7.8125
S83-D74	NIRSCWAMPLITUDE	83	74	685	n/a	7.8125
S84-D74	NIRSCWAMPLITUDE	84	74	685	n/a	7.8125
S85-D74	NIRSCWAMPLITUDE	85	74	685	n/a	7.8125
S86-D74	NIRSCWAMPLITUDE	86	74	685	n/a	7.8125
S87-D74	NIRSCWAMPLITUDE	87	74	685	n/a	7.8125
S88-D74	NIRSCWAMPLITUDE	88	74	685	n/a	7.8125
S89-D74	NIRSCWAMPLITUDE	89	74	685	n/a	7.8125
S90-D74	NIRSCWAMPLITUDE	90	74	685	n/a	7.8125
S91-D74	NIRSCWAMPLITUDE	91	74	685	n/a	7.8125
S92-D74	NIRSCWAMPLITUDE	92	74	685	n/a	7.8125
S93-D74	NIRSCWAMPLITUDE	93	74	685	n/a	7.8125
S95-D74	NIRSCWAMPLITUDE	95	74	685	n/a	7.8125
S96-D74	NIRSCWAMPLITUDE	96	74	685	n/a	7.8125
S97-D74	NIRSCWAMPLITUDE	97	74	685	n/a	7.8125
S98-D74	NIRSCWAMPLITUDE	98	74	685	n/a	7.8125
S99-D74	NIRSCWAMPLITUDE	99	74	685	n/a	7.8125
S55-D75	NIRSCWAMPLITUDE	55	75	685	n/a	7.8125
S56-D75	NIRSCWAMPLITUDE	56	75	685	n/a	7.8125
S57-D75	NIRSCWAMPLITUDE	57	75	685	n/a	7.8125
S58-D75	NIRSCWAMPLITUDE	58	75	685	n/a	7.8125
S59-D75	NIRSCWAMPLITUDE	59	75	685	n/a	7.8125
S60-D75	NIRSCWAMPLITUDE	60	75	685	n/a	7.8125
S61-D75	NIRSCWAMPLITUDE	61	75	685	n/a	7.8125
S62-D75	NIRSCWAMPLITUDE	62	75	685	n/a	7.8125
S63-D75	NIRSCWAMPLITUDE	63	75	685	n/a	7.8125
S64-D75	NIRSCWAMPLITUDE	64	75	685	n/a	7.8125
S65-D75	NIRSCWAMPLITUDE	65	75	685	n/a	7.8125
S66-D75	NIRSCWAMPLITUDE	66	75	685	n/a	7.8125
S67-D75	NIRSCWAMPLITUDE	67	75	685	n/a	7.8125
S68-D75	NIRSCWAMPLITUDE	68	75	685	n/a	7.8125
S69-D75	NIRSCWAMPLITUDE	69	75	685	n/a	7.8125
S70-D75	NIRSCWAMPLITUDE	70	75	685	n/a	7.8125
S71-D75	NIRSCWAMPLITUDE	71	75	685	n/a	7.8125
S72-D75	NIRSCWAMPLITUDE	72	75	685	n/a	7.8125
S73-D75	NIRSCWAMPLITUDE	73	75	685	n/a	7.8125
S74-D75	NIRSCWAMPLITUDE	74	75	685	n/a	7.8125
S75-D75	NIRSCWAMPLITUDE	75	75	685	n/a	7.8125
S76-D75	NIRSCWAMPLITUDE	76	75	685	n/a	7.8125
S77-D75	NIRSCWAMPLITUDE	77	75	685	n/a	7.8125
S78-D75	NIRSCWAMPLITUDE	78	75	685	n/a	7.8125
S79-D75	NIRSCWAMPLITUDE	79	75	685	n/a	7.8125
S80-D75	NIRSCWAMPLITUDE	80	75	685	n/a	7.8125
S81-D75	NIRSCWAMPLITUDE	81	75	685	n/a	7.8125
S82-D75	NIRSCWAMPLITUDE	82	75	685	n/a	7.8125
S83-D75	NIRSCWAMPLITUDE	83	75	685	n/a	7.8125
S84-D75	NIRSCWAMPLITUDE	84	75	685	n/a	7.8125
S85-D75	NIRSCWAMPLITUDE	85	75	685	n/a	7.8125
S86-D75	NIRSCWAMPLITUDE	86	75	685	n/a	7.8125
S87-D75	NIRSCWAMPLITUDE	87	75	685	n/a	7.8125
S89-D75	NIRSCWAMPLITUDE	89	75	685	n/a	7.8125
S90-D75	NIRSCWAMPLITUDE	90	75	685	n/a	7.8125
S91-D75	NIRSCWAMPLITUDE	91	75	685	n/a	7.8125
S92-D75	NIRSCWAMPLITUDE	92	75	685	n/a	7.8125
S93-D75	NIRSCWAMPLITUDE	93	75	685	n/a	7.8125
S96-D75	NIRSCWAMPLITUDE	96	75	685	n/a	7.8125
S97-D75	NIRSCWAMPLITUDE	97	75	685	n/a	7.8125
S98-D75	NIRSCWAMPLITUDE	98	75	685	n/a	7.8125
S99-D75	NIRSCWAMPLITUDE	99	75	685	n/a	7.8125
S105-D75	NIRSCWAMPLITUDE	105	75	685	n/a	7.8125
S193-D75	NIRSCWAMPLITUDE	193	75	685	n/a	7.8125
S194-D75	NIRSCWAMPLITUDE	194	75	685	n/a	7.8125
S198-D75	NIRSCWAMPLITUDE	198	75	685	n/a	7.8125
S208-D75	NIRSCWAMPLITUDE	208	75	685	n/a	7.8125
S56-D76	NIRSCWAMPLITUDE	56	76	685	n/a	7.8125
S57-D76	NIRSCWAMPLITUDE	57	76	685	n/a	7.8125
S58-D76	NIRSCWAMPLITUDE	58	76	685	n/a	7.8125
S59-D76	NIRSCWAMPLITUDE	59	76	685	n/a	7.8125
S60-D76	NIRSCWAMPLITUDE	60	76	685	n/a	7.8125
S62-D76	NIRSCWAMPLITUDE	62	76	685	n/a	7.8125
S63-D76	NIRSCWAMPLITUDE	63	76	685	n/a	7.8125
S64-D76	NIRSCWAMPLITUDE	64	76	685	n/a	7.8125
S65-D76	NIRSCWAMPLITUDE	65	76	685	n/a	7.8125
S67-D76	NIRSCWAMPLITUDE	67	76	685	n/a	7.8125
S68-D76	NIRSCWAMPLITUDE	68	76	685	n/a	7.8125
S69-D76	NIRSCWAMPLITUDE	69	76	685	n/a	7.8125
S70-D76	NIRSCWAMPLITUDE	70	76	685	n/a	7.8125
S72-D76	NIRSCWAMPLITUDE	72	76	685	n/a	7.8125
S73-D76	NIRSCWAMPLITUDE	73	76	685	n/a	7.8125
S74-D76	NIRSCWAMPLITUDE	74	76	685	n/a	7.8125
S75-D76	NIRSCWAMPLITUDE	75	76	685	n/a	7.8125
S77-D76	NIRSCWAMPLITUDE	77	76	685	n/a	7.8125
S78-D76	NIRSCWAMPLITUDE	78	76	685	n/a	7.8125
S79-D76	NIRSCWAMPLITUDE	79	76	685	n/a	7.8125
S80-D76	NIRSCWAMPLITUDE	80	76	685	n/a	7.8125
S81-D76	NIRSCWAMPLITUDE	81	76	685	n/a	7.8125
S83-D76	NIRSCWAMPLITUDE	83	76	685	n/a	7.8125
S84-D76	NIRSCWAMPLITUDE	84	76	685	n/a	7.8125
S85-D76	NIRSCWAMPLITUDE	85	76	685	n/a	7.8125
S86-D76	NIRSCWAMPLITUDE	86	76	685	n/a	7.8125
S87-D76	NIRSCWAMPLITUDE	87	76	685	n/a	7.8125
S90-D76	NIRSCWAMPLITUDE	90	76	685	n/a	7.8125
S91-D76	NIRSCWAMPLITUDE	91	76	685	n/a	7.8125
S92-D76	NIRSCWAMPLITUDE	92	76	685	n/a	7.8125
S93-D76	NIRSCWAMPLITUDE	93	76	685	n/a	7.8125
S97-D76	NIRSCWAMPLITUDE	97	76	685	n/a	7.8125
S98-D76	NIRSCWAMPLITUDE	98	76	685	n/a	7.8125
S99-D76	NIRSCWAMPLITUDE	99	76	685	n/a	7.8125
S104-D76	NIRSCWAMPLITUDE	104	76	685	n/a	7.8125
S105-D76	NIRSCWAMPLITUDE	105	76	685	n/a	7.8125
S193-D76	NIRSCWAMPLITUDE	193	76	685	n/a	7.8125
S194-D76	NIRSCWAMPLITUDE	194	76	685	n/a	7.8125
S195-D76	NIRSCWAMPLITUDE	195	76	685	n/a	7.8125
S198-D76	NIRSCWAMPLITUDE	198	76	685	n/a	7.8125
S199-D76	NIRSCWAMPLITUDE	199	76	685	n/a	7.8125
S208-D76	NIRSCWAMPLITUDE	208	76	685	n/a	7.8125
S209-D76	NIRSCWAMPLITUDE	209	76	685	n/a	7.8125
S219-D76	NIRSCWAMPLITUDE	219	76	685	n/a	7.8125
S220-D76	NIRSCWAMPLITUDE	220	76	685	n/a	7.8125
S61-D77	NIRSCWAMPLITUDE	61	77	685	n/a	7.8125
S62-D77	NIRSCWAMPLITUDE	62	77	685	n/a	7.8125
S66-D77	NIRSCWAMPLITUDE	66	77	685	n/a	7.8125
S67-D77	NIRSCWAMPLITUDE	67	77	685	n/a	7.8125
S68-D77	NIRSCWAMPLITUDE	68	77	685	n/a	7.8125
S71-D77	NIRSCWAMPLITUDE	71	77	685	n/a	7.8125
S72-D77	NIRSCWAMPLITUDE	72	77	685	n/a	7.8125
S73-D77	NIRSCWAMPLITUDE	73	77	685	n/a	7.8125
S74-D77	NIRSCWAMPLITUDE	74	77	685	n/a	7.8125
S76-D77	NIRSCWAMPLITUDE	76	77	685	n/a	7.8125
S77-D77	NIRSCWAMPLITUDE	77	77	685	n/a	7.8125
S78-D77	NIRSCWAMPLITUDE	78	77	685	n/a	7.8125
S79-D77	NIRSCWAMPLITUDE	79	77	685	n/a	7.8125
S82-D77	NIRSCWAMPLITUDE	82	77	685	n/a	7.8125
S83-D77	NIRSCWAMPLITUDE	83	77	685	n/a	7.8125
S84-D77	NIRSCWAMPLITUDE	84	77	685	n/a	7.8125
S85-D77	NIRSCWAMPLITUDE	85	77	685	n/a	7.8125
S88-D77	NIRSCWAMPLITUDE	88	77	685	n/a	7.8125
S89-D77	NIRSCWAMPLITUDE	89	77	685	n/a	7.8125
S90-D77	NIRSCWAMPLITUDE	90	77	685	n/a	7.8125
S91-D77	NIRSCWAMPLITUDE	91	77	685	n/a	7.8125
S94-D77	NIRSCWAMPLITUDE	94	77	685	n/a	7.8125
S95-D77	NIRSCWAMPLITUDE	95	77	685	n/a	7.8125
S96-D77	NIRSCWAMPLITUDE	96	77	685	n/a	7.8125
S97-D77	NIRSCWAMPLITUDE	97	77	685	n/a	7.8125
S100-D77	NIRSCWAMPLITUDE	100	77	685	n/a	7.8125
S101-D77	NIRSCWAMPLITUDE	101	77	685	n/a	7.8125
S61-D78	NIRSCWAMPLITUDE	61	78	685	n/a	7.8125
S62-D78	NIRSCWAMPLITUDE	62	78	685	n/a	7.8125
S63-D78	NIRSCWAMPLITUDE	63	78	685	n/a	7.8125
S66-D78	NIRSCWAMPLITUDE	66	78	685	n/a	7.8125
S67-D78	NIRSCWAMPLITUDE	67	78	685	n/a	7.8125
S68-D78	NIRSCWAMPLITUDE	68	78	685	n/a	7.8125
S69-D78	NIRSCWAMPLITUDE	69	78	685	n/a	7.8125
S71-D78	NIRSCWAMPLITUDE	71	78	685	n/a	7.8125
S72-D78	NIRSCWAMPLITUDE	72	78	685	n/a	7.8125
S73-D78	NIRSCWAMPLITUDE	73	78	685	n/a	7.8125
S74-D78	NIRSCWAMPLITUDE	74	78	685	n/a	7.8125
S75-D78	NIRSCWAMPLITUDE	75	78	685	n/a	7.8125
S76-D78	NIRSCWAMPLITUDE	76	78	685	n/a	7.8125
S77-D78	NIRSCWAMPLITUDE	77	78	685	n/a	7.8125
S78-D78	NIRSCWAMPLITUDE	78	78	685	n/a	7.8125
S79-D78	NIRSCWAMPLITUDE	79	78	685	n/a	7.8125
S80-D78	NIRSCWAMPLITUDE	80	78	685	n/a	7.8125
S82-D78	NIRSCWAMPLITUDE	82	78	685	n/a	7.8125
S83-D78	NIRSCWAMPLITUDE	83	78	685	n/a	7.8125
S84-D78	NIRSCWAMPLITUDE	84	78	685	n/a	7.8125
S85-D78	NIRSCWAMPLITUDE	85	78	685	n/a	7.8125
S86-D78	NIRSCWAMPLITUDE	86	78	685	n/a	7.8125
S88-D78	NIRSCWAMPLITUDE	88	78	685	n/a	7.8125
S89-D78	NIRSCWAMPLITUDE	89	78	685	n/a	7.8125
S90-D78	NIRSCWAMPLITUDE	90	78	685	n/a	7.8125
S91-D78	NIRSCWAMPLITUDE	91	78	685	n/a	7.8125
S92-D78	NIRSCWAMPLITUDE	92	78	685	n/a	7.8125
S94-D78	NIRSCWAMPLITUDE	94	78	685	n/a	7.8125
S95-D78	NIRSCWAMPLITUDE	95	78	685	n/a	7.8125
S96-D78	NIRSCWAMPLITUDE	96	78	685	n/a	7.8125
S97-D78	NIRSCWAMPLITUDE	97	78	685	n/a	7.8125
S98-D78	NIRSCWAMPLITUDE	98	78	685	n/a	7.8125
S100-D78	NIRSCWAMPLITUDE	100	78	685	n/a	7.8125
S101-D78	NIRSCWAMPLITUDE	101	78	685	n/a	7.8125
S102-D78	NIRSCWAMPLITUDE	102	78	685	n/a	7.8125
S61-D79	NIRSCWAMPLITUDE	61	79	685	n/a	7.8125
S62-D79	NIRSCWAMPLITUDE	62	79	685	n/a	7.8125
S63-D79	NIRSCWAMPLITUDE	63	79	685	n/a	7.8125
S64-D79	NIRSCWAMPLITUDE	64	79	685	n/a	7.8125
S66-D79	NIRSCWAMPLITUDE	66	79	685	n/a	7.8125
S67-D79	NIRSCWAMPLITUDE	67	79	685	n/a	7.8125
S68-D79	NIRSCWAMPLITUDE	68	79	685	n/a	7.8125
S69-D79	NIRSCWAMPLITUDE	69	79	685	n/a	7.8125
S70-D79	NIRSCWAMPLITUDE	70	79	685	n/a	7.8125
S71-D79	NIRSCWAMPLITUDE	71	79	685	n/a	7.8125
S72-D79	NIRSCWAMPLITUDE	72	79	685	n/a	7.8125
S73-D79	NIRSCWAMPLITUDE	73	79	685	n/a	7.8125
S74-D79	NIRSCWAMPLITUDE	74	79	685	n/a	7.8125
S75-D79	NIRSCWAMPLITUDE	75	79	685	n/a	7.8125
S76-D79	NIRSCWAMPLITUDE	76	79	685	n/a	7.8125
S77-D79	NIRSCWAMPLITUDE	77	79	685	n/a	7.8125
S78-D79	NIRSCWAMPLITUDE	78	79	685	n/a	7.8125
S79-D79	NIRSCWAMPLITUDE	79	79	685	n/a	7.8125
S80-D79	NIRSCWAMPLITUDE	80	79	685	n/a	7.8125
S81-D79	NIRSCWAMPLITUDE	81	79	685	n/a	7.8125
S82-D79	NIRSCWAMPLITUDE	82	79	685	n/a	7.8125
S83-D79	NIRSCWAMPLITUDE	83	79	685	n/a	7.8125
S84-D79	NIRSCWAMPLITUDE	84	79	685	n/a	7.8125
S85-D79	NIRSCWAMPLITUDE	85	79	685	n/a	7.8125
S86-D79	NIRSCWAMPLITUDE	86	79	685	n/a	7.8125
S87-D79	NIRSCWAMPLITUDE	87	79	685	n/a	7.8125
S88-D79	NIRSCWAMPLITUDE	88	79	685	n/a	7.8125
S89-D79	NIRSCWAMPLITUDE	89	79	685	n/a	7.8125
S90-D79	NIRSCWAMPLITUDE	90	79	685	n/a	7.8125
S91-D79	NIRSCWAMPLITUDE	91	79	685	n/a	7.8125
S92-D79	NIRSCWAMPLITUDE	92	79	685	n/a	7.8125
S93-D79	NIRSCWAMPLITUDE	93	79	685	n/a	7.8125
S94-D79	NIRSCWAMPLITUDE	94	79	685	n/a	7.8125
S95-D79	NIRSCWAMPLITUDE	95	79	685	n/a	7.8125
S96-D79	NIRSCWAMPLITUDE	96	79	685	n/a	7.8125
S97-D79	NIRSCWAMPLITUDE	97	79	685	n/a	7.8125
S98-D79	NIRSCWAMPLITUDE	98	79	685	n/a	7.8125
S99-D79	NIRSCWAMPLITUDE	99	79	685	n/a	7.8125
S100-D79	NIRSCWAMPLITUDE	100	79	685	n/a	7.8125
S101-D79	NIRSCWAMPLITUDE	101	79	685	n/a	7.8125
S102-D79	NIRSCWAMPLITUDE	102	79	685	n/a	7.8125
S103-D79	NIRSCWAMPLITUDE	103	79	685	n/a	7.8125
S104-D79	NIRSCWAMPLITUDE	104	79	685	n/a	7.8125
S61-D80	NIRSCWAMPLITUDE	61	80	685	n/a	7.8125
S62-D80	NIRSCWAMPLITUDE	62	80	685	n/a	7.8125
S63-D80	NIRSCWAMPLITUDE	63	80	685	n/a	7.8125
S64-D80	NIRSCWAMPLITUDE	64	80	685	n/a	7.8125
S65-D80	NIRSCWAMPLITUDE	65	80	685	n/a	7.8125
S66-D80	NIRSCWAMPLITUDE	66	80	685	n/a	7.8125
S67-D80	NIRSCWAMPLITUDE	67	80	685	n/a	7.8125
S68-D80	NIRSCWAMPLITUDE	68	80	685	n/a	7.8125
S69-D80	NIRSCWAMPLITUDE	69	80	685	n/a	7.8125
S70-D80	NIRSCWAMPLITUDE	70	80	685	n/a	7.8125
S71-D80	NIRSCWAMPLITUDE	71	80	685	n/a	7.8125
S72-D80	NIRSCWAMPLITUDE	72	80	685	n/a	7.8125
S73-D80	NIRSCWAMPLITUDE	73	80	685	n/a	7.8125
S74-D80	NIRSCWAMPLITUDE	74	80	685	n/a	7.8125
S75-D80	NIRSCWAMPLITUDE	75	80	685	n/a	7.8125
S76-D80	NIRSCWAMPLITUDE	76	80	685	n/a	7.8125
S77-D80	NIRSCWAMPLITUDE	77	80	685	n/a	7.8125
S78-D80	NIRSCWAMPLITUDE	78	80	685	n/a	7.8125
S79-D80	NIRSCWAMPLITUDE	79	80	685	n/a	7.8125
S80-D80	NIRSCWAMPLITUDE	80	80	685	n/a	7.8125
S81-D80	NIRSCWAMPLITUDE	81	80	685	n/a	7.8125
S82-D80	NIRSCWAMPLITUDE	82	80	685	n/a	7.8125
S83-D80	NIRSCWAMPLITUDE	83	80	685	n/a	7.8125
S84-D80	NIRSCWAMPLITUDE	84	80	685	n/a	7.8125
S85-D80	NIRSCWAMPLITUDE	85	80	685	n/a	7.8125
S86-D80	NIRSCWAMPLITUDE	86	80	685	n/a	7.8125
S87-D80	NIRSCWAMPLITUDE	87	80	685	n/a	7.8125
S88-D80	NIRSCWAMPLITUDE	88	80	685	n/a	7.8125
S89-D80	NIRSCWAMPLITUDE	89	80	685	n/a	7.8125
S90-D80	NIRSCWAMPLITUDE	90	80	685	n/a	7.8125
S91-D80	NIRSCWAMPLITUDE	91	80	685	n/a	7.8125
S92-D80	NIRSCWAMPLITUDE	92	80	685	n/a	7.8125
S93-D80	NIRSCWAMPLITUDE	93	80	685	n/a	7.8125
S94-D80	NIRSCWAMPLITUDE	94	80	685	n/a	7.8125
S95-D80	NIRSCWAMPLITUDE	95	80	685	n/a	7.8125
S96-D80	NIRSCWAMPLITUDE	96	80	685	n/a	7.8125
S97-D80	NIRSCWAMPLITUDE	97	80	685	n/a	7.8125
S98-D80	NIRSCWAMPLITUDE	98	80	685	n/a	7.8125
S99-D80	NIRSCWAMPLITUDE	99	80	685	n/a	7.8125
S101-D80	NIRSCWAMPLITUDE	101	80	685	n/a	7.8125
S102-D80	NIRSCWAMPLITUDE	102	80	685	n/a	7.8125
S103-D80	NIRSCWAMPLITUDE	103	80	685	n/a	7.8125
S104-D80	NIRSCWAMPLITUDE	104	80	685	n/a	7.8125
S105-D80	NIRSCWAMPLITUDE	105	80	685	n/a	7.8125
S193-D80	NIRSCWAMPLITUDE	193	80	685	n/a	7.8125
S62-D81	NIRSCWAMPLITUDE	62	81	685	n/a	7.8125
S63-D81	NIRSCWAMPLITUDE	63	81	685	n/a	7.8125
S64-D81	NIRSCWAMPLITUDE	64	81	685	n/a	7.8125
S65-D81	NIRSCWAMPLITUDE	65	81	685	n/a	7.8125
S66-D81	NIRSCWAMPLITUDE	66	81	685	n/a	7.8125
S67-D81	NIRSCWAMPLITUDE	67	81	685	n/a	7.8125
S68-D81	NIRSCWAMPLITUDE	68	81	685	n/a	7.8125
S69-D81	NIRSCWAMPLITUDE	69	81	685	n/a	7.8125
S70-D81	NIRSCWAMPLITUDE	70	81	685	n/a	7.8125
S71-D81	NIRSCWAMPLITUDE	71	81	685	n/a	7.8125
S72-D81	NIRSCWAMPLITUDE	72	81	685	n/a	7.8125
S73-D81	NIRSCWAMPLITUDE	73	81	685	n/a	7.8125
S74-D81	NIRSCWAMPLITUDE	74	81	685	n/a	7.8125
S75-D81	NIRSCWAMPLITUDE	75	81	685	n/a	7.8125
S76-D81	NIRSCWAMPLITUDE	76	81	685	n/a	7.8125
S77-D81	NIRSCWAMPLITUDE	77	81	685	n/a	7.8125
S78-D81	NIRSCWAMPLITUDE	78	81	685	n/a	7.8125
S79-D81	NIRSCWAMPLITUDE	79	81	685	n/a	7.8125
S80-D81	NIRSCWAMPLITUDE	80	81	685	n/a	7.8125
S81-D81	NIRSCWAMPLITUDE	81	81	685	n/a	7.8125
S82-D81	NIRSCWAMPLITUDE	82	81	685	n/a	7.8125
S83-D81	NIRSCWAMPLITUDE	83	81	685	n/a	7.8125
S84-D81	NIRSCWAMPLITUDE	84	81	685	n/a	7.8125
S85-D81	NIRSCWAMPLITUDE	85	81	685	n/a	7.8125
S86-D81	NIRSCWAMPLITUDE	86	81	685	n/a	7.8125
S87-D81	NIRSCWAMPLITUDE	87	81	685	n/a	7.8125
S88-D81	NIRSCWAMPLITUDE	88	81	685	n/a	7.8125
S89-D81	NIRSCWAMPLITUDE	89	81	685	n/a	7.8125
S90-D81	NIRSCWAMPLITUDE	90	81	685	n/a	7.8125
S91-D81	NIRSCWAMPLITUDE	91	81	685	n/a	7.8125
S92-D81	NIRSCWAMPLITUDE	92	81	685	n/a	7.8125
S93-D81	NIRSCWAMPLITUDE	93	81	685	n/a	7.8125
S95-D81	NIRSCWAMPLITUDE	95	81	685	n/a	7.8125
S96-D81	NIRSCWAMPLITUDE	96	81	685	n/a	7.8125
S97-D81	NIRSCWAMPLITUDE	97	81	685	n/a	7.8125
S98-D81	NIRSCWAMPLITUDE	98	81	685	n/a	7.8125
S99-D81	NIRSCWAMPLITUDE	99	81	685	n/a	7.8125
S102-D81	NIRSCWAMPLITUDE	102	81	685	n/a	7.8125
S103-D81	NIRSCWAMPLITUDE	103	81	685	n/a	7.8125
S104-D81	NIRSCWAMPLITUDE	104	81	685	n/a	7.8125
S105-D81	NIRSCWAMPLITUDE	105	81	685	n/a	7.8125
S111-D81	NIRSCWAMPLITUDE	111	81	685	n/a	7.8125
S193-D81	NIRSCWAMPLITUDE	193	81	685	n/a	7.8125
S198-D81	NIRSCWAMPLITUDE	198	81	685	n/a	7.8125
S208-D81	NIRSCWAMPLITUDE	208	81	685	n/a	7.8125
S219-D81	NIRSCWAMPLITUDE	219	81	685	n/a	7.8125
S59-D82	NIRSCWAMPLITUDE	59	82	685	n/a	7.8125
S60-D82	NIRSCWAMPLITUDE	60	82	685	n/a	7.8125
S63-D82	NIRSCWAMPLITUDE	63	82	685	n/a	7.8125
S64-D82	NIRSCWAMPLITUDE	64	82	685	n/a	7.8125
S65-D82	NIRSCWAMPLITUDE	65	82	685	n/a	7.8125
S67-D82	NIRSCWAMPLITUDE	67	82	685	n/a	7.8125
S68-D82	NIRSCWAMPLITUDE	68	82	685	n/a	7.8125
S69-D82	NIRSCWAMPLITUDE	69	82	685	n/a	7.8125
S70-D82	NIRSCWAMPLITUDE	70	82	685	n/a	7.8125
S72-D82	NIRSCWAMPLITUDE	72	82	685	n/a	7.8125
S73-D82	NIRSCWAMPLITUDE	73	82	685	n/a	7.8125
S74-D82	NIRSCWAMPLITUDE	74	82	685	n/a	7.8125
S75-D82	NIRSCWAMPLITUDE	75	82	685	n/a	7.8125
S77-D82	NIRSCWAMPLITUDE	77	82	685	n/a	7.8125
S78-D82	NIRSCWAMPLITUDE	78	82	685	n/a	7.8125
S79-D82	NIRSCWAMPLITUDE	79	82	685	n/a	7.8125
S80-D82	NIRSCWAMPLITUDE	80	82	685	n/a	7.8125
S81-D82	NIRSCWAMPLITUDE	81	82	685	n/a	7.8125
S83-D82	NIRSCWAMPLITUDE	83	82	685	n/a	7.8125
S84-D82	NIRSCWAMPLITUDE	84	82	685	n/a	7.8125
S85-D82	NIRSCWAMPLITUDE	85	82	685	n/a	7.8125
S86-D82	NIRSCWAMPLITUDE	86	82	685	n/a	7.8125
S87-D82	NIRSCWAMPLITUDE	87	82	685	n/a	7.8125
S89-D82	NIRSCWAMPLITUDE	89	82	685	n/a	7.8125
S90-D82	NIRSCWAMPLITUDE	90	82	685	n/a	7.8125
S91-D82	NIRSCWAMPLITUDE	91	82	685	n/a	7.8125
S92-D82	NIRSCWAMPLITUDE	92	82	685	n/a	7.8125
S93-D82	NIRSCWAMPLITUDE	93	82	685	n/a	7.8125
S95-D82	NIRSCWAMPLITUDE	95	82	685	n/a	7.8125
S96-D82	NIRSCWAMPLITUDE	96	82	685	n/a	7.8125
S97-D82	NIRSCWAMPLITUDE	97	82	685	n/a	7.8125
S98-D82	NIRSCWAMPLITUDE	98	82	685	n/a	7.8125
S99-D82	NIRSCWAMPLITUDE	99	82	685	n/a	7.8125
S102-D82	NIRSCWAMPLITUDE	102	82	685	n/a	7.8125
S103-D82	NIRSCWAMPLITUDE	103	82	685	n/a	7.8125
S104-D82	NIRSCWAMPLITUDE	104	82	685	n/a	7.8125
S105-D82	NIRSCWAMPLITUDE	105	82	685	n/a	7.8125
S110-D82	NIRSCWAMPLITUDE	110	82	685	n/a	7.8125
S111-D82	NIRSCWAMPLITUDE	111	82	685	n/a	7.8125
S193-D82	NIRSCWAMPLITUDE	193	82	685	n/a	7.8125
S194-D82	NIRSCWAMPLITUDE	194	82	685	n/a	7.8125
S198-D82	NIRSCWAMPLITUDE	198	82	685	n/a	7.8125
S199-D82	NIRSCWAMPLITUDE	199	82	685	n/a	7.8125
S208-D82	NIRSCWAMPLITUDE	208	82	685	n/a	7.8125
S209-D82	NIRSCWAMPLITUDE	209	82	685	n/a	7.8125
S219-D82	NIRSCWAMPLITUDE	219	82	685	n/a	7.8125
S220-D82	NIRSCWAMPLITUDE	220	82	685	n/a	7.8125
S251-D82	NIRSCWAMPLITUDE	251	82	685	n/a	7.8125
S66-D83	NIRSCWAMPLITUDE	66	83	685	n/a	7.8125
S67-D83	NIRSCWAMPLITUDE	67	83	685	n/a	7.8125
S71-D83	NIRSCWAMPLITUDE	71	83	685	n/a	7.8125
S72-D83	NIRSCWAMPLITUDE	72	83	685	n/a	7.8125
S73-D83	NIRSCWAMPLITUDE	73	83	685	n/a	7.8125
S76-D83	NIRSCWAMPLITUDE	76	83	685	n/a	7.8125
S77-D83	NIRSCWAMPLITUDE	77	83	685	n/a	7.8125
S78-D83	NIRSCWAMPLITUDE	78	83	685	n/a	7.8125
S79-D83	NIRSCWAMPLITUDE	79	83	685	n/a	7.8125
S82-D83	NIRSCWAMPLITUDE	82	83	685	n/a	7.8125
S83-D83	NIRSCWAMPLITUDE	83	83	685	n/a	7.8125
S84-D83	NIRSCWAMPLITUDE	84	83	685	n/a	7.8125
S85-D83	NIRSCWAMPLITUDE	85	83	685	n/a	7.8125
S88-D83	NIRSCWAMPLITUDE	88	83	685	n/a	7.8125
S89-D83	NIRSCWAMPLITUDE	89	83	685	n/a	7.8125
S90-D83	NIRSCWAMPLITUDE	90	83	685	n/a	7.8125
S91-D83	NIRSCWAMPLITUDE	91	83	685	n/a	7.8125
S94-D83	NIRSCWAMPLITUDE	94	83	685	n/a	7.8125
S95-D83	NIRSCWAMPLITUDE	95	83	685	n/a	7.8125
S96-D83	NIRSCWAMPLITUDE	96	83	685	n/a	7.8125
S97-D83	NIRSCWAMPLITUDE	97	83	685	n/a	7.8125
S100-D83	NIRSCWAMPLITUDE	100	83	685	n/a	7.8125
S101-D83	NIRSCWAMPLITUDE	101	83	685	n/a	7.8125
S102-D83	NIRSCWAMPLITUDE	102	83	685	n/a	7.8125
S106-D83	NIRSCWAMPLITUDE	106	83	685	n/a	7.8125
S107-D83	NIRSCWAMPLITUDE	107	83	685	n/a	7.8125
S66-D84	NIRSCWAMPLITUDE	66	84	685	n/a	7.8125
S67-D84	NIRSCWAMPLITUDE	67	84	685	n/a	7.8125
S68-D84	NIRSCWAMPLITUDE	68	84	685	n/a	7.8125
S71-D84	NIRSCWAMPLITUDE	71	84	685	n/a	7.8125
S72-D84	NIRSCWAMPLITUDE	72	84	685	n/a	7.8125
S73-D84	NIRSCWAMPLITUDE	73	84	685	n/a	7.8125
S74-D84	NIRSCWAMPLITUDE	74	84	685	n/a	7.8125
S76-D84	NIRSCWAMPLITUDE	76	84	685	n/a	7.8125
S77-D84	NIRSCWAMPLITUDE	77	84	685	n/a	7.8125
S78-D84	NIRSCWAMPLITUDE	78	84	685	n/a	7.8125
S79-D84	NIRSCWAMPLITUDE	79	84	685	n/a	7.8125
S80-D84	NIRSCWAMPLITUDE	80	84	685	n/a	7.8125
S82-D84	NIRSCWAMPLITUDE	82	84	685	n/a	7.8125
S83-D84	NIRSCWAMPLITUDE	83	84	685	n/a	7.8125
S84-D84	NIRSCWAMPLITUDE	84	84	685	n/a	7.8125
S85-D84	NIRSCWAMPLITUDE	85	84	685	n/a	7.8125
S86-D84	NIRSCWAMPLITUDE	86	84	685	n/a	7.8125
S88-D84	NIRSCWAMPLITUDE	88	84	685	n/a	7.8125
S89-D84	NIRSCWAMPLITUDE	89	84	685	n/a	7.8125
S90-D84	NIRSCWAMPLITUDE	90	84	685	n/a	7.8125
S91-D84	NIRSCWAMPLITUDE	91	84	685	n/a	7.8125
S92-D84	NIRSCWAMPLITUDE	92	84	685	n/a	7.8125
S94-D84	NIRSCWAMPLITUDE	94	84	685	n/a	7.8125
S95-D84	NIRSCWAMPLITUDE	95	84	685	n/a	7.8125
S96-D84	NIRSCWAMPLITUDE	96	84	685	n/a	7.8125
S97-D84	NIRSCWAMPLITUDE	97	84	685	n/a	7.8125
S98-D84	NIRSCWAMPLITUDE	98	84	685	n/a	7.8125
S100-D84	NIRSCWAMPLITUDE	100	84	685	n/a	7.8125
S101-D84	NIRSCWAMPLITUDE	101	84	685	n/a	7.8125
S102-D84	NIRSCWAMPLITUDE	102	84	685	n/a	7.8125
S103-D84	NIRSCWAMPLITUDE	103	84	685	n/a	7.8125
S104-D84	NIRSCWAMPLITUDE	104	84	685	n/a	7.8125
S106-D84	NIRSCWAMPLITUDE	106	84	685	n/a	7.8125
S107-D84	NIRSCWAMPLITUDE	107	84	685	n/a	7.8125
S108-D84	NIRSCWAMPLITUDE	108	84	685	n/a	7.8125
S66-D85	NIRSCWAMPLITUDE	66	85	685	n/a	7.8125
S67-D85	NIRSCWAMPLITUDE	67	85	685	n/a	7.8125
S68-D85	NIRSCWAMPLITUDE	68	85	685	n/a	7.8125
S69-D85	NIRSCWAMPLITUDE	69	85	685	n/a	7.8125
S71-D85	NIRSCWAMPLITUDE	71	85	685	n/a	7.8125
S72-D85	NIRSCWAMPLITUDE	72	85	685	n/a	7.8125
S73-D85	NIRSCWAMPLITUDE	73	85	685	n/a	7.8125
S74-D85	NIRSCWAMPLITUDE	74	85	685	n/a	7.8125
S75-D85	NIRSCWAMPLITUDE	75	85	685	n/a	7.8125
S76-D85	NIRSCWAMPLITUDE	76	85	685	n/a	7.8125
S77-D85	NIRSCWAMPLITUDE	77	85	685	n/a	7.8125
S78-D85	NIRSCWAMPLITUDE	78	85	685	n/a	7.8125
S79-D85	NIRSCWAMPLITUDE	79	85	685	n/a	7.8125
S80-D85	NIRSCWAMPLITUDE	80	85	685	n/a	7.8125
S81-D85	NIRSCWAMPLITUDE	81	85	685	n/a	7.8125
S82-D85	NIRSCWAMPLITUDE	82	85	685	n/a	7.8125
S83-D85	NIRSCWAMPLITUDE	83	85	685	n/a	7.8125
S84-D85	NIRSCWAMPLITUDE	84	85	685	n/a	7.8125
S85-D85	NIRSCWAMPLITUDE	85	85	685	n/a	7.8125
S86-D85	NIRSCWAMPLITUDE	86	85	685	n/a	7.8125
S87-D85	NIRSCWAMPLITUDE	87	85	685	n/a	7.8125
S88-D85	NIRSCWAMPLITUDE	88	85	685	n/a	7.8125
S89-D85	NIRSCWAMPLITUDE	89	85	685	n/a	7.8125
S90-D85	NIRSCWAMPLITUDE	90	85	685	n/a	7.8125
S91-D85	NIRSCWAMPLITUDE	91	85	685	n/a	7.8125
S92-D85	NIRSCWAMPLITUDE	92	85	685	n/a	7.8125
S93-D85	NIRSCWAMPLITUDE	93	85	685	n/a	7.8125
S94-D85	NIRSCWAMPLITUDE	94	85	685	n/a	7.8125
S95-D85	NIRSCWAMPLITUDE	95	85	685	n/a	7.8125
S96-D85	NIRSCWAMPLITUDE	96	85	685	n/a	7.8125
S97-D85	NIRSCWAMPLITUDE	97	85	685	n/a	7.8125
S98-D85	NIRSCWAMPLITUDE	98	85	685	n/a	7.8125
S99-D85	NIRSCWAMPLITUDE	99	85	685	n/a	7.8125
S100-D85	NIRSCWAMPLITUDE	100	85	685	n/a	7.8125
S101-D85	NIRSCWAMPLITUDE	101	85	685	n/a	7.8125
S102-D85	NIRSCWAMPLITUDE	102	85	685	n/a	7.8125
S103-D85	NIRSCWAMPLITUDE	103	85	685	n/a	7.8125
S104-D85	NIRSCWAMPLITUDE	104	85	685	n/a	7.8125
S105-D85	NIRSCWAMPLITUDE	105	85	685	n/a	7.8125
S106-D85	NIRSCWAMPLITUDE	106	85	685	n/a	7.8125
S107-D85	NIRSCWAMPLITUDE	107	85	685	n/a	7.8125
S108-D85	NIRSCWAMPLITUDE	108	85	685	n/a	7.8125
S109-D85	NIRSCWAMPLITUDE	109	85	685	n/a	7.8125
S66-D86	NIRSCWAMPLITUDE	66	86	685	n/a	7.8125
S67-D86	NIRSCWAMPLITUDE	67	86	685	n/a	7.8125
S68-D86	NIRSCWAMPLITUDE	68	86	685	n/a	7.8125
S69-D86	NIRSCWAMPLITUDE	69	86	685	n/a	7.8125
S70-D86	NIRSCWAMPLITUDE	70	86	685	n/a	7.8125
S71-D86	NIRSCWAMPLITUDE	71	86	685	n/a	7.8125
S72-D86	NIRSCWAMPLITUDE	72	86	685	n/a	7.8125
S73-D86	NIRSCWAMPLITUDE	73	86	685	n/a	7.8125
S74-D86	NIRSCWAMPLITUDE	74	86	685	n/a	7.8125
S75-D86	NIRSCWAMPLITUDE	75	86	685	n/a	7.8125
S76-D86	NIRSCWAMPLITUDE	76	86	685	n/a	7.8125
S77-D86	NIRSCWAMPLITUDE	77	86	685	n/a	7.8125
S78-D86	NIRSCWAMPLITUDE	78	86	685	n/a	7.8125
S79-D86	NIRSCWAMPLITUDE	79	86	685	n/a	7.8125
S80-D86	NIRSCWAMPLITUDE	80	86	685	n/a	7.8125
S81-D86	NIRSCWAMPLITUDE	81	86	685	n/a	7.8125
S82-D86	NIRSCWAMPLITUDE	82	86	685	n/a	7.8125
S83-D86	NIRSCWAMPLITUDE	83	86	685	n/a	7.8125
S84-D86	NIRSCWAMPLITUDE	84	86	685	n/a	7.8125
S85-D86	NIRSCWAMPLITUDE	85	86	685	n/a	7.8125
S86-D86	NIRSCWAMPLITUDE	86	86	685	n/a	7.8125
S87-D86	NIRSCWAMPLITUDE	87	86	685	n/a	7.8125
S88-D86	NIRSCWAMPLITUDE	88	86	685	n/a	7.8125
S89-D86	NIRSCWAMPLITUDE	89	86	685	n/a	7.8125
S90-D86	NIRSCWAMPLITUDE	90	86	685	n/a	7.8125
S91-D86	NIRSCWAMPLITUDE	91	86	685	n/a	7.8125
S92-D86	NIRSCWAMPLITUDE	92	86	685	n/a	7.8125
S93-D86	NIRSCWAMPLITUDE	93	86	685	n/a	7.8125
S94-D86	NIRSCWAMPLITUDE	94	86	685	n/a	7.8125
S95-D86	NIRSCWAMPLITUDE	95	86	685	n/a	7.8125
S96-D86	NIRSCWAMPLITUDE	96	86	685	n/a	7.8125
S97-D86	NIRSCWAMPLITUDE	97	86	685	n/a	7.8125
S98-D86	NIRSCWAMPLITUDE	98	86	685	n/a	7.8125
S99-D86	NIRSCWAMPLITUDE	99	86	685	n/a	7.8125
S100-D86	NIRSCWAMPLITUDE	100	86	685	n/a	7.8125
S101-D86	NIRSCWAMPLITUDE	101	86	685	n/a	7.8125
S102-D86	NIRSCWAMPLITUDE	102	86	685	n/a	7.8125
S103-D86	NIRSCWAMPLITUDE	103	86	685	n/a	7.8125
S104-D86	NIRSCWAMPLITUDE	104	86	685	n/a	7.8125
S105-D86	NIRSCWAMPLITUDE	105	86	685	n/a	7.8125
S107-D86	NIRSCWAMPLITUDE	107	86	685	n/a	7.8125
S108-D86	NIRSCWAMPLITUDE	108	86	685	n/a	7.8125
S109-D86	NIRSCWAMPLITUDE	109	86	685	n/a	7.8125
S110-D86	NIRSCWAMPLITUDE	110	86	685	n/a	7.8125
S111-D86	NIRSCWAMPLITUDE	111	86	685	n/a	7.8125
S193-D86	NIRSCWAMPLITUDE	193	86	685	n/a	7.8125
S67-D87	NIRSCWAMPLITUDE	67	87	685	n/a	7.8125
S68-D87	NIRSCWAMPLITUDE	68	87	685	n/a	7.8125
S69-D87	NIRSCWAMPLITUDE	69	87	685	n/a	7.8125
S70-D87	NIRSCWAMPLITUDE	70	87	685	n/a	7.8125
S71-D87	NIRSCWAMPLITUDE	71	87	685	n/a	7.8125
S72-D87	NIRSCWAMPLITUDE	72	87	685	n/a	7.8125
S73-D87	NIRSCWAMPLITUDE	73	87	685	n/a	7.8125
S74-D87	NIRSCWAMPLITUDE	74	87	685	n/a	7.8125
S75-D87	NIRSCWAMPLITUDE	75	87	685	n/a	7.8125
S76-D87	NIRSCWAMPLITUDE	76	87	685	n/a	7.8125
S77-D87	NIRSCWAMPLITUDE	77	87	685	n/a	7.8125
S78-D87	NIRSCWAMPLITUDE	78	87	685	n/a	7.8125
S79-D87	NIRSCWAMPLITUDE	79	87	685	n/a	7.8125
S80-D87	NIRSCWAMPLITUDE	80	87	685	n/a	7.8125
S81-D87	NIRSCWAMPLITUDE	81	87	685	n/a	7.8125
S82-D87	NIRSCWAMPLITUDE	82	87	685	n/a	7.8125
S83-D87	NIRSCWAMPLITUDE	83	87	685	n/a	7.8125
S84-D87	NIRSCWAMPLITUDE	84	87	685	n/a	7.8125
S85-D87	NIRSCWAMPLITUDE	85	87	685	n/a	7.8125
S86-D87	NIRSCWAMPLITUDE	86	87	685	n/a	7.8125
S87-D87	NIRSCWAMPLITUDE	87	87	685	n/a	7.8125
S88-D87	NIRSCWAMPLITUDE	88	87	685	n/a	7.8125
S89-D87	NIRSCWAMPLITUDE	89	87	685	n/a	7.8125
S90-D87	NIRSCWAMPLITUDE	90	87	685	n/a	7.8125
S91-D87	NIRSCWAMPLITUDE	91	87	685	n/a	7.8125
S92-D87	NIRSCWAMPLITUDE	92	87	685	n/a	7.8125
S93-D87	NIRSCWAMPLITUDE	93	87	685	n/a	7.8125
S94-D87	NIRSCWAMPLITUDE	94	87	685	n/a	7.8125
S95-D87	NIRSCWAMPLITUDE	95	87	685	n/a	7.8125
S96-D87	NIRSCWAMPLITUDE	96	87	685	n/a	7.8125
S97-D87	NIRSCWAMPLITUDE	97	87	685	n/a	7.8125
S98-D87	NIRSCWAMPLITUDE	98	87	685	n/a	7.8125
S99-D87	NIRSCWAMPLITUDE	99	87	685	n/a	7.8125
S101-D87	NIRSCWAMPLITUDE	101	87	685	n/a	7.8125
S102-D87	NIRSCWAMPLITUDE	102	87	685	n/a	7.8125
S103-D87	NIRSCWAMPLITUDE	103	87	685	n/a	7.8125
S104-D87	NIRSCWAMPLITUDE	104	87	685	n/a	7.8125
S105-D87	NIRSCWAMPLITUDE	105	87	685	n/a	7.8125
S108-D87	NIRSCWAMPLITUDE	108	87	685	n/a	7.8125
S109-D87	NIRSCWAMPLITUDE	109	87	685	n/a	7.8125
S110-D87	NIRSCWAMPLITUDE	110	87	685	n/a	7.8125
S111-D87	NIRSCWAMPLITUDE	111	87	685	n/a	7.8125
S193-D87	NIRSCWAMPLITUDE	193	87	685	n/a	7.8125
S198-D87	NIRSCWAMPLITUDE	198	87	685	n/a	7.8125
S208-D87	NIRSCWAMPLITUDE	208	87	685	n/a	7.8125
S219-D87	NIRSCWAMPLITUDE	219	87	685	n/a	7.8125
S251-D87	NIRSCWAMPLITUDE	251	87	685	n/a	7.8125
S68-D88	NIRSCWAMPLITUDE	68	88	685	n/a	7.8125
S69-D88	NIRSCWAMPLITUDE	69	88	685	n/a	7.8125
S70-D88	NIRSCWAMPLITUDE	70	88	685	n/a	7.8125
S72-D88	NIRSCWAMPLITUDE	72	88	685	n/a	7.8125
S73-D88	NIRSCWAMPLITUDE	73	88	685	n/a	7.8125
S74-D88	NIRSCWAMPLITUDE	74	88	685	n/a	7.8125
S75-D88	NIRSCWAMPLITUDE	75	88	685	n/a	7.8125
S77-D88	NIRSCWAMPLITUDE	77	88	685	n/a	7.8125
S78-D88	NIRSCWAMPLITUDE	78	88	685	n/a	7.8125
S79-D88	NIRSCWAMPLITUDE	79	88	685	n/a	7.8125
S80-D88	NIRSCWAMPLITUDE	80	88	685	n/a	7.8125
S81-D88	NIRSCWAMPLITUDE	81	88	685	n/a	7.8125
S83-D88	NIRSCWAMPLITUDE	83	88	685	n/a	7.8125
S84-D88	NIRSCWAMPLITUDE	84	88	685	n/a	7.8125
S85-D88	NIRSCWAMPLITUDE	85	88	685	n/a	7.8125
S86-D88	NIRSCWAMPLITUDE	86	88	685	n/a	7.8125
S87-D88	NIRSCWAMPLITUDE	87	88	685	n/a	7.8125
S89-D88	NIRSCWAMPLITUDE	89	88	685	n/a	7.8125
S90-D88	NIRSCWAMPLITUDE	90	88	685	n/a	7.8125
S91-D88	NIRSCWAMPLITUDE	91	88	685	n/a	7.8125
S92-D88	NIRSCWAMPLITUDE	92	88	685	n/a	7.8125
S93-D88	NIRSCWAMPLITUDE	93	88	685	n/a	7.8125
S95-D88	NIRSCWAMPLITUDE	95	88	685	n/a	7.8125
S96-D88	NIRSCWAMPLITUDE	96	88	685	n/a	7.8125
S97-D88	NIRSCWAMPLITUDE	97	88	685	n/a	7.8125
S98-D88	NIRSCWAMPLITUDE	98	88	685	n/a	7.8125
S99-D88	NIRSCWAMPLITUDE	99	88	685	n/a	7.8125
S101-D88	NIRSCWAMPLITUDE	101	88	685	n/a	7.8125
S102-D88	NIRSCWAMPLITUDE	102	88	685	n/a	7.8125
S103-D88	NIRSCWAMPLITUDE	103	88	685	n/a	7.8125
S104-D88	NIRSCWAMPLITUDE	104	88	685	n/a	7.8125
S105-D88	NIRSCWAMPLITUDE	105	88	685	n/a	7.8125
S108-D88	NIRSCWAMPLITUDE	108	88	685	n/a	7.8125
S109-D88	NIRSCWAMPLITUDE	109	88	685	n/a	7.8125
S110-D88	NIRSCWAMPLITUDE	110	88	685	n/a	7.8125
S111-D88	NIRSCWAMPLITUDE	111	88	685	n/a	7.8125
S116-D88	NIRSCWAMPLITUDE	116	88	685	n/a	7.8125
S117-D88	NIRSCWAMPLITUDE	117	88	685	n/a	7.8125
S193-D88	NIRSCWAMPLITUDE	193	88	685	n/a	7.8125
S198-D88	NIRSCWAMPLITUDE	198	88	685	n/a	7.8125
S199-D88	NIRSCWAMPLITUDE	199	88	685	n/a	7.8125
S208-D88	NIRSCWAMPLITUDE	208	88	685	n/a	7.8125
S219-D88	NIRSCWAMPLITUDE	219	88	685	n/a	7.8125
S220-D88	NIRSCWAMPLITUDE	220	88	685	n/a	7.8125
S230-D88	NIRSCWAMPLITUDE	230	88	685	n/a	7.8125
S251-D88	NIRSCWAMPLITUDE	251	88	685	n/a	7.8125
S71-D89	NIRSCWAMPLITUDE	71	89	685	n/a	7.8125
S72-D89	NIRSCWAMPLITUDE	72	89	685	n/a	7.8125
S76-D89	NIRSCWAMPLITUDE	76	89	685	n/a	7.8125
S77-D89	NIRSCWAMPLITUDE	77	89	685	n/a	7.8125
S78-D89	NIRSCWAMPLITUDE	78	89	685	n/a	7.8125
S82-D89	NIRSCWAMPLITUDE	82	89	685	n/a	7.8125
S83-D89	NIRSCWAMPLITUDE	83	89	685	n/a	7.8125
S84-D89	NIRSCWAMPLITUDE	84	89	685	n/a	7.8125
S85-D89	NIRSCWAMPLITUDE	85	89	685	n/a	7.8125
S88-D89	NIRSCWAMPLITUDE	88	89	685	n/a	7.8125
S89-D89	NIRSCWAMPLITUDE	89	89	685	n/a	7.8125
S90-D89	NIRSCWAMPLITUDE	90	89	685	n/a	7.8125
S91-D89	NIRSCWAMPLITUDE	91	89	685	n/a	7.8125
S94-D89	NIRSCWAMPLITUDE	94	89	685	n/a	7.8125
S95-D89	NIRSCWAMPLITUDE	95	89	685	n/a	7.8125
S96-D89	NIRSCWAMPLITUDE	96	89	685	n/a	7.8125
S97-D89	NIRSCWAMPLITUDE	97	89	685	n/a	7.8125
S100-D89	NIRSCWAMPLITUDE	100	89	685	n/a	7.8125
S101-D89	NIRSCWAMPLITUDE	101	89	685	n/a	7.8125
S102-D89	NIRSCWAMPLITUDE	102	89	685	n/a	7.8125
S103-D89	NIRSCWAMPLITUDE	103	89	685	n/a	7.8125
S106-D89	NIRSCWAMPLITUDE	106	89	685	n/a	7.8125
S107-D89	NIRSCWAMPLITUDE	107	89	685	n/a	7.8125
S108-D89	NIRSCWAMPLITUDE	108	89	685	n/a	7.8125
S112-D89	NIRSCWAMPLITUDE	112	89	685	n/a	7.8125
S113-D89	NIRSCWAMPLITUDE	113	89	685	n/a	7.8125
S71-D90	NIRSCWAMPLITUDE	71	90	685	n/a	7.8125
S72-D90	NIRSCWAMPLITUDE	72	90	685	n/a	7.8125
S73-D90	NIRSCWAMPLITUDE	73	90	685	n/a	7.8125
S76-D90	NIRSCWAMPLITUDE	76	90	685	n/a	7.8125
S77-D90	NIRSCWAMPLITUDE	77	90	685	n/a	7.8125
S78-D90	NIRSCWAMPLITUDE	78	90	685	n/a	7.8125
S79-D90	NIRSCWAMPLITUDE	79	90	685	n/a	7.8125
S82-D90	NIRSCWAMPLITUDE	82	90	685	n/a	7.8125
S83-D90	NIRSCWAMPLITUDE	83	90	685	n/a	7.8125
S84-D90	NIRSCWAMPLITUDE	84	90	685	n/a	7.8125
S85-D90	NIRSCWAMPLITUDE	85	90	685	n/a	7.8125
S86-D90	NIRSCWAMPLITUDE	86	90	685	n/a	7.8125
S88-D90	NIRSCWAMPLITUDE	88	90	685	n/a	7.8125
S89-D90	NIRSCWAMPLITUDE	89	90	685	n/a	7.8125
S90-D90	NIRSCWAMPLITUDE	90	90	685	n/a	7.8125
S91-D90	NIRSCWAMPLITUDE	91	90	685	n/a	7.8125
S92-D90	NIRSCWAMPLITUDE	92	90	685	n/a	7.8125
S94-D90	NIRSCWAMPLITUDE	94	90	685	n/a	7.8125
S95-D90	NIRSCWAMPLITUDE	95	90	685	n/a	7.8125
S96-D90	NIRSCWAMPLITUDE	96	90	685	n/a	7.8125
S97-D90	NIRSCWAMPLITUDE	97	90	685	n/a	7.8125
S98-D90	NIRSCWAMPLITUDE	98	90	685	n/a	7.8125
S100-D90	NIRSCWAMPLITUDE	100	90	685	n/a	7.8125
S101-D90	NIRSCWAMPLITUDE	101	90	685	n/a	7.8125
S102-D90	NIRSCWAMPLITUDE	102	90	685	n/a	7.8125
S103-D90	NIRSCWAMPLITUDE	103	90	685	n/a	7.8125
S104-D90	NIRSCWAMPLITUDE	104	90	685	n/a	7.8125
S106-D90	NIRSCWAMPLITUDE	106	90	685	n/a	7.8125
S107-D90	NIRSCWAMPLITUDE	107	90	685	n/a	7.8125
S108-D90	NIRSCWAMPLITUDE	108	90	685	n/a	7.8125
S109-D90	NIRSCWAMPLITUDE	109	90	685	n/a	7.8125
S112-D90	NIRSCWAMPLITUDE	112	90	685	n/a	7.8125
S113-D90	NIRSCWAMPLITUDE	113	90	685	n/a	7.8125
S114-D90	NIRSCWAMPLITUDE	114	90	685	n/a	7.8125
S71-D91	NIRSCWAMPLITUDE	71	91	685	n/a	7.8125
S72-D91	NIRSCWAMPLITUDE	72	91	685	n/a	7.8125
S73-D91	NIRSCWAMPLITUDE	73	91	685	n/a	7.8125
S74-D91	NIRSCWAMPLITUDE	74	91	685	n/a	7.8125
S76-D91	NIRSCWAMPLITUDE	76	91	685	n/a	7.8125
S77-D91	NIRSCWAMPLITUDE	77	91	685	n/a	7.8125
S78-D91	NIRSCWAMPLITUDE	78	91	685	n/a	7.8125
S79-D91	NIRSCWAMPLITUDE	79	91	685	n/a	7.8125
S80-D91	NIRSCWAMPLITUDE	80	91	685	n/a	7.8125
S81-D91	NIRSCWAMPLITUDE	81	91	685	n/a	7.8125
S82-D91	NIRSCWAMPLITUDE	82	91	685	n/a	7.8125
S83-D91	NIRSCWAMPLITUDE	83	91	685	n/a	7.8125
S84-D91	NIRSCWAMPLITUDE	84	91	685	n/a	7.8125
S85-D91	NIRSCWAMPLITUDE	85	91	685	n/a	7.8125
S86-D91	NIRSCWAMPLITUDE	86	91	685	n/a	7.8125
S87-D91	NIRSCWAMPLITUDE	87	91	685	n/a	7.8125
S88-D91	NIRSCWAMPLITUDE	88	91	685	n/a	7.8125
S89-D91	NIRSCWAMPLITUDE	89	91	685	n/a	7.8125
S90-D91	NIRSCWAMPLITUDE	90	91	685	n/a	7.8125
S91-D91	NIRSCWAMPLITUDE	91	91	685	n/a	7.8125
S92-D91	NIRSCWAMPLITUDE	92	91	685	n/a	7.8125
S93-D91	NIRSCWAMPLITUDE	93	91	685	n/a	7.8125
S94-D91	NIRSCWAMPLITUDE	94	91	685	n/a	7.8125
S95-D91	NIRSCWAMPLITUDE	95	91	685	n/a	7.8125
S96-D91	NIRSCWAMPLITUDE	96	91	685	n/a	7.8125
S97-D91	NIRSCWAMPLITUDE	97	91	685	n/a	7.8125
S98-D91	NIRSCWAMPLITUDE	98	91	685	n/a	7.8125
S99-D91	NIRSCWAMPLITUDE	99	91	685	n/a	7.8125
S100-D91	NIRSCWAMPLITUDE	100	91	685	n/a	7.8125
S101-D91	NIRSCWAMPLITUDE	101	91	685	n/a	7.8125
S102-D91	NIRSCWAMPLITUDE	102	91	685	n/a	7.8125
S103-D91	NIRSCWAMPLITUDE	103	91	685	n/a	7.8125
S104-D91	NIRSCWAMPLITUDE	104	91	685	n/a	7.8125
S105-D91	NIRSCWAMPLITUDE	105	91	685	n/a	7.8125
S106-D91	NIRSCWAMPLITUDE	106	91	685	n/a	7.8125
S107-D91	NIRSCWAMPLITUDE	107	91	685	n/a	7.8125
S108-D91	NIRSCWAMPLITUDE	108	91	685	n/a	7.8125
S109-D91	NIRSCWAMPLITUDE	109	91	685	n/a	7.8125
S110-D91	NIRSCWAMPLITUDE	110	91	685	n/a	7.8125
S111-D91	NIRSCWAMPLITUDE	111	91	685	n/a	7.8125
S112-D91	NIRSCWAMPLITUDE	112	91	685	n/a	7.8125
S113-D91	NIRSCWAMPLITUDE	113	91	685	n/a	7.8125
S114-D91	NIRSCWAMPLITUDE	114	91	685	n/a	7.8125
S115-D91	NIRSCWAMPLITUDE	115	91	685	n/a	7.8125
S71-D92	NIRSCWAMPLITUDE	71	92	685	n/a	7.8125
S72-D92	NIRSCWAMPLITUDE	72	92	685	n/a	7.8125
S73-D92	NIRSCWAMPLITUDE	73	92	685	n/a	7.8125
S74-D92	NIRSCWAMPLITUDE	74	92	685	n/a	7.8125
S75-D92	NIRSCWAMPLITUDE	75	92	685	n/a	7.8125
S76-D92	NIRSCWAMPLITUDE	76	92	685	n/a	7.8125
S77-D92	NIRSCWAMPLITUDE	77	92	685	n/a	7.8125
S78-D92	NIRSCWAMPLITUDE	78	92	685	n/a	7.8125
S79-D92	NIRSCWAMPLITUDE	79	92	685	n/a	7.8125
S80-D92	NIRSCWAMPLITUDE	80	92	685	n/a	7.8125
S81-D92	NIRSCWAMPLITUDE	81	92	685	n/a	7.8125
S82-D92	NIRSCWAMPLITUDE	82	92	685	n/a	7.8125
S83-D92	NIRSCWAMPLITUDE	83	92	685	n/a	7.8125
S84-D92	NIRSCWAMPLITUDE	84	92	685	n/a	7.8125
S85-D92	NIRSCWAMPLITUDE	85	92	685	n/a	7.8125
S86-D92	NIRSCWAMPLITUDE	86	92	685	n/a	7.8125
S87-D92	NIRSCWAMPLITUDE	87	92	685	n/a	7.8125
S88-D92	NIRSCWAMPLITUDE	88	92	685	n/a	7.8125
S89-D92	NIRSCWAMPLITUDE	89	92	685	n/a	7.8125
S90-D92	NIRSCWAMPLITUDE	90	92	685	n/a	7.8125
S91-D92	NIRSCWAMPLITUDE	91	92	685	n/a	7.8125
S92-D92	NIRSCWAMPLITUDE	92	92	685	n/a	7.8125
S93-D92	NIRSCWAMPLITUDE	93	92	685	n/a	7.8125
S94-D92	NIRSCWAMPLITUDE	94	92	685	n/a	7.8125
S95-D92	NIRSCWAMPLITUDE	95	92	685	n/a	7.8125
S96-D92	NIRSCWAMPLITUDE	96	92	685	n/a	7.8125
S97-D92	NIRSCWAMPLITUDE	97	92	685	n/a	7.8125
S98-D92	NIRSCWAMPLITUDE	98	92	685	n/a	7.8125
S99-D92	NIRSCWAMPLITUDE	99	92	685	n/a	7.8125
S100-D92	NIRSCWAMPLITUDE	100	92	685	n/a	7.8125
S101-D92	NIRSCWAMPLITUDE	101	92	685	n/a	7.8125
S102-D92	NIRSCWAMPLITUDE	102	92	685	n/a	7.8125
S103-D92	NIRSCWAMPLITUDE	103	92	685	n/a	7.8125
S104-D92	NIRSCWAMPLITUDE	104	92	685	n/a	7.8125
S105-D92	NIRSCWAMPLITUDE	105	92	685	n/a	7.8125
S106-D92	NIRSCWAMPLITUDE	106	92	685	n/a	7.8125
S107-D92	NIRSCWAMPLITUDE	107	92	685	n/a	7.8125
S108-D92	NIRSCWAMPLITUDE	108	92	685	n/a	7.8125
S109-D92	NIRSCWAMPLITUDE	109	92	685	n/a	7.8125
S110-D92	NIRSCWAMPLITUDE	110	92	685	n/a	7.8125
S111-D92	NIRSCWAMPLITUDE	111	92	685	n/a	7.8125
S113-D92	NIRSCWAMPLITUDE	113	92	685	n/a	7.8125
S114-D92	NIRSCWAMPLITUDE	114	92	685	n/a	7.8125
S115-D92	NIRSCWAMPLITUDE	115	92	685	n/a	7.8125
S116-D92	NIRSCWAMPLITUDE	116	92	685	n/a	7.8125
S117-D92	NIRSCWAMPLITUDE	117	92	685	n/a	7.8125
S193-D92	NIRSCWAMPLITUDE	193	92	685	n/a	7.8125
S72-D93	NIRSCWAMPLITUDE	72	93	685	n/a	7.8125
S73-D93	NIRSCWAMPLITUDE	73	93	685	n/a	7.8125
S74-D93	NIRSCWAMPLITUDE	74	93	685	n/a	7.8125
S75-D93	NIRSCWAMPLITUDE	75	93	685	n/a	7.8125
S76-D93	NIRSCWAMPLITUDE	76	93	685	n/a	7.8125
S77-D93	NIRSCWAMPLITUDE	77	93	685	n/a	7.8125
S78-D93	NIRSCWAMPLITUDE	78	93	685	n/a	7.8125
S79-D93	NIRSCWAMPLITUDE	79	93	685	n/a	7.8125
S80-D93	NIRSCWAMPLITUDE	80	93	685	n/a	7.8125
S81-D93	NIRSCWAMPLITUDE	81	93	685	n/a	7.8125
S82-D93	NIRSCWAMPLITUDE	82	93	685	n/a	7.8125
S83-D93	NIRSCWAMPLITUDE	83	93	685	n/a	7.8125
S84-D93	NIRSCWAMPLITUDE	84	93	685	n/a	7.8125
S85-D93	NIRSCWAMPLITUDE	85	93	685	n/a	7.8125
S86-D93	NIRSCWAMPLITUDE	86	93	685	n/a	7.8125
S87-D93	NIRSCWAMPLITUDE	87	93	685	n/a	7.8125
S88-D93	NIRSCWAMPLITUDE	88	93	685	n/a	7.8125
S89-D93	NIRSCWAMPLITUDE	89	93	685	n/a	7.8125
S90-D93	NIRSCWAMPLITUDE	90	93	685	n/a	7.8125
S91-D93	NIRSCWAMPLITUDE	91	93	685	n/a	7.8125
S92-D93	NIRSCWAMPLITUDE	92	93	685	n/a	7.8125
S93-D93	NIRSCWAMPLITUDE	93	93	685	n/a	7.8125
S94-D93	NIRSCWAMPLITUDE	94	93	685	n/a	7.8125
S95-D93	NIRSCWAMPLITUDE	95	93	685	n/a	7.8125
S96-D93	NIRSCWAMPLITUDE	96	93	685	n/a	7.8125
S97-D93	NIRSCWAMPLITUDE	97	93	685	n/a	7.8125
S98-D93	NIRSCWAMPLITUDE	98	93	685	n/a	7.8125
S99-D93	NIRSCWAMPLITUDE	99	93	685	n/a	7.8125
S100-D93	NIRSCWAMPLITUDE	100	93	685	n/a	7.8125
S101-D93	NIRSCWAMPLITUDE	101	93	685	n/a	7.8125
S102-D93	NIRSCWAMPLITUDE	102	93	685	n/a	7.8125
S103-D93	NIRSCWAMPLITUDE	103	93	685	n/a	7.8125
S104-D93	NIRSCWAMPLITUDE	104	93	685	n/a	7.8125
S105-D93	NIRSCWAMPLITUDE	105	93	685	n/a	7.8125
S106-D93	NIRSCWAMPLITUDE	106	93	685	n/a	7.8125
S107-D93	NIRSCWAMPLITUDE	107	93	685	n/a	7.8125
S108-D93	NIRSCWAMPLITUDE	108	93	685	n/a	7.8125
S109-D93	NIRSCWAMPLITUDE	109	93	685	n/a	7.8125
S110-D93	NIRSCWAMPLITUDE	110	93	685	n/a	7.8125
S111-D93	NIRSCWAMPLITUDE	111	93	685	n/a	7.8125
S113-D93	NIRSCWAMPLITUDE	113	93	685	n/a	7.8125
S114-D93	NIRSCWAMPLITUDE	114	93	685	n/a	7.8125
S115-D93	NIRSCWAMPLITUDE	115	93	685	n/a	7.8125
S116-D93	NIRSCWAMPLITUDE	116	93	685	n/a	7.8125
S117-D93	NIRSCWAMPLITUDE	117	93	685	n/a	7.8125
S193-D93	NIRSCWAMPLITUDE	193	93	685	n/a	7.8125
S219-D93	NIRSCWAMPLITUDE	219	93	685	n/a	7.8125
S251-D93	NIRSCWAMPLITUDE	251	93	685	n/a	7.8125
S73-D94	NIRSCWAMPLITUDE	73	94	685	n/a	7.8125
S74-D94	NIRSCWAMPLITUDE	74	94	685	n/a	7.8125
S75-D94	NIRSCWAMPLITUDE	75	94	685	n/a	7.8125
S77-D94	NIRSCWAMPLITUDE	77	94	685	n/a	7.8125
S78-D94	NIRSCWAMPLITUDE	78	94	685	n/a	7.8125
S79-D94	NIRSCWAMPLITUDE	79	94	685	n/a	7.8125
S80-D94	NIRSCWAMPLITUDE	80	94	685	n/a	7.8125
S81-D94	NIRSCWAMPLITUDE	81	94	685	n/a	7.8125
S83-D94	NIRSCWAMPLITUDE	83	94	685	n/a	7.8125
S84-D94	NIRSCWAMPLITUDE	84	94	685	n/a	7.8125
S85-D94	NIRSCWAMPLITUDE	85	94	685	n/a	7.8125
S86-D94	NIRSCWAMPLITUDE	86	94	685	n/a	7.8125
S87-D94	NIRSCWAMPLITUDE	87	94	685	n/a	7.8125
S89-D94	NIRSCWAMPLITUDE	89	94	685	n/a	7.8125
S90-D94	NIRSCWAMPLITUDE	90	94	685	n/a	7.8125
S91-D94	NIRSCWAMPLITUDE	91	94	685	n/a	7.8125
S92-D94	NIRSCWAMPLITUDE	92	94	685	n/a	7.8125
S93-D94	NIRSCWAMPLITUDE	93	94	685	n/a	7.8125
S95-D94	NIRSCWAMPLITUDE	95	94	685	n/a	7.8125
S96-D94	NIRSCWAMPLITUDE	96	94	685	n/a	7.8125
S97-D94	NIRSCWAMPLITUDE	97	94	685	n/a	7.8125
S98-D94	NIRSCWAMPLITUDE	98	94	685	n/a	7.8125
S99-D94	NIRSCWAMPLITUDE	99	94	685	n/a	7.8125
S101-D94	NIRSCWAMPLITUDE	101	94	685	n/a	7.8125
S102-D94	NIRSCWAMPLITUDE	102	94	685	n/a	7.8125
S103-D94	NIRSCWAMPLITUDE	103	94	685	n/a	7.8125
S104-D94	NIRSCWAMPLITUDE	104	94	685	n/a	7.8125
S105-D94	NIRSCWAMPLITUDE	105	94	685	n/a	7.8125
S107-D94	NIRSCWAMPLITUDE	107	94	685	n/a	7.8125
S108-D94	NIRSCWAMPLITUDE	108	94	685	n/a	7.8125
S109-D94	NIRSCWAMPLITUDE	109	94	685	n/a	7.8125
S110-D94	NIRSCWAMPLITUDE	110	94	685	n/a	7.8125
S111-D94	NIRSCWAMPLITUDE	111	94	685	n/a	7.8125
S114-D94	NIRSCWAMPLITUDE	114	94	685	n/a	7.8125
S115-D94	NIRSCWAMPLITUDE	115	94	685	n/a	7.8125
S116-D94	NIRSCWAMPLITUDE	116	94	685	n/a	7.8125
S117-D94	NIRSCWAMPLITUDE	117	94	685	n/a	7.8125
S122-D94	NIRSCWAMPLITUDE	122	94	685	n/a	7.8125
S193-D94	NIRSCWAMPLITUDE	193	94	685	n/a	7.8125
S198-D94	NIRSCWAMPLITUDE	198	94	685	n/a	7.8125
S208-D94	NIRSCWAMPLITUDE	208	94	685	n/a	7.8125
S219-D94	NIRSCWAMPLITUDE	219	94	685	n/a	7.8125
S220-D94	NIRSCWAMPLITUDE	220	94	685	n/a	7.8125
S230-D94	NIRSCWAMPLITUDE	230	94	685	n/a	7.8125
S251-D94	NIRSCWAMPLITUDE	251	94	685	n/a	7.8125
S76-D95	NIRSCWAMPLITUDE	76	95	685	n/a	7.8125
S77-D95	NIRSCWAMPLITUDE	77	95	685	n/a	7.8125
S82-D95	NIRSCWAMPLITUDE	82	95	685	n/a	7.8125
S83-D95	NIRSCWAMPLITUDE	83	95	685	n/a	7.8125
S84-D95	NIRSCWAMPLITUDE	84	95	685	n/a	7.8125
S88-D95	NIRSCWAMPLITUDE	88	95	685	n/a	7.8125
S89-D95	NIRSCWAMPLITUDE	89	95	685	n/a	7.8125
S90-D95	NIRSCWAMPLITUDE	90	95	685	n/a	7.8125
S91-D95	NIRSCWAMPLITUDE	91	95	685	n/a	7.8125
S94-D95	NIRSCWAMPLITUDE	94	95	685	n/a	7.8125
S95-D95	NIRSCWAMPLITUDE	95	95	685	n/a	7.8125
S96-D95	NIRSCWAMPLITUDE	96	95	685	n/a	7.8125
S97-D95	NIRSCWAMPLITUDE	97	95	685	n/a	7.8125
S100-D95	NIRSCWAMPLITUDE	100	95	685	n/a	7.8125
S101-D95	NIRSCWAMPLITUDE	101	95	685	n/a	7.8125
S102-D95	NIRSCWAMPLITUDE	102	95	685	n/a	7.8125
S103-D95	NIRSCWAMPLITUDE	103	95	685	n/a	7.8125
S106-D95	NIRSCWAMPLITUDE	106	95	685	n/a	7.8125
S107-D95	NIRSCWAMPLITUDE	107	95	685	n/a	7.8125
S108-D95	NIRSCWAMPLITUDE	108	95	685	n/a	7.8125
S109-D95	NIRSCWAMPLITUDE	109	95	685	n/a	7.8125
S112-D95	NIRSCWAMPLITUDE	112	95	685	n/a	7.8125
S113-D95	NIRSCWAMPLITUDE	113	95	685	n/a	7.8125
S114-D95	NIRSCWAMPLITUDE	114	95	685	n/a	7.8125
S118-D95	NIRSCWAMPLITUDE	118	95	685	n/a	7.8125
S119-D95	NIRSCWAMPLITUDE	119	95	685	n/a	7.8125
S76-D96	NIRSCWAMPLITUDE	76	96	685	n/a	7.8125
S77-D96	NIRSCWAMPLITUDE	77	96	685	n/a	7.8125
S78-D96	NIRSCWAMPLITUDE	78	96	685	n/a	7.8125
S82-D96	NIRSCWAMPLITUDE	82	96	685	n/a	7.8125
S83-D96	NIRSCWAMPLITUDE	83	96	685	n/a	7.8125
S84-D96	NIRSCWAMPLITUDE	84	96	685	n/a	7.8125
S85-D96	NIRSCWAMPLITUDE	85	96	685	n/a	7.8125
S86-D96	NIRSCWAMPLITUDE	86	96	685	n/a	7.8125
S88-D96	NIRSCWAMPLITUDE	88	96	685	n/a	7.8125
S89-D96	NIRSCWAMPLITUDE	89	96	685	n/a	7.8125
S90-D96	NIRSCWAMPLITUDE	90	96	685	n/a	7.8125
S91-D96	NIRSCWAMPLITUDE	91	96	685	n/a	7.8125
S92-D96	NIRSCWAMPLITUDE	92	96	685	n/a	7.8125
S94-D96	NIRSCWAMPLITUDE	94	96	685	n/a	7.8125
S95-D96	NIRSCWAMPLITUDE	95	96	685	n/a	7.8125
S96-D96	NIRSCWAMPLITUDE	96	96	685	n/a	7.8125
S97-D96	NIRSCWAMPLITUDE	97	96	685	n/a	7.8125
S98-D96	NIRSCWAMPLITUDE	98	96	685	n/a	7.8125
S100-D96	NIRSCWAMPLITUDE	100	96	685	n/a	7.8125
S101-D96	NIRSCWAMPLITUDE	101	96	685	n/a	7.8125
S102-D96	NIRSCWAMPLITUDE	102	96	685	n/a	7.8125
S103-D96	NIRSCWAMPLITUDE	103	96	685	n/a	7.8125
S104-D96	NIRSCWAMPLITUDE	104	96	685	n/a	7.8125
S106-D96	NIRSCWAMPLITUDE	106	96	685	n/a	7.8125
S107-D96	NIRSCWAMPLITUDE	107	96	685	n/a	7.8125
S108-D96	NIRSCWAMPLITUDE	108	96	685	n/a	7.8125
S109-D96	NIRSCWAMPLITUDE	109	96	685	n/a	7.8125
S110-D96	NIRSCWAMPLITUDE	110	96	685	n/a	7.8125
S112-D96	NIRSCWAMPLITUDE	112	96	685	n/a	7.8125
S113-D96	NIRSCWAMPLITUDE	113	96	685	n/a	7.8125
S114-D96	NIRSCWAMPLITUDE	114	96	685	n/a	7.8125
S115-D96	NIRSCWAMPLITUDE	115	96	685	n/a	7.8125
S118-D96	NIRSCWAMPLITUDE	118	96	685	n/a	7.8125
S119-D96	NIRSCWAMPLITUDE	119	96	685	n/a	7.8125
S120-D96	NIRSCWAMPLITUDE	120	96	685	n/a	7.8125
S76-D97	NIRSCWAMPLITUDE	76	97	685	n/a	7.8125
S77-D97	NIRSCWAMPLITUDE	77	97	685	n/a	7.8125
S78-D97	NIRSCWAMPLITUDE	78	97	685	n/a	7.8125
S79-D97	NIRSCWAMPLITUDE	79	97	685	n/a	7.8125
S82-D97	NIRSCWAMPLITUDE	82	97	685	n/a	7.8125
S83-D97	NIRSCWAMPLITUDE	83	97	685	n/a	7.8125
S84-D97	NIRSCWAMPLITUDE	84	97	685	n/a	7.8125
S85-D97	NIRSCWAMPLITUDE	85	97	685	n/a	7.8125
S86-D97	NIRSCWAMPLITUDE	86	97	685	n/a	7.8125
S87-D97	NIRSCWAMPLITUDE	87	97	685	n/a	7.8125
S88-D97	NIRSCWAMPLITUDE	88	97	685	n/a	7.8125
S89-D97	NIRSCWAMPLITUDE	89	97	685	n/a	7.8125
S90-D97	NIRSCWAMPLITUDE	90	97	685	n/a	7.8125
S91-D97	NIRSCWAMPLITUDE	91	97	685	n/a	7.8125
S92-D97	NIRSCWAMPLITUDE	92	97	685	n/a	7.8125
S93-D97	NIRSCWAMPLITUDE	93	97	685	n/a	7.8125
S94-D97	NIRSCWAMPLITUDE	94	97	685	n/a	7.8125
S95-D97	NIRSCWAMPLITUDE	95	97	685	n/a	7.8125
S96-D97	NIRSCWAMPLITUDE	96	97	685	n/a	7.8125
S97-D97	NIRSCWAMPLITUDE	97	97	685	n/a	7.8125
S98-D97	NIRSCWAMPLITUDE	98	97	685	n/a	7.8125
S99-D97	NIRSCWAMPLITUDE	99	97	685	n/a	7.8125
S100-D97	NIRSCWAMPLITUDE	100	97	685	n/a	7.8125
S101-D97	NIRSCWAMPLITUDE	101	97	685	n/a	7.8125
S102-D97	NIRSCWAMPLITUDE	102	97	685	n/a	7.8125
S103-D97	NIRSCWAMPLITUDE	103	97	685	n/a	7.8125
S104-D97	NIRSCWAMPLITUDE	104	97	685	n/a	7.8125
S105-D97	NIRSCWAMPLITUDE	105	97	685	n/a	7.8125
S106-D97	NIRSCWAMPLITUDE	106	97	685	n/a	7.8125
S107-D97	NIRSCWAMPLITUDE	107	97	685	n/a	7.8125
S108-D97	NIRSCWAMPLITUDE	108	97	685	n/a	7.8125
S109-D97	NIRSCWAMPLITUDE	109	97	685	n/a	7.8125
S110-D97	NIRSCWAMPLITUDE	110	97	685	n/a	7.8125
S111-D97	NIRSCWAMPLITUDE	111	97	685	n/a	7.8125
S112-D97	NIRSCWAMPLITUDE	112	97	685	n/a	7.8125
S113-D97	NIRSCWAMPLITUDE	113	97	685	n/a	7.8125
S114-D97	NIRSCWAMPLITUDE	114	97	685	n/a	7.8125
S115-D97	NIRSCWAMPLITUDE	115	97	685	n/a	7.8125
S116-D97	NIRSCWAMPLITUDE	116	97	685	n/a	7.8125
S118-D97	NIRSCWAMPLITUDE	118	97	685	n/a	7.8125
S119-D97	NIRSCWAMPLITUDE	119	97	685	n/a	7.8125
S120-D97	NIRSCWAMPLITUDE	120	97	685	n/a	7.8125
S121-D97	NIRSCWAMPLITUDE	121	97	685	n/a	7.8125
S77-D98	NIRSCWAMPLITUDE	77	98	685	n/a	7.8125
S78-D98	NIRSCWAMPLITUDE	78	98	685	n/a	7.8125
S79-D98	NIRSCWAMPLITUDE	79	98	685	n/a	7.8125
S80-D98	NIRSCWAMPLITUDE	80	98	685	n/a	7.8125
S81-D98	NIRSCWAMPLITUDE	81	98	685	n/a	7.8125
S82-D98	NIRSCWAMPLITUDE	82	98	685	n/a	7.8125
S83-D98	NIRSCWAMPLITUDE	83	98	685	n/a	7.8125
S84-D98	NIRSCWAMPLITUDE	84	98	685	n/a	7.8125
S85-D98	NIRSCWAMPLITUDE	85	98	685	n/a	7.8125
S86-D98	NIRSCWAMPLITUDE	86	98	685	n/a	7.8125
S87-D98	NIRSCWAMPLITUDE	87	98	685	n/a	7.8125
S88-D98	NIRSCWAMPLITUDE	88	98	685	n/a	7.8125
S89-D98	NIRSCWAMPLITUDE	89	98	685	n/a	7.8125
S90-D98	NIRSCWAMPLITUDE	90	98	685	n/a	7.8125
S91-D98	NIRSCWAMPLITUDE	91	98	685	n/a	7.8125
S92-D98	NIRSCWAMPLITUDE	92	98	685	n/a	7.8125
S93-D98	NIRSCWAMPLITUDE	93	98	685	n/a	7.8125
S94-D98	NIRSCWAMPLITUDE	94	98	685	n/a	7.8125
S95-D98	NIRSCWAMPLITUDE	95	98	685	n/a	7.8125
S96-D98	NIRSCWAMPLITUDE	96	98	685	n/a	7.8125
S97-D98	NIRSCWAMPLITUDE	97	98	685	n/a	7.8125
S98-D98	NIRSCWAMPLITUDE	98	98	685	n/a	7.8125
S99-D98	NIRSCWAMPLITUDE	99	98	685	n/a	7.8125
S100-D98	NIRSCWAMPLITUDE	100	98	685	n/a	7.8125
S101-D98	NIRSCWAMPLITUDE	101	98	685	n/a	7.8125
S102-D98	NIRSCWAMPLITUDE	102	98	685	n/a	7.8125
S103-D98	NIRSCWAMPLITUDE	103	98	685	n/a	7.8125
S104-D98	NIRSCWAMPLITUDE	104	98	685	n/a	7.8125
S105-D98	NIRSCWAMPLITUDE	105	98	685	n/a	7.8125
S106-D98	NIRSCWAMPLITUDE	106	98	685	n/a	7.8125
S107-D98	NIRSCWAMPLITUDE	107	98	685	n/a	7.8125
S108-D98	NIRSCWAMPLITUDE	108	98	685	n/a	7.8125
S109-D98	NIRSCWAMPLITUDE	109	98	685	n/a	7.8125
S110-D98	NIRSCWAMPLITUDE	110	98	685	n/a	7.8125
S111-D98	NIRSCWAMPLITUDE	111	98	685	n/a	7.8125
S112-D98	NIRSCWAMPLITUDE	112	98	685	n/a	7.8125
S113-D98	NIRSCWAMPLITUDE	113	98	685	n/a	7.8125
S114-D98	NIRSCWAMPLITUDE	114	98	685	n/a	7.8125
S115-D98	NIRSCWAMPLITUDE	115	98	685	n/a	7.8125
S116-D98	NIRSCWAMPLITUDE	116	98	685	n/a	7.8125
S117-D98	NIRSCWAMPLITUDE	117	98	685	n/a	7.8125
S119-D98	NIRSCWAMPLITUDE	119	98	685	n/a	7.8125
S120-D98	NIRSCWAMPLITUDE	120	98	685	n/a	7.8125
S121-D98	NIRSCWAMPLITUDE	121	98	685	n/a	7.8125
S122-D98	NIRSCWAMPLITUDE	122	98	685	n/a	7.8125
S219-D98	NIRSCWAMPLITUDE	219	98	685	n/a	7.8125
S77-D99	NIRSCWAMPLITUDE	77	99	685	n/a	7.8125
S78-D99	NIRSCWAMPLITUDE	78	99	685	n/a	7.8125
S79-D99	NIRSCWAMPLITUDE	79	99	685	n/a	7.8125
S80-D99	NIRSCWAMPLITUDE	80	99	685	n/a	7.8125
S81-D99	NIRSCWAMPLITUDE	81	99	685	n/a	7.8125
S82-D99	NIRSCWAMPLITUDE	82	99	685	n/a	7.8125
S83-D99	NIRSCWAMPLITUDE	83	99	685	n/a	7.8125
S84-D99	NIRSCWAMPLITUDE	84	99	685	n/a	7.8125
S85-D99	NIRSCWAMPLITUDE	85	99	685	n/a	7.8125
S86-D99	NIRSCWAMPLITUDE	86	99	685	n/a	7.8125
S87-D99	NIRSCWAMPLITUDE	87	99	685	n/a	7.8125
S88-D99	NIRSCWAMPLITUDE	88	99	685	n/a	7.8125
S89-D99	NIRSCWAMPLITUDE	89	99	685	n/a	7.8125
S90-D99	NIRSCWAMPLITUDE	90	99	685	n/a	7.8125
S91-D99	NIRSCWAMPLITUDE	91	99	685	n/a	7.8125
S92-D99	NIRSCWAMPLITUDE	92	99	685	n/a	7.8125
S93-D99	NIRSCWAMPLITUDE	93	99	685	n/a	7.8125
S94-D99	NIRSCWAMPLITUDE	94	99	685	n/a	7.8125
S95-D99	NIRSCWAMPLITUDE	95	99	685	n/a	7.8125
S96-D99	NIRSCWAMPLITUDE	96	99	685	n/a	7.8125
S97-D99	NIRSCWAMPLITUDE	97	99	685	n/a	7.8125
S98-D99	NIRSCWAMPLITUDE	98	99	685	n/a	7.8125
S99-D99	NIRSCWAMPLITUDE	99	99	685	n/a	7.8125
S100-D99	NIRSCWAMPLITUDE	100	99	685	n/a	7.8125
S101-D99	NIRSCWAMPLITUDE	101	99	685	n/a	7.8125
S102-D99	NIRSCWAMPLITUDE	102	99	685	n/a	7.8125
S103-D99	NIRSCWAMPLITUDE	103	99	685	n/a	7.8125
S104-D99	NIRSCWAMPLITUDE	104	99	685	n/a	7.8125
S105-D99	NIRSCWAMPLITUDE	105	99	685	n/a	7.8125
S106-D99	NIRSCWAMPLITUDE	106	99	685	n/a	7.8125
S107-D99	NIRSCWAMPLITUDE	107	99	685	n/a	7.8125
S108-D99	NIRSCWAMPLITUDE	108	99	685	n/a	7.8125
S109-D99	NIRSCWAMPLITUDE	109	99	685	n/a	7.8125
S110-D99	NIRSCWAMPLITUDE	110	99	685	n/a	7.8125
S111-D99	NIRSCWAMPLITUDE	111	99	685	n/a	7.8125
S112-D99	NIRSCWAMPLITUDE	112	99	685	n/a	7.8125
S113-D99	NIRSCWAMPLITUDE	113	99	685	n/a	7.8125
S114-D99	NIRSCWAMPLITUDE	114	99	685	n/a	7.8125
S115-D99	NIRSCWAMPLITUDE	115	99	685	n/a	7.8125
S116-D99	NIRSCWAMPLITUDE	116	99	685	n/a	7.8125
S117-D99	NIRSCWAMPLITUDE	117	99	685	n/a	7.8125
S119-D99	NIRSCWAMPLITUDE	119	99	685	n/a	7.8125
S120-D99	NIRSCWAMPLITUDE	120	99	685	n/a	7.8125
S121-D99	NIRSCWAMPLITUDE	121	99	685	n/a	7.8125
S122-D99	NIRSCWAMPLITUDE	122	99	685	n/a	7.8125
S193-D99	NIRSCWAMPLITUDE	193	99	685	n/a	7.8125
S219-D99	NIRSCWAMPLITUDE	219	99	685	n/a	7.8125
S251-D99	NIRSCWAMPLITUDE	251	99	685	n/a	7.8125
S75-D100	NIRSCWAMPLITUDE	75	100	685	n/a	7.8125
S78-D100	NIRSCWAMPLITUDE	78	100	685	n/a	7.8125
S79-D100	NIRSCWAMPLITUDE	79	100	685	n/a	7.8125
S80-D100	NIRSCWAMPLITUDE	80	100	685	n/a	7.8125
S81-D100	NIRSCWAMPLITUDE	81	100	685	n/a	7.8125
S83-D100	NIRSCWAMPLITUDE	83	100	685	n/a	7.8125
S84-D100	NIRSCWAMPLITUDE	84	100	685	n/a	7.8125
S85-D100	NIRSCWAMPLITUDE	85	100	685	n/a	7.8125
S86-D100	NIRSCWAMPLITUDE	86	100	685	n/a	7.8125
S87-D100	NIRSCWAMPLITUDE	87	100	685	n/a	7.8125
S89-D100	NIRSCWAMPLITUDE	89	100	685	n/a	7.8125
S90-D100	NIRSCWAMPLITUDE	90	100	685	n/a	7.8125
S91-D100	NIRSCWAMPLITUDE	91	100	685	n/a	7.8125
S92-D100	NIRSCWAMPLITUDE	92	100	685	n/a	7.8125
S93-D100	NIRSCWAMPLITUDE	93	100	685	n/a	7.8125
S95-D100	NIRSCWAMPLITUDE	95	100	685	n/a	7.8125
S96-D100	NIRSCWAMPLITUDE	96	100	685	n/a	7.8125
S97-D100	NIRSCWAMPLITUDE	97	100	685	n/a	7.8125
S98-D100	NIRSCWAMPLITUDE	98	100	685	n/a	7.8125
S99-D100	NIRSCWAMPLITUDE	99	100	685	n/a	7.8125
S101-D100	NIRSCWAMPLITUDE	101	100	685	n/a	7.8125
S102-D100	NIRSCWAMPLITUDE	102	100	685	n/a	7.8125
S103-D100	NIRSCWAMPLITUDE	103	100	685	n/a	7.8125
S104-D100	NIRSCWAMPLITUDE	104	100	685	n/a	7.8125
S105-D100	NIRSCWAMPLITUDE	105	100	685	n/a	7.8125
S107-D100	NIRSCWAMPLITUDE	107	100	685	n/a	7.8125
S108-D100	NIRSCWAMPLITUDE	108	100	685	n/a	7.8125
S109-D100	NIRSCWAMPLITUDE	109	100	685	n/a	7.8125
S110-D100	NIRSCWAMPLITUDE	110	100	685	n/a	7.8125
S111-D100	NIRSCWAMPLITUDE	111	100	685	n/a	7.8125
S113-D100	NIRSCWAMPLITUDE	113	100	685	n/a	7.8125
S114-D100	NIRSCWAMPLITUDE	114	100	685	n/a	7.8125
S115-D100	NIRSCWAMPLITUDE	115	100	685	n/a	7.8125
S116-D100	NIRSCWAMPLITUDE	116	100	685	n/a	7.8125
S117-D100	NIRSCWAMPLITUDE	117	100	685	n/a	7.8125
S120-D100	NIRSCWAMPLITUDE	120	100	685	n/a	7.8125
S121-D100	NIRSCWAMPLITUDE	121	100	685	n/a	7.8125
S122-D100	NIRSCWAMPLITUDE	122	100	685	n/a	7.8125
S193-D100	NIRSCWAMPLITUDE	193	100	685	n/a	7.8125
S198-D100	NIRSCWAMPLITUDE	198	100	685	n/a	7.8125
S208-D100	NIRSCWAMPLITUDE	208	100	685	n/a	7.8125
S219-D100	NIRSCWAMPLITUDE	219	100	685	n/a	7.8125
S220-D100	NIRSCWAMPLITUDE	220	100	685	n/a	7.8125
S230-D100	NIRSCWAMPLITUDE	230	100	685	n/a	7.8125
S241-D100	NIRSCWAMPLITUDE	241	100	685	n/a	7.8125
S251-D100	NIRSCWAMPLITUDE	251	100	685	n/a	7.8125
S82-D101	NIRSCWAMPLITUDE	82	101	685	n/a	7.8125
S83-D101	NIRSCWAMPLITUDE	83	101	685	n/a	7.8125
S88-D101	NIRSCWAMPLITUDE	88	101	685	n/a	7.8125
S89-D101	NIRSCWAMPLITUDE	89	101	685	n/a	7.8125
S90-D101	NIRSCWAMPLITUDE	90	101	685	n/a	7.8125
S94-D101	NIRSCWAMPLITUDE	94	101	685	n/a	7.8125
S95-D101	NIRSCWAMPLITUDE	95	101	685	n/a	7.8125
S96-D101	NIRSCWAMPLITUDE	96	101	685	n/a	7.8125
S97-D101	NIRSCWAMPLITUDE	97	101	685	n/a	7.8125
S100-D101	NIRSCWAMPLITUDE	100	101	685	n/a	7.8125
S101-D101	NIRSCWAMPLITUDE	101	101	685	n/a	7.8125
S102-D101	NIRSCWAMPLITUDE	102	101	685	n/a	7.8125
S103-D101	NIRSCWAMPLITUDE	103	101	685	n/a	7.8125
S106-D101	NIRSCWAMPLITUDE	106	101	685	n/a	7.8125
S107-D101	NIRSCWAMPLITUDE	107	101	685	n/a	7.8125
S108-D101	NIRSCWAMPLITUDE	108	101	685	n/a	7.8125
S109-D101	NIRSCWAMPLITUDE	109	101	685	n/a	7.8125
S112-D101	NIRSCWAMPLITUDE	112	101	685	n/a	7.8125
S113-D101	NIRSCWAMPLITUDE	113	101	685	n/a	7.8125
S114-D101	NIRSCWAMPLITUDE	114	101	685	n/a	7.8125
S115-D101	NIRSCWAMPLITUDE	115	101	685	n/a	7.8125
S118-D101	NIRSCWAMPLITUDE	118	101	685	n/a	7.8125
S119-D101	NIRSCWAMPLITUDE	119	101	685	n/a	7.8125
S120-D101	NIRSCWAMPLITUDE	120	101	685	n/a	7.8125
S123-D101	NIRSCWAMPLITUDE	123	101	685	n/a	7.8125
S124-D101	NIRSCWAMPLITUDE	124	101	685	n/a	7.8125
S82-D102	NIRSCWAMPLITUDE	82	102	685	n/a	7.8125
S83-D102	NIRSCWAMPLITUDE	83	102	685	n/a	7.8125
S84-D102	NIRSCWAMPLITUDE	84	102	685	n/a	7.8125
S88-D102	NIRSCWAMPLITUDE	88	102	685	n/a	7.8125
S89-D102	NIRSCWAMPLITUDE	89	102	685	n/a	7.8125
S90-D102	NIRSCWAMPLITUDE	90	102	685	n/a	7.8125
S91-D102	NIRSCWAMPLITUDE	91	102	685	n/a	7.8125
S92-D102	NIRSCWAMPLITUDE	92	102	685	n/a	7.8125
S94-D102	NIRSCWAMPLITUDE	94	102	685	n/a	7.8125
S95-D102	NIRSCWAMPLITUDE	95	102	685	n/a	7.8125
S96-D102	NIRSCWAMPLITUDE	96	102	685	n/a	7.8125
S97-D102	NIRSCWAMPLITUDE	97	102	685	n/a	7.8125
S98-D102	NIRSCWAMPLITUDE	98	102	685	n/a	7.8125
S100-D102	NIRSCWAMPLITUDE	100	102	685	n/a	7.8125
S101-D102	NIRSCWAMPLITUDE	101	102	685	n/a	7.8125
S102-D102	NIRSCWAMPLITUDE	102	102	685	n/a	7.8125
S103-D102	NIRSCWAMPLITUDE	103	102	685	n/a	7.8125
S104-D102	NIRSCWAMPLITUDE	104	102	685	n/a	7.8125
S106-D102	NIRSCWAMPLITUDE	106	102	685	n/a	7.8125
S107-D102	NIRSCWAMPLITUDE	107	102	685	n/a	7.8125
S108-D102	NIRSCWAMPLITUDE	108	102	685	n/a	7.8125
S109-D102	NIRSCWAMPLITUDE	109	102	685	n/a	7.8125
S110-D102	NIRSCWAMPLITUDE	110	102	685	n/a	7.8125
S112-D102	NIRSCWAMPLITUDE	112	102	685	n/a	7.8125
S113-D102	NIRSCWAMPLITUDE	113	102	685	n/a	7.8125
S114-D102	NIRSCWAMPLITUDE	114	102	685	n/a	7.8125
S115-D102	NIRSCWAMPLITUDE	115	102	685	n/a	7.8125
S116-D102	NIRSCWAMPLITUDE	116	102	685	n/a	7.8125
S118-D102	NIRSCWAMPLITUDE	118	102	685	n/a	7.8125
S119-D102	NIRSCWAMPLITUDE	119	102	685	n/a	7.8125
S120-D102	NIRSCWAMPLITUDE	120	102	685	n/a	7.8125
S121-D102	NIRSCWAMPLITUDE	121	102	685	n/a	7.8125
S123-D102	NIRSCWAMPLITUDE	123	102	685	n/a	7.8125
S124-D102	NIRSCWAMPLITUDE	124	102	685	n/a	7.8125
S125-D102	NIRSCWAMPLITUDE	125	102	685	n/a	7.8125
S82-D103	NIRSCWAMPLITUDE	82	103	685	n/a	7.8125
S83-D103	NIRSCWAMPLITUDE	83	103	685	n/a	7.8125
S84-D103	NIRSCWAMPLITUDE	84	103	685	n/a	7.8125
S85-D103	NIRSCWAMPLITUDE	85	103	685	n/a	7.8125
S86-D103	NIRSCWAMPLITUDE	86	103	685	n/a	7.8125
S88-D103	NIRSCWAMPLITUDE	88	103	685	n/a	7.8125
S89-D103	NIRSCWAMPLITUDE	89	103	685	n/a	7.8125
S90-D103	NIRSCWAMPLITUDE	90	103	685	n/a	7.8125
S91-D103	NIRSCWAMPLITUDE	91	103	685	n/a	7.8125
S92-D103	NIRSCWAMPLITUDE	92	103	685	n/a	7.8125
S93-D103	NIRSCWAMPLITUDE	93	103	685	n/a	7.8125
S94-D103	NIRSCWAMPLITUDE	94	103	685	n/a	7.8125
S95-D103	NIRSCWAMPLITUDE	95	103	685	n/a	7.8125
S96-D103	NIRSCWAMPLITUDE	96	103	685	n/a	7.8125
S97-D103	NIRSCWAMPLITUDE	97	103	685	n/a	7.8125
S98-D103	NIRSCWAMPLITUDE	98	103	685	n/a	7.8125
S99-D103	NIRSCWAMPLITUDE	99	103	685	n/a	7.8125
S100-D103	NIRSCWAMPLITUDE	100	103	685	n/a	7.8125
S101-D103	NIRSCWAMPLITUDE	101	103	685	n/a	7.8125
S102-D103	NIRSCWAMPLITUDE	102	103	685	n/a	7.8125
S103-D103	NIRSCWAMPLITUDE	103	103	685	n/a	7.8125
S104-D103	NIRSCWAMPLITUDE	104	103	685	n/a	7.8125
S105-D103	NIRSCWAMPLITUDE	105	103	685	n/a	7.8125
S106-D103	NIRSCWAMPLITUDE	106	103	685	n/a	7.8125
S107-D103	NIRSCWAMPLITUDE	107	103	685	n/a	7.8125
S108-D103	NIRSCWAMPLITUDE	108	103	685	n/a	7.8125
S109-D103	NIRSCWAMPLITUDE	109	103	685	n/a	7.8125
S110-D103	NIRSCWAMPLITUDE	110	103	685	n/a	7.8125
S111-D103	NIRSCWAMPLITUDE	111	103	685	n/a	7.8125
S112-D103	NIRSCWAMPLITUDE	112	103	685	n/a	7.8125
S113-D103	NIRSCWAMPLITUDE	113	103	685	n/a	7.8125
S114-D103	NIRSCWAMPLITUDE	114	103	685	n/a	7.8125
S115-D103	NIRSCWAMPLITUDE	115	103	685	n/a	7.8125
S116-D103	NIRSCWAMPLITUDE	116	103	685	n/a	7.8125
S117-D103	NIRSCWAMPLITUDE	117	103	685	n/a	7.8125
S118-D103	NIRSCWAMPLITUDE	118	103	685	n/a	7.8125
S119-D103	NIRSCWAMPLITUDE	119	103	685	n/a	7.8125
S120-D103	NIRSCWAMPLITUDE	120	103	685	n/a	7.8125
S121-D103	NIRSCWAMPLITUDE	121	103	685	n/a	7.8125
S122-D103	NIRSCWAMPLITUDE	122	103	685	n/a	7.8125
S123-D103	NIRSCWAMPLITUDE	123	103	685	n/a	7.8125
S124-D103	NIRSCWAMPLITUDE	124	103	685	n/a	7.8125
S125-D103	NIRSCWAMPLITUDE	125	103	685	n/a	7.8125
S126-D103	NIRSCWAMPLITUDE	126	103	685	n/a	7.8125
S83-D104	NIRSCWAMPLITUDE	83	104	685	n/a	7.8125
S84-D104	NIRSCWAMPLITUDE	84	104	685	n/a	7.8125
S85-D104	NIRSCWAMPLITUDE	85	104	685	n/a	7.8125
S86-D104	NIRSCWAMPLITUDE	86	104	685	n/a	7.8125
S87-D104	NIRSCWAMPLITUDE	87	104	685	n/a	7.8125
S88-D104	NIRSCWAMPLITUDE	88	104	685	n/a	7.8125
S89-D104	NIRSCWAMPLITUDE	89	104	685	n/a	7.8125
S90-D104	NIRSCWAMPLITUDE	90	104	685	n/a	7.8125
S91-D104	NIRSCWAMPLITUDE	91	104	685	n/a	7.8125
S92-D104	NIRSCWAMPLITUDE	92	104	685	n/a	7.8125
S93-D104	NIRSCWAMPLITUDE	93	104	685	n/a	7.8125
S94-D104	NIRSCWAMPLITUDE	94	104	685	n/a	7.8125
S95-D104	NIRSCWAMPLITUDE	95	104	685	n/a	7.8125
S96-D104	NIRSCWAMPLITUDE	96	104	685	n/a	7.8125
S97-D104	NIRSCWAMPLITUDE	97	104	685	n/a	7.8125
S98-D104	NIRSCWAMPLITUDE	98	104	685	n/a	7.8125
S99-D104	NIRSCWAMPLITUDE	99	104	685	n/a	7.8125
S100-D104	NIRSCWAMPLITUDE	100	104	685	n/a	7.8125
S101-D104	NIRSCWAMPLITUDE	101	104	685	n/a	7.8125
S102-D104	NIRSCWAMPLITUDE	102	104	685	n/a	7.8125
S103-D104	NIRSCWAMPLITUDE	103	104	685	n/a	7.8125
S104-D104	NIRSCWAMPLITUDE	104	104	685	n/a	7.8125
S105-D104	NIRSCWAMPLITUDE	105	104	685	n/a	7.8125
S106-D104	NIRSCWAMPLITUDE	106	104	685	n/a	7.8125
S107-D104	NIRSCWAMPLITUDE	107	104	685	n/a	7.8125
S108-D104	NIRSCWAMPLITUDE	108	104	685	n/a	7.8125
S109-D104	NIRSCWAMPLITUDE	109	104	685	n/a	7.8125
S110-D104	NIRSCWAMPLITUDE	110	104	685	n/a	7.8125
S111-D104	NIRSCWAMPLITUDE	111	104	685	n/a	7.8125
S112-D104	NIRSCWAMPLITUDE	112	104	685	n/a	7.8125
S113-D104	NIRSCWAMPLITUDE	113	104	685	n/a	7.8125
S114-D104	NIRSCWAMPLITUDE	114	104	685	n/a	7.8125
S115-D104	NIRSCWAMPLITUDE	115	104	685	n/a	7.8125
S116-D104	NIRSCWAMPLITUDE	116	104	685	n/a	7.8125
S117-D104	NIRSCWAMPLITUDE	117	104	685	n/a	7.8125
S118-D104	NIRSCWAMPLITUDE	118	104	685	n/a	7.8125
S119-D104	NIRSCWAMPLITUDE	119	104	685	n/a	7.8125
S120-D104	NIRSCWAMPLITUDE	120	104	685	n/a	7.8125
S121-D104	NIRSCWAMPLITUDE	121	104	685	n/a	7.8125
S122-D104	NIRSCWAMPLITUDE	122	104	685	n/a	7.8125
S123-D104	NIRSCWAMPLITUDE	123	104	685	n/a	7.8125
S124-D104	NIRSCWAMPLITUDE	124	104	685	n/a	7.8125
S125-D104	NIRSCWAMPLITUDE	125	104	685	n/a	7.8125
S126-D104	NIRSCWAMPLITUDE	126	104	685	n/a	7.8125
S127-D104	NIRSCWAMPLITUDE	127	104	685	n/a	7.8125
S251-D104	NIRSCWAMPLITUDE	251	104	685	n/a	7.8125
S84-D105	NIRSCWAMPLITUDE	84	105	685	n/a	7.8125
S85-D105	NIRSCWAMPLITUDE	85	105	685	n/a	7.8125
S86-D105	NIRSCWAMPLITUDE	86	105	685	n/a	7.8125
S87-D105	NIRSCWAMPLITUDE	87	105	685	n/a	7.8125
S89-D105	NIRSCWAMPLITUDE	89	105	685	n/a	7.8125
S90-D105	NIRSCWAMPLITUDE	90	105	685	n/a	7.8125
S91-D105	NIRSCWAMPLITUDE	91	105	685	n/a	7.8125
S92-D105	NIRSCWAMPLITUDE	92	105	685	n/a	7.8125
S93-D105	NIRSCWAMPLITUDE	93	105	685	n/a	7.8125
S94-D105	NIRSCWAMPLITUDE	94	105	685	n/a	7.8125
S95-D105	NIRSCWAMPLITUDE	95	105	685	n/a	7.8125
S96-D105	NIRSCWAMPLITUDE	96	105	685	n/a	7.8125
S97-D105	NIRSCWAMPLITUDE	97	105	685	n/a	7.8125
S98-D105	NIRSCWAMPLITUDE	98	105	685	n/a	7.8125
S99-D105	NIRSCWAMPLITUDE	99	105	685	n/a	7.8125
S100-D105	NIRSCWAMPLITUDE	100	105	685	n/a	7.8125
S101-D105	NIRSCWAMPLITUDE	101	105	685	n/a	7.8125
S102-D105	NIRSCWAMPLITUDE	102	105	685	n/a	7.8125
S103-D105	NIRSCWAMPLITUDE	103	105	685	n/a	7.8125
S104-D105	NIRSCWAMPLITUDE	104	105	685	n/a	7.8125
S105-D105	NIRSCWAMPLITUDE	105	105	685	n/a	7.8125
S106-D105	NIRSCWAMPLITUDE	106	105	685	n/a	7.8125
S107-D105	NIRSCWAMPLITUDE	107	105	685	n/a	7.8125
S108-D105	NIRSCWAMPLITUDE	108	105	685	n/a	7.8125
S109-D105	NIRSCWAMPLITUDE	109	105	685	n/a	7.8125
S110-D105	NIRSCWAMPLITUDE	110	105	685	n/a	7.8125
S111-D105	NIRSCWAMPLITUDE	111	105	685	n/a	7.8125
S112-D105	NIRSCWAMPLITUDE	112	105	685	n/a	7.8125
S113-D105	NIRSCWAMPLITUDE	113	105	685	n/a	7.8125
S114-D105	NIRSCWAMPLITUDE	114	105	685	n/a	7.8125
S115-D105	NIRSCWAMPLITUDE	115	105	685	n/a	7.8125
S116-D105	NIRSCWAMPLITUDE	116	105	685	n/a	7.8125
S117-D105	NIRSCWAMPLITUDE	117	105	685	n/a	7.8125
S118-D105	NIRSCWAMPLITUDE	118	105	685	n/a	7.8125
S119-D105	NIRSCWAMPLITUDE	119	105	685	n/a	7.8125
S120-D105	NIRSCWAMPLITUDE	120	105	685	n/a	7.8125
S121-D105	NIRSCWAMPLITUDE	121	105	685	n/a	7.8125
S122-D105	NIRSCWAMPLITUDE	122	105	685	n/a	7.8125
S124-D105	NIRSCWAMPLITUDE	124	105	685	n/a	7.8125
S125-D105	NIRSCWAMPLITUDE	125	105	685	n/a	7.8125
S126-D105	NIRSCWAMPLITUDE	126	105	685	n/a	7.8125
S127-D105	NIRSCWAMPLITUDE	127	105	685	n/a	7.8125
S193-D105	NIRSCWAMPLITUDE	193	105	685	n/a	7.8125
S219-D105	NIRSCWAMPLITUDE	219	105	685	n/a	7.8125
S230-D105	NIRSCWAMPLITUDE	230	105	685	n/a	7.8125
S241-D105	NIRSCWAMPLITUDE	241	105	685	n/a	7.8125
S251-D105	NIRSCWAMPLITUDE	251	105	685	n/a	7.8125
S80-D106	NIRSCWAMPLITUDE	80	106	685	n/a	7.8125
S81-D106	NIRSCWAMPLITUDE	81	106	685	n/a	7.8125
S84-D106	NIRSCWAMPLITUDE	84	106	685	n/a	7.8125
S85-D106	NIRSCWAMPLITUDE	85	106	685	n/a	7.8125
S86-D106	NIRSCWAMPLITUDE	86	106	685	n/a	7.8125
S87-D106	NIRSCWAMPLITUDE	87	106	685	n/a	7.8125
S89-D106	NIRSCWAMPLITUDE	89	106	685	n/a	7.8125
S90-D106	NIRSCWAMPLITUDE	90	106	685	n/a	7.8125
S91-D106	NIRSCWAMPLITUDE	91	106	685	n/a	7.8125
S92-D106	NIRSCWAMPLITUDE	92	106	685	n/a	7.8125
S93-D106	NIRSCWAMPLITUDE	93	106	685	n/a	7.8125
S95-D106	NIRSCWAMPLITUDE	95	106	685	n/a	7.8125
S96-D106	NIRSCWAMPLITUDE	96	106	685	n/a	7.8125
S97-D106	NIRSCWAMPLITUDE	97	106	685	n/a	7.8125
S98-D106	NIRSCWAMPLITUDE	98	106	685	n/a	7.8125
S99-D106	NIRSCWAMPLITUDE	99	106	685	n/a	7.8125
S101-D106	NIRSCWAMPLITUDE	101	106	685	n/a	7.8125
S102-D106	NIRSCWAMPLITUDE	102	106	685	n/a	7.8125
S103-D106	NIRSCWAMPLITUDE	103	106	685	n/a	7.8125
S104-D106	NIRSCWAMPLITUDE	104	106	685	n/a	7.8125
S105-D106	NIRSCWAMPLITUDE	105	106	685	n/a	7.8125
S107-D106	NIRSCWAMPLITUDE	107	106	685	n/a	7.8125
S108-D106	NIRSCWAMPLITUDE	108	106	685	n/a	7.8125
S109-D106	NIRSCWAMPLITUDE	109	106	685	n/a	7.8125
S110-D106	NIRSCWAMPLITUDE	110	106	685	n/a	7.8125
S111-D106	NIRSCWAMPLITUDE	111	106	685	n/a	7.8125
S113-D106	NIRSCWAMPLITUDE	113	106	685	n/a	7.8125
S114-D106	NIRSCWAMPLITUDE	114	106	685	n/a	7.8125
S115-D106	NIRSCWAMPLITUDE	115	106	685	n/a	7.8125
S116-D106	NIRSCWAMPLITUDE	116	106	685	n/a	7.8125
S117-D106	NIRSCWAMPLITUDE	117	106	685	n/a	7.8125
S119-D106	NIRSCWAMPLITUDE	119	106	685	n/a	7.8125
S120-D106	NIRSCWAMPLITUDE	120	106	685	n/a	7.8125
S121-D106	NIRSCWAMPLITUDE	121	106	685	n/a	7.8125
S122-D106	NIRSCWAMPLITUDE	122	106	685	n/a	7.8125
S125-D106	NIRSCWAMPLITUDE	125	106	685	n/a	7.8125
S126-D106	NIRSCWAMPLITUDE	126	106	685	n/a	7.8125
S127-D106	NIRSCWAMPLITUDE	127	106	685	n/a	7.8125
S193-D106	NIRSCWAMPLITUDE	193	106	685	n/a	7.8125
S208-D106	NIRSCWAMPLITUDE	208	106	685	n/a	7.8125
S219-D106	NIRSCWAMPLITUDE	219	106	685	n/a	7.8125
S220-D106	NIRSCWAMPLITUDE	220	106	685	n/a	7.8125
S230-D106	NIRSCWAMPLITUDE	230	106	685	n/a	7.8125
S231-D106	NIRSCWAMPLITUDE	231	106	685	n/a	7.8125
S241-D106	NIRSCWAMPLITUDE	241	106	685	n/a	7.8125
S242-D106	NIRSCWAMPLITUDE	242	106	685	n/a	7.8125
S251-D106	NIRSCWAMPLITUDE	251	106	685	n/a	7.8125
S88-D107	NIRSCWAMPLITUDE	88	107	685	n/a	7.8125
S89-D107	NIRSCWAMPLITUDE	89	107	685	n/a	7.8125
S94-D107	NIRSCWAMPLITUDE	94	107	685	n/a	7.8125
S95-D107	NIRSCWAMPLITUDE	95	107	685	n/a	7.8125
S96-D107	NIRSCWAMPLITUDE	96	107	685	n/a	7.8125
S97-D107	NIRSCWAMPLITUDE	97	107	685	n/a	7.8125
S100-D107	NIRSCWAMPLITUDE	100	107	685	n/a	7.8125
S101-D107	NIRSCWAMPLITUDE	101	107	685	n/a	7.8125
S102-D107	NIRSCWAMPLITUDE	102	107	685	n/a	7.8125
S103-D107	NIRSCWAMPLITUDE	103	107	685	n/a	7.8125
S106-D107	NIRSCWAMPLITUDE	106	107	685	n/a	7.8125
S107-D107	NIRSCWAMPLITUDE	107	107	685	n/a	7.8125
S108-D107	NIRSCWAMPLITUDE	108	107	685	n/a	7.8125
S109-D107	NIRSCWAMPLITUDE	109	107	685	n/a	7.8125
S112-D107	NIRSCWAMPLITUDE	112	107	685	n/a	7.8125
S113-D107	NIRSCWAMPLITUDE	113	107	685	n/a	7.8125
S114-D107	NIRSCWAMPLITUDE	114	107	685	n/a	7.8125
S115-D107	NIRSCWAMPLITUDE	115	107	685	n/a	7.8125
S118-D107	NIRSCWAMPLITUDE	118	107	685	n/a	7.8125
S119-D107	NIRSCWAMPLITUDE	119	107	685	n/a	7.8125
S120-D107	NIRSCWAMPLITUDE	120	107	685	n/a	7.8125
S121-D107	NIRSCWAMPLITUDE	121	107	685	n/a	7.8125
S123-D107	NIRSCWAMPLITUDE	123	107	685	n/a	7.8125
S124-D107	NIRSCWAMPLITUDE	124	107	685	n/a	7.8125
S125-D107	NIRSCWAMPLITUDE	125	107	685	n/a	7.8125
S128-D107	NIRSCWAMPLITUDE	128	107	685	n/a	7.8125
S129-D107	NIRSCWAMPLITUDE	129	107	685	n/a	7.8125
S88-D108	NIRSCWAMPLITUDE	88	108	685	n/a	7.8125
S89-D108	NIRSCWAMPLITUDE	89	108	685	n/a	7.8125
S90-D108	NIRSCWAMPLITUDE	90	108	685	n/a	7.8125
S94-D108	NIRSCWAMPLITUDE	94	108	685	n/a	7.8125
S95-D108	NIRSCWAMPLITUDE	95	108	685	n/a	7.8125
S96-D108	NIRSCWAMPLITUDE	96	108	685	n/a	7.8125
S97-D108	NIRSCWAMPLITUDE	97	108	685	n/a	7.8125
S98-D108	NIRSCWAMPLITUDE	98	108	685	n/a	7.8125
S100-D108	NIRSCWAMPLITUDE	100	108	685	n/a	7.8125
S101-D108	NIRSCWAMPLITUDE	101	108	685	n/a	7.8125
S102-D108	NIRSCWAMPLITUDE	102	108	685	n/a	7.8125
S103-D108	NIRSCWAMPLITUDE	103	108	685	n/a	7.8125
S104-D108	NIRSCWAMPLITUDE	104	108	685	n/a	7.8125
S106-D108	NIRSCWAMPLITUDE	106	108	685	n/a	7.8125
S107-D108	NIRSCWAMPLITUDE	107	108	685	n/a	7.8125
S108-D108	NIRSCWAMPLITUDE	108	108	685	n/a	7.8125
S109-D108	NIRSCWAMPLITUDE	109	108	685	n/a	7.8125
S110-D108	NIRSCWAMPLITUDE	110	108	685	n/a	7.8125
S112-D108	NIRSCWAMPLITUDE	112	108	685	n/a	7.8125
S113-D108	NIRSCWAMPLITUDE	113	108	685	n/a	7.8125
S114-D108	NIRSCWAMPLITUDE	114	108	685	n/a	7.8125
S115-D108	NIRSCWAMPLITUDE	115	108	685	n/a	7.8125
S116-D108	NIRSCWAMPLITUDE	116	108	685	n/a	7.8125
S118-D108	NIRSCWAMPLITUDE	118	108	685	n/a	7.8125
S119-D108	NIRSCWAMPLITUDE	119	108	685	n/a	7.8125
S120-D108	NIRSCWAMPLITUDE	120	108	685	n/a	7.8125
S121-D108	NIRSCWAMPLITUDE	121	108	685	n/a	7.8125
S122-D108	NIRSCWAMPLITUDE	122	108	685	n/a	7.8125
S123-D108	NIRSCWAMPLITUDE	123	108	685	n/a	7.8125
S124-D108	NIRSCWAMPLITUDE	124	108	685	n/a	7.8125
S125-D108	NIRSCWAMPLITUDE	125	108	685	n/a	7.8125
S126-D108	NIRSCWAMPLITUDE	126	108	685	n/a	7.8125
S128-D108	NIRSCWAMPLITUDE	128	108	685	n/a	7.8125
S129-D108	NIRSCWAMPLITUDE	129	108	685	n/a	7.8125
S130-D108	NIRSCWAMPLITUDE	130	108	685	n/a	7.8125
S88-D109	NIRSCWAMPLITUDE	88	109	685	n/a	7.8125
S89-D109	NIRSCWAMPLITUDE	89	109	685	n/a	7.8125
S90-D109	NIRSCWAMPLITUDE	90	109	685	n/a	7.8125
S91-D109	NIRSCWAMPLITUDE	91	109	685	n/a	7.8125
S92-D109	NIRSCWAMPLITUDE	92	109	685	n/a	7.8125
S94-D109	NIRSCWAMPLITUDE	94	109	685	n/a	7.8125
S95-D109	NIRSCWAMPLITUDE	95	109	685	n/a	7.8125
S96-D109	NIRSCWAMPLITUDE	96	109	685	n/a	7.8125
S97-D109	NIRSCWAMPLITUDE	97	109	685	n/a	7.8125
S98-D109	NIRSCWAMPLITUDE	98	109	685	n/a	7.8125
S99-D109	NIRSCWAMPLITUDE	99	109	685	n/a	7.8125
S100-D109	NIRSCWAMPLITUDE	100	109	685	n/a	7.8125
S101-D109	NIRSCWAMPLITUDE	101	109	685	n/a	7.8125
S102-D109	NIRSCWAMPLITUDE	102	109	685	n/a	7.8125
S103-D109	NIRSCWAMPLITUDE	103	109	685	n/a	7.8125
S104-D109	NIRSCWAMPLITUDE	104	109	685	n/a	7.8125
S105-D109	NIRSCWAMPLITUDE	105	109	685	n/a	7.8125
S106-D109	NIRSCWAMPLITUDE	106	109	685	n/a	7.8125
S107-D109	NIRSCWAMPLITUDE	107	109	685	n/a	7.8125
S108-D109	NIRSCWAMPLITUDE	108	109	685	n/a	7.8125
S109-D109	NIRSCWAMPLITUDE	109	109	685	n/a	7.8125
S110-D109	NIRSCWAMPLITUDE	110	109	685	n/a	7.8125
S111-D109	NIRSCWAMPLITUDE	111	109	685	n/a	7.8125
S112-D109	NIRSCWAMPLITUDE	112	109	685	n/a	7.8125
S113-D109	NIRSCWAMPLITUDE	113	109	685	n/a	7.8125
S114-D109	NIRSCWAMPLITUDE	114	109	685	n/a	7.8125
S115-D109	NIRSCWAMPLITUDE	115	109	685	n/a	7.8125
S116-D109	NIRSCWAMPLITUDE	116	109	685	n/a	7.8125
S117-D109	NIRSCWAMPLITUDE	117	109	685	n/a	7.8125
S118-D109	NIRSCWAMPLITUDE	118	109	685	n/a	7.8125
S119-D109	NIRSCWAMPLITUDE	119	109	685	n/a	7.8125
S120-D109	NIRSCWAMPLITUDE	120	109	685	n/a	7.8125
S121-D109	NIRSCWAMPLITUDE	121	109	685	n/a	7.8125
S122-D109	NIRSCWAMPLITUDE	122	109	685	n/a	7.8125
S123-D109	NIRSCWAMPLITUDE	123	109	685	n/a	7.8125
S124-D109	NIRSCWAMPLITUDE	124	109	685	n/a	7.8125
S125-D109	NIRSCWAMPLITUDE	125	109	685	n/a	7.8125
S126-D109	NIRSCWAMPLITUDE	126	109	685	n/a	7.8125
S127-D109	NIRSCWAMPLITUDE	127	109	685	n/a	7.8125
S128-D109	NIRSCWAMPLITUDE	128	109	685	n/a	7.8125
S129-D109	NIRSCWAMPLITUDE	129	109	685	n/a	7.8125
S130-D109	NIRSCWAMPLITUDE	130	109	685	n/a	7.8125
S131-D109	NIRSCWAMPLITUDE	131	109	685	n/a	7.8125
S89-D110	NIRSCWAMPLITUDE	89	110	685	n/a	7.8125
S90-D110	NIRSCWAMPLITUDE	90	110	685	n/a	7.8125
S91-D110	NIRSCWAMPLITUDE	91	110	685	n/a	7.8125
S92-D110	NIRSCWAMPLITUDE	92	110	685	n/a	7.8125
S93-D110	NIRSCWAMPLITUDE	93	110	685	n/a	7.8125
S94-D110	NIRSCWAMPLITUDE	94	110	685	n/a	7.8125
S95-D110	NIRSCWAMPLITUDE	95	110	685	n/a	7.8125
S96-D110	NIRSCWAMPLITUDE	96	110	685	n/a	7.8125
S97-D110	NIRSCWAMPLITUDE	97	110	685	n/a	7.8125
S98-D110	NIRSCWAMPLITUDE	98	110	685	n/a	7.8125
S99-D110	NIRSCWAMPLITUDE	99	110	685	n/a	7.8125
S100-D110	NIRSCWAMPLITUDE	100	110	685	n/a	7.8125
S101-D110	NIRSCWAMPLITUDE	101	110	685	n/a	7.8125
S102-D110	NIRSCWAMPLITUDE	102	110	685	n/a	7.8125
S103-D110	NIRSCWAMPLITUDE	103	110	685	n/a	7.8125
S104-D110	NIRSCWAMPLITUDE	104	110	685	n/a	7.8125
S105-D110	NIRSCWAMPLITUDE	105	110	685	n/a	7.8125
S106-D110	NIRSCWAMPLITUDE	106	110	685	n/a	7.8125
S107-D110	NIRSCWAMPLITUDE	107	110	685	n/a	7.8125
S108-D110	NIRSCWAMPLITUDE	108	110	685	n/a	7.8125
S109-D110	NIRSCWAMPLITUDE	109	110	685	n/a	7.8125
S110-D110	NIRSCWAMPLITUDE	110	110	685	n/a	7.8125
S111-D110	NIRSCWAMPLITUDE	111	110	685	n/a	7.8125
S112-D110	NIRSCWAMPLITUDE	112	110	685	n/a	7.8125
S113-D110	NIRSCWAMPLITUDE	113	110	685	n/a	7.8125
S114-D110	NIRSCWAMPLITUDE	114	110	685	n/a	7.8125
S115-D110	NIRSCWAMPLITUDE	115	110	685	n/a	7.8125
S116-D110	NIRSCWAMPLITUDE	116	110	685	n/a	7.8125
S117-D110	NIRSCWAMPLITUDE	117	110	685	n/a	7.8125
S118-D110	NIRSCWAMPLITUDE	118	110	685	n/a	7.8125
S119-D110	NIRSCWAMPLITUDE	119	110	685	n/a	7.8125
S120-D110	NIRSCWAMPLITUDE	120	110	685	n/a	7.8125
S121-D110	NIRSCWAMPLITUDE	121	110	685	n/a	7.8125
S122-D110	NIRSCWAMPLITUDE	122	110	685	n/a	7.8125
S123-D110	NIRSCWAMPLITUDE	123	110	685	n/a	7.8125
S124-D110	NIRSCWAMPLITUDE	124	110	685	n/a	7.8125
S125-D110	NIRSCWAMPLITUDE	125	110	685	n/a	7.8125
S126-D110	NIRSCWAMPLITUDE	126	110	685	n/a	7.8125
S127-D110	NIRSCWAMPLITUDE	127	110	685	n/a	7.8125
S128-D110	NIRSCWAMPLITUDE	128	110	685	n/a	7.8125
S129-D110	NIRSCWAMPLITUDE	129	110	685	n/a	7.8125
S130-D110	NIRSCWAMPLITUDE	130	110	685	n/a	7.8125
S131-D110	NIRSCWAMPLITUDE	131	110	685	n/a	7.8125
S132-D110	NIRSCWAMPLITUDE	132	110	685	n/a	7.8125
S251-D110	NIRSCWAMPLITUDE	251	110	685	n/a	7.8125
S86-D111	NIRSCWAMPLITUDE	86	111	685	n/a	7.8125
S87-D111	NIRSCWAMPLITUDE	87	111	685	n/a	7.8125
S90-D111	NIRSCWAMPLITUDE	90	111	685	n/a	7.8125
S91-D111	NIRSCWAMPLITUDE	91	111	685	n/a	7.8125
S92-D111	NIRSCWAMPLITUDE	92	111	685	n/a	7.8125
S93-D111	NIRSCWAMPLITUDE	93	111	685	n/a	7.8125
S95-D111	NIRSCWAMPLITUDE	95	111	685	n/a	7.8125
S96-D111	NIRSCWAMPLITUDE	96	111	685	n/a	7.8125
S97-D111	NIRSCWAMPLITUDE	97	111	685	n/a	7.8125
S98-D111	NIRSCWAMPLITUDE	98	111	685	n/a	7.8125
S99-D111	NIRSCWAMPLITUDE	99	111	685	n/a	7.8125
S100-D111	NIRSCWAMPLITUDE	100	111	685	n/a	7.8125
S101-D111	NIRSCWAMPLITUDE	101	111	685	n/a	7.8125
S102-D111	NIRSCWAMPLITUDE	102	111	685	n/a	7.8125
S103-D111	NIRSCWAMPLITUDE	103	111	685	n/a	7.8125
S104-D111	NIRSCWAMPLITUDE	104	111	685	n/a	7.8125
S105-D111	NIRSCWAMPLITUDE	105	111	685	n/a	7.8125
S106-D111	NIRSCWAMPLITUDE	106	111	685	n/a	7.8125
S107-D111	NIRSCWAMPLITUDE	107	111	685	n/a	7.8125
S108-D111	NIRSCWAMPLITUDE	108	111	685	n/a	7.8125
S109-D111	NIRSCWAMPLITUDE	109	111	685	n/a	7.8125
S110-D111	NIRSCWAMPLITUDE	110	111	685	n/a	7.8125
S111-D111	NIRSCWAMPLITUDE	111	111	685	n/a	7.8125
S112-D111	NIRSCWAMPLITUDE	112	111	685	n/a	7.8125
S113-D111	NIRSCWAMPLITUDE	113	111	685	n/a	7.8125
S114-D111	NIRSCWAMPLITUDE	114	111	685	n/a	7.8125
S115-D111	NIRSCWAMPLITUDE	115	111	685	n/a	7.8125
S116-D111	NIRSCWAMPLITUDE	116	111	685	n/a	7.8125
S117-D111	NIRSCWAMPLITUDE	117	111	685	n/a	7.8125
S118-D111	NIRSCWAMPLITUDE	118	111	685	n/a	7.8125
S119-D111	NIRSCWAMPLITUDE	119	111	685	n/a	7.8125
S120-D111	NIRSCWAMPLITUDE	120	111	685	n/a	7.8125
S121-D111	NIRSCWAMPLITUDE	121	111	685	n/a	7.8125
S122-D111	NIRSCWAMPLITUDE	122	111	685	n/a	7.8125
S123-D111	NIRSCWAMPLITUDE	123	111	685	n/a	7.8125
S124-D111	NIRSCWAMPLITUDE	124	111	685	n/a	7.8125
S125-D111	NIRSCWAMPLITUDE	125	111	685	n/a	7.8125
S126-D111	NIRSCWAMPLITUDE	126	111	685	n/a	7.8125
S127-D111	NIRSCWAMPLITUDE	127	111	685	n/a	7.8125
S129-D111	NIRSCWAMPLITUDE	129	111	685	n/a	7.8125
S130-D111	NIRSCWAMPLITUDE	130	111	685	n/a	7.8125
S131-D111	NIRSCWAMPLITUDE	131	111	685	n/a	7.8125
S132-D111	NIRSCWAMPLITUDE	132	111	685	n/a	7.8125
S219-D111	NIRSCWAMPLITUDE	219	111	685	n/a	7.8125
S230-D111	NIRSCWAMPLITUDE	230	111	685	n/a	7.8125
S241-D111	NIRSCWAMPLITUDE	241	111	685	n/a	7.8125
S251-D111	NIRSCWAMPLITUDE	251	111	685	n/a	7.8125
S86-D112	NIRSCWAMPLITUDE	86	112	685	n/a	7.8125
S87-D112	NIRSCWAMPLITUDE	87	112	685	n/a	7.8125
S91-D112	NIRSCWAMPLITUDE	91	112	685	n/a	7.8125
S92-D112	NIRSCWAMPLITUDE	92	112	685	n/a	7.8125
S93-D112	NIRSCWAMPLITUDE	93	112	685	n/a	7.8125
S96-D112	NIRSCWAMPLITUDE	96	112	685	n/a	7.8125
S97-D112	NIRSCWAMPLITUDE	97	112	685	n/a	7.8125
S98-D112	NIRSCWAMPLITUDE	98	112	685	n/a	7.8125
S99-D112	NIRSCWAMPLITUDE	99	112	685	n/a	7.8125
S101-D112	NIRSCWAMPLITUDE	101	112	685	n/a	7.8125
S102-D112	NIRSCWAMPLITUDE	102	112	685	n/a	7.8125
S103-D112	NIRSCWAMPLITUDE	103	112	685	n/a	7.8125
S104-D112	NIRSCWAMPLITUDE	104	112	685	n/a	7.8125
S105-D112	NIRSCWAMPLITUDE	105	112	685	n/a	7.8125
S107-D112	NIRSCWAMPLITUDE	107	112	685	n/a	7.8125
S108-D112	NIRSCWAMPLITUDE	108	112	685	n/a	7.8125
S109-D112	NIRSCWAMPLITUDE	109	112	685	n/a	7.8125
S110-D112	NIRSCWAMPLITUDE	110	112	685	n/a	7.8125
S111-D112	NIRSCWAMPLITUDE	111	112	685	n/a	7.8125
S113-D112	NIRSCWAMPLITUDE	113	112	685	n/a	7.8125
S114-D112	NIRSCWAMPLITUDE	114	112	685	n/a	7.8125
S115-D112	NIRSCWAMPLITUDE	115	112	685	n/a	7.8125
S116-D112	NIRSCWAMPLITUDE	116	112	685	n/a	7.8125
S117-D112	NIRSCWAMPLITUDE	117	112	685	n/a	7.8125
S119-D112	NIRSCWAMPLITUDE	119	112	685	n/a	7.8125
S120-D112	NIRSCWAMPLITUDE	120	112	685	n/a	7.8125
S121-D112	NIRSCWAMPLITUDE	121	112	685	n/a	7.8125
S122-D112	NIRSCWAMPLITUDE	122	112	685	n/a	7.8125
S124-D112	NIRSCWAMPLITUDE	124	112	685	n/a	7.8125
S125-D112	NIRSCWAMPLITUDE	125	112	685	n/a	7.8125
S126-D112	NIRSCWAMPLITUDE	126	112	685	n/a	7.8125
S127-D112	NIRSCWAMPLITUDE	127	112	685	n/a	7.8125
S130-D112	NIRSCWAMPLITUDE	130	112	685	n/a	7.8125
S131-D112	NIRSCWAMPLITUDE	131	112	685	n/a	7.8125
S132-D112	NIRSCWAMPLITUDE	132	112	685	n/a	7.8125
S137-D112	NIRSCWAMPLITUDE	137	112	685	n/a	7.8125
S193-D112	NIRSCWAMPLITUDE	193	112	685	n/a	7.8125
S208-D112	NIRSCWAMPLITUDE	208	112	685	n/a	7.8125
S219-D112	NIRSCWAMPLITUDE	219	112	685	n/a	7.8125
S220-D112	NIRSCWAMPLITUDE	220	112	685	n/a	7.8125
S230-D112	NIRSCWAMPLITUDE	230	112	685	n/a	7.8125
S231-D112	NIRSCWAMPLITUDE	231	112	685	n/a	7.8125
S241-D112	NIRSCWAMPLITUDE	241	112	685	n/a	7.8125
S242-D112	NIRSCWAMPLITUDE	242	112	685	n/a	7.8125
S251-D112	NIRSCWAMPLITUDE	251	112	685	n/a	7.8125
S252-D112	NIRSCWAMPLITUDE	252	112	685	n/a	7.8125
S94-D113	NIRSCWAMPLITUDE	94	113	685	n/a	7.8125
S95-D113	NIRSCWAMPLITUDE	95	113	685	n/a	7.8125
S100-D113	NIRSCWAMPLITUDE	100	113	685	n/a	7.8125
S101-D113	NIRSCWAMPLITUDE	101	113	685	n/a	7.8125
S102-D113	NIRSCWAMPLITUDE	102	113	685	n/a	7.8125
S103-D113	NIRSCWAMPLITUDE	103	113	685	n/a	7.8125
S106-D113	NIRSCWAMPLITUDE	106	113	685	n/a	7.8125
S107-D113	NIRSCWAMPLITUDE	107	113	685	n/a	7.8125
S108-D113	NIRSCWAMPLITUDE	108	113	685	n/a	7.8125
S109-D113	NIRSCWAMPLITUDE	109	113	685	n/a	7.8125
S112-D113	NIRSCWAMPLITUDE	112	113	685	n/a	7.8125
S113-D113	NIRSCWAMPLITUDE	113	113	685	n/a	7.8125
S114-D113	NIRSCWAMPLITUDE	114	113	685	n/a	7.8125
S115-D113	NIRSCWAMPLITUDE	115	113	685	n/a	7.8125
S118-D113	NIRSCWAMPLITUDE	118	113	685	n/a	7.8125
S119-D113	NIRSCWAMPLITUDE	119	113	685	n/a	7.8125
S120-D113	NIRSCWAMPLITUDE	120	113	685	n/a	7.8125
S121-D113	NIRSCWAMPLITUDE	121	113	685	n/a	7.8125
S123-D113	NIRSCWAMPLITUDE	123	113	685	n/a	7.8125
S124-D113	NIRSCWAMPLITUDE	124	113	685	n/a	7.8125
S125-D113	NIRSCWAMPLITUDE	125	113	685	n/a	7.8125
S126-D113	NIRSCWAMPLITUDE	126	113	685	n/a	7.8125
S128-D113	NIRSCWAMPLITUDE	128	113	685	n/a	7.8125
S129-D113	NIRSCWAMPLITUDE	129	113	685	n/a	7.8125
S130-D113	NIRSCWAMPLITUDE	130	113	685	n/a	7.8125
S133-D113	NIRSCWAMPLITUDE	133	113	685	n/a	7.8125
S94-D114	NIRSCWAMPLITUDE	94	114	685	n/a	7.8125
S95-D114	NIRSCWAMPLITUDE	95	114	685	n/a	7.8125
S96-D114	NIRSCWAMPLITUDE	96	114	685	n/a	7.8125
S97-D114	NIRSCWAMPLITUDE	97	114	685	n/a	7.8125
S100-D114	NIRSCWAMPLITUDE	100	114	685	n/a	7.8125
S101-D114	NIRSCWAMPLITUDE	101	114	685	n/a	7.8125
S102-D114	NIRSCWAMPLITUDE	102	114	685	n/a	7.8125
S103-D114	NIRSCWAMPLITUDE	103	114	685	n/a	7.8125
S104-D114	NIRSCWAMPLITUDE	104	114	685	n/a	7.8125
S106-D114	NIRSCWAMPLITUDE	106	114	685	n/a	7.8125
S107-D114	NIRSCWAMPLITUDE	107	114	685	n/a	7.8125
S108-D114	NIRSCWAMPLITUDE	108	114	685	n/a	7.8125
S109-D114	NIRSCWAMPLITUDE	109	114	685	n/a	7.8125
S110-D114	NIRSCWAMPLITUDE	110	114	685	n/a	7.8125
S112-D114	NIRSCWAMPLITUDE	112	114	685	n/a	7.8125
S113-D114	NIRSCWAMPLITUDE	113	114	685	n/a	7.8125
S114-D114	NIRSCWAMPLITUDE	114	114	685	n/a	7.8125
S115-D114	NIRSCWAMPLITUDE	115	114	685	n/a	7.8125
S116-D114	NIRSCWAMPLITUDE	116	114	685	n/a	7.8125
S118-D114	NIRSCWAMPLITUDE	118	114	685	n/a	7.8125
S119-D114	NIRSCWAMPLITUDE	119	114	685	n/a	7.8125
S120-D114	NIRSCWAMPLITUDE	120	114	685	n/a	7.8125
S121-D114	NIRSCWAMPLITUDE	121	114	685	n/a	7.8125
S122-D114	NIRSCWAMPLITUDE	122	114	685	n/a	7.8125
S123-D114	NIRSCWAMPLITUDE	123	114	685	n/a	7.8125
S124-D114	NIRSCWAMPLITUDE	124	114	685	n/a	7.8125
S125-D114	NIRSCWAMPLITUDE	125	114	685	n/a	7.8125
S126-D114	NIRSCWAMPLITUDE	126	114	685	n/a	7.8125
S127-D114	NIRSCWAMPLITUDE	127	114	685	n/a	7.8125
S128-D114	NIRSCWAMPLITUDE	128	114	685	n/a	7.8125
S129-D114	NIRSCWAMPLITUDE	129	114	685	n/a	7.8125
S130-D114	NIRSCWAMPLITUDE	130	114	685	n/a	7.8125
S131-D114	NIRSCWAMPLITUDE	131	114	685	n/a	7.8125
S133-D114	NIRSCWAMPLITUDE	133	114	685	n/a	7.8125
S134-D114	NIRSCWAMPLITUDE	134	114	685	n/a	7.8125
S94-D115	NIRSCWAMPLITUDE	94	115	685	n/a	7.8125
S95-D115	NIRSCWAMPLITUDE	95	115	685	n/a	7.8125
S96-D115	NIRSCWAMPLITUDE	96	115	685	n/a	7.8125
S97-D115	NIRSCWAMPLITUDE	97	115	685	n/a	7.8125
S98-D115	NIRSCWAMPLITUDE	98	115	685	n/a	7.8125
S100-D115	NIRSCWAMPLITUDE	100	115	685	n/a	7.8125
S101-D115	NIRSCWAMPLITUDE	101	115	685	n/a	7.8125
S102-D115	NIRSCWAMPLITUDE	102	115	685	n/a	7.8125
S103-D115	NIRSCWAMPLITUDE	103	115	685	n/a	7.8125
S104-D115	NIRSCWAMPLITUDE	104	115	685	n/a	7.8125
S105-D115	NIRSCWAMPLITUDE	105	115	685	n/a	7.8125
S106-D115	NIRSCWAMPLITUDE	106	115	685	n/a	7.8125
S107-D115	NIRSCWAMPLITUDE	107	115	685	n/a	7.8125
S108-D115	NIRSCWAMPLITUDE	108	115	685	n/a	7.8125
S109-D115	NIRSCWAMPLITUDE	109	115	685	n/a	7.8125
S110-D115	NIRSCWAMPLITUDE	110	115	685	n/a	7.8125
S111-D115	NIRSCWAMPLITUDE	111	115	685	n/a	7.8125
S112-D115	NIRSCWAMPLITUDE	112	115	685	n/a	7.8125
S113-D115	NIRSCWAMPLITUDE	113	115	685	n/a	7.8125
S114-D115	NIRSCWAMPLITUDE	114	115	685	n/a	7.8125
S115-D115	NIRSCWAMPLITUDE	115	115	685	n/a	7.8125
S116-D115	NIRSCWAMPLITUDE	116	115	685	n/a	7.8125
S117-D115	NIRSCWAMPLITUDE	117	115	685	n/a	7.8125
S118-D115	NIRSCWAMPLITUDE	118	115	685	n/a	7.8125
S119-D115	NIRSCWAMPLITUDE	119	115	685	n/a	7.8125
S120-D115	NIRSCWAMPLITUDE	120	115	685	n/a	7.8125
S121-D115	NIRSCWAMPLITUDE	121	115	685	n/a	7.8125
S122-D115	NIRSCWAMPLITUDE	122	115	685	n/a	7.8125
S123-D115	NIRSCWAMPLITUDE	123	115	685	n/a	7.8125
S124-D115	NIRSCWAMPLITUDE	124	115	685	n/a	7.8125
S125-D115	NIRSCWAMPLITUDE	125	115	685	n/a	7.8125
S126-D115	NIRSCWAMPLITUDE	126	115	685	n/a	7.8125
S127-D115	NIRSCWAMPLITUDE	127	115	685	n/a	7.8125
S128-D115	NIRSCWAMPLITUDE	128	115	685	n/a	7.8125
S129-D115	NIRSCWAMPLITUDE	129	115	685	n/a	7.8125
S130-D115	NIRSCWAMPLITUDE	130	115	685	n/a	7.8125
S131-D115	NIRSCWAMPLITUDE	131	115	685	n/a	7.8125
S132-D115	NIRSCWAMPLITUDE	132	115	685	n/a	7.8125
S133-D115	NIRSCWAMPLITUDE	133	115	685	n/a	7.8125
S134-D115	NIRSCWAMPLITUDE	134	115	685	n/a	7.8125
S135-D115	NIRSCWAMPLITUDE	135	115	685	n/a	7.8125
S95-D116	NIRSCWAMPLITUDE	95	116	685	n/a	7.8125
S96-D116	NIRSCWAMPLITUDE	96	116	685	n/a	7.8125
S97-D116	NIRSCWAMPLITUDE	97	116	685	n/a	7.8125
S98-D116	NIRSCWAMPLITUDE	98	116	685	n/a	7.8125
S99-D116	NIRSCWAMPLITUDE	99	116	685	n/a	7.8125
S100-D116	NIRSCWAMPLITUDE	100	116	685	n/a	7.8125
S101-D116	NIRSCWAMPLITUDE	101	116	685	n/a	7.8125
S102-D116	NIRSCWAMPLITUDE	102	116	685	n/a	7.8125
S103-D116	NIRSCWAMPLITUDE	103	116	685	n/a	7.8125
S104-D116	NIRSCWAMPLITUDE	104	116	685	n/a	7.8125
S105-D116	NIRSCWAMPLITUDE	105	116	685	n/a	7.8125
S106-D116	NIRSCWAMPLITUDE	106	116	685	n/a	7.8125
S107-D116	NIRSCWAMPLITUDE	107	116	685	n/a	7.8125
S108-D116	NIRSCWAMPLITUDE	108	116	685	n/a	7.8125
S109-D116	NIRSCWAMPLITUDE	109	116	685	n/a	7.8125
S110-D116	NIRSCWAMPLITUDE	110	116	685	n/a	7.8125
S111-D116	NIRSCWAMPLITUDE	111	116	685	n/a	7.8125
S112-D116	NIRSCWAMPLITUDE	112	116	685	n/a	7.8125
S113-D116	NIRSCWAMPLITUDE	113	116	685	n/a	7.8125
S114-D116	NIRSCWAMPLITUDE	114	116	685	n/a	7.8125
S115-D116	NIRSCWAMPLITUDE	115	116	685	n/a	7.8125
S116-D116	NIRSCWAMPLITUDE	116	116	685	n/a	7.8125
S117-D116	NIRSCWAMPLITUDE	117	116	685	n/a	7.8125
S118-D116	NIRSCWAMPLITUDE	118	116	685	n/a	7.8125
S119-D116	NIRSCWAMPLITUDE	119	116	685	n/a	7.8125
S120-D116	NIRSCWAMPLITUDE	120	116	685	n/a	7.8125
S121-D116	NIRSCWAMPLITUDE	121	116	685	n/a	7.8125
S122-D116	NIRSCWAMPLITUDE	122	116	685	n/a	7.8125
S123-D116	NIRSCWAMPLITUDE	123	116	685	n/a	7.8125
S124-D116	NIRSCWAMPLITUDE	124	116	685	n/a	7.8125
S125-D116	NIRSCWAMPLITUDE	125	116	685	n/a	7.8125
S126-D116	NIRSCWAMPLITUDE	126	116	685	n/a	7.8125
S127-D116	NIRSCWAMPLITUDE	127	116	685	n/a	7.8125
S128-D116	NIRSCWAMPLITUDE	128	116	685	n/a	7.8125
S129-D116	NIRSCWAMPLITUDE	129	116	685	n/a	7.8125
S130-D116	NIRSCWAMPLITUDE	130	116	685	n/a	7.8125
S131-D116	NIRSCWAMPLITUDE	131	116	685	n/a	7.8125
S132-D116	NIRSCWAMPLITUDE	132	116	685	n/a	7.8125
S133-D116	NIRSCWAMPLITUDE	133	116	685	n/a	7.8125
S134-D116	NIRSCWAMPLITUDE	134	116	685	n/a	7.8125
S135-D116	NIRSCWAMPLITUDE	135	116	685	n/a	7.8125
S136-D116	NIRSCWAMPLITUDE	136	116	685	n/a	7.8125
S251-D116	NIRSCWAMPLITUDE	251	116	685	n/a	7.8125
S93-D117	NIRSCWAMPLITUDE	93	117	685	n/a	7.8125
S96-D117	NIRSCWAMPLITUDE	96	117	685	n/a	7.8125
S97-D117	NIRSCWAMPLITUDE	97	117	685	n/a	7.8125
S98-D117	NIRSCWAMPLITUDE	98	117	685	n/a	7.8125
S99-D117	NIRSCWAMPLITUDE	99	117	685	n/a	7.8125
S101-D117	NIRSCWAMPLITUDE	101	117	685	n/a	7.8125
S102-D117	NIRSCWAMPLITUDE	102	117	685	n/a	7.8125
S103-D117	NIRSCWAMPLITUDE	103	117	685	n/a	7.8125
S104-D117	NIRSCWAMPLITUDE	104	117	685	n/a	7.8125
S105-D117	NIRSCWAMPLITUDE	105	117	685	n/a	7.8125
S106-D117	NIRSCWAMPLITUDE	106	117	685	n/a	7.8125
S107-D117	NIRSCWAMPLITUDE	107	117	685	n/a	7.8125
S108-D117	NIRSCWAMPLITUDE	108	117	685	n/a	7.8125
S109-D117	NIRSCWAMPLITUDE	109	117	685	n/a	7.8125
S110-D117	NIRSCWAMPLITUDE	110	117	685	n/a	7.8125
S111-D117	NIRSCWAMPLITUDE	111	117	685	n/a	7.8125
S112-D117	NIRSCWAMPLITUDE	112	117	685	n/a	7.8125
S113-D117	NIRSCWAMPLITUDE	113	117	685	n/a	7.8125
S114-D117	NIRSCWAMPLITUDE	114	117	685	n/a	7.8125
S115-D117	NIRSCWAMPLITUDE	115	117	685	n/a	7.8125
S116-D117	NIRSCWAMPLITUDE	116	117	685	n/a	7.8125
S117-D117	NIRSCWAMPLITUDE	117	117	685	n/a	7.8125
S118-D117	NIRSCWAMPLITUDE	118	117	685	n/a	7.8125
S119-D117	NIRSCWAMPLITUDE	119	117	685	n/a	7.8125
S120-D117	NIRSCWAMPLITUDE	120	117	685	n/a	7.8125
S121-D117	NIRSCWAMPLITUDE	121	117	685	n/a	7.8125
S122-D117	NIRSCWAMPLITUDE	122	117	685	n/a	7.8125
S123-D117	NIRSCWAMPLITUDE	123	117	685	n/a	7.8125
S124-D117	NIRSCWAMPLITUDE	124	117	685	n/a	7.8125
S125-D117	NIRSCWAMPLITUDE	125	117	685	n/a	7.8125
S126-D117	NIRSCWAMPLITUDE	126	117	685	n/a	7.8125
S127-D117	NIRSCWAMPLITUDE	127	117	685	n/a	7.8125
S128-D117	NIRSCWAMPLITUDE	128	117	685	n/a	7.8125
S129-D117	NIRSCWAMPLITUDE	129	117	685	n/a	7.8125
S130-D117	NIRSCWAMPLITUDE	130	117	685	n/a	7.8125
S131-D117	NIRSCWAMPLITUDE	131	117	685	n/a	7.8125
S132-D117	NIRSCWAMPLITUDE	132	117	685	n/a	7.8125
S133-D117	NIRSCWAMPLITUDE	133	117	685	n/a	7.8125
S134-D117	NIRSCWAMPLITUDE	134	117	685	n/a	7.8125
S135-D117	NIRSCWAMPLITUDE	135	117	685	n/a	7.8125
S136-D117	NIRSCWAMPLITUDE	136	117	685	n/a	7.8125
S137-D117	NIRSCWAMPLITUDE	137	117	685	n/a	7.8125
S138-D117	NIRSCWAMPLITUDE	138	117	685	n/a	7.8125
S219-D117	NIRSCWAMPLITUDE	219	117	685	n/a	7.8125
S230-D117	NIRSCWAMPLITUDE	230	117	685	n/a	7.8125
S241-D117	NIRSCWAMPLITUDE	241	117	685	n/a	7.8125
S251-D117	NIRSCWAMPLITUDE	251	117	685	n/a	7.8125
S252-D117	NIRSCWAMPLITUDE	252	117	685	n/a	7.8125
S92-D118	NIRSCWAMPLITUDE	92	118	685	n/a	7.8125
S93-D118	NIRSCWAMPLITUDE	93	118	685	n/a	7.8125
S97-D118	NIRSCWAMPLITUDE	97	118	685	n/a	7.8125
S98-D118	NIRSCWAMPLITUDE	98	118	685	n/a	7.8125
S99-D118	NIRSCWAMPLITUDE	99	118	685	n/a	7.8125
S102-D118	NIRSCWAMPLITUDE	102	118	685	n/a	7.8125
S103-D118	NIRSCWAMPLITUDE	103	118	685	n/a	7.8125
S104-D118	NIRSCWAMPLITUDE	104	118	685	n/a	7.8125
S105-D118	NIRSCWAMPLITUDE	105	118	685	n/a	7.8125
S107-D118	NIRSCWAMPLITUDE	107	118	685	n/a	7.8125
S108-D118	NIRSCWAMPLITUDE	108	118	685	n/a	7.8125
S109-D118	NIRSCWAMPLITUDE	109	118	685	n/a	7.8125
S110-D118	NIRSCWAMPLITUDE	110	118	685	n/a	7.8125
S111-D118	NIRSCWAMPLITUDE	111	118	685	n/a	7.8125
S113-D118	NIRSCWAMPLITUDE	113	118	685	n/a	7.8125
S114-D118	NIRSCWAMPLITUDE	114	118	685	n/a	7.8125
S115-D118	NIRSCWAMPLITUDE	115	118	685	n/a	7.8125
S116-D118	NIRSCWAMPLITUDE	116	118	685	n/a	7.8125
S117-D118	NIRSCWAMPLITUDE	117	118	685	n/a	7.8125
S119-D118	NIRSCWAMPLITUDE	119	118	685	n/a	7.8125
S120-D118	NIRSCWAMPLITUDE	120	118	685	n/a	7.8125
S121-D118	NIRSCWAMPLITUDE	121	118	685	n/a	7.8125
S122-D118	NIRSCWAMPLITUDE	122	118	685	n/a	7.8125
S124-D118	NIRSCWAMPLITUDE	124	118	685	n/a	7.8125
S125-D118	NIRSCWAMPLITUDE	125	118	685	n/a	7.8125
S126-D118	NIRSCWAMPLITUDE	126	118	685	n/a	7.8125
S127-D118	NIRSCWAMPLITUDE	127	118	685	n/a	7.8125
S129-D118	NIRSCWAMPLITUDE	129	118	685	n/a	7.8125
S130-D118	NIRSCWAMPLITUDE	130	118	685	n/a	7.8125
S131-D118	NIRSCWAMPLITUDE	131	118	685	n/a	7.8125
S132-D118	NIRSCWAMPLITUDE	132	118	685	n/a	7.8125
S134-D118	NIRSCWAMPLITUDE	134	118	685	n/a	7.8125
S135-D118	NIRSCWAMPLITUDE	135	118	685	n/a	7.8125
S136-D118	NIRSCWAMPLITUDE	136	118	685	n/a	7.8125
S137-D118	NIRSCWAMPLITUDE	137	118	685	n/a	7.8125
S138-D118	NIRSCWAMPLITUDE	138	118	685	n/a	7.8125
S193-D118	NIRSCWAMPLITUDE	193	118	685	n/a	7.8125
S219-D118	NIRSCWAMPLITUDE	219	118	685	n/a	7.8125
S220-D118	NIRSCWAMPLITUDE	220	118	685	n/a	7.8125
S230-D118	NIRSCWAMPLITUDE	230	118	685	n/a	7.8125
S231-D118	NIRSCWAMPLITUDE	231	118	685	n/a	7.8125
S241-D118	NIRSCWAMPLITUDE	241	118	685	n/a	7.8125
S242-D118	NIRSCWAMPLITUDE	242	118	685	n/a	7.8125
S251-D118	NIRSCWAMPLITUDE	251	118	685	n/a	7.8125
S252-D118	NIRSCWAMPLITUDE	252	118	685	n/a	7.8125
S253-D118	NIRSCWAMPLITUDE	253	118	685	n/a	7.8125
S100-D119	NIRSCWAMPLITUDE	100	119	685	n/a	7.8125
S101-D119	NIRSCWAMPLITUDE	101	119	685	n/a	7.8125
S106-D119	NIRSCWAMPLITUDE	106	119	685	n/a	7.8125
S107-D119	NIRSCWAMPLITUDE	107	119	685	n/a	7.8125
S108-D119	NIRSCWAMPLITUDE	108	119	685	n/a	7.8125
S109-D119	NIRSCWAMPLITUDE	109	119	685	n/a	7.8125
S112-D119	NIRSCWAMPLITUDE	112	119	685	n/a	7.8125
S113-D119	NIRSCWAMPLITUDE	113	119	685	n/a	7.8125
S114-D119	NIRSCWAMPLITUDE	114	119	685	n/a	7.8125
S115-D119	NIRSCWAMPLITUDE	115	119	685	n/a	7.8125
S118-D119	NIRSCWAMPLITUDE	118	119	685	n/a	7.8125
S119-D119	NIRSCWAMPLITUDE	119	119	685	n/a	7.8125
S120-D119	NIRSCWAMPLITUDE	120	119	685	n/a	7.8125
S121-D119	NIRSCWAMPLITUDE	121	119	685	n/a	7.8125
S123-D119	NIRSCWAMPLITUDE	123	119	685	n/a	7.8125
S124-D119	NIRSCWAMPLITUDE	124	119	685	n/a	7.8125
S125-D119	NIRSCWAMPLITUDE	125	119	685	n/a	7.8125
S126-D119	NIRSCWAMPLITUDE	126	119	685	n/a	7.8125
S128-D119	NIRSCWAMPLITUDE	128	119	685	n/a	7.8125
S129-D119	NIRSCWAMPLITUDE	129	119	685	n/a	7.8125
S130-D119	NIRSCWAMPLITUDE	130	119	685	n/a	7.8125
S131-D119	NIRSCWAMPLITUDE	131	119	685	n/a	7.8125
S133-D119	NIRSCWAMPLITUDE	133	119	685	n/a	7.8125
S134-D119	NIRSCWAMPLITUDE	134	119	685	n/a	7.8125
S139-D119	NIRSCWAMPLITUDE	139	119	685	n/a	7.8125
S100-D120	NIRSCWAMPLITUDE	100	120	685	n/a	7.8125
S101-D120	NIRSCWAMPLITUDE	101	120	685	n/a	7.8125
S102-D120	NIRSCWAMPLITUDE	102	120	685	n/a	7.8125
S103-D120	NIRSCWAMPLITUDE	103	120	685	n/a	7.8125
S106-D120	NIRSCWAMPLITUDE	106	120	685	n/a	7.8125
S107-D120	NIRSCWAMPLITUDE	107	120	685	n/a	7.8125
S108-D120	NIRSCWAMPLITUDE	108	120	685	n/a	7.8125
S109-D120	NIRSCWAMPLITUDE	109	120	685	n/a	7.8125
S110-D120	NIRSCWAMPLITUDE	110	120	685	n/a	7.8125
S112-D120	NIRSCWAMPLITUDE	112	120	685	n/a	7.8125
S113-D120	NIRSCWAMPLITUDE	113	120	685	n/a	7.8125
S114-D120	NIRSCWAMPLITUDE	114	120	685	n/a	7.8125
S115-D120	NIRSCWAMPLITUDE	115	120	685	n/a	7.8125
S116-D120	NIRSCWAMPLITUDE	116	120	685	n/a	7.8125
S118-D120	NIRSCWAMPLITUDE	118	120	685	n/a	7.8125
S119-D120	NIRSCWAMPLITUDE	119	120	685	n/a	7.8125
S120-D120	NIRSCWAMPLITUDE	120	120	685	n/a	7.8125
S121-D120	NIRSCWAMPLITUDE	121	120	685	n/a	7.8125
S122-D120	NIRSCWAMPLITUDE	122	120	685	n/a	7.8125
S123-D120	NIRSCWAMPLITUDE	123	120	685	n/a	7.8125
S124-D120	NIRSCWAMPLITUDE	124	120	685	n/a	7.8125
S125-D120	NIRSCWAMPLITUDE	125	120	685	n/a	7.8125
S126-D120	NIRSCWAMPLITUDE	126	120	685	n/a	7.8125
S127-D120	NIRSCWAMPLITUDE	127	120	685	n/a	7.8125
S128-D120	NIRSCWAMPLITUDE	128	120	685	n/a	7.8125
S129-D120	NIRSCWAMPLITUDE	129	120	685	n/a	7.8125
S130-D120	NIRSCWAMPLITUDE	130	120	685	n/a	7.8125
S131-D120	NIRSCWAMPLITUDE	131	120	685	n/a	7.8125
S132-D120	NIRSCWAMPLITUDE	132	120	685	n/a	7.8125
S133-D120	NIRSCWAMPLITUDE	133	120	685	n/a	7.8125
S134-D120	NIRSCWAMPLITUDE	134	120	685	n/a	7.8125
S135-D120	NIRSCWAMPLITUDE	135	120	685	n/a	7.8125
S139-D120	NIRSCWAMPLITUDE	139	120	685	n/a	7.8125
S140-D120	NIRSCWAMPLITUDE	140	120	685	n/a	7.8125
S100-D121	NIRSCWAMPLITUDE	100	121	685	n/a	7.8125
S101-D121	NIRSCWAMPLITUDE	101	121	685	n/a	7.8125
S102-D121	NIRSCWAMPLITUDE	102	121	685	n/a	7.8125
S103-D121	NIRSCWAMPLITUDE	103	121	685	n/a	7.8125
S104-D121	NIRSCWAMPLITUDE	104	121	685	n/a	7.8125
S106-D121	NIRSCWAMPLITUDE	106	121	685	n/a	7.8125
S107-D121	NIRSCWAMPLITUDE	107	121	685	n/a	7.8125
S108-D121	NIRSCWAMPLITUDE	108	121	685	n/a	7.8125
S109-D121	NIRSCWAMPLITUDE	109	121	685	n/a	7.8125
S110-D121	NIRSCWAMPLITUDE	110	121	685	n/a	7.8125
S111-D121	NIRSCWAMPLITUDE	111	121	685	n/a	7.8125
S112-D121	NIRSCWAMPLITUDE	112	121	685	n/a	7.8125
S113-D121	NIRSCWAMPLITUDE	113	121	685	n/a	7.8125
S114-D121	NIRSCWAMPLITUDE	114	121	685	n/a	7.8125
S115-D121	NIRSCWAMPLITUDE	115	121	685	n/a	7.8125
S116-D121	NIRSCWAMPLITUDE	116	121	685	n/a	7.8125
S117-D121	NIRSCWAMPLITUDE	117	121	685	n/a	7.8125
S118-D121	NIRSCWAMPLITUDE	118	121	685	n/a	7.8125
S119-D121	NIRSCWAMPLITUDE	119	121	685	n/a	7.8125
S120-D121	NIRSCWAMPLITUDE	120	121	685	n/a	7.8125
S121-D121	NIRSCWAMPLITUDE	121	121	685	n/a	7.8125
S122-D121	NIRSCWAMPLITUDE	122	121	685	n/a	7.8125
S123-D121	NIRSCWAMPLITUDE	123	121	685	n/a	7.8125
S124-D121	NIRSCWAMPLITUDE	124	121	685	n/a	7.8125
S125-D121	NIRSCWAMPLITUDE	125	121	685	n/a	7.8125
S126-D121	NIRSCWAMPLITUDE	126	121	685	n/a	7.8125
S127-D121	NIRSCWAMPLITUDE	127	121	685	n/a	7.8125
S128-D121	NIRSCWAMPLITUDE	128	121	685	n/a	7.8125
S129-D121	NIRSCWAMPLITUDE	129	121	685	n/a	7.8125
S130-D121	NIRSCWAMPLITUDE	130	121	685	n/a	7.8125
S131-D121	NIRSCWAMPLITUDE	131	121	685	n/a	7.8125
S132-D121	NIRSCWAMPLITUDE	132	121	685	n/a	7.8125
S133-D121	NIRSCWAMPLITUDE	133	121	685	n/a	7.8125
S134-D121	NIRSCWAMPLITUDE	134	121	685	n/a	7.8125
S135-D121	NIRSCWAMPLITUDE	135	121	685	n/a	7.8125
S136-D121	NIRSCWAMPLITUDE	136	121	685	n/a	7.8125
S139-D121	NIRSCWAMPLITUDE	139	121	685	n/a	7.8125
S140-D121	NIRSCWAMPLITUDE	140	121	685	n/a	7.8125
S141-D121	NIRSCWAMPLITUDE	141	121	685	n/a	7.8125
S101-D122	NIRSCWAMPLITUDE	101	122	685	n/a	7.8125
S102-D122	NIRSCWAMPLITUDE	102	122	685	n/a	7.8125
S103-D122	NIRSCWAMPLITUDE	103	122	685	n/a	7.8125
S104-D122	NIRSCWAMPLITUDE	104	122	685	n/a	7.8125
S105-D122	NIRSCWAMPLITUDE	105	122	685	n/a	7.8125
S106-D122	NIRSCWAMPLITUDE	106	122	685	n/a	7.8125
S107-D122	NIRSCWAMPLITUDE	107	122	685	n/a	7.8125
S108-D122	NIRSCWAMPLITUDE	108	122	685	n/a	7.8125
S109-D122	NIRSCWAMPLITUDE	109	122	685	n/a	7.8125
S110-D122	NIRSCWAMPLITUDE	110	122	685	n/a	7.8125
S111-D122	NIRSCWAMPLITUDE	111	122	685	n/a	7.8125
S112-D122	NIRSCWAMPLITUDE	112	122	685	n/a	7.8125
S113-D122	NIRSCWAMPLITUDE	113	122	685	n/a	7.8125
S114-D122	NIRSCWAMPLITUDE	114	122	685	n/a	7.8125
S115-D122	NIRSCWAMPLITUDE	115	122	685	n/a	7.8125
S116-D122	NIRSCWAMPLITUDE	116	122	685	n/a	7.8125
S117-D122	NIRSCWAMPLITUDE	117	122	685	n/a	7.8125
S118-D122	NIRSCWAMPLITUDE	118	122	685	n/a	7.8125
S119-D122	NIRSCWAMPLITUDE	119	122	685	n/a	7.8125
S120-D122	NIRSCWAMPLITUDE	120	122	685	n/a	7.8125
S121-D122	NIRSCWAMPLITUDE	121	122	685	n/a	7.8125
S122-D122	NIRSCWAMPLITUDE	122	122	685	n/a	7.8125
S123-D122	NIRSCWAMPLITUDE	123	122	685	n/a	7.8125
S124-D122	NIRSCWAMPLITUDE	124	122	685	n/a	7.8125
S125-D122	NIRSCWAMPLITUDE	125	122	685	n/a	7.8125
S126-D122	NIRSCWAMPLITUDE	126	122	685	n/a	7.8125
S127-D122	NIRSCWAMPLITUDE	127	122	685	n/a	7.8125
S128-D122	NIRSCWAMPLITUDE	128	122	685	n/a	7.8125
S129-D122	NIRSCWAMPLITUDE	129	122	685	n/a	7.8125
S130-D122	NIRSCWAMPLITUDE	130	122	685	n/a	7.8125
S131-D122	NIRSCWAMPLITUDE	131	122	685	n/a	7.8125
S132-D122	NIRSCWAMPLITUDE	132	122	685	n/a	7.8125
S133-D122	NIRSCWAMPLITUDE	133	122	685	n/a	7.8125
S134-D122	NIRSCWAMPLITUDE	134	122	685	n/a	7.8125
S135-D122	NIRSCWAMPLITUDE	135	122	685	n/a	7.8125
S136-D122	NIRSCWAMPLITUDE	136	122	685	n/a	7.8125
S137-D122	NIRSCWAMPLITUDE	137	122	685	n/a	7.8125
S139-D122	NIRSCWAMPLITUDE	139	122	685	n/a	7.8125
S140-D122	NIRSCWAMPLITUDE	140	122	685	n/a	7.8125
S141-D122	NIRSCWAMPLITUDE	141	122	685	n/a	7.8125
S142-D122	NIRSCWAMPLITUDE	142	122	685	n/a	7.8125
S102-D123	NIRSCWAMPLITUDE	102	123	685	n/a	7.8125
S103-D123	NIRSCWAMPLITUDE	103	123	685	n/a	7.8125
S104-D123	NIRSCWAMPLITUDE	104	123	685	n/a	7.8125
S105-D123	NIRSCWAMPLITUDE	105	123	685	n/a	7.8125
S107-D123	NIRSCWAMPLITUDE	107	123	685	n/a	7.8125
S108-D123	NIRSCWAMPLITUDE	108	123	685	n/a	7.8125
S109-D123	NIRSCWAMPLITUDE	109	123	685	n/a	7.8125
S110-D123	NIRSCWAMPLITUDE	110	123	685	n/a	7.8125
S111-D123	NIRSCWAMPLITUDE	111	123	685	n/a	7.8125
S112-D123	NIRSCWAMPLITUDE	112	123	685	n/a	7.8125
S113-D123	NIRSCWAMPLITUDE	113	123	685	n/a	7.8125
S114-D123	NIRSCWAMPLITUDE	114	123	685	n/a	7.8125
S115-D123	NIRSCWAMPLITUDE	115	123	685	n/a	7.8125
S116-D123	NIRSCWAMPLITUDE	116	123	685	n/a	7.8125
S117-D123	NIRSCWAMPLITUDE	117	123	685	n/a	7.8125
S118-D123	NIRSCWAMPLITUDE	118	123	685	n/a	7.8125
S119-D123	NIRSCWAMPLITUDE	119	123	685	n/a	7.8125
S120-D123	NIRSCWAMPLITUDE	120	123	685	n/a	7.8125
S121-D123	NIRSCWAMPLITUDE	121	123	685	n/a	7.8125
S122-D123	NIRSCWAMPLITUDE	122	123	685	n/a	7.8125
S123-D123	NIRSCWAMPLITUDE	123	123	685	n/a	7.8125
S124-D123	NIRSCWAMPLITUDE	124	123	685	n/a	7.8125
S125-D123	NIRSCWAMPLITUDE	125	123	685	n/a	7.8125
S126-D123	NIRSCWAMPLITUDE	126	123	685	n/a	7.8125
S127-D123	NIRSCWAMPLITUDE	127	123	685	n/a	7.8125
S128-D123	NIRSCWAMPLITUDE	128	123	685	n/a	7.8125
S129-D123	NIRSCWAMPLITUDE	129	123	685	n/a	7.8125
S130-D123	NIRSCWAMPLITUDE	130	123	685	n/a	7.8125
S131-D123	NIRSCWAMPLITUDE	131	123	685	n/a	7.8125
S132-D123	NIRSCWAMPLITUDE	132	123	685	n/a	7.8125
S133-D123	NIRSCWAMPLITUDE	133	123	685	n/a	7.8125
S134-D123	NIRSCWAMPLITUDE	134	123	685	n/a	7.8125
S135-D123	NIRSCWAMPLITUDE	135	123	685	n/a	7.8125
S136-D123	NIRSCWAMPLITUDE	136	123	685	n/a	7.8125
S137-D123	NIRSCWAMPLITUDE	137	123	685	n/a	7.8125
S138-D123	NIRSCWAMPLITUDE	138	123	685	n/a	7.8125
S140-D123	NIRSCWAMPLITUDE	140	123	685	n/a	7.8125
S141-D123	NIRSCWAMPLITUDE	141	123	685	n/a	7.8125
S142-D123	NIRSCWAMPLITUDE	142	123	685	n/a	7.8125
S143-D123	NIRSCWAMPLITUDE	143	123	685	n/a	7.8125
S230-D123	NIRSCWAMPLITUDE	230	123	685	n/a	7.8125
S241-D123	NIRSCWAMPLITUDE	241	123	685	n/a	7.8125
S242-D123	NIRSCWAMPLITUDE	242	123	685	n/a	7.8125
S251-D123	NIRSCWAMPLITUDE	251	123	685	n/a	7.8125
S252-D123	NIRSCWAMPLITUDE	252	123	685	n/a	7.8125
S106-D124	NIRSCWAMPLITUDE	106	124	685	n/a	7.8125
S107-D124	NIRSCWAMPLITUDE	107	124	685	n/a	7.8125
S108-D124	NIRSCWAMPLITUDE	108	124	685	n/a	7.8125
S112-D124	NIRSCWAMPLITUDE	112	124	685	n/a	7.8125
S113-D124	NIRSCWAMPLITUDE	113	124	685	n/a	7.8125
S114-D124	NIRSCWAMPLITUDE	114	124	685	n/a	7.8125
S115-D124	NIRSCWAMPLITUDE	115	124	685	n/a	7.8125
S118-D124	NIRSCWAMPLITUDE	118	124	685	n/a	7.8125
S119-D124	NIRSCWAMPLITUDE	119	124	685	n/a	7.8125
S120-D124	NIRSCWAMPLITUDE	120	124	685	n/a	7.8125
S121-D124	NIRSCWAMPLITUDE	121	124	685	n/a	7.8125
S123-D124	NIRSCWAMPLITUDE	123	124	685	n/a	7.8125
S124-D124	NIRSCWAMPLITUDE	124	124	685	n/a	7.8125
S125-D124	NIRSCWAMPLITUDE	125	124	685	n/a	7.8125
S126-D124	NIRSCWAMPLITUDE	126	124	685	n/a	7.8125
S128-D124	NIRSCWAMPLITUDE	128	124	685	n/a	7.8125
S129-D124	NIRSCWAMPLITUDE	129	124	685	n/a	7.8125
S130-D124	NIRSCWAMPLITUDE	130	124	685	n/a	7.8125
S131-D124	NIRSCWAMPLITUDE	131	124	685	n/a	7.8125
S133-D124	NIRSCWAMPLITUDE	133	124	685	n/a	7.8125
S134-D124	NIRSCWAMPLITUDE	134	124	685	n/a	7.8125
S135-D124	NIRSCWAMPLITUDE	135	124	685	n/a	7.8125
S139-D124	NIRSCWAMPLITUDE	139	124	685	n/a	7.8125
S140-D124	NIRSCWAMPLITUDE	140	124	685	n/a	7.8125
S145-D124	NIRSCWAMPLITUDE	145	124	685	n/a	7.8125
S106-D125	NIRSCWAMPLITUDE	106	125	685	n/a	7.8125
S107-D125	NIRSCWAMPLITUDE	107	125	685	n/a	7.8125
S108-D125	NIRSCWAMPLITUDE	108	125	685	n/a	7.8125
S109-D125	NIRSCWAMPLITUDE	109	125	685	n/a	7.8125
S112-D125	NIRSCWAMPLITUDE	112	125	685	n/a	7.8125
S113-D125	NIRSCWAMPLITUDE	113	125	685	n/a	7.8125
S114-D125	NIRSCWAMPLITUDE	114	125	685	n/a	7.8125
S115-D125	NIRSCWAMPLITUDE	115	125	685	n/a	7.8125
S116-D125	NIRSCWAMPLITUDE	116	125	685	n/a	7.8125
S118-D125	NIRSCWAMPLITUDE	118	125	685	n/a	7.8125
S119-D125	NIRSCWAMPLITUDE	119	125	685	n/a	7.8125
S120-D125	NIRSCWAMPLITUDE	120	125	685	n/a	7.8125
S121-D125	NIRSCWAMPLITUDE	121	125	685	n/a	7.8125
S122-D125	NIRSCWAMPLITUDE	122	125	685	n/a	7.8125
S123-D125	NIRSCWAMPLITUDE	123	125	685	n/a	7.8125
S124-D125	NIRSCWAMPLITUDE	124	125	685	n/a	7.8125
S125-D125	NIRSCWAMPLITUDE	125	125	685	n/a	7.8125
S126-D125	NIRSCWAMPLITUDE	126	125	685	n/a	7.8125
S127-D125	NIRSCWAMPLITUDE	127	125	685	n/a	7.8125
S128-D125	NIRSCWAMPLITUDE	128	125	685	n/a	7.8125
S129-D125	NIRSCWAMPLITUDE	129	125	685	n/a	7.8125
S130-D125	NIRSCWAMPLITUDE	130	125	685	n/a	7.8125
S131-D125	NIRSCWAMPLITUDE	131	125	685	n/a	7.8125
S132-D125	NIRSCWAMPLITUDE	132	125	685	n/a	7.8125
S133-D125	NIRSCWAMPLITUDE	133	125	685	n/a	7.8125
S134-D125	NIRSCWAMPLITUDE	134	125	685	n/a	7.8125
S135-D125	NIRSCWAMPLITUDE	135	125	685	n/a	7.8125
S136-D125	NIRSCWAMPLITUDE	136	125	685	n/a	7.8125
S139-D125	NIRSCWAMPLITUDE	139	125	685	n/a	7.8125
S140-D125	NIRSCWAMPLITUDE	140	125	685	n/a	7.8125
S141-D125	NIRSCWAMPLITUDE	141	125	685	n/a	7.8125
S145-D125	NIRSCWAMPLITUDE	145	125	685	n/a	7.8125
S146-D125	NIRSCWAMPLITUDE	146	125	685	n/a	7.8125
S106-D126	NIRSCWAMPLITUDE	106	126	685	n/a	7.8125
S107-D126	NIRSCWAMPLITUDE	107	126	685	n/a	7.8125
S108-D126	NIRSCWAMPLITUDE	108	126	685	n/a	7.8125
S109-D126	NIRSCWAMPLITUDE	109	126	685	n/a	7.8125
S110-D126	NIRSCWAMPLITUDE	110	126	685	n/a	7.8125
S112-D126	NIRSCWAMPLITUDE	112	126	685	n/a	7.8125
S113-D126	NIRSCWAMPLITUDE	113	126	685	n/a	7.8125
S114-D126	NIRSCWAMPLITUDE	114	126	685	n/a	7.8125
S115-D126	NIRSCWAMPLITUDE	115	126	685	n/a	7.8125
S116-D126	NIRSCWAMPLITUDE	116	126	685	n/a	7.8125
S117-D126	NIRSCWAMPLITUDE	117	126	685	n/a	7.8125
S118-D126	NIRSCWAMPLITUDE	118	126	685	n/a	7.8125
S119-D126	NIRSCWAMPLITUDE	119	126	685	n/a	7.8125
S120-D126	NIRSCWAMPLITUDE	120	126	685	n/a	7.8125
S121-D126	NIRSCWAMPLITUDE	121	126	685	n/a	7.8125
S122-D126	NIRSCWAMPLITUDE	122	126	685	n/a	7.8125
S123-D126	NIRSCWAMPLITUDE	123	126	685	n/a	7.8125
S124-D126	NIRSCWAMPLITUDE	124	126	685	n/a	7.8125
S125-D126	NIRSCWAMPLITUDE	125	126	685	n/a	7.8125
S126-D126	NIRSCWAMPLITUDE	126	126	685	n/a	7.8125
S127-D126	NIRSCWAMPLITUDE	127	126	685	n/a	7.8125
S128-D126	NIRSCWAMPLITUDE	128	126	685	n/a	7.8125
S129-D126	NIRSCWAMPLITUDE	129	126	685	n/a	7.8125
S130-D126	NIRSCWAMPLITUDE	130	126	685	n/a	7.8125
S131-D126	NIRSCWAMPLITUDE	131	126	685	n/a	7.8125
S132-D126	NIRSCWAMPLITUDE	132	126	685	n/a	7.8125
S133-D126	NIRSCWAMPLITUDE	133	126	685	n/a	7.8125
S134-D126	NIRSCWAMPLITUDE	134	126	685	n/a	7.8125
S135-D126	NIRSCWAMPLITUDE	135	126	685	n/a	7.8125
S136-D126	NIRSCWAMPLITUDE	136	126	685	n/a	7.8125
S137-D126	NIRSCWAMPLITUDE	137	126	685	n/a	7.8125
S139-D126	NIRSCWAMPLITUDE	139	126	685	n/a	7.8125
S140-D126	NIRSCWAMPLITUDE	140	126	685	n/a	7.8125
S141-D126	NIRSCWAMPLITUDE	141	126	685	n/a	7.8125
S142-D126	NIRSCWAMPLITUDE	142	126	685	n/a	7.8125
S145-D126	NIRSCWAMPLITUDE	145	126	685	n/a	7.8125
S146-D126	NIRSCWAMPLITUDE	146	126	685	n/a	7.8125
S147-D126	NIRSCWAMPLITUDE	147	126	685	n/a	7.8125
S107-D127	NIRSCWAMPLITUDE	107	127	685	n/a	7.8125
S108-D127	NIRSCWAMPLITUDE	108	127	685	n/a	7.8125
S109-D127	NIRSCWAMPLITUDE	109	127	685	n/a	7.8125
S110-D127	NIRSCWAMPLITUDE	110	127	685	n/a	7.8125
S111-D127	NIRSCWAMPLITUDE	111	127	685	n/a	7.8125
S112-D127	NIRSCWAMPLITUDE	112	127	685	n/a	7.8125
S113-D127	NIRSCWAMPLITUDE	113	127	685	n/a	7.8125
S114-D127	NIRSCWAMPLITUDE	114	127	685	n/a	7.8125
S115-D127	NIRSCWAMPLITUDE	115	127	685	n/a	7.8125
S116-D127	NIRSCWAMPLITUDE	116	127	685	n/a	7.8125
S117-D127	NIRSCWAMPLITUDE	117	127	685	n/a	7.8125
S118-D127	NIRSCWAMPLITUDE	118	127	685	n/a	7.8125
S119-D127	NIRSCWAMPLITUDE	119	127	685	n/a	7.8125
S120-D127	NIRSCWAMPLITUDE	120	127	685	n/a	7.8125
S121-D127	NIRSCWAMPLITUDE	121	127	685	n/a	7.8125
S122-D127	NIRSCWAMPLITUDE	122	127	685	n/a	7.8125
S123-D127	NIRSCWAMPLITUDE	123	127	685	n/a	7.8125
S124-D127	NIRSCWAMPLITUDE	124	127	685	n/a	7.8125
S125-D127	NIRSCWAMPLITUDE	125	127	685	n/a	7.8125
S126-D127	NIRSCWAMPLITUDE	126	127	685	n/a	7.8125
S127-D127	NIRSCWAMPLITUDE	127	127	685	n/a	7.8125
S128-D127	NIRSCWAMPLITUDE	128	127	685	n/a	7.8125
S129-D127	NIRSCWAMPLITUDE	129	127	685	n/a	7.8125
S130-D127	NIRSCWAMPLITUDE	130	127	685	n/a	7.8125
S131-D127	NIRSCWAMPLITUDE	131	127	685	n/a	7.8125
S132-D127	NIRSCWAMPLITUDE	132	127	685	n/a	7.8125
S133-D127	NIRSCWAMPLITUDE	133	127	685	n/a	7.8125
S134-D127	NIRSCWAMPLITUDE	134	127	685	n/a	7.8125
S135-D127	NIRSCWAMPLITUDE	135	127	685	n/a	7.8125
S136-D127	NIRSCWAMPLITUDE	136	127	685	n/a	7.8125
S137-D127	NIRSCWAMPLITUDE	137	127	685	n/a	7.8125
S138-D127	NIRSCWAMPLITUDE	138	127	685	n/a	7.8125
S139-D127	NIRSCWAMPLITUDE	139	127	685	n/a	7.8125
S140-D127	NIRSCWAMPLITUDE	140	127	685	n/a	7.8125
S141-D127	NIRSCWAMPLITUDE	141	127	685	n/a	7.8125
S142-D127	NIRSCWAMPLITUDE	142	127	685	n/a	7.8125
S143-D127	NIRSCWAMPLITUDE	143	127	685	n/a	7.8125
S145-D127	NIRSCWAMPLITUDE	145	127	685	n/a	7.8125
S146-D127	NIRSCWAMPLITUDE	146	127	685	n/a	7.8125
S147-D127	NIRSCWAMPLITUDE	147	127	685	n/a	7.8125
S148-D127	NIRSCWAMPLITUDE	148	127	685	n/a	7.8125
S108-D128	NIRSCWAMPLITUDE	108	128	685	n/a	7.8125
S109-D128	NIRSCWAMPLITUDE	109	128	685	n/a	7.8125
S110-D128	NIRSCWAMPLITUDE	110	128	685	n/a	7.8125
S111-D128	NIRSCWAMPLITUDE	111	128	685	n/a	7.8125
S113-D128	NIRSCWAMPLITUDE	113	128	685	n/a	7.8125
S114-D128	NIRSCWAMPLITUDE	114	128	685	n/a	7.8125
S115-D128	NIRSCWAMPLITUDE	115	128	685	n/a	7.8125
S116-D128	NIRSCWAMPLITUDE	116	128	685	n/a	7.8125
S117-D128	NIRSCWAMPLITUDE	117	128	685	n/a	7.8125
S118-D128	NIRSCWAMPLITUDE	118	128	685	n/a	7.8125
S119-D128	NIRSCWAMPLITUDE	119	128	685	n/a	7.8125
S120-D128	NIRSCWAMPLITUDE	120	128	685	n/a	7.8125
S121-D128	NIRSCWAMPLITUDE	121	128	685	n/a	7.8125
S122-D128	NIRSCWAMPLITUDE	122	128	685	n/a	7.8125
S123-D128	NIRSCWAMPLITUDE	123	128	685	n/a	7.8125
S124-D128	NIRSCWAMPLITUDE	124	128	685	n/a	7.8125
S125-D128	NIRSCWAMPLITUDE	125	128	685	n/a	7.8125
S126-D128	NIRSCWAMPLITUDE	126	128	685	n/a	7.8125
S127-D128	NIRSCWAMPLITUDE	127	128	685	n/a	7.8125
S128-D128	NIRSCWAMPLITUDE	128	128	685	n/a	7.8125
S129-D128	NIRSCWAMPLITUDE	129	128	685	n/a	7.8125
S130-D128	NIRSCWAMPLITUDE	130	128	685	n/a	7.8125
S131-D128	NIRSCWAMPLITUDE	131	128	685	n/a	7.8125
S132-D128	NIRSCWAMPLITUDE	132	128	685	n/a	7.8125
S133-D128	NIRSCWAMPLITUDE	133	128	685	n/a	7.8125
S134-D128	NIRSCWAMPLITUDE	134	128	685	n/a	7.8125
S135-D128	NIRSCWAMPLITUDE	135	128	685	n/a	7.8125
S136-D128	NIRSCWAMPLITUDE	136	128	685	n/a	7.8125
S137-D128	NIRSCWAMPLITUDE	137	128	685	n/a	7.8125
S138-D128	NIRSCWAMPLITUDE	138	128	685	n/a	7.8125
S139-D128	NIRSCWAMPLITUDE	139	128	685	n/a	7.8125
S140-D128	NIRSCWAMPLITUDE	140	128	685	n/a	7.8125
S141-D128	NIRSCWAMPLITUDE	141	128	685	n/a	7.8125
S142-D128	NIRSCWAMPLITUDE	142	128	685	n/a	7.8125
S143-D128	NIRSCWAMPLITUDE	143	128	685	n/a	7.8125
S144-D128	NIRSCWAMPLITUDE	144	128	685	n/a	7.8125
S146-D128	NIRSCWAMPLITUDE	146	128	685	n/a	7.8125
S147-D128	NIRSCWAMPLITUDE	147	128	685	n/a	7.8125
S148-D128	NIRSCWAMPLITUDE	148	128	685	n/a	7.8125
S149-D128	NIRSCWAMPLITUDE	149	128	685	n/a	7.8125
S241-D128	NIRSCWAMPLITUDE	241	128	685	n/a	7.8125
S242-D128	NIRSCWAMPLITUDE	242	128	685	n/a	7.8125
S251-D128	NIRSCWAMPLITUDE	251	128	685	n/a	7.8125
S252-D128	NIRSCWAMPLITUDE	252	128	685	n/a	7.8125
S253-D128	NIRSCWAMPLITUDE	253	128	685	n/a	7.8125
S112-D129	NIRSCWAMPLITUDE	112	129	685	n/a	7.8125
S113-D129	NIRSCWAMPLITUDE	113	129	685	n/a	7.8125
S114-D129	NIRSCWAMPLITUDE	114	129	685	n/a	7.8125
S115-D129	NIRSCWAMPLITUDE	115	129	685	n/a	7.8125
S118-D129	NIRSCWAMPLITUDE	118	129	685	n/a	7.8125
S119-D129	NIRSCWAMPLITUDE	119	129	685	n/a	7.8125
S120-D129	NIRSCWAMPLITUDE	120	129	685	n/a	7.8125
S121-D129	NIRSCWAMPLITUDE	121	129	685	n/a	7.8125
S122-D129	NIRSCWAMPLITUDE	122	129	685	n/a	7.8125
S123-D129	NIRSCWAMPLITUDE	123	129	685	n/a	7.8125
S124-D129	NIRSCWAMPLITUDE	124	129	685	n/a	7.8125
S125-D129	NIRSCWAMPLITUDE	125	129	685	n/a	7.8125
S126-D129	NIRSCWAMPLITUDE	126	129	685	n/a	7.8125
S127-D129	NIRSCWAMPLITUDE	127	129	685	n/a	7.8125
S128-D129	NIRSCWAMPLITUDE	128	129	685	n/a	7.8125
S129-D129	NIRSCWAMPLITUDE	129	129	685	n/a	7.8125
S130-D129	NIRSCWAMPLITUDE	130	129	685	n/a	7.8125
S131-D129	NIRSCWAMPLITUDE	131	129	685	n/a	7.8125
S132-D129	NIRSCWAMPLITUDE	132	129	685	n/a	7.8125
S133-D129	NIRSCWAMPLITUDE	133	129	685	n/a	7.8125
S134-D129	NIRSCWAMPLITUDE	134	129	685	n/a	7.8125
S135-D129	NIRSCWAMPLITUDE	135	129	685	n/a	7.8125
S136-D129	NIRSCWAMPLITUDE	136	129	685	n/a	7.8125
S139-D129	NIRSCWAMPLITUDE	139	129	685	n/a	7.8125
S140-D129	NIRSCWAMPLITUDE	140	129	685	n/a	7.8125
S141-D129	NIRSCWAMPLITUDE	141	129	685	n/a	7.8125
S142-D129	NIRSCWAMPLITUDE	142	129	685	n/a	7.8125
S145-D129	NIRSCWAMPLITUDE	145	129	685	n/a	7.8125
S146-D129	NIRSCWAMPLITUDE	146	129	685	n/a	7.8125
S147-D129	NIRSCWAMPLITUDE	147	129	685	n/a	7.8125
S151-D129	NIRSCWAMPLITUDE	151	129	685	n/a	7.8125
S152-D129	NIRSCWAMPLITUDE	152	129	685	n/a	7.8125
S112-D130	NIRSCWAMPLITUDE	112	130	685	n/a	7.8125
S113-D130	NIRSCWAMPLITUDE	113	130	685	n/a	7.8125
S114-D130	NIRSCWAMPLITUDE	114	130	685	n/a	7.8125
S115-D130	NIRSCWAMPLITUDE	115	130	685	n/a	7.8125
S116-D130	NIRSCWAMPLITUDE	116	130	685	n/a	7.8125
S118-D130	NIRSCWAMPLITUDE	118	130	685	n/a	7.8125
S119-D130	NIRSCWAMPLITUDE	119	130	685	n/a	7.8125
S120-D130	NIRSCWAMPLITUDE	120	130	685	n/a	7.8125
S121-D130	NIRSCWAMPLITUDE	121	130	685	n/a	7.8125
S122-D130	NIRSCWAMPLITUDE	122	130	685	n/a	7.8125
S123-D130	NIRSCWAMPLITUDE	123	130	685	n/a	7.8125
S124-D130	NIRSCWAMPLITUDE	124	130	685	n/a	7.8125
S125-D130	NIRSCWAMPLITUDE	125	130	685	n/a	7.8125
S126-D130	NIRSCWAMPLITUDE	126	130	685	n/a	7.8125
S127-D130	NIRSCWAMPLITUDE	127	130	685	n/a	7.8125
S128-D130	NIRSCWAMPLITUDE	128	130	685	n/a	7.8125
S129-D130	NIRSCWAMPLITUDE	129	130	685	n/a	7.8125
S130-D130	NIRSCWAMPLITUDE	130	130	685	n/a	7.8125
S131-D130	NIRSCWAMPLITUDE	131	130	685	n/a	7.8125
S132-D130	NIRSCWAMPLITUDE	132	130	685	n/a	7.8125
S133-D130	NIRSCWAMPLITUDE	133	130	685	n/a	7.8125
S134-D130	NIRSCWAMPLITUDE	134	130	685	n/a	7.8125
S135-D130	NIRSCWAMPLITUDE	135	130	685	n/a	7.8125
S136-D130	NIRSCWAMPLITUDE	136	130	685	n/a	7.8125
S137-D130	NIRSCWAMPLITUDE	137	130	685	n/a	7.8125
S139-D130	NIRSCWAMPLITUDE	139	130	685	n/a	7.8125
S140-D130	NIRSCWAMPLITUDE	140	130	685	n/a	7.8125
S141-D130	NIRSCWAMPLITUDE	141	130	685	n/a	7.8125
S142-D130	NIRSCWAMPLITUDE	142	130	685	n/a	7.8125
S143-D130	NIRSCWAMPLITUDE	143	130	685	n/a	7.8125
S145-D130	NIRSCWAMPLITUDE	145	130	685	n/a	7.8125
S146-D130	NIRSCWAMPLITUDE	146	130	685	n/a	7.8125
S147-D130	NIRSCWAMPLITUDE	147	130	685	n/a	7.8125
S148-D130	NIRSCWAMPLITUDE	148	130	685	n/a	7.8125
S151-D130	NIRSCWAMPLITUDE	151	130	685	n/a	7.8125
S152-D130	NIRSCWAMPLITUDE	152	130	685	n/a	7.8125
S153-D130	NIRSCWAMPLITUDE	153	130	685	n/a	7.8125
S113-D131	NIRSCWAMPLITUDE	113	131	685	n/a	7.8125
S114-D131	NIRSCWAMPLITUDE	114	131	685	n/a	7.8125
S115-D131	NIRSCWAMPLITUDE	115	131	685	n/a	7.8125
S116-D131	NIRSCWAMPLITUDE	116	131	685	n/a	7.8125
S117-D131	NIRSCWAMPLITUDE	117	131	685	n/a	7.8125
S118-D131	NIRSCWAMPLITUDE	118	131	685	n/a	7.8125
S119-D131	NIRSCWAMPLITUDE	119	131	685	n/a	7.8125
S120-D131	NIRSCWAMPLITUDE	120	131	685	n/a	7.8125
S121-D131	NIRSCWAMPLITUDE	121	131	685	n/a	7.8125
S122-D131	NIRSCWAMPLITUDE	122	131	685	n/a	7.8125
S123-D131	NIRSCWAMPLITUDE	123	131	685	n/a	7.8125
S124-D131	NIRSCWAMPLITUDE	124	131	685	n/a	7.8125
S125-D131	NIRSCWAMPLITUDE	125	131	685	n/a	7.8125
S126-D131	NIRSCWAMPLITUDE	126	131	685	n/a	7.8125
S127-D131	NIRSCWAMPLITUDE	127	131	685	n/a	7.8125
S128-D131	NIRSCWAMPLITUDE	128	131	685	n/a	7.8125
S129-D131	NIRSCWAMPLITUDE	129	131	685	n/a	7.8125
S130-D131	NIRSCWAMPLITUDE	130	131	685	n/a	7.8125
S131-D131	NIRSCWAMPLITUDE	131	131	685	n/a	7.8125
S132-D131	NIRSCWAMPLITUDE	132	131	685	n/a	7.8125
S133-D131	NIRSCWAMPLITUDE	133	131	685	n/a	7.8125
S134-D131	NIRSCWAMPLITUDE	134	131	685	n/a	7.8125
S135-D131	NIRSCWAMPLITUDE	135	131	685	n/a	7.8125
S136-D131	NIRSCWAMPLITUDE	136	131	685	n/a	7.8125
S137-D131	NIRSCWAMPLITUDE	137	131	685	n/a	7.8125
S138-D131	NIRSCWAMPLITUDE	138	131	685	n/a	7.8125
S139-D131	NIRSCWAMPLITUDE	139	131	685	n/a	7.8125
S140-D131	NIRSCWAMPLITUDE	140	131	685	n/a	7.8125
S141-D131	NIRSCWAMPLITUDE	141	131	685	n/a	7.8125
S142-D131	NIRSCWAMPLITUDE	142	131	685	n/a	7.8125
S143-D131	NIRSCWAMPLITUDE	143	131	685	n/a	7.8125
S144-D131	NIRSCWAMPLITUDE	144	131	685	n/a	7.8125
S145-D131	NIRSCWAMPLITUDE	145	131	685	n/a	7.8125
S146-D131	NIRSCWAMPLITUDE	146	131	685	n/a	7.8125
S147-D131	NIRSCWAMPLITUDE	147	131	685	n/a	7.8125
S148-D131	NIRSCWAMPLITUDE	148	131	685	n/a	7.8125
S149-D131	NIRSCWAMPLITUDE	149	131	685	n/a	7.8125
S151-D131	NIRSCWAMPLITUDE	151	131	685	n/a	7.8125
S152-D131	NIRSCWAMPLITUDE	152	131	685	n/a	7.8125
S153-D131	NIRSCWAMPLITUDE	153	131	685	n/a	7.8125
S154-D131	NIRSCWAMPLITUDE	154	131	685	n/a	7.8125
S114-D132	NIRSCWAMPLITUDE	114	132	685	n/a	7.8125
S115-D132	NIRSCWAMPLITUDE	115	132	685	n/a	7.8125
S116-D132	NIRSCWAMPLITUDE	116	132	685	n/a	7.8125
S117-D132	NIRSCWAMPLITUDE	117	132	685	n/a	7.8125
S119-D132	NIRSCWAMPLITUDE	119	132	685	n/a	7.8125
S120-D132	NIRSCWAMPLITUDE	120	132	685	n/a	7.8125
S121-D132	NIRSCWAMPLITUDE	121	132	685	n/a	7.8125
S122-D132	NIRSCWAMPLITUDE	122	132	685	n/a	7.8125
S123-D132	NIRSCWAMPLITUDE	123	132	685	n/a	7.8125
S124-D132	NIRSCWAMPLITUDE	124	132	685	n/a	7.8125
S125-D132	NIRSCWAMPLITUDE	125	132	685	n/a	7.8125
S126-D132	NIRSCWAMPLITUDE	126	132	685	n/a	7.8125
S127-D132	NIRSCWAMPLITUDE	127	132	685	n/a	7.8125
S128-D132	NIRSCWAMPLITUDE	128	132	685	n/a	7.8125
S129-D132	NIRSCWAMPLITUDE	129	132	685	n/a	7.8125
S130-D132	NIRSCWAMPLITUDE	130	132	685	n/a	7.8125
S131-D132	NIRSCWAMPLITUDE	131	132	685	n/a	7.8125
S132-D132	NIRSCWAMPLITUDE	132	132	685	n/a	7.8125
S133-D132	NIRSCWAMPLITUDE	133	132	685	n/a	7.8125
S134-D132	NIRSCWAMPLITUDE	134	132	685	n/a	7.8125
S135-D132	NIRSCWAMPLITUDE	135	132	685	n/a	7.8125
S136-D132	NIRSCWAMPLITUDE	136	132	685	n/a	7.8125
S137-D132	NIRSCWAMPLITUDE	137	132	685	n/a	7.8125
S138-D132	NIRSCWAMPLITUDE	138	132	685	n/a	7.8125
S139-D132	NIRSCWAMPLITUDE	139	132	685	n/a	7.8125
S140-D132	NIRSCWAMPLITUDE	140	132	685	n/a	7.8125
S141-D132	NIRSCWAMPLITUDE	141	132	685	n/a	7.8125
S142-D132	NIRSCWAMPLITUDE	142	132	685	n/a	7.8125
S143-D132	NIRSCWAMPLITUDE	143	132	685	n/a	7.8125
S144-D132	NIRSCWAMPLITUDE	144	132	685	n/a	7.8125
S145-D132	NIRSCWAMPLITUDE	145	132	685	n/a	7.8125
S146-D132	NIRSCWAMPLITUDE	146	132	685	n/a	7.8125
S147-D132	NIRSCWAMPLITUDE	147	132	685	n/a	7.8125
S148-D132	NIRSCWAMPLITUDE	148	132	685	n/a	7.8125
S149-D132	NIRSCWAMPLITUDE	149	132	685	n/a	7.8125
S150-D132	NIRSCWAMPLITUDE	150	132	685	n/a	7.8125
S152-D132	NIRSCWAMPLITUDE	152	132	685	n/a	7.8125
S153-D132	NIRSCWAMPLITUDE	153	132	685	n/a	7.8125
S154-D132	NIRSCWAMPLITUDE	154	132	685	n/a	7.8125
S155-D132	NIRSCWAMPLITUDE	155	132	685	n/a	7.8125
S241-D132	NIRSCWAMPLITUDE	241	132	685	n/a	7.8125
S242-D132	NIRSCWAMPLITUDE	242	132	685	n/a	7.8125
S252-D132	NIRSCWAMPLITUDE	252	132	685	n/a	7.8125
S253-D132	NIRSCWAMPLITUDE	253	132	685	n/a	7.8125
S254-D132	NIRSCWAMPLITUDE	254	132	685	n/a	7.8125
S111-D133	NIRSCWAMPLITUDE	111	133	685	n/a	7.8125
S115-D133	NIRSCWAMPLITUDE	115	133	685	n/a	7.8125
S116-D133	NIRSCWAMPLITUDE	116	133	685	n/a	7.8125
S117-D133	NIRSCWAMPLITUDE	117	133	685	n/a	7.8125
S120-D133	NIRSCWAMPLITUDE	120	133	685	n/a	7.8125
S121-D133	NIRSCWAMPLITUDE	121	133	685	n/a	7.8125
S122-D133	NIRSCWAMPLITUDE	122	133	685	n/a	7.8125
S124-D133	NIRSCWAMPLITUDE	124	133	685	n/a	7.8125
S125-D133	NIRSCWAMPLITUDE	125	133	685	n/a	7.8125
S126-D133	NIRSCWAMPLITUDE	126	133	685	n/a	7.8125
S127-D133	NIRSCWAMPLITUDE	127	133	685	n/a	7.8125
S129-D133	NIRSCWAMPLITUDE	129	133	685	n/a	7.8125
S130-D133	NIRSCWAMPLITUDE	130	133	685	n/a	7.8125
S131-D133	NIRSCWAMPLITUDE	131	133	685	n/a	7.8125
S132-D133	NIRSCWAMPLITUDE	132	133	685	n/a	7.8125
S133-D133	NIRSCWAMPLITUDE	133	133	685	n/a	7.8125
S134-D133	NIRSCWAMPLITUDE	134	133	685	n/a	7.8125
S135-D133	NIRSCWAMPLITUDE	135	133	685	n/a	7.8125
S136-D133	NIRSCWAMPLITUDE	136	133	685	n/a	7.8125
S137-D133	NIRSCWAMPLITUDE	137	133	685	n/a	7.8125
S138-D133	NIRSCWAMPLITUDE	138	133	685	n/a	7.8125
S139-D133	NIRSCWAMPLITUDE	139	133	685	n/a	7.8125
S140-D133	NIRSCWAMPLITUDE	140	133	685	n/a	7.8125
S141-D133	NIRSCWAMPLITUDE	141	133	685	n/a	7.8125
S142-D133	NIRSCWAMPLITUDE	142	133	685	n/a	7.8125
S143-D133	NIRSCWAMPLITUDE	143	133	685	n/a	7.8125
S144-D133	NIRSCWAMPLITUDE	144	133	685	n/a	7.8125
S145-D133	NIRSCWAMPLITUDE	145	133	685	n/a	7.8125
S146-D133	NIRSCWAMPLITUDE	146	133	685	n/a	7.8125
S147-D133	NIRSCWAMPLITUDE	147	133	685	n/a	7.8125
S148-D133	NIRSCWAMPLITUDE	148	133	685	n/a	7.8125
S149-D133	NIRSCWAMPLITUDE	149	133	685	n/a	7.8125
S150-D133	NIRSCWAMPLITUDE	150	133	685	n/a	7.8125
S153-D133	NIRSCWAMPLITUDE	153	133	685	n/a	7.8125
S154-D133	NIRSCWAMPLITUDE	154	133	685	n/a	7.8125
S155-D133	NIRSCWAMPLITUDE	155	133	685	n/a	7.8125
S156-D133	NIRSCWAMPLITUDE	156	133	685	n/a	7.8125
S230-D133	NIRSCWAMPLITUDE	230	133	685	n/a	7.8125
S241-D133	NIRSCWAMPLITUDE	241	133	685	n/a	7.8125
S242-D133	NIRSCWAMPLITUDE	242	133	685	n/a	7.8125
S243-D133	NIRSCWAMPLITUDE	243	133	685	n/a	7.8125
S244-D133	NIRSCWAMPLITUDE	244	133	685	n/a	7.8125
S251-D133	NIRSCWAMPLITUDE	251	133	685	n/a	7.8125
S252-D133	NIRSCWAMPLITUDE	252	133	685	n/a	7.8125
S253-D133	NIRSCWAMPLITUDE	253	133	685	n/a	7.8125
S254-D133	NIRSCWAMPLITUDE	254	133	685	n/a	7.8125
S255-D133	NIRSCWAMPLITUDE	255	133	685	n/a	7.8125
S111-D134	NIRSCWAMPLITUDE	111	134	685	n/a	7.8125
S115-D134	NIRSCWAMPLITUDE	115	134	685	n/a	7.8125
S116-D134	NIRSCWAMPLITUDE	116	134	685	n/a	7.8125
S117-D134	NIRSCWAMPLITUDE	117	134	685	n/a	7.8125
S121-D134	NIRSCWAMPLITUDE	121	134	685	n/a	7.8125
S122-D134	NIRSCWAMPLITUDE	122	134	685	n/a	7.8125
S125-D134	NIRSCWAMPLITUDE	125	134	685	n/a	7.8125
S126-D134	NIRSCWAMPLITUDE	126	134	685	n/a	7.8125
S127-D134	NIRSCWAMPLITUDE	127	134	685	n/a	7.8125
S130-D134	NIRSCWAMPLITUDE	130	134	685	n/a	7.8125
S131-D134	NIRSCWAMPLITUDE	131	134	685	n/a	7.8125
S132-D134	NIRSCWAMPLITUDE	132	134	685	n/a	7.8125
S134-D134	NIRSCWAMPLITUDE	134	134	685	n/a	7.8125
S135-D134	NIRSCWAMPLITUDE	135	134	685	n/a	7.8125
S136-D134	NIRSCWAMPLITUDE	136	134	685	n/a	7.8125
S137-D134	NIRSCWAMPLITUDE	137	134	685	n/a	7.8125
S138-D134	NIRSCWAMPLITUDE	138	134	685	n/a	7.8125
S140-D134	NIRSCWAMPLITUDE	140	134	685	n/a	7.8125
S141-D134	NIRSCWAMPLITUDE	141	134	685	n/a	7.8125
S142-D134	NIRSCWAMPLITUDE	142	134	685	n/a	7.8125
S143-D134	NIRSCWAMPLITUDE	143	134	685	n/a	7.8125
S144-D134	NIRSCWAMPLITUDE	144	134	685	n/a	7.8125
S146-D134	NIRSCWAMPLITUDE	146	134	685	n/a	7.8125
S147-D134	NIRSCWAMPLITUDE	147	134	685	n/a	7.8125
S148-D134	NIRSCWAMPLITUDE	148	134	685	n/a	7.8125
S149-D134	NIRSCWAMPLITUDE	149	134	685	n/a	7.8125
S150-D134	NIRSCWAMPLITUDE	150	134	685	n/a	7.8125
S154-D134	NIRSCWAMPLITUDE	154	134	685	n/a	7.8125
S155-D134	NIRSCWAMPLITUDE	155	134	685	n/a	7.8125
S156-D134	NIRSCWAMPLITUDE	156	134	685	n/a	7.8125
S230-D134	NIRSCWAMPLITUDE	230	134	685	n/a	7.8125
S231-D134	NIRSCWAMPLITUDE	231	134	685	n/a	7.8125
S232-D134	NIRSCWAMPLITUDE	232	134	685	n/a	7.8125
S233-D134	NIRSCWAMPLITUDE	233	134	685	n/a	7.8125
S241-D134	NIRSCWAMPLITUDE	241	134	685	n/a	7.8125
S242-D134	NIRSCWAMPLITUDE	242	134	685	n/a	7.8125
S243-D134	NIRSCWAMPLITUDE	243	134	685	n/a	7.8125
S244-D134	NIRSCWAMPLITUDE	244	134	685	n/a	7.8125
S245-D134	NIRSCWAMPLITUDE	245	134	685	n/a	7.8125
S251-D134	NIRSCWAMPLITUDE	251	134	685	n/a	7.8125
S252-D134	NIRSCWAMPLITUDE	252	134	685	n/a	7.8125
S253-D134	NIRSCWAMPLITUDE	253	134	685	n/a	7.8125
S254-D134	NIRSCWAMPLITUDE	254	134	685	n/a	7.8125
S255-D134	NIRSCWAMPLITUDE	255	134	685	n/a	7.8125
S118-D135	NIRSCWAMPLITUDE	118	135	685	n/a	7.8125
S119-D135	NIRSCWAMPLITUDE	119	135	685	n/a	7.8125
S120-D135	NIRSCWAMPLITUDE	120	135	685	n/a	7.8125
S121-D135	NIRSCWAMPLITUDE	121	135	685	n/a	7.8125
S123-D135	NIRSCWAMPLITUDE	123	135	685	n/a	7.8125
S124-D135	NIRSCWAMPLITUDE	124	135	685	n/a	7.8125
S125-D135	NIRSCWAMPLITUDE	125	135	685	n/a	7.8125
S126-D135	NIRSCWAMPLITUDE	126	135	685	n/a	7.8125
S127-D135	NIRSCWAMPLITUDE	127	135	685	n/a	7.8125
S128-D135	NIRSCWAMPLITUDE	128	135	685	n/a	7.8125
S129-D135	NIRSCWAMPLITUDE	129	135	685	n/a	7.8125
S130-D135	NIRSCWAMPLITUDE	130	135	685	n/a	7.8125
S131-D135	NIRSCWAMPLITUDE	131	135	685	n/a	7.8125
S132-D135	NIRSCWAMPLITUDE	132	135	685	n/a	7.8125
S133-D135	NIRSCWAMPLITUDE	133	135	685	n/a	7.8125
S134-D135	NIRSCWAMPLITUDE	134	135	685	n/a	7.8125
S135-D135	NIRSCWAMPLITUDE	135	135	685	n/a	7.8125
S136-D135	NIRSCWAMPLITUDE	136	135	685	n/a	7.8125
S139-D135	NIRSCWAMPLITUDE	139	135	685	n/a	7.8125
S140-D135	NIRSCWAMPLITUDE	140	135	685	n/a	7.8125
S141-D135	NIRSCWAMPLITUDE	141	135	685	n/a	7.8125
S142-D135	NIRSCWAMPLITUDE	142	135	685	n/a	7.8125
S145-D135	NIRSCWAMPLITUDE	145	135	685	n/a	7.8125
S146-D135	NIRSCWAMPLITUDE	146	135	685	n/a	7.8125
S147-D135	NIRSCWAMPLITUDE	147	135	685	n/a	7.8125
S148-D135	NIRSCWAMPLITUDE	148	135	685	n/a	7.8125
S151-D135	NIRSCWAMPLITUDE	151	135	685	n/a	7.8125
S152-D135	NIRSCWAMPLITUDE	152	135	685	n/a	7.8125
S153-D135	NIRSCWAMPLITUDE	153	135	685	n/a	7.8125
S157-D135	NIRSCWAMPLITUDE	157	135	685	n/a	7.8125
S158-D135	NIRSCWAMPLITUDE	158	135	685	n/a	7.8125
S118-D136	NIRSCWAMPLITUDE	118	136	685	n/a	7.8125
S119-D136	NIRSCWAMPLITUDE	119	136	685	n/a	7.8125
S120-D136	NIRSCWAMPLITUDE	120	136	685	n/a	7.8125
S121-D136	NIRSCWAMPLITUDE	121	136	685	n/a	7.8125
S122-D136	NIRSCWAMPLITUDE	122	136	685	n/a	7.8125
S123-D136	NIRSCWAMPLITUDE	123	136	685	n/a	7.8125
S124-D136	NIRSCWAMPLITUDE	124	136	685	n/a	7.8125
S125-D136	NIRSCWAMPLITUDE	125	136	685	n/a	7.8125
S126-D136	NIRSCWAMPLITUDE	126	136	685	n/a	7.8125
S127-D136	NIRSCWAMPLITUDE	127	136	685	n/a	7.8125
S128-D136	NIRSCWAMPLITUDE	128	136	685	n/a	7.8125
S129-D136	NIRSCWAMPLITUDE	129	136	685	n/a	7.8125
S130-D136	NIRSCWAMPLITUDE	130	136	685	n/a	7.8125
S131-D136	NIRSCWAMPLITUDE	131	136	685	n/a	7.8125
S132-D136	NIRSCWAMPLITUDE	132	136	685	n/a	7.8125
S133-D136	NIRSCWAMPLITUDE	133	136	685	n/a	7.8125
S134-D136	NIRSCWAMPLITUDE	134	136	685	n/a	7.8125
S135-D136	NIRSCWAMPLITUDE	135	136	685	n/a	7.8125
S136-D136	NIRSCWAMPLITUDE	136	136	685	n/a	7.8125
S137-D136	NIRSCWAMPLITUDE	137	136	685	n/a	7.8125
S139-D136	NIRSCWAMPLITUDE	139	136	685	n/a	7.8125
S140-D136	NIRSCWAMPLITUDE	140	136	685	n/a	7.8125
S141-D136	NIRSCWAMPLITUDE	141	136	685	n/a	7.8125
S142-D136	NIRSCWAMPLITUDE	142	136	685	n/a	7.8125
S143-D136	NIRSCWAMPLITUDE	143	136	685	n/a	7.8125
S145-D136	NIRSCWAMPLITUDE	145	136	685	n/a	7.8125
S146-D136	NIRSCWAMPLITUDE	146	136	685	n/a	7.8125
S147-D136	NIRSCWAMPLITUDE	147	136	685	n/a	7.8125
S148-D136	NIRSCWAMPLITUDE	148	136	685	n/a	7.8125
S149-D136	NIRSCWAMPLITUDE	149	136	685	n/a	7.8125
S151-D136	NIRSCWAMPLITUDE	151	136	685	n/a	7.8125
S152-D136	NIRSCWAMPLITUDE	152	136	685	n/a	7.8125
S153-D136	NIRSCWAMPLITUDE	153	136	685	n/a	7.8125
S154-D136	NIRSCWAMPLITUDE	154	136	685	n/a	7.8125
S157-D136	NIRSCWAMPLITUDE	157	136	685	n/a	7.8125
S158-D136	NIRSCWAMPLITUDE	158	136	685	n/a	7.8125
S159-D136	NIRSCWAMPLITUDE	159	136	685	n/a	7.8125
S119-D137	NIRSCWAMPLITUDE	119	137	685	n/a	7.8125
S120-D137	NIRSCWAMPLITUDE	120	137	685	n/a	7.8125
S121-D137	NIRSCWAMPLITUDE	121	137	685	n/a	7.8125
S122-D137	NIRSCWAMPLITUDE	122	137	685	n/a	7.8125
S123-D137	NIRSCWAMPLITUDE	123	137	685	n/a	7.8125
S124-D137	NIRSCWAMPLITUDE	124	137	685	n/a	7.8125
S125-D137	NIRSCWAMPLITUDE	125	137	685	n/a	7.8125
S126-D137	NIRSCWAMPLITUDE	126	137	685	n/a	7.8125
S127-D137	NIRSCWAMPLITUDE	127	137	685	n/a	7.8125
S128-D137	NIRSCWAMPLITUDE	128	137	685	n/a	7.8125
S129-D137	NIRSCWAMPLITUDE	129	137	685	n/a	7.8125
S130-D137	NIRSCWAMPLITUDE	130	137	685	n/a	7.8125
S131-D137	NIRSCWAMPLITUDE	131	137	685	n/a	7.8125
S132-D137	NIRSCWAMPLITUDE	132	137	685	n/a	7.8125
S133-D137	NIRSCWAMPLITUDE	133	137	685	n/a	7.8125
S134-D137	NIRSCWAMPLITUDE	134	137	685	n/a	7.8125
S135-D137	NIRSCWAMPLITUDE	135	137	685	n/a	7.8125
S136-D137	NIRSCWAMPLITUDE	136	137	685	n/a	7.8125
S137-D137	NIRSCWAMPLITUDE	137	137	685	n/a	7.8125
S138-D137	NIRSCWAMPLITUDE	138	137	685	n/a	7.8125
S139-D137	NIRSCWAMPLITUDE	139	137	685	n/a	7.8125
S140-D137	NIRSCWAMPLITUDE	140	137	685	n/a	7.8125
S141-D137	NIRSCWAMPLITUDE	141	137	685	n/a	7.8125
S142-D137	NIRSCWAMPLITUDE	142	137	685	n/a	7.8125
S143-D137	NIRSCWAMPLITUDE	143	137	685	n/a	7.8125
S144-D137	NIRSCWAMPLITUDE	144	137	685	n/a	7.8125
S145-D137	NIRSCWAMPLITUDE	145	137	685	n/a	7.8125
S146-D137	NIRSCWAMPLITUDE	146	137	685	n/a	7.8125
S147-D137	NIRSCWAMPLITUDE	147	137	685	n/a	7.8125
S148-D137	NIRSCWAMPLITUDE	148	137	685	n/a	7.8125
S149-D137	NIRSCWAMPLITUDE	149	137	685	n/a	7.8125
S150-D137	NIRSCWAMPLITUDE	150	137	685	n/a	7.8125
S151-D137	NIRSCWAMPLITUDE	151	137	685	n/a	7.8125
S152-D137	NIRSCWAMPLITUDE	152	137	685	n/a	7.8125
S153-D137	NIRSCWAMPLITUDE	153	137	685	n/a	7.8125
S154-D137	NIRSCWAMPLITUDE	154	137	685	n/a	7.8125
S155-D137	NIRSCWAMPLITUDE	155	137	685	n/a	7.8125
S157-D137	NIRSCWAMPLITUDE	157	137	685	n/a	7.8125
S158-D137	NIRSCWAMPLITUDE	158	137	685	n/a	7.8125
S159-D137	NIRSCWAMPLITUDE	159	137	685	n/a	7.8125
S160-D137	NIRSCWAMPLITUDE	160	137	685	n/a	7.8125
S120-D138	NIRSCWAMPLITUDE	120	138	685	n/a	7.8125
S121-D138	NIRSCWAMPLITUDE	121	138	685	n/a	7.8125
S122-D138	NIRSCWAMPLITUDE	122	138	685	n/a	7.8125
S124-D138	NIRSCWAMPLITUDE	124	138	685	n/a	7.8125
S125-D138	NIRSCWAMPLITUDE	125	138	685	n/a	7.8125
S126-D138	NIRSCWAMPLITUDE	126	138	685	n/a	7.8125
S127-D138	NIRSCWAMPLITUDE	127	138	685	n/a	7.8125
S128-D138	NIRSCWAMPLITUDE	128	138	685	n/a	7.8125
S129-D138	NIRSCWAMPLITUDE	129	138	685	n/a	7.8125
S130-D138	NIRSCWAMPLITUDE	130	138	685	n/a	7.8125
S131-D138	NIRSCWAMPLITUDE	131	138	685	n/a	7.8125
S132-D138	NIRSCWAMPLITUDE	132	138	685	n/a	7.8125
S133-D138	NIRSCWAMPLITUDE	133	138	685	n/a	7.8125
S134-D138	NIRSCWAMPLITUDE	134	138	685	n/a	7.8125
S135-D138	NIRSCWAMPLITUDE	135	138	685	n/a	7.8125
S136-D138	NIRSCWAMPLITUDE	136	138	685	n/a	7.8125
S137-D138	NIRSCWAMPLITUDE	137	138	685	n/a	7.8125
S138-D138	NIRSCWAMPLITUDE	138	138	685	n/a	7.8125
S139-D138	NIRSCWAMPLITUDE	139	138	685	n/a	7.8125
S140-D138	NIRSCWAMPLITUDE	140	138	685	n/a	7.8125
S141-D138	NIRSCWAMPLITUDE	141	138	685	n/a	7.8125
S142-D138	NIRSCWAMPLITUDE	142	138	685	n/a	7.8125
S143-D138	NIRSCWAMPLITUDE	143	138	685	n/a	7.8125
S144-D138	NIRSCWAMPLITUDE	144	138	685	n/a	7.8125
S145-D138	NIRSCWAMPLITUDE	145	138	685	n/a	7.8125
S146-D138	NIRSCWAMPLITUDE	146	138	685	n/a	7.8125
S147-D138	NIRSCWAMPLITUDE	147	138	685	n/a	7.8125
S148-D138	NIRSCWAMPLITUDE	148	138	685	n/a	7.8125
S149-D138	NIRSCWAMPLITUDE	149	138	685	n/a	7.8125
S150-D138	NIRSCWAMPLITUDE	150	138	685	n/a	7.8125
S151-D138	NIRSCWAMPLITUDE	151	138	685	n/a	7.8125
S152-D138	NIRSCWAMPLITUDE	152	138	685	n/a	7.8125
S153-D138	NIRSCWAMPLITUDE	153	138	685	n/a	7.8125
S154-D138	NIRSCWAMPLITUDE	154	138	685	n/a	7.8125
S155-D138	NIRSCWAMPLITUDE	155	138	685	n/a	7.8125
S156-D138	NIRSCWAMPLITUDE	156	138	685	n/a	7.8125
S158-D138	NIRSCWAMPLITUDE	158	138	685	n/a	7.8125
S159-D138	NIRSCWAMPLITUDE	159	138	685	n/a	7.8125
S160-D138	NIRSCWAMPLITUDE	160	138	685	n/a	7.8125
S161-D138	NIRSCWAMPLITUDE	161	138	685	n/a	7.8125
S252-D138	NIRSCWAMPLITUDE	252	138	685	n/a	7.8125
S253-D138	NIRSCWAMPLITUDE	253	138	685	n/a	7.8125
S254-D138	NIRSCWAMPLITUDE	254	138	685	n/a	7.8125
S117-D139	NIRSCWAMPLITUDE	117	139	685	n/a	7.8125
S121-D139	NIRSCWAMPLITUDE	121	139	685	n/a	7.8125
S122-D139	NIRSCWAMPLITUDE	122	139	685	n/a	7.8125
S125-D139	NIRSCWAMPLITUDE	125	139	685	n/a	7.8125
S126-D139	NIRSCWAMPLITUDE	126	139	685	n/a	7.8125
S127-D139	NIRSCWAMPLITUDE	127	139	685	n/a	7.8125
S129-D139	NIRSCWAMPLITUDE	129	139	685	n/a	7.8125
S130-D139	NIRSCWAMPLITUDE	130	139	685	n/a	7.8125
S131-D139	NIRSCWAMPLITUDE	131	139	685	n/a	7.8125
S132-D139	NIRSCWAMPLITUDE	132	139	685	n/a	7.8125
S133-D139	NIRSCWAMPLITUDE	133	139	685	n/a	7.8125
S134-D139	NIRSCWAMPLITUDE	134	139	685	n/a	7.8125
S135-D139	NIRSCWAMPLITUDE	135	139	685	n/a	7.8125
S136-D139	NIRSCWAMPLITUDE	136	139	685	n/a	7.8125
S137-D139	NIRSCWAMPLITUDE	137	139	685	n/a	7.8125
S138-D139	NIRSCWAMPLITUDE	138	139	685	n/a	7.8125
S139-D139	NIRSCWAMPLITUDE	139	139	685	n/a	7.8125
S140-D139	NIRSCWAMPLITUDE	140	139	685	n/a	7.8125
S141-D139	NIRSCWAMPLITUDE	141	139	685	n/a	7.8125
S142-D139	NIRSCWAMPLITUDE	142	139	685	n/a	7.8125
S143-D139	NIRSCWAMPLITUDE	143	139	685	n/a	7.8125
S144-D139	NIRSCWAMPLITUDE	144	139	685	n/a	7.8125
S145-D139	NIRSCWAMPLITUDE	145	139	685	n/a	7.8125
S146-D139	NIRSCWAMPLITUDE	146	139	685	n/a	7.8125
S147-D139	NIRSCWAMPLITUDE	147	139	685	n/a	7.8125
S148-D139	NIRSCWAMPLITUDE	148	139	685	n/a	7.8125
S149-D139	NIRSCWAMPLITUDE	149	139	685	n/a	7.8125
S150-D139	NIRSCWAMPLITUDE	150	139	685	n/a	7.8125
S151-D139	NIRSCWAMPLITUDE	151	139	685	n/a	7.8125
S152-D139	NIRSCWAMPLITUDE	152	139	685	n/a	7.8125
S153-D139	NIRSCWAMPLITUDE	153	139	685	n/a	7.8125
S154-D139	NIRSCWAMPLITUDE	154	139	685	n/a	7.8125
S155-D139	NIRSCWAMPLITUDE	155	139	685	n/a	7.8125
S156-D139	NIRSCWAMPLITUDE	156	139	685	n/a	7.8125
S159-D139	NIRSCWAMPLITUDE	159	139	685	n/a	7.8125
S160-D139	NIRSCWAMPLITUDE	160	139	685	n/a	7.8125
S161-D139	NIRSCWAMPLITUDE	161	139	685	n/a	7.8125
S162-D139	NIRSCWAMPLITUDE	162	139	685	n/a	7.8125
S241-D139	NIRSCWAMPLITUDE	241	139	685	n/a	7.8125
S242-D139	NIRSCWAMPLITUDE	242	139	685	n/a	7.8125
S243-D139	NIRSCWAMPLITUDE	243	139	685	n/a	7.8125
S244-D139	NIRSCWAMPLITUDE	244	139	685	n/a	7.8125
S245-D139	NIRSCWAMPLITUDE	245	139	685	n/a	7.8125
S252-D139	NIRSCWAMPLITUDE	252	139	685	n/a	7.8125
S253-D139	NIRSCWAMPLITUDE	253	139	685	n/a	7.8125
S254-D139	NIRSCWAMPLITUDE	254	139	685	n/a	7.8125
S255-D139	NIRSCWAMPLITUDE	255	139	685	n/a	7.8125
S117-D140	NIRSCWAMPLITUDE	117	140	685	n/a	7.8125
S122-D140	NIRSCWAMPLITUDE	122	140	685	n/a	7.8125
S126-D140	NIRSCWAMPLITUDE	126	140	685	n/a	7.8125
S127-D140	NIRSCWAMPLITUDE	127	140	685	n/a	7.8125
S130-D140	NIRSCWAMPLITUDE	130	140	685	n/a	7.8125
S131-D140	NIRSCWAMPLITUDE	131	140	685	n/a	7.8125
S132-D140	NIRSCWAMPLITUDE	132	140	685	n/a	7.8125
S134-D140	NIRSCWAMPLITUDE	134	140	685	n/a	7.8125
S135-D140	NIRSCWAMPLITUDE	135	140	685	n/a	7.8125
S136-D140	NIRSCWAMPLITUDE	136	140	685	n/a	7.8125
S137-D140	NIRSCWAMPLITUDE	137	140	685	n/a	7.8125
S138-D140	NIRSCWAMPLITUDE	138	140	685	n/a	7.8125
S140-D140	NIRSCWAMPLITUDE	140	140	685	n/a	7.8125
S141-D140	NIRSCWAMPLITUDE	141	140	685	n/a	7.8125
S142-D140	NIRSCWAMPLITUDE	142	140	685	n/a	7.8125
S143-D140	NIRSCWAMPLITUDE	143	140	685	n/a	7.8125
S144-D140	NIRSCWAMPLITUDE	144	140	685	n/a	7.8125
S146-D140	NIRSCWAMPLITUDE	146	140	685	n/a	7.8125
S147-D140	NIRSCWAMPLITUDE	147	140	685	n/a	7.8125
S148-D140	NIRSCWAMPLITUDE	148	140	685	n/a	7.8125
S149-D140	NIRSCWAMPLITUDE	149	140	685	n/a	7.8125
S150-D140	NIRSCWAMPLITUDE	150	140	685	n/a	7.8125
S152-D140	NIRSCWAMPLITUDE	152	140	685	n/a	7.8125
S153-D140	NIRSCWAMPLITUDE	153	140	685	n/a	7.8125
S154-D140	NIRSCWAMPLITUDE	154	140	685	n/a	7.8125
S155-D140	NIRSCWAMPLITUDE	155	140	685	n/a	7.8125
S156-D140	NIRSCWAMPLITUDE	156	140	685	n/a	7.8125
S160-D140	NIRSCWAMPLITUDE	160	140	685	n/a	7.8125
S161-D140	NIRSCWAMPLITUDE	161	140	685	n/a	7.8125
S162-D140	NIRSCWAMPLITUDE	162	140	685	n/a	7.8125
S230-D140	NIRSCWAMPLITUDE	230	140	685	n/a	7.8125
S231-D140	NIRSCWAMPLITUDE	231	140	685	n/a	7.8125
S232-D140	NIRSCWAMPLITUDE	232	140	685	n/a	7.8125
S233-D140	NIRSCWAMPLITUDE	233	140	685	n/a	7.8125
S234-D140	NIRSCWAMPLITUDE	234	140	685	n/a	7.8125
S241-D140	NIRSCWAMPLITUDE	241	140	685	n/a	7.8125
S242-D140	NIRSCWAMPLITUDE	242	140	685	n/a	7.8125
S243-D140	NIRSCWAMPLITUDE	243	140	685	n/a	7.8125
S244-D140	NIRSCWAMPLITUDE	244	140	685	n/a	7.8125
S245-D140	NIRSCWAMPLITUDE	245	140	685	n/a	7.8125
S246-D140	NIRSCWAMPLITUDE	246	140	685	n/a	7.8125
S252-D140	NIRSCWAMPLITUDE	252	140	685	n/a	7.8125
S253-D140	NIRSCWAMPLITUDE	253	140	685	n/a	7.8125
S254-D140	NIRSCWAMPLITUDE	254	140	685	n/a	7.8125
S255-D140	NIRSCWAMPLITUDE	255	140	685	n/a	7.8125
S123-D141	NIRSCWAMPLITUDE	123	141	685	n/a	7.8125
S124-D141	NIRSCWAMPLITUDE	124	141	685	n/a	7.8125
S125-D141	NIRSCWAMPLITUDE	125	141	685	n/a	7.8125
S128-D141	NIRSCWAMPLITUDE	128	141	685	n/a	7.8125
S129-D141	NIRSCWAMPLITUDE	129	141	685	n/a	7.8125
S130-D141	NIRSCWAMPLITUDE	130	141	685	n/a	7.8125
S131-D141	NIRSCWAMPLITUDE	131	141	685	n/a	7.8125
S132-D141	NIRSCWAMPLITUDE	132	141	685	n/a	7.8125
S133-D141	NIRSCWAMPLITUDE	133	141	685	n/a	7.8125
S134-D141	NIRSCWAMPLITUDE	134	141	685	n/a	7.8125
S135-D141	NIRSCWAMPLITUDE	135	141	685	n/a	7.8125
S136-D141	NIRSCWAMPLITUDE	136	141	685	n/a	7.8125
S139-D141	NIRSCWAMPLITUDE	139	141	685	n/a	7.8125
S140-D141	NIRSCWAMPLITUDE	140	141	685	n/a	7.8125
S141-D141	NIRSCWAMPLITUDE	141	141	685	n/a	7.8125
S142-D141	NIRSCWAMPLITUDE	142	141	685	n/a	7.8125
S145-D141	NIRSCWAMPLITUDE	145	141	685	n/a	7.8125
S146-D141	NIRSCWAMPLITUDE	146	141	685	n/a	7.8125
S147-D141	NIRSCWAMPLITUDE	147	141	685	n/a	7.8125
S148-D141	NIRSCWAMPLITUDE	148	141	685	n/a	7.8125
S151-D141	NIRSCWAMPLITUDE	151	141	685	n/a	7.8125
S152-D141	NIRSCWAMPLITUDE	152	141	685	n/a	7.8125
S153-D141	NIRSCWAMPLITUDE	153	141	685	n/a	7.8125
S154-D141	NIRSCWAMPLITUDE	154	141	685	n/a	7.8125
S157-D141	NIRSCWAMPLITUDE	157	141	685	n/a	7.8125
S158-D141	NIRSCWAMPLITUDE	158	141	685	n/a	7.8125
S159-D141	NIRSCWAMPLITUDE	159	141	685	n/a	7.8125
S163-D141	NIRSCWAMPLITUDE	163	141	685	n/a	7.8125
S164-D141	NIRSCWAMPLITUDE	164	141	685	n/a	7.8125
S123-D142	NIRSCWAMPLITUDE	123	142	685	n/a	7.8125
S124-D142	NIRSCWAMPLITUDE	124	142	685	n/a	7.8125
S125-D142	NIRSCWAMPLITUDE	125	142	685	n/a	7.8125
S126-D142	NIRSCWAMPLITUDE	126	142	685	n/a	7.8125
S128-D142	NIRSCWAMPLITUDE	128	142	685	n/a	7.8125
S129-D142	NIRSCWAMPLITUDE	129	142	685	n/a	7.8125
S130-D142	NIRSCWAMPLITUDE	130	142	685	n/a	7.8125
S131-D142	NIRSCWAMPLITUDE	131	142	685	n/a	7.8125
S132-D142	NIRSCWAMPLITUDE	132	142	685	n/a	7.8125
S133-D142	NIRSCWAMPLITUDE	133	142	685	n/a	7.8125
S134-D142	NIRSCWAMPLITUDE	134	142	685	n/a	7.8125
S135-D142	NIRSCWAMPLITUDE	135	142	685	n/a	7.8125
S136-D142	NIRSCWAMPLITUDE	136	142	685	n/a	7.8125
S137-D142	NIRSCWAMPLITUDE	137	142	685	n/a	7.8125
S139-D142	NIRSCWAMPLITUDE	139	142	685	n/a	7.8125
S140-D142	NIRSCWAMPLITUDE	140	142	685	n/a	7.8125
S141-D142	NIRSCWAMPLITUDE	141	142	685	n/a	7.8125
S142-D142	NIRSCWAMPLITUDE	142	142	685	n/a	7.8125
S143-D142	NIRSCWAMPLITUDE	143	142	685	n/a	7.8125
S145-D142	NIRSCWAMPLITUDE	145	142	685	n/a	7.8125
S146-D142	NIRSCWAMPLITUDE	146	142	685	n/a	7.8125
S147-D142	NIRSCWAMPLITUDE	147	142	685	n/a	7.8125
S148-D142	NIRSCWAMPLITUDE	148	142	685	n/a	7.8125
S149-D142	NIRSCWAMPLITUDE	149	142	685	n/a	7.8125
S151-D142	NIRSCWAMPLITUDE	151	142	685	n/a	7.8125
S152-D142	NIRSCWAMPLITUDE	152	142	685	n/a	7.8125
S153-D142	NIRSCWAMPLITUDE	153	142	685	n/a	7.8125
S154-D142	NIRSCWAMPLITUDE	154	142	685	n/a	7.8125
S155-D142	NIRSCWAMPLITUDE	155	142	685	n/a	7.8125
S157-D142	NIRSCWAMPLITUDE	157	142	685	n/a	7.8125
S158-D142	NIRSCWAMPLITUDE	158	142	685	n/a	7.8125
S159-D142	NIRSCWAMPLITUDE	159	142	685	n/a	7.8125
S160-D142	NIRSCWAMPLITUDE	160	142	685	n/a	7.8125
S163-D142	NIRSCWAMPLITUDE	163	142	685	n/a	7.8125
S164-D142	NIRSCWAMPLITUDE	164	142	685	n/a	7.8125
S165-D142	NIRSCWAMPLITUDE	165	142	685	n/a	7.8125
S124-D143	NIRSCWAMPLITUDE	124	143	685	n/a	7.8125
S125-D143	NIRSCWAMPLITUDE	125	143	685	n/a	7.8125
S126-D143	NIRSCWAMPLITUDE	126	143	685	n/a	7.8125
S127-D143	NIRSCWAMPLITUDE	127	143	685	n/a	7.8125
S128-D143	NIRSCWAMPLITUDE	128	143	685	n/a	7.8125
S129-D143	NIRSCWAMPLITUDE	129	143	685	n/a	7.8125
S130-D143	NIRSCWAMPLITUDE	130	143	685	n/a	7.8125
S131-D143	NIRSCWAMPLITUDE	131	143	685	n/a	7.8125
S132-D143	NIRSCWAMPLITUDE	132	143	685	n/a	7.8125
S133-D143	NIRSCWAMPLITUDE	133	143	685	n/a	7.8125
S134-D143	NIRSCWAMPLITUDE	134	143	685	n/a	7.8125
S135-D143	NIRSCWAMPLITUDE	135	143	685	n/a	7.8125
S136-D143	NIRSCWAMPLITUDE	136	143	685	n/a	7.8125
S137-D143	NIRSCWAMPLITUDE	137	143	685	n/a	7.8125
S138-D143	NIRSCWAMPLITUDE	138	143	685	n/a	7.8125
S139-D143	NIRSCWAMPLITUDE	139	143	685	n/a	7.8125
S140-D143	NIRSCWAMPLITUDE	140	143	685	n/a	7.8125
S141-D143	NIRSCWAMPLITUDE	141	143	685	n/a	7.8125
S142-D143	NIRSCWAMPLITUDE	142	143	685	n/a	7.8125
S143-D143	NIRSCWAMPLITUDE	143	143	685	n/a	7.8125
S144-D143	NIRSCWAMPLITUDE	144	143	685	n/a	7.8125
S145-D143	NIRSCWAMPLITUDE	145	143	685	n/a	7.8125
S146-D143	NIRSCWAMPLITUDE	146	143	685	n/a	7.8125
S147-D143	NIRSCWAMPLITUDE	147	143	685	n/a	7.8125
S148-D143	NIRSCWAMPLITUDE	148	143	685	n/a	7.8125
S149-D143	NIRSCWAMPLITUDE	149	143	685	n/a	7.8125
S150-D143	NIRSCWAMPLITUDE	150	143	685	n/a	7.8125
S151-D143	NIRSCWAMPLITUDE	151	143	685	n/a	7.8125
S152-D143	NIRSCWAMPLITUDE	152	143	685	n/a	7.8125
S153-D143	NIRSCWAMPLITUDE	153	143	685	n/a	7.8125
S154-D143	NIRSCWAMPLITUDE	154	143	685	n/a	7.8125
S155-D143	NIRSCWAMPLITUDE	155	143	685	n/a	7.8125
S156-D143	NIRSCWAMPLITUDE	156	143	685	n/a	7.8125
S157-D143	NIRSCWAMPLITUDE	157	143	685	n/a	7.8125
S158-D143	NIRSCWAMPLITUDE	158	143	685	n/a	7.8125
S159-D143	NIRSCWAMPLITUDE	159	143	685	n/a	7.8125
S160-D143	NIRSCWAMPLITUDE	160	143	685	n/a	7.8125
S161-D143	NIRSCWAMPLITUDE	161	143	685	n/a	7.8125
S162-D143	NIRSCWAMPLITUDE	162	143	685	n/a	7.8125
S163-D143	NIRSCWAMPLITUDE	163	143	685	n/a	7.8125
S164-D143	NIRSCWAMPLITUDE	164	143	685	n/a	7.8125
S165-D143	NIRSCWAMPLITUDE	165	143	685	n/a	7.8125
S166-D143	NIRSCWAMPLITUDE	166	143	685	n/a	7.8125
S125-D144	NIRSCWAMPLITUDE	125	144	685	n/a	7.8125
S126-D144	NIRSCWAMPLITUDE	126	144	685	n/a	7.8125
S127-D144	NIRSCWAMPLITUDE	127	144	685	n/a	7.8125
S129-D144	NIRSCWAMPLITUDE	129	144	685	n/a	7.8125
S130-D144	NIRSCWAMPLITUDE	130	144	685	n/a	7.8125
S131-D144	NIRSCWAMPLITUDE	131	144	685	n/a	7.8125
S132-D144	NIRSCWAMPLITUDE	132	144	685	n/a	7.8125
S133-D144	NIRSCWAMPLITUDE	133	144	685	n/a	7.8125
S134-D144	NIRSCWAMPLITUDE	134	144	685	n/a	7.8125
S135-D144	NIRSCWAMPLITUDE	135	144	685	n/a	7.8125
S136-D144	NIRSCWAMPLITUDE	136	144	685	n/a	7.8125
S137-D144	NIRSCWAMPLITUDE	137	144	685	n/a	7.8125
S138-D144	NIRSCWAMPLITUDE	138	144	685	n/a	7.8125
S139-D144	NIRSCWAMPLITUDE	139	144	685	n/a	7.8125
S140-D144	NIRSCWAMPLITUDE	140	144	685	n/a	7.8125
S141-D144	NIRSCWAMPLITUDE	141	144	685	n/a	7.8125
S142-D144	NIRSCWAMPLITUDE	142	144	685	n/a	7.8125
S143-D144	NIRSCWAMPLITUDE	143	144	685	n/a	7.8125
S144-D144	NIRSCWAMPLITUDE	144	144	685	n/a	7.8125
S145-D144	NIRSCWAMPLITUDE	145	144	685	n/a	7.8125
S146-D144	NIRSCWAMPLITUDE	146	144	685	n/a	7.8125
S147-D144	NIRSCWAMPLITUDE	147	144	685	n/a	7.8125
S148-D144	NIRSCWAMPLITUDE	148	144	685	n/a	7.8125
S149-D144	NIRSCWAMPLITUDE	149	144	685	n/a	7.8125
S150-D144	NIRSCWAMPLITUDE	150	144	685	n/a	7.8125
S151-D144	NIRSCWAMPLITUDE	151	144	685	n/a	7.8125
S152-D144	NIRSCWAMPLITUDE	152	144	685	n/a	7.8125
S153-D144	NIRSCWAMPLITUDE	153	144	685	n/a	7.8125
S154-D144	NIRSCWAMPLITUDE	154	144	685	n/a	7.8125
S155-D144	NIRSCWAMPLITUDE	155	144	685	n/a	7.8125
S156-D144	NIRSCWAMPLITUDE	156	144	685	n/a	7.8125
S157-D144	NIRSCWAMPLITUDE	157	144	685	n/a	7.8125
S158-D144	NIRSCWAMPLITUDE	158	144	685	n/a	7.8125
S159-D144	NIRSCWAMPLITUDE	159	144	685	n/a	7.8125
S160-D144	NIRSCWAMPLITUDE	160	144	685	n/a	7.8125
S161-D144	NIRSCWAMPLITUDE	161	144	685	n/a	7.8125
S162-D144	NIRSCWAMPLITUDE	162	144	685	n/a	7.8125
S164-D144	NIRSCWAMPLITUDE	164	144	685	n/a	7.8125
S165-D144	NIRSCWAMPLITUDE	165	144	685	n/a	7.8125
S166-D144	NIRSCWAMPLITUDE	166	144	685	n/a	7.8125
S167-D144	NIRSCWAMPLITUDE	167	144	685	n/a	7.8125
S252-D144	NIRSCWAMPLITUDE	252	144	685	n/a	7.8125
S253-D144	NIRSCWAMPLITUDE	253	144	685	n/a	7.8125
S254-D144	NIRSCWAMPLITUDE	254	144	685	n/a	7.8125
S255-D144	NIRSCWAMPLITUDE	255	144	685	n/a	7.8125
S126-D145	NIRSCWAMPLITUDE	126	145	685	n/a	7.8125
S127-D145	NIRSCWAMPLITUDE	127	145	685	n/a	7.8125
S130-D145	NIRSCWAMPLITUDE	130	145	685	n/a	7.8125
S131-D145	NIRSCWAMPLITUDE	131	145	685	n/a	7.8125
S132-D145	NIRSCWAMPLITUDE	132	145	685	n/a	7.8125
S133-D145	NIRSCWAMPLITUDE	133	145	685	n/a	7.8125
S134-D145	NIRSCWAMPLITUDE	134	145	685	n/a	7.8125
S135-D145	NIRSCWAMPLITUDE	135	145	685	n/a	7.8125
S136-D145	NIRSCWAMPLITUDE	136	145	685	n/a	7.8125
S137-D145	NIRSCWAMPLITUDE	137	145	685	n/a	7.8125
S138-D145	NIRSCWAMPLITUDE	138	145	685	n/a	7.8125
S139-D145	NIRSCWAMPLITUDE	139	145	685	n/a	7.8125
S140-D145	NIRSCWAMPLITUDE	140	145	685	n/a	7.8125
S141-D145	NIRSCWAMPLITUDE	141	145	685	n/a	7.8125
S142-D145	NIRSCWAMPLITUDE	142	145	685	n/a	7.8125
S143-D145	NIRSCWAMPLITUDE	143	145	685	n/a	7.8125
S144-D145	NIRSCWAMPLITUDE	144	145	685	n/a	7.8125
S145-D145	NIRSCWAMPLITUDE	145	145	685	n/a	7.8125
S146-D145	NIRSCWAMPLITUDE	146	145	685	n/a	7.8125
S147-D145	NIRSCWAMPLITUDE	147	145	685	n/a	7.8125
S148-D145	NIRSCWAMPLITUDE	148	145	685	n/a	7.8125
S149-D145	NIRSCWAMPLITUDE	149	145	685	n/a	7.8125
S150-D145	NIRSCWAMPLITUDE	150	145	685	n/a	7.8125
S151-D145	NIRSCWAMPLITUDE	151	145	685	n/a	7.8125
S152-D145	NIRSCWAMPLITUDE	152	145	685	n/a	7.8125
S153-D145	NIRSCWAMPLITUDE	153	145	685	n/a	7.8125
S154-D145	NIRSCWAMPLITUDE	154	145	685	n/a	7.8125
S155-D145	NIRSCWAMPLITUDE	155	145	685	n/a	7.8125
S156-D145	NIRSCWAMPLITUDE	156	145	685	n/a	7.8125
S157-D145	NIRSCWAMPLITUDE	157	145	685	n/a	7.8125
S158-D145	NIRSCWAMPLITUDE	158	145	685	n/a	7.8125
S159-D145	NIRSCWAMPLITUDE	159	145	685	n/a	7.8125
S160-D145	NIRSCWAMPLITUDE	160	145	685	n/a	7.8125
S161-D145	NIRSCWAMPLITUDE	161	145	685	n/a	7.8125
S162-D145	NIRSCWAMPLITUDE	162	145	685	n/a	7.8125
S165-D145	NIRSCWAMPLITUDE	165	145	685	n/a	7.8125
S166-D145	NIRSCWAMPLITUDE	166	145	685	n/a	7.8125
S167-D145	NIRSCWAMPLITUDE	167	145	685	n/a	7.8125
S168-D145	NIRSCWAMPLITUDE	168	145	685	n/a	7.8125
S243-D145	NIRSCWAMPLITUDE	243	145	685	n/a	7.8125
S244-D145	NIRSCWAMPLITUDE	244	145	685	n/a	7.8125
S245-D145	NIRSCWAMPLITUDE	245	145	685	n/a	7.8125
S252-D145	NIRSCWAMPLITUDE	252	145	685	n/a	7.8125
S253-D145	NIRSCWAMPLITUDE	253	145	685	n/a	7.8125
S254-D145	NIRSCWAMPLITUDE	254	145	685	n/a	7.8125
S255-D145	NIRSCWAMPLITUDE	255	145	685	n/a	7.8125
S127-D146	NIRSCWAMPLITUDE	127	146	685	n/a	7.8125
S131-D146	NIRSCWAMPLITUDE	131	146	685	n/a	7.8125
S132-D146	NIRSCWAMPLITUDE	132	146	685	n/a	7.8125
S134-D146	NIRSCWAMPLITUDE	134	146	685	n/a	7.8125
S135-D146	NIRSCWAMPLITUDE	135	146	685	n/a	7.8125
S136-D146	NIRSCWAMPLITUDE	136	146	685	n/a	7.8125
S137-D146	NIRSCWAMPLITUDE	137	146	685	n/a	7.8125
S138-D146	NIRSCWAMPLITUDE	138	146	685	n/a	7.8125
S140-D146	NIRSCWAMPLITUDE	140	146	685	n/a	7.8125
S141-D146	NIRSCWAMPLITUDE	141	146	685	n/a	7.8125
S142-D146	NIRSCWAMPLITUDE	142	146	685	n/a	7.8125
S143-D146	NIRSCWAMPLITUDE	143	146	685	n/a	7.8125
S144-D146	NIRSCWAMPLITUDE	144	146	685	n/a	7.8125
S146-D146	NIRSCWAMPLITUDE	146	146	685	n/a	7.8125
S147-D146	NIRSCWAMPLITUDE	147	146	685	n/a	7.8125
S148-D146	NIRSCWAMPLITUDE	148	146	685	n/a	7.8125
S149-D146	NIRSCWAMPLITUDE	149	146	685	n/a	7.8125
S150-D146	NIRSCWAMPLITUDE	150	146	685	n/a	7.8125
S152-D146	NIRSCWAMPLITUDE	152	146	685	n/a	7.8125
S153-D146	NIRSCWAMPLITUDE	153	146	685	n/a	7.8125
S154-D146	NIRSCWAMPLITUDE	154	146	685	n/a	7.8125
S155-D146	NIRSCWAMPLITUDE	155	146	685	n/a	7.8125
S156-D146	NIRSCWAMPLITUDE	156	146	685	n/a	7.8125
S158-D146	NIRSCWAMPLITUDE	158	146	685	n/a	7.8125
S159-D146	NIRSCWAMPLITUDE	159	146	685	n/a	7.8125
S160-D146	NIRSCWAMPLITUDE	160	146	685	n/a	7.8125
S161-D146	NIRSCWAMPLITUDE	161	146	685	n/a	7.8125
S162-D146	NIRSCWAMPLITUDE	162	146	685	n/a	7.8125
S166-D146	NIRSCWAMPLITUDE	166	146	685	n/a	7.8125
S167-D146	NIRSCWAMPLITUDE	167	146	685	n/a	7.8125
S168-D146	NIRSCWAMPLITUDE	168	146	685	n/a	7.8125
S232-D146	NIRSCWAMPLITUDE	232	146	685	n/a	7.8125
S233-D146	NIRSCWAMPLITUDE	233	146	685	n/a	7.8125
S234-D146	NIRSCWAMPLITUDE	234	146	685	n/a	7.8125
S241-D146	NIRSCWAMPLITUDE	241	146	685	n/a	7.8125
S242-D146	NIRSCWAMPLITUDE	242	146	685	n/a	7.8125
S243-D146	NIRSCWAMPLITUDE	243	146	685	n/a	7.8125
S244-D146	NIRSCWAMPLITUDE	244	146	685	n/a	7.8125
S245-D146	NIRSCWAMPLITUDE	245	146	685	n/a	7.8125
S246-D146	NIRSCWAMPLITUDE	246	146	685	n/a	7.8125
S247-D146	NIRSCWAMPLITUDE	247	146	685	n/a	7.8125
S252-D146	NIRSCWAMPLITUDE	252	146	685	n/a	7.8125
S253-D146	NIRSCWAMPLITUDE	253	146	685	n/a	7.8125
S254-D146	NIRSCWAMPLITUDE	254	146	685	n/a	7.8125
S255-D146	NIRSCWAMPLITUDE	255	146	685	n/a	7.8125
S128-D147	NIRSCWAMPLITUDE	128	147	685	n/a	7.8125
S129-D147	NIRSCWAMPLITUDE	129	147	685	n/a	7.8125
S130-D147	NIRSCWAMPLITUDE	130	147	685	n/a	7.8125
S133-D147	NIRSCWAMPLITUDE	133	147	685	n/a	7.8125
S134-D147	NIRSCWAMPLITUDE	134	147	685	n/a	7.8125
S135-D147	NIRSCWAMPLITUDE	135	147	685	n/a	7.8125
S136-D147	NIRSCWAMPLITUDE	136	147	685	n/a	7.8125
S139-D147	NIRSCWAMPLITUDE	139	147	685	n/a	7.8125
S140-D147	NIRSCWAMPLITUDE	140	147	685	n/a	7.8125
S141-D147	NIRSCWAMPLITUDE	141	147	685	n/a	7.8125
S142-D147	NIRSCWAMPLITUDE	142	147	685	n/a	7.8125
S145-D147	NIRSCWAMPLITUDE	145	147	685	n/a	7.8125
S146-D147	NIRSCWAMPLITUDE	146	147	685	n/a	7.8125
S147-D147	NIRSCWAMPLITUDE	147	147	685	n/a	7.8125
S148-D147	NIRSCWAMPLITUDE	148	147	685	n/a	7.8125
S151-D147	NIRSCWAMPLITUDE	151	147	685	n/a	7.8125
S152-D147	NIRSCWAMPLITUDE	152	147	685	n/a	7.8125
S153-D147	NIRSCWAMPLITUDE	153	147	685	n/a	7.8125
S154-D147	NIRSCWAMPLITUDE	154	147	685	n/a	7.8125
S157-D147	NIRSCWAMPLITUDE	157	147	685	n/a	7.8125
S158-D147	NIRSCWAMPLITUDE	158	147	685	n/a	7.8125
S159-D147	NIRSCWAMPLITUDE	159	147	685	n/a	7.8125
S160-D147	NIRSCWAMPLITUDE	160	147	685	n/a	7.8125
S163-D147	NIRSCWAMPLITUDE	163	147	685	n/a	7.8125
S164-D147	NIRSCWAMPLITUDE	164	147	685	n/a	7.8125
S165-D147	NIRSCWAMPLITUDE	165	147	685	n/a	7.8125
S169-D147	NIRSCWAMPLITUDE	169	147	685	n/a	7.8125
S170-D147	NIRSCWAMPLITUDE	170	147	685	n/a	7.8125
S128-D148	NIRSCWAMPLITUDE	128	148	685	n/a	7.8125
S129-D148	NIRSCWAMPLITUDE	129	148	685	n/a	7.8125
S130-D148	NIRSCWAMPLITUDE	130	148	685	n/a	7.8125
S131-D148	NIRSCWAMPLITUDE	131	148	685	n/a	7.8125
S133-D148	NIRSCWAMPLITUDE	133	148	685	n/a	7.8125
S134-D148	NIRSCWAMPLITUDE	134	148	685	n/a	7.8125
S135-D148	NIRSCWAMPLITUDE	135	148	685	n/a	7.8125
S136-D148	NIRSCWAMPLITUDE	136	148	685	n/a	7.8125
S137-D148	NIRSCWAMPLITUDE	137	148	685	n/a	7.8125
S139-D148	NIRSCWAMPLITUDE	139	148	685	n/a	7.8125
S140-D148	NIRSCWAMPLITUDE	140	148	685	n/a	7.8125
S141-D148	NIRSCWAMPLITUDE	141	148	685	n/a	7.8125
S142-D148	NIRSCWAMPLITUDE	142	148	685	n/a	7.8125
S143-D148	NIRSCWAMPLITUDE	143	148	685	n/a	7.8125
S145-D148	NIRSCWAMPLITUDE	145	148	685	n/a	7.8125
S146-D148	NIRSCWAMPLITUDE	146	148	685	n/a	7.8125
S147-D148	NIRSCWAMPLITUDE	147	148	685	n/a	7.8125
S148-D148	NIRSCWAMPLITUDE	148	148	685	n/a	7.8125
S149-D148	NIRSCWAMPLITUDE	149	148	685	n/a	7.8125
S151-D148	NIRSCWAMPLITUDE	151	148	685	n/a	7.8125
S152-D148	NIRSCWAMPLITUDE	152	148	685	n/a	7.8125
S153-D148	NIRSCWAMPLITUDE	153	148	685	n/a	7.8125
S154-D148	NIRSCWAMPLITUDE	154	148	685	n/a	7.8125
S155-D148	NIRSCWAMPLITUDE	155	148	685	n/a	7.8125
S157-D148	NIRSCWAMPLITUDE	157	148	685	n/a	7.8125
S158-D148	NIRSCWAMPLITUDE	158	148	685	n/a	7.8125
S159-D148	NIRSCWAMPLITUDE	159	148	685	n/a	7.8125
S160-D148	NIRSCWAMPLITUDE	160	148	685	n/a	7.8125
S161-D148	NIRSCWAMPLITUDE	161	148	685	n/a	7.8125
S163-D148	NIRSCWAMPLITUDE	163	148	685	n/a	7.8125
S164-D148	NIRSCWAMPLITUDE	164	148	685	n/a	7.8125
S165-D148	NIRSCWAMPLITUDE	165	148	685	n/a	7.8125
S166-D148	NIRSCWAMPLITUDE	166	148	685	n/a	7.8125
S169-D148	NIRSCWAMPLITUDE	169	148	685	n/a	7.8125
S170-D148	NIRSCWAMPLITUDE	170	148	685	n/a	7.8125
S171-D148	NIRSCWAMPLITUDE	171	148	685	n/a	7.8125
S129-D149	NIRSCWAMPLITUDE	129	149	685	n/a	7.8125
S130-D149	NIRSCWAMPLITUDE	130	149	685	n/a	7.8125
S131-D149	NIRSCWAMPLITUDE	131	149	685	n/a	7.8125
S132-D149	NIRSCWAMPLITUDE	132	149	685	n/a	7.8125
S133-D149	NIRSCWAMPLITUDE	133	149	685	n/a	7.8125
S134-D149	NIRSCWAMPLITUDE	134	149	685	n/a	7.8125
S135-D149	NIRSCWAMPLITUDE	135	149	685	n/a	7.8125
S136-D149	NIRSCWAMPLITUDE	136	149	685	n/a	7.8125
S137-D149	NIRSCWAMPLITUDE	137	149	685	n/a	7.8125
S138-D149	NIRSCWAMPLITUDE	138	149	685	n/a	7.8125
S139-D149	NIRSCWAMPLITUDE	139	149	685	n/a	7.8125
S140-D149	NIRSCWAMPLITUDE	140	149	685	n/a	7.8125
S141-D149	NIRSCWAMPLITUDE	141	149	685	n/a	7.8125
S142-D149	NIRSCWAMPLITUDE	142	149	685	n/a	7.8125
S143-D149	NIRSCWAMPLITUDE	143	149	685	n/a	7.8125
S144-D149	NIRSCWAMPLITUDE	144	149	685	n/a	7.8125
S145-D149	NIRSCWAMPLITUDE	145	149	685	n/a	7.8125
S146-D149	NIRSCWAMPLITUDE	146	149	685	n/a	7.8125
S147-D149	NIRSCWAMPLITUDE	147	149	685	n/a	7.8125
S148-D149	NIRSCWAMPLITUDE	148	149	685	n/a	7.8125
S149-D149	NIRSCWAMPLITUDE	149	149	685	n/a	7.8125
S150-D149	NIRSCWAMPLITUDE	150	149	685	n/a	7.8125
S151-D149	NIRSCWAMPLITUDE	151	149	685	n/a	7.8125
S152-D149	NIRSCWAMPLITUDE	152	149	685	n/a	7.8125
S153-D149	NIRSCWAMPLITUDE	153	149	685	n/a	7.8125
S154-D149	NIRSCWAMPLITUDE	154	149	685	n/a	7.8125
S155-D149	NIRSCWAMPLITUDE	155	149	685	n/a	7.8125
S156-D149	NIRSCWAMPLITUDE	156	149	685	n/a	7.8125
S157-D149	NIRSCWAMPLITUDE	157	149	685	n/a	7.8125
S158-D149	NIRSCWAMPLITUDE	158	149	685	n/a	7.8125
S159-D149	NIRSCWAMPLITUDE	159	149	685	n/a	7.8125
S160-D149	NIRSCWAMPLITUDE	160	149	685	n/a	7.8125
S161-D149	NIRSCWAMPLITUDE	161	149	685	n/a	7.8125
S162-D149	NIRSCWAMPLITUDE	162	149	685	n/a	7.8125
S163-D149	NIRSCWAMPLITUDE	163	149	685	n/a	7.8125
S164-D149	NIRSCWAMPLITUDE	164	149	685	n/a	7.8125
S165-D149	NIRSCWAMPLITUDE	165	149	685	n/a	7.8125
S166-D149	NIRSCWAMPLITUDE	166	149	685	n/a	7.8125
S167-D149	NIRSCWAMPLITUDE	167	149	685	n/a	7.8125
S169-D149	NIRSCWAMPLITUDE	169	149	685	n/a	7.8125
S170-D149	NIRSCWAMPLITUDE	170	149	685	n/a	7.8125
S171-D149	NIRSCWAMPLITUDE	171	149	685	n/a	7.8125
S172-D149	NIRSCWAMPLITUDE	172	149	685	n/a	7.8125
S130-D150	NIRSCWAMPLITUDE	130	150	685	n/a	7.8125
S131-D150	NIRSCWAMPLITUDE	131	150	685	n/a	7.8125
S132-D150	NIRSCWAMPLITUDE	132	150	685	n/a	7.8125
S133-D150	NIRSCWAMPLITUDE	133	150	685	n/a	7.8125
S134-D150	NIRSCWAMPLITUDE	134	150	685	n/a	7.8125
S135-D150	NIRSCWAMPLITUDE	135	150	685	n/a	7.8125
S136-D150	NIRSCWAMPLITUDE	136	150	685	n/a	7.8125
S137-D150	NIRSCWAMPLITUDE	137	150	685	n/a	7.8125
S138-D150	NIRSCWAMPLITUDE	138	150	685	n/a	7.8125
S139-D150	NIRSCWAMPLITUDE	139	150	685	n/a	7.8125
S140-D150	NIRSCWAMPLITUDE	140	150	685	n/a	7.8125
S141-D150	NIRSCWAMPLITUDE	141	150	685	n/a	7.8125
S142-D150	NIRSCWAMPLITUDE	142	150	685	n/a	7.8125
S143-D150	NIRSCWAMPLITUDE	143	150	685	n/a	7.8125
S144-D150	NIRSCWAMPLITUDE	144	150	685	n/a	7.8125
S145-D150	NIRSCWAMPLITUDE	145	150	685	n/a	7.8125
S146-D150	NIRSCWAMPLITUDE	146	150	685	n/a	7.8125
S147-D150	NIRSCWAMPLITUDE	147	150	685	n/a	7.8125
S148-D150	NIRSCWAMPLITUDE	148	150	685	n/a	7.8125
S149-D150	NIRSCWAMPLITUDE	149	150	685	n/a	7.8125
S150-D150	NIRSCWAMPLITUDE	150	150	685	n/a	7.8125
S151-D150	NIRSCWAMPLITUDE	151	150	685	n/a	7.8125
S152-D150	NIRSCWAMPLITUDE	152	150	685	n/a	7.8125
S153-D150	NIRSCWAMPLITUDE	153	150	685	n/a	7.8125
S154-D150	NIRSCWAMPLITUDE	154	150	685	n/a	7.8125
S155-D150	NIRSCWAMPLITUDE	155	150	685	n/a	7.8125
S156-D150	NIRSCWAMPLITUDE	156	150	685	n/a	7.8125
S157-D150	NIRSCWAMPLITUDE	157	150	685	n/a	7.8125
S158-D150	NIRSCWAMPLITUDE	158	150	685	n/a	7.8125
S159-D150	NIRSCWAMPLITUDE	159	150	685	n/a	7.8125
S160-D150	NIRSCWAMPLITUDE	160	150	685	n/a	7.8125
S161-D150	NIRSCWAMPLITUDE	161	150	685	n/a	7.8125
S162-D150	NIRSCWAMPLITUDE	162	150	685	n/a	7.8125
S163-D150	NIRSCWAMPLITUDE	163	150	685	n/a	7.8125
S164-D150	NIRSCWAMPLITUDE	164	150	685	n/a	7.8125
S165-D150	NIRSCWAMPLITUDE	165	150	685	n/a	7.8125
S166-D150	NIRSCWAMPLITUDE	166	150	685	n/a	7.8125
S167-D150	NIRSCWAMPLITUDE	167	150	685	n/a	7.8125
S168-D150	NIRSCWAMPLITUDE	168	150	685	n/a	7.8125
S170-D150	NIRSCWAMPLITUDE	170	150	685	n/a	7.8125
S171-D150	NIRSCWAMPLITUDE	171	150	685	n/a	7.8125
S172-D150	NIRSCWAMPLITUDE	172	150	685	n/a	7.8125
S173-D150	NIRSCWAMPLITUDE	173	150	685	n/a	7.8125
S254-D150	NIRSCWAMPLITUDE	254	150	685	n/a	7.8125
S255-D150	NIRSCWAMPLITUDE	255	150	685	n/a	7.8125
S131-D151	NIRSCWAMPLITUDE	131	151	685	n/a	7.8125
S132-D151	NIRSCWAMPLITUDE	132	151	685	n/a	7.8125
S134-D151	NIRSCWAMPLITUDE	134	151	685	n/a	7.8125
S135-D151	NIRSCWAMPLITUDE	135	151	685	n/a	7.8125
S136-D151	NIRSCWAMPLITUDE	136	151	685	n/a	7.8125
S137-D151	NIRSCWAMPLITUDE	137	151	685	n/a	7.8125
S138-D151	NIRSCWAMPLITUDE	138	151	685	n/a	7.8125
S139-D151	NIRSCWAMPLITUDE	139	151	685	n/a	7.8125
S140-D151	NIRSCWAMPLITUDE	140	151	685	n/a	7.8125
S141-D151	NIRSCWAMPLITUDE	141	151	685	n/a	7.8125
S142-D151	NIRSCWAMPLITUDE	142	151	685	n/a	7.8125
S143-D151	NIRSCWAMPLITUDE	143	151	685	n/a	7.8125
S144-D151	NIRSCWAMPLITUDE	144	151	685	n/a	7.8125
S145-D151	NIRSCWAMPLITUDE	145	151	685	n/a	7.8125
S146-D151	NIRSCWAMPLITUDE	146	151	685	n/a	7.8125
S147-D151	NIRSCWAMPLITUDE	147	151	685	n/a	7.8125
S148-D151	NIRSCWAMPLITUDE	148	151	685	n/a	7.8125
S149-D151	NIRSCWAMPLITUDE	149	151	685	n/a	7.8125
S150-D151	NIRSCWAMPLITUDE	150	151	685	n/a	7.8125
S151-D151	NIRSCWAMPLITUDE	151	151	685	n/a	7.8125
S152-D151	NIRSCWAMPLITUDE	152	151	685	n/a	7.8125
S153-D151	NIRSCWAMPLITUDE	153	151	685	n/a	7.8125
S154-D151	NIRSCWAMPLITUDE	154	151	685	n/a	7.8125
S155-D151	NIRSCWAMPLITUDE	155	151	685	n/a	7.8125
S156-D151	NIRSCWAMPLITUDE	156	151	685	n/a	7.8125
S157-D151	NIRSCWAMPLITUDE	157	151	685	n/a	7.8125
S158-D151	NIRSCWAMPLITUDE	158	151	685	n/a	7.8125
S159-D151	NIRSCWAMPLITUDE	159	151	685	n/a	7.8125
S160-D151	NIRSCWAMPLITUDE	160	151	685	n/a	7.8125
S161-D151	NIRSCWAMPLITUDE	161	151	685	n/a	7.8125
S162-D151	NIRSCWAMPLITUDE	162	151	685	n/a	7.8125
S164-D151	NIRSCWAMPLITUDE	164	151	685	n/a	7.8125
S165-D151	NIRSCWAMPLITUDE	165	151	685	n/a	7.8125
S166-D151	NIRSCWAMPLITUDE	166	151	685	n/a	7.8125
S167-D151	NIRSCWAMPLITUDE	167	151	685	n/a	7.8125
S168-D151	NIRSCWAMPLITUDE	168	151	685	n/a	7.8125
S171-D151	NIRSCWAMPLITUDE	171	151	685	n/a	7.8125
S172-D151	NIRSCWAMPLITUDE	172	151	685	n/a	7.8125
S173-D151	NIRSCWAMPLITUDE	173	151	685	n/a	7.8125
S174-D151	NIRSCWAMPLITUDE	174	151	685	n/a	7.8125
S245-D151	NIRSCWAMPLITUDE	245	151	685	n/a	7.8125
S246-D151	NIRSCWAMPLITUDE	246	151	685	n/a	7.8125
S247-D151	NIRSCWAMPLITUDE	247	151	685	n/a	7.8125
S252-D151	NIRSCWAMPLITUDE	252	151	685	n/a	7.8125
S253-D151	NIRSCWAMPLITUDE	253	151	685	n/a	7.8125
S254-D151	NIRSCWAMPLITUDE	254	151	685	n/a	7.8125
S255-D151	NIRSCWAMPLITUDE	255	151	685	n/a	7.8125
S132-D152	NIRSCWAMPLITUDE	132	152	685	n/a	7.8125
S135-D152	NIRSCWAMPLITUDE	135	152	685	n/a	7.8125
S136-D152	NIRSCWAMPLITUDE	136	152	685	n/a	7.8125
S137-D152	NIRSCWAMPLITUDE	137	152	685	n/a	7.8125
S138-D152	NIRSCWAMPLITUDE	138	152	685	n/a	7.8125
S140-D152	NIRSCWAMPLITUDE	140	152	685	n/a	7.8125
S141-D152	NIRSCWAMPLITUDE	141	152	685	n/a	7.8125
S142-D152	NIRSCWAMPLITUDE	142	152	685	n/a	7.8125
S143-D152	NIRSCWAMPLITUDE	143	152	685	n/a	7.8125
S144-D152	NIRSCWAMPLITUDE	144	152	685	n/a	7.8125
S146-D152	NIRSCWAMPLITUDE	146	152	685	n/a	7.8125
S147-D152	NIRSCWAMPLITUDE	147	152	685	n/a	7.8125
S148-D152	NIRSCWAMPLITUDE	148	152	685	n/a	7.8125
S149-D152	NIRSCWAMPLITUDE	149	152	685	n/a	7.8125
S150-D152	NIRSCWAMPLITUDE	150	152	685	n/a	7.8125
S152-D152	NIRSCWAMPLITUDE	152	152	685	n/a	7.8125
S153-D152	NIRSCWAMPLITUDE	153	152	685	n/a	7.8125
S154-D152	NIRSCWAMPLITUDE	154	152	685	n/a	7.8125
S155-D152	NIRSCWAMPLITUDE	155	152	685	n/a	7.8125
S156-D152	NIRSCWAMPLITUDE	156	152	685	n/a	7.8125
S158-D152	NIRSCWAMPLITUDE	158	152	685	n/a	7.8125
S159-D152	NIRSCWAMPLITUDE	159	152	685	n/a	7.8125
S160-D152	NIRSCWAMPLITUDE	160	152	685	n/a	7.8125
S161-D152	NIRSCWAMPLITUDE	161	152	685	n/a	7.8125
S162-D152	NIRSCWAMPLITUDE	162	152	685	n/a	7.8125
S165-D152	NIRSCWAMPLITUDE	165	152	685	n/a	7.8125
S166-D152	NIRSCWAMPLITUDE	166	152	685	n/a	7.8125
S167-D152	NIRSCWAMPLITUDE	167	152	685	n/a	7.8125
S168-D152	NIRSCWAMPLITUDE	168	152	685	n/a	7.8125
S172-D152	NIRSCWAMPLITUDE	172	152	685	n/a	7.8125
S173-D152	NIRSCWAMPLITUDE	173	152	685	n/a	7.8125
S174-D152	NIRSCWAMPLITUDE	174	152	685	n/a	7.8125
S234-D152	NIRSCWAMPLITUDE	234	152	685	n/a	7.8125
S235-D152	NIRSCWAMPLITUDE	235	152	685	n/a	7.8125
S243-D152	NIRSCWAMPLITUDE	243	152	685	n/a	7.8125
S244-D152	NIRSCWAMPLITUDE	244	152	685	n/a	7.8125
S245-D152	NIRSCWAMPLITUDE	245	152	685	n/a	7.8125
S246-D152	NIRSCWAMPLITUDE	246	152	685	n/a	7.8125
S247-D152	NIRSCWAMPLITUDE	247	152	685	n/a	7.8125
S248-D152	NIRSCWAMPLITUDE	248	152	685	n/a	7.8125
S252-D152	NIRSCWAMPLITUDE	252	152	685	n/a	7.8125
S253-D152	NIRSCWAMPLITUDE	253	152	685	n/a	7.8125
S254-D152	NIRSCWAMPLITUDE	254	152	685	n/a	7.8125
S255-D152	NIRSCWAMPLITUDE	255	152	685	n/a	7.8125
S133-D153	NIRSCWAMPLITUDE	133	153	685	n/a	7.8125
S134-D153	NIRSCWAMPLITUDE	134	153	685	n/a	7.8125
S139-D153	NIRSCWAMPLITUDE	139	153	685	n/a	7.8125
S140-D153	NIRSCWAMPLITUDE	140	153	685	n/a	7.8125
S141-D153	NIRSCWAMPLITUDE	141	153	685	n/a	7.8125
S142-D153	NIRSCWAMPLITUDE	142	153	685	n/a	7.8125
S145-D153	NIRSCWAMPLITUDE	145	153	685	n/a	7.8125
S146-D153	NIRSCWAMPLITUDE	146	153	685	n/a	7.8125
S147-D153	NIRSCWAMPLITUDE	147	153	685	n/a	7.8125
S148-D153	NIRSCWAMPLITUDE	148	153	685	n/a	7.8125
S151-D153	NIRSCWAMPLITUDE	151	153	685	n/a	7.8125
S152-D153	NIRSCWAMPLITUDE	152	153	685	n/a	7.8125
S153-D153	NIRSCWAMPLITUDE	153	153	685	n/a	7.8125
S154-D153	NIRSCWAMPLITUDE	154	153	685	n/a	7.8125
S157-D153	NIRSCWAMPLITUDE	157	153	685	n/a	7.8125
S158-D153	NIRSCWAMPLITUDE	158	153	685	n/a	7.8125
S159-D153	NIRSCWAMPLITUDE	159	153	685	n/a	7.8125
S160-D153	NIRSCWAMPLITUDE	160	153	685	n/a	7.8125
S163-D153	NIRSCWAMPLITUDE	163	153	685	n/a	7.8125
S164-D153	NIRSCWAMPLITUDE	164	153	685	n/a	7.8125
S165-D153	NIRSCWAMPLITUDE	165	153	685	n/a	7.8125
S166-D153	NIRSCWAMPLITUDE	166	153	685	n/a	7.8125
S169-D153	NIRSCWAMPLITUDE	169	153	685	n/a	7.8125
S170-D153	NIRSCWAMPLITUDE	170	153	685	n/a	7.8125
S171-D153	NIRSCWAMPLITUDE	171	153	685	n/a	7.8125
S172-D153	NIRSCWAMPLITUDE	172	153	685	n/a	7.8125
S175-D153	NIRSCWAMPLITUDE	175	153	685	n/a	7.8125
S176-D153	NIRSCWAMPLITUDE	176	153	685	n/a	7.8125
S133-D154	NIRSCWAMPLITUDE	133	154	685	n/a	7.8125
S134-D154	NIRSCWAMPLITUDE	134	154	685	n/a	7.8125
S135-D154	NIRSCWAMPLITUDE	135	154	685	n/a	7.8125
S139-D154	NIRSCWAMPLITUDE	139	154	685	n/a	7.8125
S140-D154	NIRSCWAMPLITUDE	140	154	685	n/a	7.8125
S141-D154	NIRSCWAMPLITUDE	141	154	685	n/a	7.8125
S142-D154	NIRSCWAMPLITUDE	142	154	685	n/a	7.8125
S143-D154	NIRSCWAMPLITUDE	143	154	685	n/a	7.8125
S145-D154	NIRSCWAMPLITUDE	145	154	685	n/a	7.8125
S146-D154	NIRSCWAMPLITUDE	146	154	685	n/a	7.8125
S147-D154	NIRSCWAMPLITUDE	147	154	685	n/a	7.8125
S148-D154	NIRSCWAMPLITUDE	148	154	685	n/a	7.8125
S149-D154	NIRSCWAMPLITUDE	149	154	685	n/a	7.8125
S151-D154	NIRSCWAMPLITUDE	151	154	685	n/a	7.8125
S152-D154	NIRSCWAMPLITUDE	152	154	685	n/a	7.8125
S153-D154	NIRSCWAMPLITUDE	153	154	685	n/a	7.8125
S154-D154	NIRSCWAMPLITUDE	154	154	685	n/a	7.8125
S155-D154	NIRSCWAMPLITUDE	155	154	685	n/a	7.8125
S157-D154	NIRSCWAMPLITUDE	157	154	685	n/a	7.8125
S158-D154	NIRSCWAMPLITUDE	158	154	685	n/a	7.8125
S159-D154	NIRSCWAMPLITUDE	159	154	685	n/a	7.8125
S160-D154	NIRSCWAMPLITUDE	160	154	685	n/a	7.8125
S161-D154	NIRSCWAMPLITUDE	161	154	685	n/a	7.8125
S163-D154	NIRSCWAMPLITUDE	163	154	685	n/a	7.8125
S164-D154	NIRSCWAMPLITUDE	164	154	685	n/a	7.8125
S165-D154	NIRSCWAMPLITUDE	165	154	685	n/a	7.8125
S166-D154	NIRSCWAMPLITUDE	166	154	685	n/a	7.8125
S167-D154	NIRSCWAMPLITUDE	167	154	685	n/a	7.8125
S169-D154	NIRSCWAMPLITUDE	169	154	685	n/a	7.8125
S170-D154	NIRSCWAMPLITUDE	170	154	685	n/a	7.8125
S171-D154	NIRSCWAMPLITUDE	171	154	685	n/a	7.8125
S172-D154	NIRSCWAMPLITUDE	172	154	685	n/a	7.8125
S175-D154	NIRSCWAMPLITUDE	175	154	685	n/a	7.8125
S176-D154	NIRSCWAMPLITUDE	176	154	685	n/a	7.8125
S177-D154	NIRSCWAMPLITUDE	177	154	685	n/a	7.8125
S133-D155	NIRSCWAMPLITUDE	133	155	685	n/a	7.8125
S134-D155	NIRSCWAMPLITUDE	134	155	685	n/a	7.8125
S135-D155	NIRSCWAMPLITUDE	135	155	685	n/a	7.8125
S136-D155	NIRSCWAMPLITUDE	136	155	685	n/a	7.8125
S139-D155	NIRSCWAMPLITUDE	139	155	685	n/a	7.8125
S140-D155	NIRSCWAMPLITUDE	140	155	685	n/a	7.8125
S141-D155	NIRSCWAMPLITUDE	141	155	685	n/a	7.8125
S142-D155	NIRSCWAMPLITUDE	142	155	685	n/a	7.8125
S143-D155	NIRSCWAMPLITUDE	143	155	685	n/a	7.8125
S144-D155	NIRSCWAMPLITUDE	144	155	685	n/a	7.8125
S145-D155	NIRSCWAMPLITUDE	145	155	685	n/a	7.8125
S146-D155	NIRSCWAMPLITUDE	146	155	685	n/a	7.8125
S147-D155	NIRSCWAMPLITUDE	147	155	685	n/a	7.8125
S148-D155	NIRSCWAMPLITUDE	148	155	685	n/a	7.8125
S149-D155	NIRSCWAMPLITUDE	149	155	685	n/a	7.8125
S150-D155	NIRSCWAMPLITUDE	150	155	685	n/a	7.8125
S151-D155	NIRSCWAMPLITUDE	151	155	685	n/a	7.8125
S152-D155	NIRSCWAMPLITUDE	152	155	685	n/a	7.8125
S153-D155	NIRSCWAMPLITUDE	153	155	685	n/a	7.8125
S154-D155	NIRSCWAMPLITUDE	154	155	685	n/a	7.8125
S155-D155	NIRSCWAMPLITUDE	155	155	685	n/a	7.8125
S156-D155	NIRSCWAMPLITUDE	156	155	685	n/a	7.8125
S157-D155	NIRSCWAMPLITUDE	157	155	685	n/a	7.8125
S158-D155	NIRSCWAMPLITUDE	158	155	685	n/a	7.8125
S159-D155	NIRSCWAMPLITUDE	159	155	685	n/a	7.8125
S160-D155	NIRSCWAMPLITUDE	160	155	685	n/a	7.8125
S161-D155	NIRSCWAMPLITUDE	161	155	685	n/a	7.8125
S162-D155	NIRSCWAMPLITUDE	162	155	685	n/a	7.8125
S163-D155	NIRSCWAMPLITUDE	163	155	685	n/a	7.8125
S164-D155	NIRSCWAMPLITUDE	164	155	685	n/a	7.8125
S165-D155	NIRSCWAMPLITUDE	165	155	685	n/a	7.8125
S166-D155	NIRSCWAMPLITUDE	166	155	685	n/a	7.8125
S167-D155	NIRSCWAMPLITUDE	167	155	685	n/a	7.8125
S168-D155	NIRSCWAMPLITUDE	168	155	685	n/a	7.8125
S169-D155	NIRSCWAMPLITUDE	169	155	685	n/a	7.8125
S170-D155	NIRSCWAMPLITUDE	170	155	685	n/a	7.8125
S171-D155	NIRSCWAMPLITUDE	171	155	685	n/a	7.8125
S172-D155	NIRSCWAMPLITUDE	172	155	685	n/a	7.8125
S173-D155	NIRSCWAMPLITUDE	173	155	685	n/a	7.8125
S175-D155	NIRSCWAMPLITUDE	175	155	685	n/a	7.8125
S176-D155	NIRSCWAMPLITUDE	176	155	685	n/a	7.8125
S177-D155	NIRSCWAMPLITUDE	177	155	685	n/a	7.8125
S178-D155	NIRSCWAMPLITUDE	178	155	685	n/a	7.8125
S134-D156	NIRSCWAMPLITUDE	134	156	685	n/a	7.8125
S135-D156	NIRSCWAMPLITUDE	135	156	685	n/a	7.8125
S136-D156	NIRSCWAMPLITUDE	136	156	685	n/a	7.8125
S137-D156	NIRSCWAMPLITUDE	137	156	685	n/a	7.8125
S139-D156	NIRSCWAMPLITUDE	139	156	685	n/a	7.8125
S140-D156	NIRSCWAMPLITUDE	140	156	685	n/a	7.8125
S141-D156	NIRSCWAMPLITUDE	141	156	685	n/a	7.8125
S142-D156	NIRSCWAMPLITUDE	142	156	685	n/a	7.8125
S143-D156	NIRSCWAMPLITUDE	143	156	685	n/a	7.8125
S144-D156	NIRSCWAMPLITUDE	144	156	685	n/a	7.8125
S145-D156	NIRSCWAMPLITUDE	145	156	685	n/a	7.8125
S146-D156	NIRSCWAMPLITUDE	146	156	685	n/a	7.8125
S147-D156	NIRSCWAMPLITUDE	147	156	685	n/a	7.8125
S148-D156	NIRSCWAMPLITUDE	148	156	685	n/a	7.8125
S149-D156	NIRSCWAMPLITUDE	149	156	685	n/a	7.8125
S150-D156	NIRSCWAMPLITUDE	150	156	685	n/a	7.8125
S151-D156	NIRSCWAMPLITUDE	151	156	685	n/a	7.8125
S152-D156	NIRSCWAMPLITUDE	152	156	685	n/a	7.8125
S153-D156	NIRSCWAMPLITUDE	153	156	685	n/a	7.8125
S154-D156	NIRSCWAMPLITUDE	154	156	685	n/a	7.8125
S155-D156	NIRSCWAMPLITUDE	155	156	685	n/a	7.8125
S156-D156	NIRSCWAMPLITUDE	156	156	685	n/a	7.8125
S157-D156	NIRSCWAMPLITUDE	157	156	685	n/a	7.8125
S158-D156	NIRSCWAMPLITUDE	158	156	685	n/a	7.8125
S159-D156	NIRSCWAMPLITUDE	159	156	685	n/a	7.8125
S160-D156	NIRSCWAMPLITUDE	160	156	685	n/a	7.8125
S161-D156	NIRSCWAMPLITUDE	161	156	685	n/a	7.8125
S162-D156	NIRSCWAMPLITUDE	162	156	685	n/a	7.8125
S163-D156	NIRSCWAMPLITUDE	163	156	685	n/a	7.8125
S164-D156	NIRSCWAMPLITUDE	164	156	685	n/a	7.8125
S165-D156	NIRSCWAMPLITUDE	165	156	685	n/a	7.8125
S166-D156	NIRSCWAMPLITUDE	166	156	685	n/a	7.8125
S167-D156	NIRSCWAMPLITUDE	167	156	685	n/a	7.8125
S168-D156	NIRSCWAMPLITUDE	168	156	685	n/a	7.8125
S169-D156	NIRSCWAMPLITUDE	169	156	685	n/a	7.8125
S170-D156	NIRSCWAMPLITUDE	170	156	685	n/a	7.8125
S171-D156	NIRSCWAMPLITUDE	171	156	685	n/a	7.8125
S172-D156	NIRSCWAMPLITUDE	172	156	685	n/a	7.8125
S173-D156	NIRSCWAMPLITUDE	173	156	685	n/a	7.8125
S174-D156	NIRSCWAMPLITUDE	174	156	685	n/a	7.8125
S176-D156	NIRSCWAMPLITUDE	176	156	685	n/a	7.8125
S177-D156	NIRSCWAMPLITUDE	177	156	685	n/a	7.8125
S178-D156	NIRSCWAMPLITUDE	178	156	685	n/a	7.8125
S179-D156	NIRSCWAMPLITUDE	179	156	685	n/a	7.8125
S135-D157	NIRSCWAMPLITUDE	135	157	685	n/a	7.8125
S136-D157	NIRSCWAMPLITUDE	136	157	685	n/a	7.8125
S137-D157	NIRSCWAMPLITUDE	137	157	685	n/a	7.8125
S138-D157	NIRSCWAMPLITUDE	138	157	685	n/a	7.8125
S140-D157	NIRSCWAMPLITUDE	140	157	685	n/a	7.8125
S141-D157	NIRSCWAMPLITUDE	141	157	685	n/a	7.8125
S142-D157	NIRSCWAMPLITUDE	142	157	685	n/a	7.8125
S143-D157	NIRSCWAMPLITUDE	143	157	685	n/a	7.8125
S144-D157	NIRSCWAMPLITUDE	144	157	685	n/a	7.8125
S145-D157	NIRSCWAMPLITUDE	145	157	685	n/a	7.8125
S146-D157	NIRSCWAMPLITUDE	146	157	685	n/a	7.8125
S147-D157	NIRSCWAMPLITUDE	147	157	685	n/a	7.8125
S148-D157	NIRSCWAMPLITUDE	148	157	685	n/a	7.8125
S149-D157	NIRSCWAMPLITUDE	149	157	685	n/a	7.8125
S150-D157	NIRSCWAMPLITUDE	150	157	685	n/a	7.8125
S151-D157	NIRSCWAMPLITUDE	151	157	685	n/a	7.8125
S152-D157	NIRSCWAMPLITUDE	152	157	685	n/a	7.8125
S153-D157	NIRSCWAMPLITUDE	153	157	685	n/a	7.8125
S154-D157	NIRSCWAMPLITUDE	154	157	685	n/a	7.8125
S155-D157	NIRSCWAMPLITUDE	155	157	685	n/a	7.8125
S156-D157	NIRSCWAMPLITUDE	156	157	685	n/a	7.8125
S157-D157	NIRSCWAMPLITUDE	157	157	685	n/a	7.8125
S158-D157	NIRSCWAMPLITUDE	158	157	685	n/a	7.8125
S159-D157	NIRSCWAMPLITUDE	159	157	685	n/a	7.8125
S160-D157	NIRSCWAMPLITUDE	160	157	685	n/a	7.8125
S161-D157	NIRSCWAMPLITUDE	161	157	685	n/a	7.8125
S162-D157	NIRSCWAMPLITUDE	162	157	685	n/a	7.8125
S163-D157	NIRSCWAMPLITUDE	163	157	685	n/a	7.8125
S164-D157	NIRSCWAMPLITUDE	164	157	685	n/a	7.8125
S165-D157	NIRSCWAMPLITUDE	165	157	685	n/a	7.8125
S166-D157	NIRSCWAMPLITUDE	166	157	685	n/a	7.8125
S167-D157	NIRSCWAMPLITUDE	167	157	685	n/a	7.8125
S168-D157	NIRSCWAMPLITUDE	168	157	685	n/a	7.8125
S169-D157	NIRSCWAMPLITUDE	169	157	685	n/a	7.8125
S170-D157	NIRSCWAMPLITUDE	170	157	685	n/a	7.8125
S171-D157	NIRSCWAMPLITUDE	171	157	685	n/a	7.8125
S172-D157	NIRSCWAMPLITUDE	172	157	685	n/a	7.8125
S173-D157	NIRSCWAMPLITUDE	173	157	685	n/a	7.8125
S174-D157	NIRSCWAMPLITUDE	174	157	685	n/a	7.8125
S177-D157	NIRSCWAMPLITUDE	177	157	685	n/a	7.8125
S178-D157	NIRSCWAMPLITUDE	178	157	685	n/a	7.8125
S179-D157	NIRSCWAMPLITUDE	179	157	685	n/a	7.8125
S180-D157	NIRSCWAMPLITUDE	180	157	685	n/a	7.8125
S246-D157	NIRSCWAMPLITUDE	246	157	685	n/a	7.8125
S247-D157	NIRSCWAMPLITUDE	247	157	685	n/a	7.8125
S248-D157	NIRSCWAMPLITUDE	248	157	685	n/a	7.8125
S249-D157	NIRSCWAMPLITUDE	249	157	685	n/a	7.8125
S254-D157	NIRSCWAMPLITUDE	254	157	685	n/a	7.8125
S255-D157	NIRSCWAMPLITUDE	255	157	685	n/a	7.8125
S136-D158	NIRSCWAMPLITUDE	136	158	685	n/a	7.8125
S137-D158	NIRSCWAMPLITUDE	137	158	685	n/a	7.8125
S138-D158	NIRSCWAMPLITUDE	138	158	685	n/a	7.8125
S141-D158	NIRSCWAMPLITUDE	141	158	685	n/a	7.8125
S142-D158	NIRSCWAMPLITUDE	142	158	685	n/a	7.8125
S143-D158	NIRSCWAMPLITUDE	143	158	685	n/a	7.8125
S144-D158	NIRSCWAMPLITUDE	144	158	685	n/a	7.8125
S146-D158	NIRSCWAMPLITUDE	146	158	685	n/a	7.8125
S147-D158	NIRSCWAMPLITUDE	147	158	685	n/a	7.8125
S148-D158	NIRSCWAMPLITUDE	148	158	685	n/a	7.8125
S149-D158	NIRSCWAMPLITUDE	149	158	685	n/a	7.8125
S150-D158	NIRSCWAMPLITUDE	150	158	685	n/a	7.8125
S152-D158	NIRSCWAMPLITUDE	152	158	685	n/a	7.8125
S153-D158	NIRSCWAMPLITUDE	153	158	685	n/a	7.8125
S154-D158	NIRSCWAMPLITUDE	154	158	685	n/a	7.8125
S155-D158	NIRSCWAMPLITUDE	155	158	685	n/a	7.8125
S156-D158	NIRSCWAMPLITUDE	156	158	685	n/a	7.8125
S158-D158	NIRSCWAMPLITUDE	158	158	685	n/a	7.8125
S159-D158	NIRSCWAMPLITUDE	159	158	685	n/a	7.8125
S160-D158	NIRSCWAMPLITUDE	160	158	685	n/a	7.8125
S161-D158	NIRSCWAMPLITUDE	161	158	685	n/a	7.8125
S162-D158	NIRSCWAMPLITUDE	162	158	685	n/a	7.8125
S164-D158	NIRSCWAMPLITUDE	164	158	685	n/a	7.8125
S165-D158	NIRSCWAMPLITUDE	165	158	685	n/a	7.8125
S166-D158	NIRSCWAMPLITUDE	166	158	685	n/a	7.8125
S167-D158	NIRSCWAMPLITUDE	167	158	685	n/a	7.8125
S168-D158	NIRSCWAMPLITUDE	168	158	685	n/a	7.8125
S170-D158	NIRSCWAMPLITUDE	170	158	685	n/a	7.8125
S171-D158	NIRSCWAMPLITUDE	171	158	685	n/a	7.8125
S172-D158	NIRSCWAMPLITUDE	172	158	685	n/a	7.8125
S173-D158	NIRSCWAMPLITUDE	173	158	685	n/a	7.8125
S174-D158	NIRSCWAMPLITUDE	174	158	685	n/a	7.8125
S178-D158	NIRSCWAMPLITUDE	178	158	685	n/a	7.8125
S179-D158	NIRSCWAMPLITUDE	179	158	685	n/a	7.8125
S180-D158	NIRSCWAMPLITUDE	180	158	685	n/a	7.8125
S234-D158	NIRSCWAMPLITUDE	234	158	685	n/a	7.8125
S235-D158	NIRSCWAMPLITUDE	235	158	685	n/a	7.8125
S236-D158	NIRSCWAMPLITUDE	236	158	685	n/a	7.8125
S237-D158	NIRSCWAMPLITUDE	237	158	685	n/a	7.8125
S244-D158	NIRSCWAMPLITUDE	244	158	685	n/a	7.8125
S245-D158	NIRSCWAMPLITUDE	245	158	685	n/a	7.8125
S246-D158	NIRSCWAMPLITUDE	246	158	685	n/a	7.8125
S247-D158	NIRSCWAMPLITUDE	247	158	685	n/a	7.8125
S248-D158	NIRSCWAMPLITUDE	248	158	685	n/a	7.8125
S249-D158	NIRSCWAMPLITUDE	249	158	685	n/a	7.8125
S250-D158	NIRSCWAMPLITUDE	250	158	685	n/a	7.8125
S253-D158	NIRSCWAMPLITUDE	253	158	685	n/a	7.8125
S254-D158	NIRSCWAMPLITUDE	254	158	685	n/a	7.8125
S255-D158	NIRSCWAMPLITUDE	255	158	685	n/a	7.8125
S139-D159	NIRSCWAMPLITUDE	139	159	685	n/a	7.8125
S140-D159	NIRSCWAMPLITUDE	140	159	685	n/a	7.8125
S145-D159	NIRSCWAMPLITUDE	145	159	685	n/a	7.8125
S146-D159	NIRSCWAMPLITUDE	146	159	685	n/a	7.8125
S147-D159	NIRSCWAMPLITUDE	147	159	685	n/a	7.8125
S148-D159	NIRSCWAMPLITUDE	148	159	685	n/a	7.8125
S151-D159	NIRSCWAMPLITUDE	151	159	685	n/a	7.8125
S152-D159	NIRSCWAMPLITUDE	152	159	685	n/a	7.8125
S153-D159	NIRSCWAMPLITUDE	153	159	685	n/a	7.8125
S154-D159	NIRSCWAMPLITUDE	154	159	685	n/a	7.8125
S157-D159	NIRSCWAMPLITUDE	157	159	685	n/a	7.8125
S158-D159	NIRSCWAMPLITUDE	158	159	685	n/a	7.8125
S159-D159	NIRSCWAMPLITUDE	159	159	685	n/a	7.8125
S160-D159	NIRSCWAMPLITUDE	160	159	685	n/a	7.8125
S163-D159	NIRSCWAMPLITUDE	163	159	685	n/a	7.8125
S164-D159	NIRSCWAMPLITUDE	164	159	685	n/a	7.8125
S165-D159	NIRSCWAMPLITUDE	165	159	685	n/a	7.8125
S166-D159	NIRSCWAMPLITUDE	166	159	685	n/a	7.8125
S169-D159	NIRSCWAMPLITUDE	169	159	685	n/a	7.8125
S170-D159	NIRSCWAMPLITUDE	170	159	685	n/a	7.8125
S171-D159	NIRSCWAMPLITUDE	171	159	685	n/a	7.8125
S172-D159	NIRSCWAMPLITUDE	172	159	685	n/a	7.8125
S175-D159	NIRSCWAMPLITUDE	175	159	685	n/a	7.8125
S176-D159	NIRSCWAMPLITUDE	176	159	685	n/a	7.8125
S177-D159	NIRSCWAMPLITUDE	177	159	685	n/a	7.8125
S178-D159	NIRSCWAMPLITUDE	178	159	685	n/a	7.8125
S181-D159	NIRSCWAMPLITUDE	181	159	685	n/a	7.8125
S182-D159	NIRSCWAMPLITUDE	182	159	685	n/a	7.8125
S183-D159	NIRSCWAMPLITUDE	183	159	685	n/a	7.8125
S139-D160	NIRSCWAMPLITUDE	139	160	685	n/a	7.8125
S140-D160	NIRSCWAMPLITUDE	140	160	685	n/a	7.8125
S141-D160	NIRSCWAMPLITUDE	141	160	685	n/a	7.8125
S145-D160	NIRSCWAMPLITUDE	145	160	685	n/a	7.8125
S146-D160	NIRSCWAMPLITUDE	146	160	685	n/a	7.8125
S147-D160	NIRSCWAMPLITUDE	147	160	685	n/a	7.8125
S148-D160	NIRSCWAMPLITUDE	148	160	685	n/a	7.8125
S151-D160	NIRSCWAMPLITUDE	151	160	685	n/a	7.8125
S152-D160	NIRSCWAMPLITUDE	152	160	685	n/a	7.8125
S153-D160	NIRSCWAMPLITUDE	153	160	685	n/a	7.8125
S154-D160	NIRSCWAMPLITUDE	154	160	685	n/a	7.8125
S155-D160	NIRSCWAMPLITUDE	155	160	685	n/a	7.8125
S157-D160	NIRSCWAMPLITUDE	157	160	685	n/a	7.8125
S158-D160	NIRSCWAMPLITUDE	158	160	685	n/a	7.8125
S159-D160	NIRSCWAMPLITUDE	159	160	685	n/a	7.8125
S160-D160	NIRSCWAMPLITUDE	160	160	685	n/a	7.8125
S161-D160	NIRSCWAMPLITUDE	161	160	685	n/a	7.8125
S163-D160	NIRSCWAMPLITUDE	163	160	685	n/a	7.8125
S164-D160	NIRSCWAMPLITUDE	164	160	685	n/a	7.8125
S165-D160	NIRSCWAMPLITUDE	165	160	685	n/a	7.8125
S166-D160	NIRSCWAMPLITUDE	166	160	685	n/a	7.8125
S167-D160	NIRSCWAMPLITUDE	167	160	685	n/a	7.8125
S169-D160	NIRSCWAMPLITUDE	169	160	685	n/a	7.8125
S170-D160	NIRSCWAMPLITUDE	170	160	685	n/a	7.8125
S171-D160	NIRSCWAMPLITUDE	171	160	685	n/a	7.8125
S172-D160	NIRSCWAMPLITUDE	172	160	685	n/a	7.8125
S173-D160	NIRSCWAMPLITUDE	173	160	685	n/a	7.8125
S175-D160	NIRSCWAMPLITUDE	175	160	685	n/a	7.8125
S176-D160	NIRSCWAMPLITUDE	176	160	685	n/a	7.8125
S177-D160	NIRSCWAMPLITUDE	177	160	685	n/a	7.8125
S178-D160	NIRSCWAMPLITUDE	178	160	685	n/a	7.8125
S181-D160	NIRSCWAMPLITUDE	181	160	685	n/a	7.8125
S182-D160	NIRSCWAMPLITUDE	182	160	685	n/a	7.8125
S183-D160	NIRSCWAMPLITUDE	183	160	685	n/a	7.8125
S139-D161	NIRSCWAMPLITUDE	139	161	685	n/a	7.8125
S140-D161	NIRSCWAMPLITUDE	140	161	685	n/a	7.8125
S141-D161	NIRSCWAMPLITUDE	141	161	685	n/a	7.8125
S142-D161	NIRSCWAMPLITUDE	142	161	685	n/a	7.8125
S145-D161	NIRSCWAMPLITUDE	145	161	685	n/a	7.8125
S146-D161	NIRSCWAMPLITUDE	146	161	685	n/a	7.8125
S147-D161	NIRSCWAMPLITUDE	147	161	685	n/a	7.8125
S148-D161	NIRSCWAMPLITUDE	148	161	685	n/a	7.8125
S149-D161	NIRSCWAMPLITUDE	149	161	685	n/a	7.8125
S151-D161	NIRSCWAMPLITUDE	151	161	685	n/a	7.8125
S152-D161	NIRSCWAMPLITUDE	152	161	685	n/a	7.8125
S153-D161	NIRSCWAMPLITUDE	153	161	685	n/a	7.8125
S154-D161	NIRSCWAMPLITUDE	154	161	685	n/a	7.8125
S155-D161	NIRSCWAMPLITUDE	155	161	685	n/a	7.8125
S156-D161	NIRSCWAMPLITUDE	156	161	685	n/a	7.8125
S157-D161	NIRSCWAMPLITUDE	157	161	685	n/a	7.8125
S158-D161	NIRSCWAMPLITUDE	158	161	685	n/a	7.8125
S159-D161	NIRSCWAMPLITUDE	159	161	685	n/a	7.8125
S160-D161	NIRSCWAMPLITUDE	160	161	685	n/a	7.8125
S161-D161	NIRSCWAMPLITUDE	161	161	685	n/a	7.8125
S162-D161	NIRSCWAMPLITUDE	162	161	685	n/a	7.8125
S163-D161	NIRSCWAMPLITUDE	163	161	685	n/a	7.8125
S164-D161	NIRSCWAMPLITUDE	164	161	685	n/a	7.8125
S165-D161	NIRSCWAMPLITUDE	165	161	685	n/a	7.8125
S166-D161	NIRSCWAMPLITUDE	166	161	685	n/a	7.8125
S167-D161	NIRSCWAMPLITUDE	167	161	685	n/a	7.8125
S168-D161	NIRSCWAMPLITUDE	168	161	685	n/a	7.8125
S169-D161	NIRSCWAMPLITUDE	169	161	685	n/a	7.8125
S170-D161	NIRSCWAMPLITUDE	170	161	685	n/a	7.8125
S171-D161	NIRSCWAMPLITUDE	171	161	685	n/a	7.8125
S172-D161	NIRSCWAMPLITUDE	172	161	685	n/a	7.8125
S173-D161	NIRSCWAMPLITUDE	173	161	685	n/a	7.8125
S174-D161	NIRSCWAMPLITUDE	174	161	685	n/a	7.8125
S175-D161	NIRSCWAMPLITUDE	175	161	685	n/a	7.8125
S176-D161	NIRSCWAMPLITUDE	176	161	685	n/a	7.8125
S177-D161	NIRSCWAMPLITUDE	177	161	685	n/a	7.8125
S178-D161	NIRSCWAMPLITUDE	178	161	685	n/a	7.8125
S179-D161	NIRSCWAMPLITUDE	179	161	685	n/a	7.8125
S181-D161	NIRSCWAMPLITUDE	181	161	685	n/a	7.8125
S182-D161	NIRSCWAMPLITUDE	182	161	685	n/a	7.8125
S183-D161	NIRSCWAMPLITUDE	183	161	685	n/a	7.8125
S184-D161	NIRSCWAMPLITUDE	184	161	685	n/a	7.8125
S140-D162	NIRSCWAMPLITUDE	140	162	685	n/a	7.8125
S141-D162	NIRSCWAMPLITUDE	141	162	685	n/a	7.8125
S142-D162	NIRSCWAMPLITUDE	142	162	685	n/a	7.8125
S143-D162	NIRSCWAMPLITUDE	143	162	685	n/a	7.8125
S145-D162	NIRSCWAMPLITUDE	145	162	685	n/a	7.8125
S146-D162	NIRSCWAMPLITUDE	146	162	685	n/a	7.8125
S147-D162	NIRSCWAMPLITUDE	147	162	685	n/a	7.8125
S148-D162	NIRSCWAMPLITUDE	148	162	685	n/a	7.8125
S149-D162	NIRSCWAMPLITUDE	149	162	685	n/a	7.8125
S150-D162	NIRSCWAMPLITUDE	150	162	685	n/a	7.8125
S151-D162	NIRSCWAMPLITUDE	151	162	685	n/a	7.8125
S152-D162	NIRSCWAMPLITUDE	152	162	685	n/a	7.8125
S153-D162	NIRSCWAMPLITUDE	153	162	685	n/a	7.8125
S154-D162	NIRSCWAMPLITUDE	154	162	685	n/a	7.8125
S155-D162	NIRSCWAMPLITUDE	155	162	685	n/a	7.8125
S156-D162	NIRSCWAMPLITUDE	156	162	685	n/a	7.8125
S157-D162	NIRSCWAMPLITUDE	157	162	685	n/a	7.8125
S158-D162	NIRSCWAMPLITUDE	158	162	685	n/a	7.8125
S159-D162	NIRSCWAMPLITUDE	159	162	685	n/a	7.8125
S160-D162	NIRSCWAMPLITUDE	160	162	685	n/a	7.8125
S161-D162	NIRSCWAMPLITUDE	161	162	685	n/a	7.8125
S162-D162	NIRSCWAMPLITUDE	162	162	685	n/a	7.8125
S163-D162	NIRSCWAMPLITUDE	163	162	685	n/a	7.8125
S164-D162	NIRSCWAMPLITUDE	164	162	685	n/a	7.8125
S165-D162	NIRSCWAMPLITUDE	165	162	685	n/a	7.8125
S166-D162	NIRSCWAMPLITUDE	166	162	685	n/a	7.8125
S167-D162	NIRSCWAMPLITUDE	167	162	685	n/a	7.8125
S168-D162	NIRSCWAMPLITUDE	168	162	685	n/a	7.8125
S169-D162	NIRSCWAMPLITUDE	169	162	685	n/a	7.8125
S170-D162	NIRSCWAMPLITUDE	170	162	685	n/a	7.8125
S171-D162	NIRSCWAMPLITUDE	171	162	685	n/a	7.8125
S172-D162	NIRSCWAMPLITUDE	172	162	685	n/a	7.8125
S173-D162	NIRSCWAMPLITUDE	173	162	685	n/a	7.8125
S174-D162	NIRSCWAMPLITUDE	174	162	685	n/a	7.8125
S175-D162	NIRSCWAMPLITUDE	175	162	685	n/a	7.8125
S176-D162	NIRSCWAMPLITUDE	176	162	685	n/a	7.8125
S177-D162	NIRSCWAMPLITUDE	177	162	685	n/a	7.8125
S178-D162	NIRSCWAMPLITUDE	178	162	685	n/a	7.8125
S179-D162	NIRSCWAMPLITUDE	179	162	685	n/a	7.8125
S180-D162	NIRSCWAMPLITUDE	180	162	685	n/a	7.8125
S182-D162	NIRSCWAMPLITUDE	182	162	685	n/a	7.8125
S183-D162	NIRSCWAMPLITUDE	183	162	685	n/a	7.8125
S184-D162	NIRSCWAMPLITUDE	184	162	685	n/a	7.8125
S185-D162	NIRSCWAMPLITUDE	185	162	685	n/a	7.8125
S141-D163	NIRSCWAMPLITUDE	141	163	685	n/a	7.8125
S142-D163	NIRSCWAMPLITUDE	142	163	685	n/a	7.8125
S143-D163	NIRSCWAMPLITUDE	143	163	685	n/a	7.8125
S144-D163	NIRSCWAMPLITUDE	144	163	685	n/a	7.8125
S146-D163	NIRSCWAMPLITUDE	146	163	685	n/a	7.8125
S147-D163	NIRSCWAMPLITUDE	147	163	685	n/a	7.8125
S148-D163	NIRSCWAMPLITUDE	148	163	685	n/a	7.8125
S149-D163	NIRSCWAMPLITUDE	149	163	685	n/a	7.8125
S150-D163	NIRSCWAMPLITUDE	150	163	685	n/a	7.8125
S151-D163	NIRSCWAMPLITUDE	151	163	685	n/a	7.8125
S152-D163	NIRSCWAMPLITUDE	152	163	685	n/a	7.8125
S153-D163	NIRSCWAMPLITUDE	153	163	685	n/a	7.8125
S154-D163	NIRSCWAMPLITUDE	154	163	685	n/a	7.8125
S155-D163	NIRSCWAMPLITUDE	155	163	685	n/a	7.8125
S156-D163	NIRSCWAMPLITUDE	156	163	685	n/a	7.8125
S157-D163	NIRSCWAMPLITUDE	157	163	685	n/a	7.8125
S158-D163	NIRSCWAMPLITUDE	158	163	685	n/a	7.8125
S159-D163	NIRSCWAMPLITUDE	159	163	685	n/a	7.8125
S160-D163	NIRSCWAMPLITUDE	160	163	685	n/a	7.8125
S161-D163	NIRSCWAMPLITUDE	161	163	685	n/a	7.8125
S162-D163	NIRSCWAMPLITUDE	162	163	685	n/a	7.8125
S163-D163	NIRSCWAMPLITUDE	163	163	685	n/a	7.8125
S164-D163	NIRSCWAMPLITUDE	164	163	685	n/a	7.8125
S165-D163	NIRSCWAMPLITUDE	165	163	685	n/a	7.8125
S166-D163	NIRSCWAMPLITUDE	166	163	685	n/a	7.8125
S167-D163	NIRSCWAMPLITUDE	167	163	685	n/a	7.8125
S168-D163	NIRSCWAMPLITUDE	168	163	685	n/a	7.8125
S169-D163	NIRSCWAMPLITUDE	169	163	685	n/a	7.8125
S170-D163	NIRSCWAMPLITUDE	170	163	685	n/a	7.8125
S171-D163	NIRSCWAMPLITUDE	171	163	685	n/a	7.8125
S172-D163	NIRSCWAMPLITUDE	172	163	685	n/a	7.8125
S173-D163	NIRSCWAMPLITUDE	173	163	685	n/a	7.8125
S174-D163	NIRSCWAMPLITUDE	174	163	685	n/a	7.8125
S175-D163	NIRSCWAMPLITUDE	175	163	685	n/a	7.8125
S176-D163	NIRSCWAMPLITUDE	176	163	685	n/a	7.8125
S177-D163	NIRSCWAMPLITUDE	177	163	685	n/a	7.8125
S178-D163	NIRSCWAMPLITUDE	178	163	685	n/a	7.8125
S179-D163	NIRSCWAMPLITUDE	179	163	685	n/a	7.8125
S180-D163	NIRSCWAMPLITUDE	180	163	685	n/a	7.8125
S183-D163	NIRSCWAMPLITUDE	183	163	685	n/a	7.8125
S184-D163	NIRSCWAMPLITUDE	184	163	685	n/a	7.8125
S185-D163	NIRSCWAMPLITUDE	185	163	685	n/a	7.8125
S186-D163	NIRSCWAMPLITUDE	186	163	685	n/a	7.8125
S246-D163	NIRSCWAMPLITUDE	246	163	685	n/a	7.8125
S247-D163	NIRSCWAMPLITUDE	247	163	685	n/a	7.8125
S248-D163	NIRSCWAMPLITUDE	248	163	685	n/a	7.8125
S249-D163	NIRSCWAMPLITUDE	249	163	685	n/a	7.8125
S250-D163	NIRSCWAMPLITUDE	250	163	685	n/a	7.8125
S255-D163	NIRSCWAMPLITUDE	255	163	685	n/a	7.8125
S142-D164	NIRSCWAMPLITUDE	142	164	685	n/a	7.8125
S143-D164	NIRSCWAMPLITUDE	143	164	685	n/a	7.8125
S144-D164	NIRSCWAMPLITUDE	144	164	685	n/a	7.8125
S147-D164	NIRSCWAMPLITUDE	147	164	685	n/a	7.8125
S148-D164	NIRSCWAMPLITUDE	148	164	685	n/a	7.8125
S149-D164	NIRSCWAMPLITUDE	149	164	685	n/a	7.8125
S150-D164	NIRSCWAMPLITUDE	150	164	685	n/a	7.8125
S152-D164	NIRSCWAMPLITUDE	152	164	685	n/a	7.8125
S153-D164	NIRSCWAMPLITUDE	153	164	685	n/a	7.8125
S154-D164	NIRSCWAMPLITUDE	154	164	685	n/a	7.8125
S155-D164	NIRSCWAMPLITUDE	155	164	685	n/a	7.8125
S156-D164	NIRSCWAMPLITUDE	156	164	685	n/a	7.8125
S158-D164	NIRSCWAMPLITUDE	158	164	685	n/a	7.8125
S159-D164	NIRSCWAMPLITUDE	159	164	685	n/a	7.8125
S160-D164	NIRSCWAMPLITUDE	160	164	685	n/a	7.8125
S161-D164	NIRSCWAMPLITUDE	161	164	685	n/a	7.8125
S162-D164	NIRSCWAMPLITUDE	162	164	685	n/a	7.8125
S164-D164	NIRSCWAMPLITUDE	164	164	685	n/a	7.8125
S165-D164	NIRSCWAMPLITUDE	165	164	685	n/a	7.8125
S166-D164	NIRSCWAMPLITUDE	166	164	685	n/a	7.8125
S167-D164	NIRSCWAMPLITUDE	167	164	685	n/a	7.8125
S168-D164	NIRSCWAMPLITUDE	168	164	685	n/a	7.8125
S170-D164	NIRSCWAMPLITUDE	170	164	685	n/a	7.8125
S171-D164	NIRSCWAMPLITUDE	171	164	685	n/a	7.8125
S172-D164	NIRSCWAMPLITUDE	172	164	685	n/a	7.8125
S173-D164	NIRSCWAMPLITUDE	173	164	685	n/a	7.8125
S174-D164	NIRSCWAMPLITUDE	174	164	685	n/a	7.8125
S176-D164	NIRSCWAMPLITUDE	176	164	685	n/a	7.8125
S177-D164	NIRSCWAMPLITUDE	177	164	685	n/a	7.8125
S178-D164	NIRSCWAMPLITUDE	178	164	685	n/a	7.8125
S179-D164	NIRSCWAMPLITUDE	179	164	685	n/a	7.8125
S180-D164	NIRSCWAMPLITUDE	180	164	685	n/a	7.8125
S183-D164	NIRSCWAMPLITUDE	183	164	685	n/a	7.8125
S184-D164	NIRSCWAMPLITUDE	184	164	685	n/a	7.8125
S185-D164	NIRSCWAMPLITUDE	185	164	685	n/a	7.8125
S186-D164	NIRSCWAMPLITUDE	186	164	685	n/a	7.8125
S235-D164	NIRSCWAMPLITUDE	235	164	685	n/a	7.8125
S236-D164	NIRSCWAMPLITUDE	236	164	685	n/a	7.8125
S237-D164	NIRSCWAMPLITUDE	237	164	685	n/a	7.8125
S238-D164	NIRSCWAMPLITUDE	238	164	685	n/a	7.8125
S239-D164	NIRSCWAMPLITUDE	239	164	685	n/a	7.8125
S245-D164	NIRSCWAMPLITUDE	245	164	685	n/a	7.8125
S246-D164	NIRSCWAMPLITUDE	246	164	685	n/a	7.8125
S247-D164	NIRSCWAMPLITUDE	247	164	685	n/a	7.8125
S248-D164	NIRSCWAMPLITUDE	248	164	685	n/a	7.8125
S249-D164	NIRSCWAMPLITUDE	249	164	685	n/a	7.8125
S250-D164	NIRSCWAMPLITUDE	250	164	685	n/a	7.8125
S254-D164	NIRSCWAMPLITUDE	254	164	685	n/a	7.8125
S255-D164	NIRSCWAMPLITUDE	255	164	685	n/a	7.8125
S145-D165	NIRSCWAMPLITUDE	145	165	685	n/a	7.8125
S146-D165	NIRSCWAMPLITUDE	146	165	685	n/a	7.8125
S151-D165	NIRSCWAMPLITUDE	151	165	685	n/a	7.8125
S152-D165	NIRSCWAMPLITUDE	152	165	685	n/a	7.8125
S153-D165	NIRSCWAMPLITUDE	153	165	685	n/a	7.8125
S157-D165	NIRSCWAMPLITUDE	157	165	685	n/a	7.8125
S158-D165	NIRSCWAMPLITUDE	158	165	685	n/a	7.8125
S159-D165	NIRSCWAMPLITUDE	159	165	685	n/a	7.8125
S160-D165	NIRSCWAMPLITUDE	160	165	685	n/a	7.8125
S163-D165	NIRSCWAMPLITUDE	163	165	685	n/a	7.8125
S164-D165	NIRSCWAMPLITUDE	164	165	685	n/a	7.8125
S165-D165	NIRSCWAMPLITUDE	165	165	685	n/a	7.8125
S166-D165	NIRSCWAMPLITUDE	166	165	685	n/a	7.8125
S169-D165	NIRSCWAMPLITUDE	169	165	685	n/a	7.8125
S170-D165	NIRSCWAMPLITUDE	170	165	685	n/a	7.8125
S171-D165	NIRSCWAMPLITUDE	171	165	685	n/a	7.8125
S172-D165	NIRSCWAMPLITUDE	172	165	685	n/a	7.8125
S175-D165	NIRSCWAMPLITUDE	175	165	685	n/a	7.8125
S176-D165	NIRSCWAMPLITUDE	176	165	685	n/a	7.8125
S177-D165	NIRSCWAMPLITUDE	177	165	685	n/a	7.8125
S178-D165	NIRSCWAMPLITUDE	178	165	685	n/a	7.8125
S181-D165	NIRSCWAMPLITUDE	181	165	685	n/a	7.8125
S182-D165	NIRSCWAMPLITUDE	182	165	685	n/a	7.8125
S183-D165	NIRSCWAMPLITUDE	183	165	685	n/a	7.8125
S184-D165	NIRSCWAMPLITUDE	184	165	685	n/a	7.8125
S187-D165	NIRSCWAMPLITUDE	187	165	685	n/a	7.8125
S188-D165	NIRSCWAMPLITUDE	188	165	685	n/a	7.8125
S189-D165	NIRSCWAMPLITUDE	189	165	685	n/a	7.8125
S145-D166	NIRSCWAMPLITUDE	145	166	685	n/a	7.8125
S146-D166	NIRSCWAMPLITUDE	146	166	685	n/a	7.8125
S147-D166	NIRSCWAMPLITUDE	147	166	685	n/a	7.8125
S151-D166	NIRSCWAMPLITUDE	151	166	685	n/a	7.8125
S152-D166	NIRSCWAMPLITUDE	152	166	685	n/a	7.8125
S153-D166	NIRSCWAMPLITUDE	153	166	685	n/a	7.8125
S154-D166	NIRSCWAMPLITUDE	154	166	685	n/a	7.8125
S155-D166	NIRSCWAMPLITUDE	155	166	685	n/a	7.8125
S157-D166	NIRSCWAMPLITUDE	157	166	685	n/a	7.8125
S158-D166	NIRSCWAMPLITUDE	158	166	685	n/a	7.8125
S159-D166	NIRSCWAMPLITUDE	159	166	685	n/a	7.8125
S160-D166	NIRSCWAMPLITUDE	160	166	685	n/a	7.8125
S161-D166	NIRSCWAMPLITUDE	161	166	685	n/a	7.8125
S163-D166	NIRSCWAMPLITUDE	163	166	685	n/a	7.8125
S164-D166	NIRSCWAMPLITUDE	164	166	685	n/a	7.8125
S165-D166	NIRSCWAMPLITUDE	165	166	685	n/a	7.8125
S166-D166	NIRSCWAMPLITUDE	166	166	685	n/a	7.8125
S167-D166	NIRSCWAMPLITUDE	167	166	685	n/a	7.8125
S169-D166	NIRSCWAMPLITUDE	169	166	685	n/a	7.8125
S170-D166	NIRSCWAMPLITUDE	170	166	685	n/a	7.8125
S171-D166	NIRSCWAMPLITUDE	171	166	685	n/a	7.8125
S172-D166	NIRSCWAMPLITUDE	172	166	685	n/a	7.8125
S173-D166	NIRSCWAMPLITUDE	173	166	685	n/a	7.8125
S175-D166	NIRSCWAMPLITUDE	175	166	685	n/a	7.8125
S176-D166	NIRSCWAMPLITUDE	176	166	685	n/a	7.8125
S177-D166	NIRSCWAMPLITUDE	177	166	685	n/a	7.8125
S178-D166	NIRSCWAMPLITUDE	178	166	685	n/a	7.8125
S179-D166	NIRSCWAMPLITUDE	179	166	685	n/a	7.8125
S181-D166	NIRSCWAMPLITUDE	181	166	685	n/a	7.8125
S182-D166	NIRSCWAMPLITUDE	182	166	685	n/a	7.8125
S183-D166	NIRSCWAMPLITUDE	183	166	685	n/a	7.8125
S184-D166	NIRSCWAMPLITUDE	184	166	685	n/a	7.8125
S185-D166	NIRSCWAMPLITUDE	185	166	685	n/a	7.8125
S187-D166	NIRSCWAMPLITUDE	187	166	685	n/a	7.8125
S188-D166	NIRSCWAMPLITUDE	188	166	685	n/a	7.8125
S189-D166	NIRSCWAMPLITUDE	189	166	685	n/a	7.8125
S145-D167	NIRSCWAMPLITUDE	145	167	685	n/a	7.8125
S146-D167	NIRSCWAMPLITUDE	146	167	685	n/a	7.8125
S147-D167	NIRSCWAMPLITUDE	147	167	685	n/a	7.8125
S148-D167	NIRSCWAMPLITUDE	148	167	685	n/a	7.8125
S151-D167	NIRSCWAMPLITUDE	151	167	685	n/a	7.8125
S152-D167	NIRSCWAMPLITUDE	152	167	685	n/a	7.8125
S153-D167	NIRSCWAMPLITUDE	153	167	685	n/a	7.8125
S154-D167	NIRSCWAMPLITUDE	154	167	685	n/a	7.8125
S155-D167	NIRSCWAMPLITUDE	155	167	685	n/a	7.8125
S157-D167	NIRSCWAMPLITUDE	157	167	685	n/a	7.8125
S158-D167	NIRSCWAMPLITUDE	158	167	685	n/a	7.8125
S159-D167	NIRSCWAMPLITUDE	159	167	685	n/a	7.8125
S160-D167	NIRSCWAMPLITUDE	160	167	685	n/a	7.8125
S161-D167	NIRSCWAMPLITUDE	161	167	685	n/a	7.8125
S162-D167	NIRSCWAMPLITUDE	162	167	685	n/a	7.8125
S163-D167	NIRSCWAMPLITUDE	163	167	685	n/a	7.8125
S164-D167	NIRSCWAMPLITUDE	164	167	685	n/a	7.8125
S165-D167	NIRSCWAMPLITUDE	165	167	685	n/a	7.8125
S166-D167	NIRSCWAMPLITUDE	166	167	685	n/a	7.8125
S167-D167	NIRSCWAMPLITUDE	167	167	685	n/a	7.8125
S168-D167	NIRSCWAMPLITUDE	168	167	685	n/a	7.8125
S169-D167	NIRSCWAMPLITUDE	169	167	685	n/a	7.8125
S170-D167	NIRSCWAMPLITUDE	170	167	685	n/a	7.8125
S171-D167	NIRSCWAMPLITUDE	171	167	685	n/a	7.8125
S172-D167	NIRSCWAMPLITUDE	172	167	685	n/a	7.8125
S173-D167	NIRSCWAMPLITUDE	173	167	685	n/a	7.8125
S174-D167	NIRSCWAMPLITUDE	174	167	685	n/a	7.8125
S175-D167	NIRSCWAMPLITUDE	175	167	685	n/a	7.8125
S176-D167	NIRSCWAMPLITUDE	176	167	685	n/a	7.8125
S177-D167	NIRSCWAMPLITUDE	177	167	685	n/a	7.8125
S178-D167	NIRSCWAMPLITUDE	178	167	685	n/a	7.8125
S179-D167	NIRSCWAMPLITUDE	179	167	685	n/a	7.8125
S180-D167	NIRSCWAMPLITUDE	180	167	685	n/a	7.8125
S181-D167	NIRSCWAMPLITUDE	181	167	685	n/a	7.8125
S182-D167	NIRSCWAMPLITUDE	182	167	685	n/a	7.8125
S183-D167	NIRSCWAMPLITUDE	183	167	685	n/a	7.8125
S184-D167	NIRSCWAMPLITUDE	184	167	685	n/a	7.8125
S185-D167	NIRSCWAMPLITUDE	185	167	685	n/a	7.8125
S187-D167	NIRSCWAMPLITUDE	187	167	685	n/a	7.8125
S188-D167	NIRSCWAMPLITUDE	188	167	685	n/a	7.8125
S189-D167	NIRSCWAMPLITUDE	189	167	685	n/a	7.8125
S190-D167	NIRSCWAMPLITUDE	190	167	685	n/a	7.8125
S146-D168	NIRSCWAMPLITUDE	146	168	685	n/a	7.8125
S147-D168	NIRSCWAMPLITUDE	147	168	685	n/a	7.8125
S148-D168	NIRSCWAMPLITUDE	148	168	685	n/a	7.8125
S149-D168	NIRSCWAMPLITUDE	149	168	685	n/a	7.8125
S151-D168	NIRSCWAMPLITUDE	151	168	685	n/a	7.8125
S152-D168	NIRSCWAMPLITUDE	152	168	685	n/a	7.8125
S153-D168	NIRSCWAMPLITUDE	153	168	685	n/a	7.8125
S154-D168	NIRSCWAMPLITUDE	154	168	685	n/a	7.8125
S155-D168	NIRSCWAMPLITUDE	155	168	685	n/a	7.8125
S156-D168	NIRSCWAMPLITUDE	156	168	685	n/a	7.8125
S157-D168	NIRSCWAMPLITUDE	157	168	685	n/a	7.8125
S158-D168	NIRSCWAMPLITUDE	158	168	685	n/a	7.8125
S159-D168	NIRSCWAMPLITUDE	159	168	685	n/a	7.8125
S160-D168	NIRSCWAMPLITUDE	160	168	685	n/a	7.8125
S161-D168	NIRSCWAMPLITUDE	161	168	685	n/a	7.8125
S162-D168	NIRSCWAMPLITUDE	162	168	685	n/a	7.8125
S163-D168	NIRSCWAMPLITUDE	163	168	685	n/a	7.8125
S164-D168	NIRSCWAMPLITUDE	164	168	685	n/a	7.8125
S165-D168	NIRSCWAMPLITUDE	165	168	685	n/a	7.8125
S166-D168	NIRSCWAMPLITUDE	166	168	685	n/a	7.8125
S167-D168	NIRSCWAMPLITUDE	167	168	685	n/a	7.8125
S168-D168	NIRSCWAMPLITUDE	168	168	685	n/a	7.8125
S169-D168	NIRSCWAMPLITUDE	169	168	685	n/a	7.8125
S170-D168	NIRSCWAMPLITUDE	170	168	685	n/a	7.8125
S171-D168	NIRSCWAMPLITUDE	171	168	685	n/a	7.8125
S172-D168	NIRSCWAMPLITUDE	172	168	685	n/a	7.8125
S173-D168	NIRSCWAMPLITUDE	173	168	685	n/a	7.8125
S174-D168	NIRSCWAMPLITUDE	174	168	685	n/a	7.8125
S175-D168	NIRSCWAMPLITUDE	175	168	685	n/a	7.8125
S176-D168	NIRSCWAMPLITUDE	176	168	685	n/a	7.8125
S177-D168	NIRSCWAMPLITUDE	177	168	685	n/a	7.8125
S178-D168	NIRSCWAMPLITUDE	178	168	685	n/a	7.8125
S179-D168	NIRSCWAMPLITUDE	179	168	685	n/a	7.8125
S180-D168	NIRSCWAMPLITUDE	180	168	685	n/a	7.8125
S181-D168	NIRSCWAMPLITUDE	181	168	685	n/a	7.8125
S182-D168	NIRSCWAMPLITUDE	182	168	685	n/a	7.8125
S183-D168	NIRSCWAMPLITUDE	183	168	685	n/a	7.8125
S184-D168	NIRSCWAMPLITUDE	184	168	685	n/a	7.8125
S185-D168	NIRSCWAMPLITUDE	185	168	685	n/a	7.8125
S186-D168	NIRSCWAMPLITUDE	186	168	685	n/a	7.8125
S188-D168	NIRSCWAMPLITUDE	188	168	685	n/a	7.8125
S189-D168	NIRSCWAMPLITUDE	189	168	685	n/a	7.8125
S190-D168	NIRSCWAMPLITUDE	190	168	685	n/a	7.8125
S191-D168	NIRSCWAMPLITUDE	191	168	685	n/a	7.8125
S249-D168	NIRSCWAMPLITUDE	249	168	685	n/a	7.8125
S250-D168	NIRSCWAMPLITUDE	250	168	685	n/a	7.8125
S147-D169	NIRSCWAMPLITUDE	147	169	685	n/a	7.8125
S148-D169	NIRSCWAMPLITUDE	148	169	685	n/a	7.8125
S149-D169	NIRSCWAMPLITUDE	149	169	685	n/a	7.8125
S150-D169	NIRSCWAMPLITUDE	150	169	685	n/a	7.8125
S152-D169	NIRSCWAMPLITUDE	152	169	685	n/a	7.8125
S153-D169	NIRSCWAMPLITUDE	153	169	685	n/a	7.8125
S154-D169	NIRSCWAMPLITUDE	154	169	685	n/a	7.8125
S155-D169	NIRSCWAMPLITUDE	155	169	685	n/a	7.8125
S156-D169	NIRSCWAMPLITUDE	156	169	685	n/a	7.8125
S157-D169	NIRSCWAMPLITUDE	157	169	685	n/a	7.8125
S158-D169	NIRSCWAMPLITUDE	158	169	685	n/a	7.8125
S159-D169	NIRSCWAMPLITUDE	159	169	685	n/a	7.8125
S160-D169	NIRSCWAMPLITUDE	160	169	685	n/a	7.8125
S161-D169	NIRSCWAMPLITUDE	161	169	685	n/a	7.8125
S162-D169	NIRSCWAMPLITUDE	162	169	685	n/a	7.8125
S163-D169	NIRSCWAMPLITUDE	163	169	685	n/a	7.8125
S164-D169	NIRSCWAMPLITUDE	164	169	685	n/a	7.8125
S165-D169	NIRSCWAMPLITUDE	165	169	685	n/a	7.8125
S166-D169	NIRSCWAMPLITUDE	166	169	685	n/a	7.8125
S167-D169	NIRSCWAMPLITUDE	167	169	685	n/a	7.8125
S168-D169	NIRSCWAMPLITUDE	168	169	685	n/a	7.8125
S169-D169	NIRSCWAMPLITUDE	169	169	685	n/a	7.8125
S170-D169	NIRSCWAMPLITUDE	170	169	685	n/a	7.8125
S171-D169	NIRSCWAMPLITUDE	171	169	685	n/a	7.8125
S172-D169	NIRSCWAMPLITUDE	172	169	685	n/a	7.8125
S173-D169	NIRSCWAMPLITUDE	173	169	685	n/a	7.8125
S174-D169	NIRSCWAMPLITUDE	174	169	685	n/a	7.8125
S175-D169	NIRSCWAMPLITUDE	175	169	685	n/a	7.8125
S176-D169	NIRSCWAMPLITUDE	176	169	685	n/a	7.8125
S177-D169	NIRSCWAMPLITUDE	177	169	685	n/a	7.8125
S178-D169	NIRSCWAMPLITUDE	178	169	685	n/a	7.8125
S179-D169	NIRSCWAMPLITUDE	179	169	685	n/a	7.8125
S180-D169	NIRSCWAMPLITUDE	180	169	685	n/a	7.8125
S182-D169	NIRSCWAMPLITUDE	182	169	685	n/a	7.8125
S183-D169	NIRSCWAMPLITUDE	183	169	685	n/a	7.8125
S184-D169	NIRSCWAMPLITUDE	184	169	685	n/a	7.8125
S185-D169	NIRSCWAMPLITUDE	185	169	685	n/a	7.8125
S186-D169	NIRSCWAMPLITUDE	186	169	685	n/a	7.8125
S189-D169	NIRSCWAMPLITUDE	189	169	685	n/a	7.8125
S190-D169	NIRSCWAMPLITUDE	190	169	685	n/a	7.8125
S191-D169	NIRSCWAMPLITUDE	191	169	685	n/a	7.8125
S192-D169	NIRSCWAMPLITUDE	192	169	685	n/a	7.8125
S237-D169	NIRSCWAMPLITUDE	237	169	685	n/a	7.8125
S238-D169	NIRSCWAMPLITUDE	238	169	685	n/a	7.8125
S239-D169	NIRSCWAMPLITUDE	239	169	685	n/a	7.8125
S240-D169	NIRSCWAMPLITUDE	240	169	685	n/a	7.8125
S247-D169	NIRSCWAMPLITUDE	247	169	685	n/a	7.8125
S248-D169	NIRSCWAMPLITUDE	248	169	685	n/a	7.8125
S249-D169	NIRSCWAMPLITUDE	249	169	685	n/a	7.8125
S250-D169	NIRSCWAMPLITUDE	250	169	685	n/a	7.8125
S148-D170	NIRSCWAMPLITUDE	148	170	685	n/a	7.8125
S149-D170	NIRSCWAMPLITUDE	149	170	685	n/a	7.8125
S150-D170	NIRSCWAMPLITUDE	150	170	685	n/a	7.8125
S153-D170	NIRSCWAMPLITUDE	153	170	685	n/a	7.8125
S154-D170	NIRSCWAMPLITUDE	154	170	685	n/a	7.8125
S155-D170	NIRSCWAMPLITUDE	155	170	685	n/a	7.8125
S156-D170	NIRSCWAMPLITUDE	156	170	685	n/a	7.8125
S158-D170	NIRSCWAMPLITUDE	158	170	685	n/a	7.8125
S159-D170	NIRSCWAMPLITUDE	159	170	685	n/a	7.8125
S160-D170	NIRSCWAMPLITUDE	160	170	685	n/a	7.8125
S161-D170	NIRSCWAMPLITUDE	161	170	685	n/a	7.8125
S162-D170	NIRSCWAMPLITUDE	162	170	685	n/a	7.8125
S164-D170	NIRSCWAMPLITUDE	164	170	685	n/a	7.8125
S165-D170	NIRSCWAMPLITUDE	165	170	685	n/a	7.8125
S166-D170	NIRSCWAMPLITUDE	166	170	685	n/a	7.8125
S167-D170	NIRSCWAMPLITUDE	167	170	685	n/a	7.8125
S168-D170	NIRSCWAMPLITUDE	168	170	685	n/a	7.8125
S170-D170	NIRSCWAMPLITUDE	170	170	685	n/a	7.8125
S171-D170	NIRSCWAMPLITUDE	171	170	685	n/a	7.8125
S172-D170	NIRSCWAMPLITUDE	172	170	685	n/a	7.8125
S173-D170	NIRSCWAMPLITUDE	173	170	685	n/a	7.8125
S174-D170	NIRSCWAMPLITUDE	174	170	685	n/a	7.8125
S176-D170	NIRSCWAMPLITUDE	176	170	685	n/a	7.8125
S177-D170	NIRSCWAMPLITUDE	177	170	685	n/a	7.8125
S178-D170	NIRSCWAMPLITUDE	178	170	685	n/a	7.8125
S179-D170	NIRSCWAMPLITUDE	179	170	685	n/a	7.8125
S180-D170	NIRSCWAMPLITUDE	180	170	685	n/a	7.8125
S182-D170	NIRSCWAMPLITUDE	182	170	685	n/a	7.8125
S183-D170	NIRSCWAMPLITUDE	183	170	685	n/a	7.8125
S184-D170	NIRSCWAMPLITUDE	184	170	685	n/a	7.8125
S185-D170	NIRSCWAMPLITUDE	185	170	685	n/a	7.8125
S186-D170	NIRSCWAMPLITUDE	186	170	685	n/a	7.8125
S189-D170	NIRSCWAMPLITUDE	189	170	685	n/a	7.8125
S190-D170	NIRSCWAMPLITUDE	190	170	685	n/a	7.8125
S191-D170	NIRSCWAMPLITUDE	191	170	685	n/a	7.8125
S192-D170	NIRSCWAMPLITUDE	192	170	685	n/a	7.8125
S227-D170	NIRSCWAMPLITUDE	227	170	685	n/a	7.8125
S228-D170	NIRSCWAMPLITUDE	228	170	685	n/a	7.8125
S229-D170	NIRSCWAMPLITUDE	229	170	685	n/a	7.8125
S235-D170	NIRSCWAMPLITUDE	235	170	685	n/a	7.8125
S236-D170	NIRSCWAMPLITUDE	236	170	685	n/a	7.8125
S237-D170	NIRSCWAMPLITUDE	237	170	685	n/a	7.8125
S238-D170	NIRSCWAMPLITUDE	238	170	685	n/a	7.8125
S239-D170	NIRSCWAMPLITUDE	239	170	685	n/a	7.8125
S240-D170	NIRSCWAMPLITUDE	240	170	685	n/a	7.8125
S246-D170	NIRSCWAMPLITUDE	246	170	685	n/a	7.8125
S247-D170	NIRSCWAMPLITUDE	247	170	685	n/a	7.8125
S248-D170	NIRSCWAMPLITUDE	248	170	685	n/a	7.8125
S249-D170	NIRSCWAMPLITUDE	249	170	685	n/a	7.8125
S250-D170	NIRSCWAMPLITUDE	250	170	685	n/a	7.8125
S255-D170	NIRSCWAMPLITUDE	255	170	685	n/a	7.8125
S151-D171	NIRSCWAMPLITUDE	151	171	685	n/a	7.8125
S152-D171	NIRSCWAMPLITUDE	152	171	685	n/a	7.8125
S157-D171	NIRSCWAMPLITUDE	157	171	685	n/a	7.8125
S158-D171	NIRSCWAMPLITUDE	158	171	685	n/a	7.8125
S159-D171	NIRSCWAMPLITUDE	159	171	685	n/a	7.8125
S163-D171	NIRSCWAMPLITUDE	163	171	685	n/a	7.8125
S164-D171	NIRSCWAMPLITUDE	164	171	685	n/a	7.8125
S165-D171	NIRSCWAMPLITUDE	165	171	685	n/a	7.8125
S166-D171	NIRSCWAMPLITUDE	166	171	685	n/a	7.8125
S169-D171	NIRSCWAMPLITUDE	169	171	685	n/a	7.8125
S170-D171	NIRSCWAMPLITUDE	170	171	685	n/a	7.8125
S171-D171	NIRSCWAMPLITUDE	171	171	685	n/a	7.8125
S172-D171	NIRSCWAMPLITUDE	172	171	685	n/a	7.8125
S175-D171	NIRSCWAMPLITUDE	175	171	685	n/a	7.8125
S176-D171	NIRSCWAMPLITUDE	176	171	685	n/a	7.8125
S177-D171	NIRSCWAMPLITUDE	177	171	685	n/a	7.8125
S178-D171	NIRSCWAMPLITUDE	178	171	685	n/a	7.8125
S181-D171	NIRSCWAMPLITUDE	181	171	685	n/a	7.8125
S182-D171	NIRSCWAMPLITUDE	182	171	685	n/a	7.8125
S183-D171	NIRSCWAMPLITUDE	183	171	685	n/a	7.8125
S184-D171	NIRSCWAMPLITUDE	184	171	685	n/a	7.8125
S187-D171	NIRSCWAMPLITUDE	187	171	685	n/a	7.8125
S188-D171	NIRSCWAMPLITUDE	188	171	685	n/a	7.8125
S189-D171	NIRSCWAMPLITUDE	189	171	685	n/a	7.8125
S190-D171	NIRSCWAMPLITUDE	190	171	685	n/a	7.8125
S151-D172	NIRSCWAMPLITUDE	151	172	685	n/a	7.8125
S152-D172	NIRSCWAMPLITUDE	152	172	685	n/a	7.8125
S153-D172	NIRSCWAMPLITUDE	153	172	685	n/a	7.8125
S157-D172	NIRSCWAMPLITUDE	157	172	685	n/a	7.8125
S158-D172	NIRSCWAMPLITUDE	158	172	685	n/a	7.8125
S159-D172	NIRSCWAMPLITUDE	159	172	685	n/a	7.8125
S160-D172	NIRSCWAMPLITUDE	160	172	685	n/a	7.8125
S161-D172	NIRSCWAMPLITUDE	161	172	685	n/a	7.8125
S163-D172	NIRSCWAMPLITUDE	163	172	685	n/a	7.8125
S164-D172	NIRSCWAMPLITUDE	164	172	685	n/a	7.8125
S165-D172	NIRSCWAMPLITUDE	165	172	685	n/a	7.8125
S166-D172	NIRSCWAMPLITUDE	166	172	685	n/a	7.8125
S167-D172	NIRSCWAMPLITUDE	167	172	685	n/a	7.8125
S169-D172	NIRSCWAMPLITUDE	169	172	685	n/a	7.8125
S170-D172	NIRSCWAMPLITUDE	170	172	685	n/a	7.8125
S171-D172	NIRSCWAMPLITUDE	171	172	685	n/a	7.8125
S172-D172	NIRSCWAMPLITUDE	172	172	685	n/a	7.8125
S173-D172	NIRSCWAMPLITUDE	173	172	685	n/a	7.8125
S175-D172	NIRSCWAMPLITUDE	175	172	685	n/a	7.8125
S176-D172	NIRSCWAMPLITUDE	176	172	685	n/a	7.8125
S177-D172	NIRSCWAMPLITUDE	177	172	685	n/a	7.8125
S178-D172	NIRSCWAMPLITUDE	178	172	685	n/a	7.8125
S179-D172	NIRSCWAMPLITUDE	179	172	685	n/a	7.8125
S181-D172	NIRSCWAMPLITUDE	181	172	685	n/a	7.8125
S182-D172	NIRSCWAMPLITUDE	182	172	685	n/a	7.8125
S183-D172	NIRSCWAMPLITUDE	183	172	685	n/a	7.8125
S184-D172	NIRSCWAMPLITUDE	184	172	685	n/a	7.8125
S185-D172	NIRSCWAMPLITUDE	185	172	685	n/a	7.8125
S187-D172	NIRSCWAMPLITUDE	187	172	685	n/a	7.8125
S188-D172	NIRSCWAMPLITUDE	188	172	685	n/a	7.8125
S189-D172	NIRSCWAMPLITUDE	189	172	685	n/a	7.8125
S190-D172	NIRSCWAMPLITUDE	190	172	685	n/a	7.8125
S191-D172	NIRSCWAMPLITUDE	191	172	685	n/a	7.8125
S151-D173	NIRSCWAMPLITUDE	151	173	685	n/a	7.8125
S152-D173	NIRSCWAMPLITUDE	152	173	685	n/a	7.8125
S153-D173	NIRSCWAMPLITUDE	153	173	685	n/a	7.8125
S154-D173	NIRSCWAMPLITUDE	154	173	685	n/a	7.8125
S157-D173	NIRSCWAMPLITUDE	157	173	685	n/a	7.8125
S158-D173	NIRSCWAMPLITUDE	158	173	685	n/a	7.8125
S159-D173	NIRSCWAMPLITUDE	159	173	685	n/a	7.8125
S160-D173	NIRSCWAMPLITUDE	160	173	685	n/a	7.8125
S161-D173	NIRSCWAMPLITUDE	161	173	685	n/a	7.8125
S162-D173	NIRSCWAMPLITUDE	162	173	685	n/a	7.8125
S163-D173	NIRSCWAMPLITUDE	163	173	685	n/a	7.8125
S164-D173	NIRSCWAMPLITUDE	164	173	685	n/a	7.8125
S165-D173	NIRSCWAMPLITUDE	165	173	685	n/a	7.8125
S166-D173	NIRSCWAMPLITUDE	166	173	685	n/a	7.8125
S167-D173	NIRSCWAMPLITUDE	167	173	685	n/a	7.8125
S168-D173	NIRSCWAMPLITUDE	168	173	685	n/a	7.8125
S169-D173	NIRSCWAMPLITUDE	169	173	685	n/a	7.8125
S170-D173	NIRSCWAMPLITUDE	170	173	685	n/a	7.8125
S171-D173	NIRSCWAMPLITUDE	171	173	685	n/a	7.8125
S172-D173	NIRSCWAMPLITUDE	172	173	685	n/a	7.8125
S173-D173	NIRSCWAMPLITUDE	173	173	685	n/a	7.8125
S174-D173	NIRSCWAMPLITUDE	174	173	685	n/a	7.8125
S175-D173	NIRSCWAMPLITUDE	175	173	685	n/a	7.8125
S176-D173	NIRSCWAMPLITUDE	176	173	685	n/a	7.8125
S177-D173	NIRSCWAMPLITUDE	177	173	685	n/a	7.8125
S178-D173	NIRSCWAMPLITUDE	178	173	685	n/a	7.8125
S179-D173	NIRSCWAMPLITUDE	179	173	685	n/a	7.8125
S180-D173	NIRSCWAMPLITUDE	180	173	685	n/a	7.8125
S181-D173	NIRSCWAMPLITUDE	181	173	685	n/a	7.8125
S182-D173	NIRSCWAMPLITUDE	182	173	685	n/a	7.8125
S183-D173	NIRSCWAMPLITUDE	183	173	685	n/a	7.8125
S184-D173	NIRSCWAMPLITUDE	184	173	685	n/a	7.8125
S185-D173	NIRSCWAMPLITUDE	185	173	685	n/a	7.8125
S186-D173	NIRSCWAMPLITUDE	186	173	685	n/a	7.8125
S187-D173	NIRSCWAMPLITUDE	187	173	685	n/a	7.8125
S188-D173	NIRSCWAMPLITUDE	188	173	685	n/a	7.8125
S189-D173	NIRSCWAMPLITUDE	189	173	685	n/a	7.8125
S190-D173	NIRSCWAMPLITUDE	190	173	685	n/a	7.8125
S191-D173	NIRSCWAMPLITUDE	191	173	685	n/a	7.8125
S152-D174	NIRSCWAMPLITUDE	152	174	685	n/a	7.8125
S153-D174	NIRSCWAMPLITUDE	153	174	685	n/a	7.8125
S154-D174	NIRSCWAMPLITUDE	154	174	685	n/a	7.8125
S155-D174	NIRSCWAMPLITUDE	155	174	685	n/a	7.8125
S157-D174	NIRSCWAMPLITUDE	157	174	685	n/a	7.8125
S158-D174	NIRSCWAMPLITUDE	158	174	685	n/a	7.8125
S159-D174	NIRSCWAMPLITUDE	159	174	685	n/a	7.8125
S160-D174	NIRSCWAMPLITUDE	160	174	685	n/a	7.8125
S161-D174	NIRSCWAMPLITUDE	161	174	685	n/a	7.8125
S162-D174	NIRSCWAMPLITUDE	162	174	685	n/a	7.8125
S163-D174	NIRSCWAMPLITUDE	163	174	685	n/a	7.8125
S164-D174	NIRSCWAMPLITUDE	164	174	685	n/a	7.8125
S165-D174	NIRSCWAMPLITUDE	165	174	685	n/a	7.8125
S166-D174	NIRSCWAMPLITUDE	166	174	685	n/a	7.8125
S167-D174	NIRSCWAMPLITUDE	167	174	685	n/a	7.8125
S168-D174	NIRSCWAMPLITUDE	168	174	685	n/a	7.8125
S169-D174	NIRSCWAMPLITUDE	169	174	685	n/a	7.8125
S170-D174	NIRSCWAMPLITUDE	170	174	685	n/a	7.8125
S171-D174	NIRSCWAMPLITUDE	171	174	685	n/a	7.8125
S172-D174	NIRSCWAMPLITUDE	172	174	685	n/a	7.8125
S173-D174	NIRSCWAMPLITUDE	173	174	685	n/a	7.8125
S174-D174	NIRSCWAMPLITUDE	174	174	685	n/a	7.8125
S175-D174	NIRSCWAMPLITUDE	175	174	685	n/a	7.8125
S176-D174	NIRSCWAMPLITUDE	176	174	685	n/a	7.8125
S177-D174	NIRSCWAMPLITUDE	177	174	685	n/a	7.8125
S178-D174	NIRSCWAMPLITUDE	178	174	685	n/a	7.8125
S179-D174	NIRSCWAMPLITUDE	179	174	685	n/a	7.8125
S180-D174	NIRSCWAMPLITUDE	180	174	685	n/a	7.8125
S181-D174	NIRSCWAMPLITUDE	181	174	685	n/a	7.8125
S182-D174	NIRSCWAMPLITUDE	182	174	685	n/a	7.8125
S183-D174	NIRSCWAMPLITUDE	183	174	685	n/a	7.8125
S184-D174	NIRSCWAMPLITUDE	184	174	685	n/a	7.8125
S185-D174	NIRSCWAMPLITUDE	185	174	685	n/a	7.8125
S186-D174	NIRSCWAMPLITUDE	186	174	685	n/a	7.8125
S187-D174	NIRSCWAMPLITUDE	187	174	685	n/a	7.8125
S188-D174	NIRSCWAMPLITUDE	188	174	685	n/a	7.8125
S189-D174	NIRSCWAMPLITUDE	189	174	685	n/a	7.8125
S190-D174	NIRSCWAMPLITUDE	190	174	685	n/a	7.8125
S191-D174	NIRSCWAMPLITUDE	191	174	685	n/a	7.8125
S192-D174	NIRSCWAMPLITUDE	192	174	685	n/a	7.8125
S240-D174	NIRSCWAMPLITUDE	240	174	685	n/a	7.8125
S249-D174	NIRSCWAMPLITUDE	249	174	685	n/a	7.8125
S250-D174	NIRSCWAMPLITUDE	250	174	685	n/a	7.8125
S153-D175	NIRSCWAMPLITUDE	153	175	685	n/a	7.8125
S154-D175	NIRSCWAMPLITUDE	154	175	685	n/a	7.8125
S155-D175	NIRSCWAMPLITUDE	155	175	685	n/a	7.8125
S156-D175	NIRSCWAMPLITUDE	156	175	685	n/a	7.8125
S157-D175	NIRSCWAMPLITUDE	157	175	685	n/a	7.8125
S158-D175	NIRSCWAMPLITUDE	158	175	685	n/a	7.8125
S159-D175	NIRSCWAMPLITUDE	159	175	685	n/a	7.8125
S160-D175	NIRSCWAMPLITUDE	160	175	685	n/a	7.8125
S161-D175	NIRSCWAMPLITUDE	161	175	685	n/a	7.8125
S162-D175	NIRSCWAMPLITUDE	162	175	685	n/a	7.8125
S163-D175	NIRSCWAMPLITUDE	163	175	685	n/a	7.8125
S164-D175	NIRSCWAMPLITUDE	164	175	685	n/a	7.8125
S165-D175	NIRSCWAMPLITUDE	165	175	685	n/a	7.8125
S166-D175	NIRSCWAMPLITUDE	166	175	685	n/a	7.8125
S167-D175	NIRSCWAMPLITUDE	167	175	685	n/a	7.8125
S168-D175	NIRSCWAMPLITUDE	168	175	685	n/a	7.8125
S169-D175	NIRSCWAMPLITUDE	169	175	685	n/a	7.8125
S170-D175	NIRSCWAMPLITUDE	170	175	685	n/a	7.8125
S171-D175	NIRSCWAMPLITUDE	171	175	685	n/a	7.8125
S172-D175	NIRSCWAMPLITUDE	172	175	685	n/a	7.8125
S173-D175	NIRSCWAMPLITUDE	173	175	685	n/a	7.8125
S174-D175	NIRSCWAMPLITUDE	174	175	685	n/a	7.8125
S175-D175	NIRSCWAMPLITUDE	175	175	685	n/a	7.8125
S176-D175	NIRSCWAMPLITUDE	176	175	685	n/a	7.8125
S177-D175	NIRSCWAMPLITUDE	177	175	685	n/a	7.8125
S178-D175	NIRSCWAMPLITUDE	178	175	685	n/a	7.8125
S179-D175	NIRSCWAMPLITUDE	179	175	685	n/a	7.8125
S180-D175	NIRSCWAMPLITUDE	180	175	685	n/a	7.8125
S181-D175	NIRSCWAMPLITUDE	181	175	685	n/a	7.8125
S182-D175	NIRSCWAMPLITUDE	182	175	685	n/a	7.8125
S183-D175	NIRSCWAMPLITUDE	183	175	685	n/a	7.8125
S184-D175	NIRSCWAMPLITUDE	184	175	685	n/a	7.8125
S185-D175	NIRSCWAMPLITUDE	185	175	685	n/a	7.8125
S186-D175	NIRSCWAMPLITUDE	186	175	685	n/a	7.8125
S187-D175	NIRSCWAMPLITUDE	187	175	685	n/a	7.8125
S188-D175	NIRSCWAMPLITUDE	188	175	685	n/a	7.8125
S189-D175	NIRSCWAMPLITUDE	189	175	685	n/a	7.8125
S190-D175	NIRSCWAMPLITUDE	190	175	685	n/a	7.8125
S191-D175	NIRSCWAMPLITUDE	191	175	685	n/a	7.8125
S192-D175	NIRSCWAMPLITUDE	192	175	685	n/a	7.8125
S237-D175	NIRSCWAMPLITUDE	237	175	685	n/a	7.8125
S238-D175	NIRSCWAMPLITUDE	238	175	685	n/a	7.8125
S239-D175	NIRSCWAMPLITUDE	239	175	685	n/a	7.8125
S240-D175	NIRSCWAMPLITUDE	240	175	685	n/a	7.8125
S247-D175	NIRSCWAMPLITUDE	247	175	685	n/a	7.8125
S248-D175	NIRSCWAMPLITUDE	248	175	685	n/a	7.8125
S249-D175	NIRSCWAMPLITUDE	249	175	685	n/a	7.8125
S250-D175	NIRSCWAMPLITUDE	250	175	685	n/a	7.8125
S154-D176	NIRSCWAMPLITUDE	154	176	685	n/a	7.8125
S155-D176	NIRSCWAMPLITUDE	155	176	685	n/a	7.8125
S156-D176	NIRSCWAMPLITUDE	156	176	685	n/a	7.8125
S159-D176	NIRSCWAMPLITUDE	159	176	685	n/a	7.8125
S160-D176	NIRSCWAMPLITUDE	160	176	685	n/a	7.8125
S161-D176	NIRSCWAMPLITUDE	161	176	685	n/a	7.8125
S162-D176	NIRSCWAMPLITUDE	162	176	685	n/a	7.8125
S164-D176	NIRSCWAMPLITUDE	164	176	685	n/a	7.8125
S165-D176	NIRSCWAMPLITUDE	165	176	685	n/a	7.8125
S166-D176	NIRSCWAMPLITUDE	166	176	685	n/a	7.8125
S167-D176	NIRSCWAMPLITUDE	167	176	685	n/a	7.8125
S168-D176	NIRSCWAMPLITUDE	168	176	685	n/a	7.8125
S170-D176	NIRSCWAMPLITUDE	170	176	685	n/a	7.8125
S171-D176	NIRSCWAMPLITUDE	171	176	685	n/a	7.8125
S172-D176	NIRSCWAMPLITUDE	172	176	685	n/a	7.8125
S173-D176	NIRSCWAMPLITUDE	173	176	685	n/a	7.8125
S174-D176	NIRSCWAMPLITUDE	174	176	685	n/a	7.8125
S176-D176	NIRSCWAMPLITUDE	176	176	685	n/a	7.8125
S177-D176	NIRSCWAMPLITUDE	177	176	685	n/a	7.8125
S178-D176	NIRSCWAMPLITUDE	178	176	685	n/a	7.8125
S179-D176	NIRSCWAMPLITUDE	179	176	685	n/a	7.8125
S180-D176	NIRSCWAMPLITUDE	180	176	685	n/a	7.8125
S182-D176	NIRSCWAMPLITUDE	182	176	685	n/a	7.8125
S183-D176	NIRSCWAMPLITUDE	183	176	685	n/a	7.8125
S184-D176	NIRSCWAMPLITUDE	184	176	685	n/a	7.8125
S185-D176	NIRSCWAMPLITUDE	185	176	685	n/a	7.8125
S186-D176	NIRSCWAMPLITUDE	186	176	685	n/a	7.8125
S188-D176	NIRSCWAMPLITUDE	188	176	685	n/a	7.8125
S189-D176	NIRSCWAMPLITUDE	189	176	685	n/a	7.8125
S190-D176	NIRSCWAMPLITUDE	190	176	685	n/a	7.8125
S191-D176	NIRSCWAMPLITUDE	191	176	685	n/a	7.8125
S192-D176	NIRSCWAMPLITUDE	192	176	685	n/a	7.8125
S227-D176	NIRSCWAMPLITUDE	227	176	685	n/a	7.8125
S228-D176	NIRSCWAMPLITUDE	228	176	685	n/a	7.8125
S229-D176	NIRSCWAMPLITUDE	229	176	685	n/a	7.8125
S236-D176	NIRSCWAMPLITUDE	236	176	685	n/a	7.8125
S237-D176	NIRSCWAMPLITUDE	237	176	685	n/a	7.8125
S238-D176	NIRSCWAMPLITUDE	238	176	685	n/a	7.8125
S239-D176	NIRSCWAMPLITUDE	239	176	685	n/a	7.8125
S240-D176	NIRSCWAMPLITUDE	240	176	685	n/a	7.8125
S246-D176	NIRSCWAMPLITUDE	246	176	685	n/a	7.8125
S247-D176	NIRSCWAMPLITUDE	247	176	685	n/a	7.8125
S248-D176	NIRSCWAMPLITUDE	248	176	685	n/a	7.8125
S249-D176	NIRSCWAMPLITUDE	249	176	685	n/a	7.8125
S250-D176	NIRSCWAMPLITUDE	250	176	685	n/a	7.8125
S157-D177	NIRSCWAMPLITUDE	157	177	685	n/a	7.8125
S158-D177	NIRSCWAMPLITUDE	158	177	685	n/a	7.8125
S163-D177	NIRSCWAMPLITUDE	163	177	685	n/a	7.8125
S164-D177	NIRSCWAMPLITUDE	164	177	685	n/a	7.8125
S165-D177	NIRSCWAMPLITUDE	165	177	685	n/a	7.8125
S169-D177	NIRSCWAMPLITUDE	169	177	685	n/a	7.8125
S170-D177	NIRSCWAMPLITUDE	170	177	685	n/a	7.8125
S171-D177	NIRSCWAMPLITUDE	171	177	685	n/a	7.8125
S172-D177	NIRSCWAMPLITUDE	172	177	685	n/a	7.8125
S175-D177	NIRSCWAMPLITUDE	175	177	685	n/a	7.8125
S176-D177	NIRSCWAMPLITUDE	176	177	685	n/a	7.8125
S177-D177	NIRSCWAMPLITUDE	177	177	685	n/a	7.8125
S178-D177	NIRSCWAMPLITUDE	178	177	685	n/a	7.8125
S181-D177	NIRSCWAMPLITUDE	181	177	685	n/a	7.8125
S182-D177	NIRSCWAMPLITUDE	182	177	685	n/a	7.8125
S183-D177	NIRSCWAMPLITUDE	183	177	685	n/a	7.8125
S184-D177	NIRSCWAMPLITUDE	184	177	685	n/a	7.8125
S187-D177	NIRSCWAMPLITUDE	187	177	685	n/a	7.8125
S188-D177	NIRSCWAMPLITUDE	188	177	685	n/a	7.8125
S189-D177	NIRSCWAMPLITUDE	189	177	685	n/a	7.8125
S190-D177	NIRSCWAMPLITUDE	190	177	685	n/a	7.8125
S157-D178	NIRSCWAMPLITUDE	157	178	685	n/a	7.8125
S158-D178	NIRSCWAMPLITUDE	158	178	685	n/a	7.8125
S159-D178	NIRSCWAMPLITUDE	159	178	685	n/a	7.8125
S163-D178	NIRSCWAMPLITUDE	163	178	685	n/a	7.8125
S164-D178	NIRSCWAMPLITUDE	164	178	685	n/a	7.8125
S165-D178	NIRSCWAMPLITUDE	165	178	685	n/a	7.8125
S166-D178	NIRSCWAMPLITUDE	166	178	685	n/a	7.8125
S167-D178	NIRSCWAMPLITUDE	167	178	685	n/a	7.8125
S169-D178	NIRSCWAMPLITUDE	169	178	685	n/a	7.8125
S170-D178	NIRSCWAMPLITUDE	170	178	685	n/a	7.8125
S171-D178	NIRSCWAMPLITUDE	171	178	685	n/a	7.8125
S172-D178	NIRSCWAMPLITUDE	172	178	685	n/a	7.8125
S173-D178	NIRSCWAMPLITUDE	173	178	685	n/a	7.8125
S175-D178	NIRSCWAMPLITUDE	175	178	685	n/a	7.8125
S176-D178	NIRSCWAMPLITUDE	176	178	685	n/a	7.8125
S177-D178	NIRSCWAMPLITUDE	177	178	685	n/a	7.8125
S178-D178	NIRSCWAMPLITUDE	178	178	685	n/a	7.8125
S179-D178	NIRSCWAMPLITUDE	179	178	685	n/a	7.8125
S181-D178	NIRSCWAMPLITUDE	181	178	685	n/a	7.8125
S182-D178	NIRSCWAMPLITUDE	182	178	685	n/a	7.8125
S183-D178	NIRSCWAMPLITUDE	183	178	685	n/a	7.8125
S184-D178	NIRSCWAMPLITUDE	184	178	685	n/a	7.8125
S185-D178	NIRSCWAMPLITUDE	185	178	685	n/a	7.8125
S187-D178	NIRSCWAMPLITUDE	187	178	685	n/a	7.8125
S188-D178	NIRSCWAMPLITUDE	188	178	685	n/a	7.8125
S189-D178	NIRSCWAMPLITUDE	189	178	685	n/a	7.8125
S190-D178	NIRSCWAMPLITUDE	190	178	685	n/a	7.8125
S191-D178	NIRSCWAMPLITUDE	191	178	685	n/a	7.8125
S157-D179	NIRSCWAMPLITUDE	157	179	685	n/a	7.8125
S158-D179	NIRSCWAMPLITUDE	158	179	685	n/a	7.8125
S159-D179	NIRSCWAMPLITUDE	159	179	685	n/a	7.8125
S160-D179	NIRSCWAMPLITUDE	160	179	685	n/a	7.8125
S163-D179	NIRSCWAMPLITUDE	163	179	685	n/a	7.8125
S164-D179	NIRSCWAMPLITUDE	164	179	685	n/a	7.8125
S165-D179	NIRSCWAMPLITUDE	165	179	685	n/a	7.8125
S166-D179	NIRSCWAMPLITUDE	166	179	685	n/a	7.8125
S167-D179	NIRSCWAMPLITUDE	167	179	685	n/a	7.8125
S168-D179	NIRSCWAMPLITUDE	168	179	685	n/a	7.8125
S169-D179	NIRSCWAMPLITUDE	169	179	685	n/a	7.8125
S170-D179	NIRSCWAMPLITUDE	170	179	685	n/a	7.8125
S171-D179	NIRSCWAMPLITUDE	171	179	685	n/a	7.8125
S172-D179	NIRSCWAMPLITUDE	172	179	685	n/a	7.8125
S173-D179	NIRSCWAMPLITUDE	173	179	685	n/a	7.8125
S174-D179	NIRSCWAMPLITUDE	174	179	685	n/a	7.8125
S175-D179	NIRSCWAMPLITUDE	175	179	685	n/a	7.8125
S176-D179	NIRSCWAMPLITUDE	176	179	685	n/a	7.8125
S177-D179	NIRSCWAMPLITUDE	177	179	685	n/a	7.8125
S178-D179	NIRSCWAMPLITUDE	178	179	685	n/a	7.8125
S179-D179	NIRSCWAMPLITUDE	179	179	685	n/a	7.8125
S180-D179	NIRSCWAMPLITUDE	180	179	685	n/a	7.8125
S181-D179	NIRSCWAMPLITUDE	181	179	685	n/a	7.8125
S182-D179	NIRSCWAMPLITUDE	182	179	685	n/a	7.8125
S183-D179	NIRSCWAMPLITUDE	183	179	685	n/a	7.8125
S184-D179	NIRSCWAMPLITUDE	184	179	685	n/a	7.8125
S185-D179	NIRSCWAMPLITUDE	185	179	685	n/a	7.8125
S186-D179	NIRSCWAMPLITUDE	186	179	685	n/a	7.8125
S187-D179	NIRSCWAMPLITUDE	187	179	685	n/a	7.8125
S188-D179	NIRSCWAMPLITUDE	188	179	685	n/a	7.8125
S189-D179	NIRSCWAMPLITUDE	189	179	685	n/a	7.8125
S190-D179	NIRSCWAMPLITUDE	190	179	685	n/a	7.8125
S191-D179	NIRSCWAMPLITUDE	191	179	685	n/a	7.8125
S192-D179	NIRSCWAMPLITUDE	192	179	685	n/a	7.8125
S250-D179	NIRSCWAMPLITUDE	250	179	685	n/a	7.8125
S158-D180	NIRSCWAMPLITUDE	158	180	685	n/a	7.8125
S159-D180	NIRSCWAMPLITUDE	159	180	685	n/a	7.8125
S160-D180	NIRSCWAMPLITUDE	160	180	685	n/a	7.8125
S161-D180	NIRSCWAMPLITUDE	161	180	685	n/a	7.8125
S162-D180	NIRSCWAMPLITUDE	162	180	685	n/a	7.8125
S163-D180	NIRSCWAMPLITUDE	163	180	685	n/a	7.8125
S164-D180	NIRSCWAMPLITUDE	164	180	685	n/a	7.8125
S165-D180	NIRSCWAMPLITUDE	165	180	685	n/a	7.8125
S166-D180	NIRSCWAMPLITUDE	166	180	685	n/a	7.8125
S167-D180	NIRSCWAMPLITUDE	167	180	685	n/a	7.8125
S168-D180	NIRSCWAMPLITUDE	168	180	685	n/a	7.8125
S169-D180	NIRSCWAMPLITUDE	169	180	685	n/a	7.8125
S170-D180	NIRSCWAMPLITUDE	170	180	685	n/a	7.8125
S171-D180	NIRSCWAMPLITUDE	171	180	685	n/a	7.8125
S172-D180	NIRSCWAMPLITUDE	172	180	685	n/a	7.8125
S173-D180	NIRSCWAMPLITUDE	173	180	685	n/a	7.8125
S174-D180	NIRSCWAMPLITUDE	174	180	685	n/a	7.8125
S175-D180	NIRSCWAMPLITUDE	175	180	685	n/a	7.8125
S176-D180	NIRSCWAMPLITUDE	176	180	685	n/a	7.8125
S177-D180	NIRSCWAMPLITUDE	177	180	685	n/a	7.8125
S178-D180	NIRSCWAMPLITUDE	178	180	685	n/a	7.8125
S179-D180	NIRSCWAMPLITUDE	179	180	685	n/a	7.8125
S180-D180	NIRSCWAMPLITUDE	180	180	685	n/a	7.8125
S181-D180	NIRSCWAMPLITUDE	181	180	685	n/a	7.8125
S182-D180	NIRSCWAMPLITUDE	182	180	685	n/a	7.8125
S183-D180	NIRSCWAMPLITUDE	183	180	685	n/a	7.8125
S184-D180	NIRSCWAMPLITUDE	184	180	685	n/a	7.8125
S185-D180	NIRSCWAMPLITUDE	185	180	685	n/a	7.8125
S186-D180	NIRSCWAMPLITUDE	186	180	685	n/a	7.8125
S187-D180	NIRSCWAMPLITUDE	187	180	685	n/a	7.8125
S188-D180	NIRSCWAMPLITUDE	188	180	685	n/a	7.8125
S189-D180	NIRSCWAMPLITUDE	189	180	685	n/a	7.8125
S190-D180	NIRSCWAMPLITUDE	190	180	685	n/a	7.8125
S191-D180	NIRSCWAMPLITUDE	191	180	685	n/a	7.8125
S192-D180	NIRSCWAMPLITUDE	192	180	685	n/a	7.8125
S239-D180	NIRSCWAMPLITUDE	239	180	685	n/a	7.8125
S240-D180	NIRSCWAMPLITUDE	240	180	685	n/a	7.8125
S249-D180	NIRSCWAMPLITUDE	249	180	685	n/a	7.8125
S250-D180	NIRSCWAMPLITUDE	250	180	685	n/a	7.8125
S159-D181	NIRSCWAMPLITUDE	159	181	685	n/a	7.8125
S160-D181	NIRSCWAMPLITUDE	160	181	685	n/a	7.8125
S161-D181	NIRSCWAMPLITUDE	161	181	685	n/a	7.8125
S162-D181	NIRSCWAMPLITUDE	162	181	685	n/a	7.8125
S163-D181	NIRSCWAMPLITUDE	163	181	685	n/a	7.8125
S164-D181	NIRSCWAMPLITUDE	164	181	685	n/a	7.8125
S165-D181	NIRSCWAMPLITUDE	165	181	685	n/a	7.8125
S166-D181	NIRSCWAMPLITUDE	166	181	685	n/a	7.8125
S167-D181	NIRSCWAMPLITUDE	167	181	685	n/a	7.8125
S168-D181	NIRSCWAMPLITUDE	168	181	685	n/a	7.8125
S169-D181	NIRSCWAMPLITUDE	169	181	685	n/a	7.8125
S170-D181	NIRSCWAMPLITUDE	170	181	685	n/a	7.8125
S171-D181	NIRSCWAMPLITUDE	171	181	685	n/a	7.8125
S172-D181	NIRSCWAMPLITUDE	172	181	685	n/a	7.8125
S173-D181	NIRSCWAMPLITUDE	173	181	685	n/a	7.8125
S174-D181	NIRSCWAMPLITUDE	174	181	685	n/a	7.8125
S175-D181	NIRSCWAMPLITUDE	175	181	685	n/a	7.8125
S176-D181	NIRSCWAMPLITUDE	176	181	685	n/a	7.8125
S177-D181	NIRSCWAMPLITUDE	177	181	685	n/a	7.8125
S178-D181	NIRSCWAMPLITUDE	178	181	685	n/a	7.8125
S179-D181	NIRSCWAMPLITUDE	179	181	685	n/a	7.8125
S180-D181	NIRSCWAMPLITUDE	180	181	685	n/a	7.8125
S181-D181	NIRSCWAMPLITUDE	181	181	685	n/a	7.8125
S182-D181	NIRSCWAMPLITUDE	182	181	685	n/a	7.8125
S183-D181	NIRSCWAMPLITUDE	183	181	685	n/a	7.8125
S184-D181	NIRSCWAMPLITUDE	184	181	685	n/a	7.8125
S185-D181	NIRSCWAMPLITUDE	185	181	685	n/a	7.8125
S186-D181	NIRSCWAMPLITUDE	186	181	685	n/a	7.8125
S187-D181	NIRSCWAMPLITUDE	187	181	685	n/a	7.8125
S188-D181	NIRSCWAMPLITUDE	188	181	685	n/a	7.8125
S189-D181	NIRSCWAMPLITUDE	189	181	685	n/a	7.8125
S190-D181	NIRSCWAMPLITUDE	190	181	685	n/a	7.8125
S191-D181	NIRSCWAMPLITUDE	191	181	685	n/a	7.8125
S192-D181	NIRSCWAMPLITUDE	192	181	685	n/a	7.8125
S229-D181	NIRSCWAMPLITUDE	229	181	685	n/a	7.8125
S238-D181	NIRSCWAMPLITUDE	238	181	685	n/a	7.8125
S239-D181	NIRSCWAMPLITUDE	239	181	685	n/a	7.8125
S240-D181	NIRSCWAMPLITUDE	240	181	685	n/a	7.8125
S248-D181	NIRSCWAMPLITUDE	248	181	685	n/a	7.8125
S249-D181	NIRSCWAMPLITUDE	249	181	685	n/a	7.8125
S250-D181	NIRSCWAMPLITUDE	250	181	685	n/a	7.8125
S160-D182	NIRSCWAMPLITUDE	160	182	685	n/a	7.8125
S161-D182	NIRSCWAMPLITUDE	161	182	685	n/a	7.8125
S162-D182	NIRSCWAMPLITUDE	162	182	685	n/a	7.8125
S165-D182	NIRSCWAMPLITUDE	165	182	685	n/a	7.8125
S166-D182	NIRSCWAMPLITUDE	166	182	685	n/a	7.8125
S167-D182	NIRSCWAMPLITUDE	167	182	685	n/a	7.8125
S168-D182	NIRSCWAMPLITUDE	168	182	685	n/a	7.8125
S170-D182	NIRSCWAMPLITUDE	170	182	685	n/a	7.8125
S171-D182	NIRSCWAMPLITUDE	171	182	685	n/a	7.8125
S172-D182	NIRSCWAMPLITUDE	172	182	685	n/a	7.8125
S173-D182	NIRSCWAMPLITUDE	173	182	685	n/a	7.8125
S174-D182	NIRSCWAMPLITUDE	174	182	685	n/a	7.8125
S176-D182	NIRSCWAMPLITUDE	176	182	685	n/a	7.8125
S177-D182	NIRSCWAMPLITUDE	177	182	685	n/a	7.8125
S178-D182	NIRSCWAMPLITUDE	178	182	685	n/a	7.8125
S179-D182	NIRSCWAMPLITUDE	179	182	685	n/a	7.8125
S180-D182	NIRSCWAMPLITUDE	180	182	685	n/a	7.8125
S182-D182	NIRSCWAMPLITUDE	182	182	685	n/a	7.8125
S183-D182	NIRSCWAMPLITUDE	183	182	685	n/a	7.8125
S184-D182	NIRSCWAMPLITUDE	184	182	685	n/a	7.8125
S185-D182	NIRSCWAMPLITUDE	185	182	685	n/a	7.8125
S186-D182	NIRSCWAMPLITUDE	186	182	685	n/a	7.8125
S188-D182	NIRSCWAMPLITUDE	188	182	685	n/a	7.8125
S189-D182	NIRSCWAMPLITUDE	189	182	685	n/a	7.8125
S190-D182	NIRSCWAMPLITUDE	190	182	685	n/a	7.8125
S191-D182	NIRSCWAMPLITUDE	191	182	685	n/a	7.8125
S192-D182	NIRSCWAMPLITUDE	192	182	685	n/a	7.8125
S216-D182	NIRSCWAMPLITUDE	216	182	685	n/a	7.8125
S217-D182	NIRSCWAMPLITUDE	217	182	685	n/a	7.8125
S218-D182	NIRSCWAMPLITUDE	218	182	685	n/a	7.8125
S227-D182	NIRSCWAMPLITUDE	227	182	685	n/a	7.8125
S228-D182	NIRSCWAMPLITUDE	228	182	685	n/a	7.8125
S229-D182	NIRSCWAMPLITUDE	229	182	685	n/a	7.8125
S236-D182	NIRSCWAMPLITUDE	236	182	685	n/a	7.8125
S237-D182	NIRSCWAMPLITUDE	237	182	685	n/a	7.8125
S238-D182	NIRSCWAMPLITUDE	238	182	685	n/a	7.8125
S239-D182	NIRSCWAMPLITUDE	239	182	685	n/a	7.8125
S240-D182	NIRSCWAMPLITUDE	240	182	685	n/a	7.8125
S247-D182	NIRSCWAMPLITUDE	247	182	685	n/a	7.8125
S248-D182	NIRSCWAMPLITUDE	248	182	685	n/a	7.8125
S249-D182	NIRSCWAMPLITUDE	249	182	685	n/a	7.8125
S250-D182	NIRSCWAMPLITUDE	250	182	685	n/a	7.8125
S163-D183	NIRSCWAMPLITUDE	163	183	685	n/a	7.8125
S164-D183	NIRSCWAMPLITUDE	164	183	685	n/a	7.8125
S169-D183	NIRSCWAMPLITUDE	169	183	685	n/a	7.8125
S170-D183	NIRSCWAMPLITUDE	170	183	685	n/a	7.8125
S171-D183	NIRSCWAMPLITUDE	171	183	685	n/a	7.8125
S175-D183	NIRSCWAMPLITUDE	175	183	685	n/a	7.8125
S176-D183	NIRSCWAMPLITUDE	176	183	685	n/a	7.8125
S177-D183	NIRSCWAMPLITUDE	177	183	685	n/a	7.8125
S178-D183	NIRSCWAMPLITUDE	178	183	685	n/a	7.8125
S181-D183	NIRSCWAMPLITUDE	181	183	685	n/a	7.8125
S182-D183	NIRSCWAMPLITUDE	182	183	685	n/a	7.8125
S183-D183	NIRSCWAMPLITUDE	183	183	685	n/a	7.8125
S184-D183	NIRSCWAMPLITUDE	184	183	685	n/a	7.8125
S187-D183	NIRSCWAMPLITUDE	187	183	685	n/a	7.8125
S188-D183	NIRSCWAMPLITUDE	188	183	685	n/a	7.8125
S189-D183	NIRSCWAMPLITUDE	189	183	685	n/a	7.8125
S190-D183	NIRSCWAMPLITUDE	190	183	685	n/a	7.8125
S163-D184	NIRSCWAMPLITUDE	163	184	685	n/a	7.8125
S164-D184	NIRSCWAMPLITUDE	164	184	685	n/a	7.8125
S165-D184	NIRSCWAMPLITUDE	165	184	685	n/a	7.8125
S169-D184	NIRSCWAMPLITUDE	169	184	685	n/a	7.8125
S170-D184	NIRSCWAMPLITUDE	170	184	685	n/a	7.8125
S171-D184	NIRSCWAMPLITUDE	171	184	685	n/a	7.8125
S172-D184	NIRSCWAMPLITUDE	172	184	685	n/a	7.8125
S173-D184	NIRSCWAMPLITUDE	173	184	685	n/a	7.8125
S175-D184	NIRSCWAMPLITUDE	175	184	685	n/a	7.8125
S176-D184	NIRSCWAMPLITUDE	176	184	685	n/a	7.8125
S177-D184	NIRSCWAMPLITUDE	177	184	685	n/a	7.8125
S178-D184	NIRSCWAMPLITUDE	178	184	685	n/a	7.8125
S179-D184	NIRSCWAMPLITUDE	179	184	685	n/a	7.8125
S181-D184	NIRSCWAMPLITUDE	181	184	685	n/a	7.8125
S182-D184	NIRSCWAMPLITUDE	182	184	685	n/a	7.8125
S183-D184	NIRSCWAMPLITUDE	183	184	685	n/a	7.8125
S184-D184	NIRSCWAMPLITUDE	184	184	685	n/a	7.8125
S185-D184	NIRSCWAMPLITUDE	185	184	685	n/a	7.8125
S187-D184	NIRSCWAMPLITUDE	187	184	685	n/a	7.8125
S188-D184	NIRSCWAMPLITUDE	188	184	685	n/a	7.8125
S189-D184	NIRSCWAMPLITUDE	189	184	685	n/a	7.8125
S190-D184	NIRSCWAMPLITUDE	190	184	685	n/a	7.8125
S191-D184	NIRSCWAMPLITUDE	191	184	685	n/a	7.8125
S192-D184	NIRSCWAMPLITUDE	192	184	685	n/a	7.8125
S163-D185	NIRSCWAMPLITUDE	163	185	685	n/a	7.8125
S164-D185	NIRSCWAMPLITUDE	164	185	685	n/a	7.8125
S165-D185	NIRSCWAMPLITUDE	165	185	685	n/a	7.8125
S166-D185	NIRSCWAMPLITUDE	166	185	685	n/a	7.8125
S167-D185	NIRSCWAMPLITUDE	167	185	685	n/a	7.8125
S169-D185	NIRSCWAMPLITUDE	169	185	685	n/a	7.8125
S170-D185	NIRSCWAMPLITUDE	170	185	685	n/a	7.8125
S171-D185	NIRSCWAMPLITUDE	171	185	685	n/a	7.8125
S172-D185	NIRSCWAMPLITUDE	172	185	685	n/a	7.8125
S173-D185	NIRSCWAMPLITUDE	173	185	685	n/a	7.8125
S174-D185	NIRSCWAMPLITUDE	174	185	685	n/a	7.8125
S175-D185	NIRSCWAMPLITUDE	175	185	685	n/a	7.8125
S176-D185	NIRSCWAMPLITUDE	176	185	685	n/a	7.8125
S177-D185	NIRSCWAMPLITUDE	177	185	685	n/a	7.8125
S178-D185	NIRSCWAMPLITUDE	178	185	685	n/a	7.8125
S179-D185	NIRSCWAMPLITUDE	179	185	685	n/a	7.8125
S180-D185	NIRSCWAMPLITUDE	180	185	685	n/a	7.8125
S181-D185	NIRSCWAMPLITUDE	181	185	685	n/a	7.8125
S182-D185	NIRSCWAMPLITUDE	182	185	685	n/a	7.8125
S183-D185	NIRSCWAMPLITUDE	183	185	685	n/a	7.8125
S184-D185	NIRSCWAMPLITUDE	184	185	685	n/a	7.8125
S185-D185	NIRSCWAMPLITUDE	185	185	685	n/a	7.8125
S186-D185	NIRSCWAMPLITUDE	186	185	685	n/a	7.8125
S187-D185	NIRSCWAMPLITUDE	187	185	685	n/a	7.8125
S188-D185	NIRSCWAMPLITUDE	188	185	685	n/a	7.8125
S189-D185	NIRSCWAMPLITUDE	189	185	685	n/a	7.8125
S190-D185	NIRSCWAMPLITUDE	190	185	685	n/a	7.8125
S191-D185	NIRSCWAMPLITUDE	191	185	685	n/a	7.8125
S192-D185	NIRSCWAMPLITUDE	192	185	685	n/a	7.8125
S250-D185	NIRSCWAMPLITUDE	250	185	685	n/a	7.8125
S163-D186	NIRSCWAMPLITUDE	163	186	685	n/a	7.8125
S164-D186	NIRSCWAMPLITUDE	164	186	685	n/a	7.8125
S165-D186	NIRSCWAMPLITUDE	165	186	685	n/a	7.8125
S166-D186	NIRSCWAMPLITUDE	166	186	685	n/a	7.8125
S167-D186	NIRSCWAMPLITUDE	167	186	685	n/a	7.8125
S168-D186	NIRSCWAMPLITUDE	168	186	685	n/a	7.8125
S169-D186	NIRSCWAMPLITUDE	169	186	685	n/a	7.8125
S170-D186	NIRSCWAMPLITUDE	170	186	685	n/a	7.8125
S171-D186	NIRSCWAMPLITUDE	171	186	685	n/a	7.8125
S172-D186	NIRSCWAMPLITUDE	172	186	685	n/a	7.8125
S173-D186	NIRSCWAMPLITUDE	173	186	685	n/a	7.8125
S174-D186	NIRSCWAMPLITUDE	174	186	685	n/a	7.8125
S175-D186	NIRSCWAMPLITUDE	175	186	685	n/a	7.8125
S176-D186	NIRSCWAMPLITUDE	176	186	685	n/a	7.8125
S177-D186	NIRSCWAMPLITUDE	177	186	685	n/a	7.8125
S178-D186	NIRSCWAMPLITUDE	178	186	685	n/a	7.8125
S179-D186	NIRSCWAMPLITUDE	179	186	685	n/a	7.8125
S180-D186	NIRSCWAMPLITUDE	180	186	685	n/a	7.8125
S181-D186	NIRSCWAMPLITUDE	181	186	685	n/a	7.8125
S182-D186	NIRSCWAMPLITUDE	182	186	685	n/a	7.8125
S183-D186	NIRSCWAMPLITUDE	183	186	685	n/a	7.8125
S184-D186	NIRSCWAMPLITUDE	184	186	685	n/a	7.8125
S185-D186	NIRSCWAMPLITUDE	185	186	685	n/a	7.8125
S186-D186	NIRSCWAMPLITUDE	186	186	685	n/a	7.8125
S187-D186	NIRSCWAMPLITUDE	187	186	685	n/a	7.8125
S188-D186	NIRSCWAMPLITUDE	188	186	685	n/a	7.8125
S189-D186	NIRSCWAMPLITUDE	189	186	685	n/a	7.8125
S190-D186	NIRSCWAMPLITUDE	190	186	685	n/a	7.8125
S191-D186	NIRSCWAMPLITUDE	191	186	685	n/a	7.8125
S192-D186	NIRSCWAMPLITUDE	192	186	685	n/a	7.8125
S239-D186	NIRSCWAMPLITUDE	239	186	685	n/a	7.8125
S240-D186	NIRSCWAMPLITUDE	240	186	685	n/a	7.8125
S249-D186	NIRSCWAMPLITUDE	249	186	685	n/a	7.8125
S250-D186	NIRSCWAMPLITUDE	250	186	685	n/a	7.8125
S165-D187	NIRSCWAMPLITUDE	165	187	685	n/a	7.8125
S166-D187	NIRSCWAMPLITUDE	166	187	685	n/a	7.8125
S167-D187	NIRSCWAMPLITUDE	167	187	685	n/a	7.8125
S168-D187	NIRSCWAMPLITUDE	168	187	685	n/a	7.8125
S169-D187	NIRSCWAMPLITUDE	169	187	685	n/a	7.8125
S170-D187	NIRSCWAMPLITUDE	170	187	685	n/a	7.8125
S171-D187	NIRSCWAMPLITUDE	171	187	685	n/a	7.8125
S172-D187	NIRSCWAMPLITUDE	172	187	685	n/a	7.8125
S173-D187	NIRSCWAMPLITUDE	173	187	685	n/a	7.8125
S174-D187	NIRSCWAMPLITUDE	174	187	685	n/a	7.8125
S175-D187	NIRSCWAMPLITUDE	175	187	685	n/a	7.8125
S176-D187	NIRSCWAMPLITUDE	176	187	685	n/a	7.8125
S177-D187	NIRSCWAMPLITUDE	177	187	685	n/a	7.8125
S178-D187	NIRSCWAMPLITUDE	178	187	685	n/a	7.8125
S179-D187	NIRSCWAMPLITUDE	179	187	685	n/a	7.8125
S180-D187	NIRSCWAMPLITUDE	180	187	685	n/a	7.8125
S181-D187	NIRSCWAMPLITUDE	181	187	685	n/a	7.8125
S182-D187	NIRSCWAMPLITUDE	182	187	685	n/a	7.8125
S183-D187	NIRSCWAMPLITUDE	183	187	685	n/a	7.8125
S184-D187	NIRSCWAMPLITUDE	184	187	685	n/a	7.8125
S185-D187	NIRSCWAMPLITUDE	185	187	685	n/a	7.8125
S186-D187	NIRSCWAMPLITUDE	186	187	685	n/a	7.8125
S187-D187	NIRSCWAMPLITUDE	187	187	685	n/a	7.8125
S188-D187	NIRSCWAMPLITUDE	188	187	685	n/a	7.8125
S189-D187	NIRSCWAMPLITUDE	189	187	685	n/a	7.8125
S190-D187	NIRSCWAMPLITUDE	190	187	685	n/a	7.8125
S191-D187	NIRSCWAMPLITUDE	191	187	685	n/a	7.8125
S192-D187	NIRSCWAMPLITUDE	192	187	685	n/a	7.8125
S218-D187	NIRSCWAMPLITUDE	218	187	685	n/a	7.8125
S229-D187	NIRSCWAMPLITUDE	229	187	685	n/a	7.8125
S238-D187	NIRSCWAMPLITUDE	238	187	685	n/a	7.8125
S239-D187	NIRSCWAMPLITUDE	239	187	685	n/a	7.8125
S240-D187	NIRSCWAMPLITUDE	240	187	685	n/a	7.8125
S249-D187	NIRSCWAMPLITUDE	249	187	685	n/a	7.8125
S250-D187	NIRSCWAMPLITUDE	250	187	685	n/a	7.8125
S6-D188	NIRSCWAMPLITUDE	6	188	685	n/a	7.8125
S166-D188	NIRSCWAMPLITUDE	166	188	685	n/a	7.8125
S167-D188	NIRSCWAMPLITUDE	167	188	685	n/a	7.8125
S168-D188	NIRSCWAMPLITUDE	168	188	685	n/a	7.8125
S171-D188	NIRSCWAMPLITUDE	171	188	685	n/a	7.8125
S172-D188	NIRSCWAMPLITUDE	172	188	685	n/a	7.8125
S173-D188	NIRSCWAMPLITUDE	173	188	685	n/a	7.8125
S174-D188	NIRSCWAMPLITUDE	174	188	685	n/a	7.8125
S176-D188	NIRSCWAMPLITUDE	176	188	685	n/a	7.8125
S177-D188	NIRSCWAMPLITUDE	177	188	685	n/a	7.8125
S178-D188	NIRSCWAMPLITUDE	178	188	685	n/a	7.8125
S179-D188	NIRSCWAMPLITUDE	179	188	685	n/a	7.8125
S180-D188	NIRSCWAMPLITUDE	180	188	685	n/a	7.8125
S182-D188	NIRSCWAMPLITUDE	182	188	685	n/a	7.8125
S183-D188	NIRSCWAMPLITUDE	183	188	685	n/a	7.8125
S184-D188	NIRSCWAMPLITUDE	184	188	685	n/a	7.8125
S185-D188	NIRSCWAMPLITUDE	185	188	685	n/a	7.8125
S186-D188	NIRSCWAMPLITUDE	186	188	685	n/a	7.8125
S188-D188	NIRSCWAMPLITUDE	188	188	685	n/a	7.8125
S189-D188	NIRSCWAMPLITUDE	189	188	685	n/a	7.8125
S190-D188	NIRSCWAMPLITUDE	190	188	685	n/a	7.8125
S191-D188	NIRSCWAMPLITUDE	191	188	685	n/a	7.8125
S192-D188	NIRSCWAMPLITUDE	192	188	685	n/a	7.8125
S216-D188	NIRSCWAMPLITUDE	216	188	685	n/a	7.8125
S217-D188	NIRSCWAMPLITUDE	217	188	685	n/a	7.8125
S218-D188	NIRSCWAMPLITUDE	218	188	685	n/a	7.8125
S228-D188	NIRSCWAMPLITUDE	228	188	685	n/a	7.8125
S229-D188	NIRSCWAMPLITUDE	229	188	685	n/a	7.8125
S237-D188	NIRSCWAMPLITUDE	237	188	685	n/a	7.8125
S238-D188	NIRSCWAMPLITUDE	238	188	685	n/a	7.8125
S239-D188	NIRSCWAMPLITUDE	239	188	685	n/a	7.8125
S240-D188	NIRSCWAMPLITUDE	240	188	685	n/a	7.8125
S248-D188	NIRSCWAMPLITUDE	248	188	685	n/a	7.8125
S249-D188	NIRSCWAMPLITUDE	249	188	685	n/a	7.8125
S250-D188	NIRSCWAMPLITUDE	250	188	685	n/a	7.8125
S59-D189	NIRSCWAMPLITUDE	59	189	685	n/a	7.8125
S60-D189	NIRSCWAMPLITUDE	60	189	685	n/a	7.8125
S65-D189	NIRSCWAMPLITUDE	65	189	685	n/a	7.8125
S69-D189	NIRSCWAMPLITUDE	69	189	685	n/a	7.8125
S70-D189	NIRSCWAMPLITUDE	70	189	685	n/a	7.8125
S73-D189	NIRSCWAMPLITUDE	73	189	685	n/a	7.8125
S74-D189	NIRSCWAMPLITUDE	74	189	685	n/a	7.8125
S75-D189	NIRSCWAMPLITUDE	75	189	685	n/a	7.8125
S78-D189	NIRSCWAMPLITUDE	78	189	685	n/a	7.8125
S79-D189	NIRSCWAMPLITUDE	79	189	685	n/a	7.8125
S80-D189	NIRSCWAMPLITUDE	80	189	685	n/a	7.8125
S81-D189	NIRSCWAMPLITUDE	81	189	685	n/a	7.8125
S84-D189	NIRSCWAMPLITUDE	84	189	685	n/a	7.8125
S85-D189	NIRSCWAMPLITUDE	85	189	685	n/a	7.8125
S86-D189	NIRSCWAMPLITUDE	86	189	685	n/a	7.8125
S87-D189	NIRSCWAMPLITUDE	87	189	685	n/a	7.8125
S90-D189	NIRSCWAMPLITUDE	90	189	685	n/a	7.8125
S91-D189	NIRSCWAMPLITUDE	91	189	685	n/a	7.8125
S92-D189	NIRSCWAMPLITUDE	92	189	685	n/a	7.8125
S93-D189	NIRSCWAMPLITUDE	93	189	685	n/a	7.8125
S97-D189	NIRSCWAMPLITUDE	97	189	685	n/a	7.8125
S98-D189	NIRSCWAMPLITUDE	98	189	685	n/a	7.8125
S99-D189	NIRSCWAMPLITUDE	99	189	685	n/a	7.8125
S103-D189	NIRSCWAMPLITUDE	103	189	685	n/a	7.8125
S104-D189	NIRSCWAMPLITUDE	104	189	685	n/a	7.8125
S105-D189	NIRSCWAMPLITUDE	105	189	685	n/a	7.8125
S110-D189	NIRSCWAMPLITUDE	110	189	685	n/a	7.8125
S111-D189	NIRSCWAMPLITUDE	111	189	685	n/a	7.8125
S117-D189	NIRSCWAMPLITUDE	117	189	685	n/a	7.8125
S193-D189	NIRSCWAMPLITUDE	193	189	685	n/a	7.8125
S194-D189	NIRSCWAMPLITUDE	194	189	685	n/a	7.8125
S195-D189	NIRSCWAMPLITUDE	195	189	685	n/a	7.8125
S198-D189	NIRSCWAMPLITUDE	198	189	685	n/a	7.8125
S199-D189	NIRSCWAMPLITUDE	199	189	685	n/a	7.8125
S200-D189	NIRSCWAMPLITUDE	200	189	685	n/a	7.8125
S208-D189	NIRSCWAMPLITUDE	208	189	685	n/a	7.8125
S209-D189	NIRSCWAMPLITUDE	209	189	685	n/a	7.8125
S210-D189	NIRSCWAMPLITUDE	210	189	685	n/a	7.8125
S219-D189	NIRSCWAMPLITUDE	219	189	685	n/a	7.8125
S220-D189	NIRSCWAMPLITUDE	220	189	685	n/a	7.8125
S221-D189	NIRSCWAMPLITUDE	221	189	685	n/a	7.8125
S222-D189	NIRSCWAMPLITUDE	222	189	685	n/a	7.8125
S230-D189	NIRSCWAMPLITUDE	230	189	685	n/a	7.8125
S231-D189	NIRSCWAMPLITUDE	231	189	685	n/a	7.8125
S241-D189	NIRSCWAMPLITUDE	241	189	685	n/a	7.8125
S242-D189	NIRSCWAMPLITUDE	242	189	685	n/a	7.8125
S251-D189	NIRSCWAMPLITUDE	251	189	685	n/a	7.8125
S70-D190	NIRSCWAMPLITUDE	70	190	685	n/a	7.8125
S74-D190	NIRSCWAMPLITUDE	74	190	685	n/a	7.8125
S75-D190	NIRSCWAMPLITUDE	75	190	685	n/a	7.8125
S79-D190	NIRSCWAMPLITUDE	79	190	685	n/a	7.8125
S80-D190	NIRSCWAMPLITUDE	80	190	685	n/a	7.8125
S81-D190	NIRSCWAMPLITUDE	81	190	685	n/a	7.8125
S85-D190	NIRSCWAMPLITUDE	85	190	685	n/a	7.8125
S86-D190	NIRSCWAMPLITUDE	86	190	685	n/a	7.8125
S87-D190	NIRSCWAMPLITUDE	87	190	685	n/a	7.8125
S91-D190	NIRSCWAMPLITUDE	91	190	685	n/a	7.8125
S92-D190	NIRSCWAMPLITUDE	92	190	685	n/a	7.8125
S93-D190	NIRSCWAMPLITUDE	93	190	685	n/a	7.8125
S96-D190	NIRSCWAMPLITUDE	96	190	685	n/a	7.8125
S97-D190	NIRSCWAMPLITUDE	97	190	685	n/a	7.8125
S98-D190	NIRSCWAMPLITUDE	98	190	685	n/a	7.8125
S99-D190	NIRSCWAMPLITUDE	99	190	685	n/a	7.8125
S103-D190	NIRSCWAMPLITUDE	103	190	685	n/a	7.8125
S104-D190	NIRSCWAMPLITUDE	104	190	685	n/a	7.8125
S105-D190	NIRSCWAMPLITUDE	105	190	685	n/a	7.8125
S109-D190	NIRSCWAMPLITUDE	109	190	685	n/a	7.8125
S110-D190	NIRSCWAMPLITUDE	110	190	685	n/a	7.8125
S111-D190	NIRSCWAMPLITUDE	111	190	685	n/a	7.8125
S115-D190	NIRSCWAMPLITUDE	115	190	685	n/a	7.8125
S116-D190	NIRSCWAMPLITUDE	116	190	685	n/a	7.8125
S117-D190	NIRSCWAMPLITUDE	117	190	685	n/a	7.8125
S122-D190	NIRSCWAMPLITUDE	122	190	685	n/a	7.8125
S193-D190	NIRSCWAMPLITUDE	193	190	685	n/a	7.8125
S194-D190	NIRSCWAMPLITUDE	194	190	685	n/a	7.8125
S195-D190	NIRSCWAMPLITUDE	195	190	685	n/a	7.8125
S198-D190	NIRSCWAMPLITUDE	198	190	685	n/a	7.8125
S199-D190	NIRSCWAMPLITUDE	199	190	685	n/a	7.8125
S200-D190	NIRSCWAMPLITUDE	200	190	685	n/a	7.8125
S208-D190	NIRSCWAMPLITUDE	208	190	685	n/a	7.8125
S209-D190	NIRSCWAMPLITUDE	209	190	685	n/a	7.8125
S210-D190	NIRSCWAMPLITUDE	210	190	685	n/a	7.8125
S219-D190	NIRSCWAMPLITUDE	219	190	685	n/a	7.8125
S220-D190	NIRSCWAMPLITUDE	220	190	685	n/a	7.8125
S221-D190	NIRSCWAMPLITUDE	221	190	685	n/a	7.8125
S222-D190	NIRSCWAMPLITUDE	222	190	685	n/a	7.8125
S230-D190	NIRSCWAMPLITUDE	230	190	685	n/a	7.8125
S231-D190	NIRSCWAMPLITUDE	231	190	685	n/a	7.8125
S232-D190	NIRSCWAMPLITUDE	232	190	685	n/a	7.8125
S241-D190	NIRSCWAMPLITUDE	241	190	685	n/a	7.8125
S242-D190	NIRSCWAMPLITUDE	242	190	685	n/a	7.8125
S243-D190	NIRSCWAMPLITUDE	243	190	685	n/a	7.8125
S251-D190	NIRSCWAMPLITUDE	251	190	685	n/a	7.8125
S252-D190	NIRSCWAMPLITUDE	252	190	685	n/a	7.8125
S47-D191	NIRSCWAMPLITUDE	47	191	685	n/a	7.8125
S48-D191	NIRSCWAMPLITUDE	48	191	685	n/a	7.8125
S52-D191	NIRSCWAMPLITUDE	52	191	685	n/a	7.8125
S53-D191	NIRSCWAMPLITUDE	53	191	685	n/a	7.8125
S54-D191	NIRSCWAMPLITUDE	54	191	685	n/a	7.8125
S58-D191	NIRSCWAMPLITUDE	58	191	685	n/a	7.8125
S59-D191	NIRSCWAMPLITUDE	59	191	685	n/a	7.8125
S60-D191	NIRSCWAMPLITUDE	60	191	685	n/a	7.8125
S65-D191	NIRSCWAMPLITUDE	65	191	685	n/a	7.8125
S69-D191	NIRSCWAMPLITUDE	69	191	685	n/a	7.8125
S70-D191	NIRSCWAMPLITUDE	70	191	685	n/a	7.8125
S74-D191	NIRSCWAMPLITUDE	74	191	685	n/a	7.8125
S75-D191	NIRSCWAMPLITUDE	75	191	685	n/a	7.8125
S80-D191	NIRSCWAMPLITUDE	80	191	685	n/a	7.8125
S81-D191	NIRSCWAMPLITUDE	81	191	685	n/a	7.8125
S86-D191	NIRSCWAMPLITUDE	86	191	685	n/a	7.8125
S87-D191	NIRSCWAMPLITUDE	87	191	685	n/a	7.8125
S93-D191	NIRSCWAMPLITUDE	93	191	685	n/a	7.8125
S99-D191	NIRSCWAMPLITUDE	99	191	685	n/a	7.8125
S193-D191	NIRSCWAMPLITUDE	193	191	685	n/a	7.8125
S194-D191	NIRSCWAMPLITUDE	194	191	685	n/a	7.8125
S195-D191	NIRSCWAMPLITUDE	195	191	685	n/a	7.8125
S196-D191	NIRSCWAMPLITUDE	196	191	685	n/a	7.8125
S197-D191	NIRSCWAMPLITUDE	197	191	685	n/a	7.8125
S198-D191	NIRSCWAMPLITUDE	198	191	685	n/a	7.8125
S199-D191	NIRSCWAMPLITUDE	199	191	685	n/a	7.8125
S200-D191	NIRSCWAMPLITUDE	200	191	685	n/a	7.8125
S201-D191	NIRSCWAMPLITUDE	201	191	685	n/a	7.8125
S202-D191	NIRSCWAMPLITUDE	202	191	685	n/a	7.8125
S208-D191	NIRSCWAMPLITUDE	208	191	685	n/a	7.8125
S209-D191	NIRSCWAMPLITUDE	209	191	685	n/a	7.8125
S210-D191	NIRSCWAMPLITUDE	210	191	685	n/a	7.8125
S211-D191	NIRSCWAMPLITUDE	211	191	685	n/a	7.8125
S212-D191	NIRSCWAMPLITUDE	212	191	685	n/a	7.8125
S219-D191	NIRSCWAMPLITUDE	219	191	685	n/a	7.8125
S220-D191	NIRSCWAMPLITUDE	220	191	685	n/a	7.8125
S221-D191	NIRSCWAMPLITUDE	221	191	685	n/a	7.8125
S222-D191	NIRSCWAMPLITUDE	222	191	685	n/a	7.8125
S223-D191	NIRSCWAMPLITUDE	223	191	685	n/a	7.8125
S230-D191	NIRSCWAMPLITUDE	230	191	685	n/a	7.8125
S231-D191	NIRSCWAMPLITUDE	231	191	685	n/a	7.8125
S232-D191	NIRSCWAMPLITUDE	232	191	685	n/a	7.8125
S251-D191	NIRSCWAMPLITUDE	251	191	685	n/a	7.8125
S42-D192	NIRSCWAMPLITUDE	42	192	685	n/a	7.8125
S47-D192	NIRSCWAMPLITUDE	47	192	685	n/a	7.8125
S48-D192	NIRSCWAMPLITUDE	48	192	685	n/a	7.8125
S52-D192	NIRSCWAMPLITUDE	52	192	685	n/a	7.8125
S53-D192	NIRSCWAMPLITUDE	53	192	685	n/a	7.8125
S54-D192	NIRSCWAMPLITUDE	54	192	685	n/a	7.8125
S58-D192	NIRSCWAMPLITUDE	58	192	685	n/a	7.8125
S59-D192	NIRSCWAMPLITUDE	59	192	685	n/a	7.8125
S60-D192	NIRSCWAMPLITUDE	60	192	685	n/a	7.8125
S65-D192	NIRSCWAMPLITUDE	65	192	685	n/a	7.8125
S70-D192	NIRSCWAMPLITUDE	70	192	685	n/a	7.8125
S75-D192	NIRSCWAMPLITUDE	75	192	685	n/a	7.8125
S81-D192	NIRSCWAMPLITUDE	81	192	685	n/a	7.8125
S87-D192	NIRSCWAMPLITUDE	87	192	685	n/a	7.8125
S193-D192	NIRSCWAMPLITUDE	193	192	685	n/a	7.8125
S194-D192	NIRSCWAMPLITUDE	194	192	685	n/a	7.8125
S195-D192	NIRSCWAMPLITUDE	195	192	685	n/a	7.8125
S196-D192	NIRSCWAMPLITUDE	196	192	685	n/a	7.8125
S197-D192	NIRSCWAMPLITUDE	197	192	685	n/a	7.8125
S198-D192	NIRSCWAMPLITUDE	198	192	685	n/a	7.8125
S199-D192	NIRSCWAMPLITUDE	199	192	685	n/a	7.8125
S200-D192	NIRSCWAMPLITUDE	200	192	685	n/a	7.8125
S201-D192	NIRSCWAMPLITUDE	201	192	685	n/a	7.8125
S202-D192	NIRSCWAMPLITUDE	202	192	685	n/a	7.8125
S203-D192	NIRSCWAMPLITUDE	203	192	685	n/a	7.8125
S208-D192	NIRSCWAMPLITUDE	208	192	685	n/a	7.8125
S209-D192	NIRSCWAMPLITUDE	209	192	685	n/a	7.8125
S210-D192	NIRSCWAMPLITUDE	210	192	685	n/a	7.8125
S211-D192	NIRSCWAMPLITUDE	211	192	685	n/a	7.8125
S212-D192	NIRSCWAMPLITUDE	212	192	685	n/a	7.8125
S213-D192	NIRSCWAMPLITUDE	213	192	685	n/a	7.8125
S219-D192	NIRSCWAMPLITUDE	219	192	685	n/a	7.8125
S220-D192	NIRSCWAMPLITUDE	220	192	685	n/a	7.8125
S221-D192	NIRSCWAMPLITUDE	221	192	685	n/a	7.8125
S222-D192	NIRSCWAMPLITUDE	222	192	685	n/a	7.8125
S223-D192	NIRSCWAMPLITUDE	223	192	685	n/a	7.8125
S224-D192	NIRSCWAMPLITUDE	224	192	685	n/a	7.8125
S230-D192	NIRSCWAMPLITUDE	230	192	685	n/a	7.8125
S231-D192	NIRSCWAMPLITUDE	231	192	685	n/a	7.8125
S232-D192	NIRSCWAMPLITUDE	232	192	685	n/a	7.8125
S233-D192	NIRSCWAMPLITUDE	233	192	685	n/a	7.8125
S251-D192	NIRSCWAMPLITUDE	251	192	685	n/a	7.8125
S36-D193	NIRSCWAMPLITUDE	36	193	685	n/a	7.8125
S41-D193	NIRSCWAMPLITUDE	41	193	685	n/a	7.8125
S42-D193	NIRSCWAMPLITUDE	42	193	685	n/a	7.8125
S47-D193	NIRSCWAMPLITUDE	47	193	685	n/a	7.8125
S48-D193	NIRSCWAMPLITUDE	48	193	685	n/a	7.8125
S52-D193	NIRSCWAMPLITUDE	52	193	685	n/a	7.8125
S53-D193	NIRSCWAMPLITUDE	53	193	685	n/a	7.8125
S54-D193	NIRSCWAMPLITUDE	54	193	685	n/a	7.8125
S58-D193	NIRSCWAMPLITUDE	58	193	685	n/a	7.8125
S59-D193	NIRSCWAMPLITUDE	59	193	685	n/a	7.8125
S60-D193	NIRSCWAMPLITUDE	60	193	685	n/a	7.8125
S193-D193	NIRSCWAMPLITUDE	193	193	685	n/a	7.8125
S194-D193	NIRSCWAMPLITUDE	194	193	685	n/a	7.8125
S195-D193	NIRSCWAMPLITUDE	195	193	685	n/a	7.8125
S196-D193	NIRSCWAMPLITUDE	196	193	685	n/a	7.8125
S197-D193	NIRSCWAMPLITUDE	197	193	685	n/a	7.8125
S198-D193	NIRSCWAMPLITUDE	198	193	685	n/a	7.8125
S199-D193	NIRSCWAMPLITUDE	199	193	685	n/a	7.8125
S200-D193	NIRSCWAMPLITUDE	200	193	685	n/a	7.8125
S201-D193	NIRSCWAMPLITUDE	201	193	685	n/a	7.8125
S202-D193	NIRSCWAMPLITUDE	202	193	685	n/a	7.8125
S203-D193	NIRSCWAMPLITUDE	203	193	685	n/a	7.8125
S204-D193	NIRSCWAMPLITUDE	204	193	685	n/a	7.8125
S208-D193	NIRSCWAMPLITUDE	208	193	685	n/a	7.8125
S209-D193	NIRSCWAMPLITUDE	209	193	685	n/a	7.8125
S210-D193	NIRSCWAMPLITUDE	210	193	685	n/a	7.8125
S211-D193	NIRSCWAMPLITUDE	211	193	685	n/a	7.8125
S212-D193	NIRSCWAMPLITUDE	212	193	685	n/a	7.8125
S213-D193	NIRSCWAMPLITUDE	213	193	685	n/a	7.8125
S214-D193	NIRSCWAMPLITUDE	214	193	685	n/a	7.8125
S219-D193	NIRSCWAMPLITUDE	219	193	685	n/a	7.8125
S220-D193	NIRSCWAMPLITUDE	220	193	685	n/a	7.8125
S221-D193	NIRSCWAMPLITUDE	221	193	685	n/a	7.8125
S222-D193	NIRSCWAMPLITUDE	222	193	685	n/a	7.8125
S223-D193	NIRSCWAMPLITUDE	223	193	685	n/a	7.8125
S224-D193	NIRSCWAMPLITUDE	224	193	685	n/a	7.8125
S225-D193	NIRSCWAMPLITUDE	225	193	685	n/a	7.8125
S230-D193	NIRSCWAMPLITUDE	230	193	685	n/a	7.8125
S231-D193	NIRSCWAMPLITUDE	231	193	685	n/a	7.8125
S232-D193	NIRSCWAMPLITUDE	232	193	685	n/a	7.8125
S233-D193	NIRSCWAMPLITUDE	233	193	685	n/a	7.8125
S234-D193	NIRSCWAMPLITUDE	234	193	685	n/a	7.8125
S235-D193	NIRSCWAMPLITUDE	235	193	685	n/a	7.8125
S30-D194	NIRSCWAMPLITUDE	30	194	685	n/a	7.8125
S35-D194	NIRSCWAMPLITUDE	35	194	685	n/a	7.8125
S36-D194	NIRSCWAMPLITUDE	36	194	685	n/a	7.8125
S41-D194	NIRSCWAMPLITUDE	41	194	685	n/a	7.8125
S42-D194	NIRSCWAMPLITUDE	42	194	685	n/a	7.8125
S47-D194	NIRSCWAMPLITUDE	47	194	685	n/a	7.8125
S48-D194	NIRSCWAMPLITUDE	48	194	685	n/a	7.8125
S53-D194	NIRSCWAMPLITUDE	53	194	685	n/a	7.8125
S54-D194	NIRSCWAMPLITUDE	54	194	685	n/a	7.8125
S59-D194	NIRSCWAMPLITUDE	59	194	685	n/a	7.8125
S60-D194	NIRSCWAMPLITUDE	60	194	685	n/a	7.8125
S194-D194	NIRSCWAMPLITUDE	194	194	685	n/a	7.8125
S195-D194	NIRSCWAMPLITUDE	195	194	685	n/a	7.8125
S196-D194	NIRSCWAMPLITUDE	196	194	685	n/a	7.8125
S197-D194	NIRSCWAMPLITUDE	197	194	685	n/a	7.8125
S198-D194	NIRSCWAMPLITUDE	198	194	685	n/a	7.8125
S199-D194	NIRSCWAMPLITUDE	199	194	685	n/a	7.8125
S200-D194	NIRSCWAMPLITUDE	200	194	685	n/a	7.8125
S201-D194	NIRSCWAMPLITUDE	201	194	685	n/a	7.8125
S202-D194	NIRSCWAMPLITUDE	202	194	685	n/a	7.8125
S203-D194	NIRSCWAMPLITUDE	203	194	685	n/a	7.8125
S204-D194	NIRSCWAMPLITUDE	204	194	685	n/a	7.8125
S205-D194	NIRSCWAMPLITUDE	205	194	685	n/a	7.8125
S208-D194	NIRSCWAMPLITUDE	208	194	685	n/a	7.8125
S209-D194	NIRSCWAMPLITUDE	209	194	685	n/a	7.8125
S210-D194	NIRSCWAMPLITUDE	210	194	685	n/a	7.8125
S211-D194	NIRSCWAMPLITUDE	211	194	685	n/a	7.8125
S212-D194	NIRSCWAMPLITUDE	212	194	685	n/a	7.8125
S213-D194	NIRSCWAMPLITUDE	213	194	685	n/a	7.8125
S214-D194	NIRSCWAMPLITUDE	214	194	685	n/a	7.8125
S215-D194	NIRSCWAMPLITUDE	215	194	685	n/a	7.8125
S220-D194	NIRSCWAMPLITUDE	220	194	685	n/a	7.8125
S221-D194	NIRSCWAMPLITUDE	221	194	685	n/a	7.8125
S222-D194	NIRSCWAMPLITUDE	222	194	685	n/a	7.8125
S223-D194	NIRSCWAMPLITUDE	223	194	685	n/a	7.8125
S224-D194	NIRSCWAMPLITUDE	224	194	685	n/a	7.8125
S225-D194	NIRSCWAMPLITUDE	225	194	685	n/a	7.8125
S226-D194	NIRSCWAMPLITUDE	226	194	685	n/a	7.8125
S227-D194	NIRSCWAMPLITUDE	227	194	685	n/a	7.8125
S231-D194	NIRSCWAMPLITUDE	231	194	685	n/a	7.8125
S232-D194	NIRSCWAMPLITUDE	232	194	685	n/a	7.8125
S233-D194	NIRSCWAMPLITUDE	233	194	685	n/a	7.8125
S234-D194	NIRSCWAMPLITUDE	234	194	685	n/a	7.8125
S235-D194	NIRSCWAMPLITUDE	235	194	685	n/a	7.8125
S236-D194	NIRSCWAMPLITUDE	236	194	685	n/a	7.8125
S24-D195	NIRSCWAMPLITUDE	24	195	685	n/a	7.8125
S29-D195	NIRSCWAMPLITUDE	29	195	685	n/a	7.8125
S30-D195	NIRSCWAMPLITUDE	30	195	685	n/a	7.8125
S35-D195	NIRSCWAMPLITUDE	35	195	685	n/a	7.8125
S36-D195	NIRSCWAMPLITUDE	36	195	685	n/a	7.8125
S41-D195	NIRSCWAMPLITUDE	41	195	685	n/a	7.8125
S42-D195	NIRSCWAMPLITUDE	42	195	685	n/a	7.8125
S47-D195	NIRSCWAMPLITUDE	47	195	685	n/a	7.8125
S48-D195	NIRSCWAMPLITUDE	48	195	685	n/a	7.8125
S53-D195	NIRSCWAMPLITUDE	53	195	685	n/a	7.8125
S54-D195	NIRSCWAMPLITUDE	54	195	685	n/a	7.8125
S59-D195	NIRSCWAMPLITUDE	59	195	685	n/a	7.8125
S60-D195	NIRSCWAMPLITUDE	60	195	685	n/a	7.8125
S194-D195	NIRSCWAMPLITUDE	194	195	685	n/a	7.8125
S195-D195	NIRSCWAMPLITUDE	195	195	685	n/a	7.8125
S196-D195	NIRSCWAMPLITUDE	196	195	685	n/a	7.8125
S197-D195	NIRSCWAMPLITUDE	197	195	685	n/a	7.8125
S199-D195	NIRSCWAMPLITUDE	199	195	685	n/a	7.8125
S200-D195	NIRSCWAMPLITUDE	200	195	685	n/a	7.8125
S201-D195	NIRSCWAMPLITUDE	201	195	685	n/a	7.8125
S202-D195	NIRSCWAMPLITUDE	202	195	685	n/a	7.8125
S203-D195	NIRSCWAMPLITUDE	203	195	685	n/a	7.8125
S204-D195	NIRSCWAMPLITUDE	204	195	685	n/a	7.8125
S205-D195	NIRSCWAMPLITUDE	205	195	685	n/a	7.8125
S206-D195	NIRSCWAMPLITUDE	206	195	685	n/a	7.8125
S209-D195	NIRSCWAMPLITUDE	209	195	685	n/a	7.8125
S210-D195	NIRSCWAMPLITUDE	210	195	685	n/a	7.8125
S211-D195	NIRSCWAMPLITUDE	211	195	685	n/a	7.8125
S212-D195	NIRSCWAMPLITUDE	212	195	685	n/a	7.8125
S213-D195	NIRSCWAMPLITUDE	213	195	685	n/a	7.8125
S214-D195	NIRSCWAMPLITUDE	214	195	685	n/a	7.8125
S215-D195	NIRSCWAMPLITUDE	215	195	685	n/a	7.8125
S216-D195	NIRSCWAMPLITUDE	216	195	685	n/a	7.8125
S221-D195	NIRSCWAMPLITUDE	221	195	685	n/a	7.8125
S222-D195	NIRSCWAMPLITUDE	222	195	685	n/a	7.8125
S223-D195	NIRSCWAMPLITUDE	223	195	685	n/a	7.8125
S224-D195	NIRSCWAMPLITUDE	224	195	685	n/a	7.8125
S225-D195	NIRSCWAMPLITUDE	225	195	685	n/a	7.8125
S226-D195	NIRSCWAMPLITUDE	226	195	685	n/a	7.8125
S227-D195	NIRSCWAMPLITUDE	227	195	685	n/a	7.8125
S228-D195	NIRSCWAMPLITUDE	228	195	685	n/a	7.8125
S233-D195	NIRSCWAMPLITUDE	233	195	685	n/a	7.8125
S234-D195	NIRSCWAMPLITUDE	234	195	685	n/a	7.8125
S235-D195	NIRSCWAMPLITUDE	235	195	685	n/a	7.8125
S236-D195	NIRSCWAMPLITUDE	236	195	685	n/a	7.8125
S237-D195	NIRSCWAMPLITUDE	237	195	685	n/a	7.8125
S12-D196	NIRSCWAMPLITUDE	12	196	685	n/a	7.8125
S17-D196	NIRSCWAMPLITUDE	17	196	685	n/a	7.8125
S18-D196	NIRSCWAMPLITUDE	18	196	685	n/a	7.8125
S23-D196	NIRSCWAMPLITUDE	23	196	685	n/a	7.8125
S24-D196	NIRSCWAMPLITUDE	24	196	685	n/a	7.8125
S28-D196	NIRSCWAMPLITUDE	28	196	685	n/a	7.8125
S29-D196	NIRSCWAMPLITUDE	29	196	685	n/a	7.8125
S30-D196	NIRSCWAMPLITUDE	30	196	685	n/a	7.8125
S34-D196	NIRSCWAMPLITUDE	34	196	685	n/a	7.8125
S35-D196	NIRSCWAMPLITUDE	35	196	685	n/a	7.8125
S36-D196	NIRSCWAMPLITUDE	36	196	685	n/a	7.8125
S40-D196	NIRSCWAMPLITUDE	40	196	685	n/a	7.8125
S41-D196	NIRSCWAMPLITUDE	41	196	685	n/a	7.8125
S42-D196	NIRSCWAMPLITUDE	42	196	685	n/a	7.8125
S47-D196	NIRSCWAMPLITUDE	47	196	685	n/a	7.8125
S48-D196	NIRSCWAMPLITUDE	48	196	685	n/a	7.8125
S53-D196	NIRSCWAMPLITUDE	53	196	685	n/a	7.8125
S54-D196	NIRSCWAMPLITUDE	54	196	685	n/a	7.8125
S60-D196	NIRSCWAMPLITUDE	60	196	685	n/a	7.8125
S195-D196	NIRSCWAMPLITUDE	195	196	685	n/a	7.8125
S196-D196	NIRSCWAMPLITUDE	196	196	685	n/a	7.8125
S197-D196	NIRSCWAMPLITUDE	197	196	685	n/a	7.8125
S200-D196	NIRSCWAMPLITUDE	200	196	685	n/a	7.8125
S201-D196	NIRSCWAMPLITUDE	201	196	685	n/a	7.8125
S202-D196	NIRSCWAMPLITUDE	202	196	685	n/a	7.8125
S203-D196	NIRSCWAMPLITUDE	203	196	685	n/a	7.8125
S204-D196	NIRSCWAMPLITUDE	204	196	685	n/a	7.8125
S205-D196	NIRSCWAMPLITUDE	205	196	685	n/a	7.8125
S206-D196	NIRSCWAMPLITUDE	206	196	685	n/a	7.8125
S207-D196	NIRSCWAMPLITUDE	207	196	685	n/a	7.8125
S210-D196	NIRSCWAMPLITUDE	210	196	685	n/a	7.8125
S211-D196	NIRSCWAMPLITUDE	211	196	685	n/a	7.8125
S212-D196	NIRSCWAMPLITUDE	212	196	685	n/a	7.8125
S213-D196	NIRSCWAMPLITUDE	213	196	685	n/a	7.8125
S214-D196	NIRSCWAMPLITUDE	214	196	685	n/a	7.8125
S215-D196	NIRSCWAMPLITUDE	215	196	685	n/a	7.8125
S216-D196	NIRSCWAMPLITUDE	216	196	685	n/a	7.8125
S217-D196	NIRSCWAMPLITUDE	217	196	685	n/a	7.8125
S223-D196	NIRSCWAMPLITUDE	223	196	685	n/a	7.8125
S224-D196	NIRSCWAMPLITUDE	224	196	685	n/a	7.8125
S225-D196	NIRSCWAMPLITUDE	225	196	685	n/a	7.8125
S226-D196	NIRSCWAMPLITUDE	226	196	685	n/a	7.8125
S227-D196	NIRSCWAMPLITUDE	227	196	685	n/a	7.8125
S228-D196	NIRSCWAMPLITUDE	228	196	685	n/a	7.8125
S229-D196	NIRSCWAMPLITUDE	229	196	685	n/a	7.8125
S234-D196	NIRSCWAMPLITUDE	234	196	685	n/a	7.8125
S235-D196	NIRSCWAMPLITUDE	235	196	685	n/a	7.8125
S236-D196	NIRSCWAMPLITUDE	236	196	685	n/a	7.8125
S237-D196	NIRSCWAMPLITUDE	237	196	685	n/a	7.8125
S238-D196	NIRSCWAMPLITUDE	238	196	685	n/a	7.8125
S6-D197	NIRSCWAMPLITUDE	6	197	685	n/a	7.8125
S11-D197	NIRSCWAMPLITUDE	11	197	685	n/a	7.8125
S12-D197	NIRSCWAMPLITUDE	12	197	685	n/a	7.8125
S16-D197	NIRSCWAMPLITUDE	16	197	685	n/a	7.8125
S17-D197	NIRSCWAMPLITUDE	17	197	685	n/a	7.8125
S18-D197	NIRSCWAMPLITUDE	18	197	685	n/a	7.8125
S22-D197	NIRSCWAMPLITUDE	22	197	685	n/a	7.8125
S23-D197	NIRSCWAMPLITUDE	23	197	685	n/a	7.8125
S24-D197	NIRSCWAMPLITUDE	24	197	685	n/a	7.8125
S28-D197	NIRSCWAMPLITUDE	28	197	685	n/a	7.8125
S29-D197	NIRSCWAMPLITUDE	29	197	685	n/a	7.8125
S30-D197	NIRSCWAMPLITUDE	30	197	685	n/a	7.8125
S34-D197	NIRSCWAMPLITUDE	34	197	685	n/a	7.8125
S35-D197	NIRSCWAMPLITUDE	35	197	685	n/a	7.8125
S36-D197	NIRSCWAMPLITUDE	36	197	685	n/a	7.8125
S40-D197	NIRSCWAMPLITUDE	40	197	685	n/a	7.8125
S41-D197	NIRSCWAMPLITUDE	41	197	685	n/a	7.8125
S42-D197	NIRSCWAMPLITUDE	42	197	685	n/a	7.8125
S47-D197	NIRSCWAMPLITUDE	47	197	685	n/a	7.8125
S48-D197	NIRSCWAMPLITUDE	48	197	685	n/a	7.8125
S54-D197	NIRSCWAMPLITUDE	54	197	685	n/a	7.8125
S195-D197	NIRSCWAMPLITUDE	195	197	685	n/a	7.8125
S196-D197	NIRSCWAMPLITUDE	196	197	685	n/a	7.8125
S197-D197	NIRSCWAMPLITUDE	197	197	685	n/a	7.8125
S201-D197	NIRSCWAMPLITUDE	201	197	685	n/a	7.8125
S202-D197	NIRSCWAMPLITUDE	202	197	685	n/a	7.8125
S203-D197	NIRSCWAMPLITUDE	203	197	685	n/a	7.8125
S204-D197	NIRSCWAMPLITUDE	204	197	685	n/a	7.8125
S205-D197	NIRSCWAMPLITUDE	205	197	685	n/a	7.8125
S206-D197	NIRSCWAMPLITUDE	206	197	685	n/a	7.8125
S207-D197	NIRSCWAMPLITUDE	207	197	685	n/a	7.8125
S211-D197	NIRSCWAMPLITUDE	211	197	685	n/a	7.8125
S212-D197	NIRSCWAMPLITUDE	212	197	685	n/a	7.8125
S213-D197	NIRSCWAMPLITUDE	213	197	685	n/a	7.8125
S214-D197	NIRSCWAMPLITUDE	214	197	685	n/a	7.8125
S215-D197	NIRSCWAMPLITUDE	215	197	685	n/a	7.8125
S216-D197	NIRSCWAMPLITUDE	216	197	685	n/a	7.8125
S217-D197	NIRSCWAMPLITUDE	217	197	685	n/a	7.8125
S218-D197	NIRSCWAMPLITUDE	218	197	685	n/a	7.8125
S224-D197	NIRSCWAMPLITUDE	224	197	685	n/a	7.8125
S225-D197	NIRSCWAMPLITUDE	225	197	685	n/a	7.8125
S226-D197	NIRSCWAMPLITUDE	226	197	685	n/a	7.8125
S227-D197	NIRSCWAMPLITUDE	227	197	685	n/a	7.8125
S228-D197	NIRSCWAMPLITUDE	228	197	685	n/a	7.8125
S229-D197	NIRSCWAMPLITUDE	229	197	685	n/a	7.8125
S234-D197	NIRSCWAMPLITUDE	234	197	685	n/a	7.8125
S235-D197	NIRSCWAMPLITUDE	235	197	685	n/a	7.8125
S236-D197	NIRSCWAMPLITUDE	236	197	685	n/a	7.8125
S237-D197	NIRSCWAMPLITUDE	237	197	685	n/a	7.8125
S238-D197	NIRSCWAMPLITUDE	238	197	685	n/a	7.8125
S239-D197	NIRSCWAMPLITUDE	239	197	685	n/a	7.8125
S5-D198	NIRSCWAMPLITUDE	5	198	685	n/a	7.8125
S6-D198	NIRSCWAMPLITUDE	6	198	685	n/a	7.8125
S10-D198	NIRSCWAMPLITUDE	10	198	685	n/a	7.8125
S11-D198	NIRSCWAMPLITUDE	11	198	685	n/a	7.8125
S12-D198	NIRSCWAMPLITUDE	12	198	685	n/a	7.8125
S16-D198	NIRSCWAMPLITUDE	16	198	685	n/a	7.8125
S17-D198	NIRSCWAMPLITUDE	17	198	685	n/a	7.8125
S18-D198	NIRSCWAMPLITUDE	18	198	685	n/a	7.8125
S22-D198	NIRSCWAMPLITUDE	22	198	685	n/a	7.8125
S23-D198	NIRSCWAMPLITUDE	23	198	685	n/a	7.8125
S24-D198	NIRSCWAMPLITUDE	24	198	685	n/a	7.8125
S28-D198	NIRSCWAMPLITUDE	28	198	685	n/a	7.8125
S29-D198	NIRSCWAMPLITUDE	29	198	685	n/a	7.8125
S30-D198	NIRSCWAMPLITUDE	30	198	685	n/a	7.8125
S34-D198	NIRSCWAMPLITUDE	34	198	685	n/a	7.8125
S35-D198	NIRSCWAMPLITUDE	35	198	685	n/a	7.8125
S36-D198	NIRSCWAMPLITUDE	36	198	685	n/a	7.8125
S41-D198	NIRSCWAMPLITUDE	41	198	685	n/a	7.8125
S42-D198	NIRSCWAMPLITUDE	42	198	685	n/a	7.8125
S48-D198	NIRSCWAMPLITUDE	48	198	685	n/a	7.8125
S196-D198	NIRSCWAMPLITUDE	196	198	685	n/a	7.8125
S197-D198	NIRSCWAMPLITUDE	197	198	685	n/a	7.8125
S202-D198	NIRSCWAMPLITUDE	202	198	685	n/a	7.8125
S203-D198	NIRSCWAMPLITUDE	203	198	685	n/a	7.8125
S204-D198	NIRSCWAMPLITUDE	204	198	685	n/a	7.8125
S205-D198	NIRSCWAMPLITUDE	205	198	685	n/a	7.8125
S206-D198	NIRSCWAMPLITUDE	206	198	685	n/a	7.8125
S207-D198	NIRSCWAMPLITUDE	207	198	685	n/a	7.8125
S212-D198	NIRSCWAMPLITUDE	212	198	685	n/a	7.8125
S213-D198	NIRSCWAMPLITUDE	213	198	685	n/a	7.8125
S214-D198	NIRSCWAMPLITUDE	214	198	685	n/a	7.8125
S215-D198	NIRSCWAMPLITUDE	215	198	685	n/a	7.8125
S216-D198	NIRSCWAMPLITUDE	216	198	685	n/a	7.8125
S217-D198	NIRSCWAMPLITUDE	217	198	685	n/a	7.8125
S218-D198	NIRSCWAMPLITUDE	218	198	685	n/a	7.8125
S225-D198	NIRSCWAMPLITUDE	225	198	685	n/a	7.8125
S226-D198	NIRSCWAMPLITUDE	226	198	685	n/a	7.8125
S227-D198	NIRSCWAMPLITUDE	227	198	685	n/a	7.8125
S228-D198	NIRSCWAMPLITUDE	228	198	685	n/a	7.8125
S229-D198	NIRSCWAMPLITUDE	229	198	685	n/a	7.8125
S236-D198	NIRSCWAMPLITUDE	236	198	685	n/a	7.8125
S237-D198	NIRSCWAMPLITUDE	237	198	685	n/a	7.8125
S238-D198	NIRSCWAMPLITUDE	238	198	685	n/a	7.8125
S239-D198	NIRSCWAMPLITUDE	239	198	685	n/a	7.8125
S240-D198	NIRSCWAMPLITUDE	240	198	685	n/a	7.8125
S54-D199	NIRSCWAMPLITUDE	54	199	685	n/a	7.8125
S59-D199	NIRSCWAMPLITUDE	59	199	685	n/a	7.8125
S60-D199	NIRSCWAMPLITUDE	60	199	685	n/a	7.8125
S65-D199	NIRSCWAMPLITUDE	65	199	685	n/a	7.8125
S70-D199	NIRSCWAMPLITUDE	70	199	685	n/a	7.8125
S74-D199	NIRSCWAMPLITUDE	74	199	685	n/a	7.8125
S75-D199	NIRSCWAMPLITUDE	75	199	685	n/a	7.8125
S79-D199	NIRSCWAMPLITUDE	79	199	685	n/a	7.8125
S80-D199	NIRSCWAMPLITUDE	80	199	685	n/a	7.8125
S81-D199	NIRSCWAMPLITUDE	81	199	685	n/a	7.8125
S85-D199	NIRSCWAMPLITUDE	85	199	685	n/a	7.8125
S86-D199	NIRSCWAMPLITUDE	86	199	685	n/a	7.8125
S87-D199	NIRSCWAMPLITUDE	87	199	685	n/a	7.8125
S91-D199	NIRSCWAMPLITUDE	91	199	685	n/a	7.8125
S92-D199	NIRSCWAMPLITUDE	92	199	685	n/a	7.8125
S93-D199	NIRSCWAMPLITUDE	93	199	685	n/a	7.8125
S98-D199	NIRSCWAMPLITUDE	98	199	685	n/a	7.8125
S99-D199	NIRSCWAMPLITUDE	99	199	685	n/a	7.8125
S104-D199	NIRSCWAMPLITUDE	104	199	685	n/a	7.8125
S105-D199	NIRSCWAMPLITUDE	105	199	685	n/a	7.8125
S111-D199	NIRSCWAMPLITUDE	111	199	685	n/a	7.8125
S117-D199	NIRSCWAMPLITUDE	117	199	685	n/a	7.8125
S193-D199	NIRSCWAMPLITUDE	193	199	685	n/a	7.8125
S194-D199	NIRSCWAMPLITUDE	194	199	685	n/a	7.8125
S195-D199	NIRSCWAMPLITUDE	195	199	685	n/a	7.8125
S196-D199	NIRSCWAMPLITUDE	196	199	685	n/a	7.8125
S198-D199	NIRSCWAMPLITUDE	198	199	685	n/a	7.8125
S199-D199	NIRSCWAMPLITUDE	199	199	685	n/a	7.8125
S200-D199	NIRSCWAMPLITUDE	200	199	685	n/a	7.8125
S201-D199	NIRSCWAMPLITUDE	201	199	685	n/a	7.8125
S208-D199	NIRSCWAMPLITUDE	208	199	685	n/a	7.8125
S209-D199	NIRSCWAMPLITUDE	209	199	685	n/a	7.8125
S210-D199	NIRSCWAMPLITUDE	210	199	685	n/a	7.8125
S211-D199	NIRSCWAMPLITUDE	211	199	685	n/a	7.8125
S219-D199	NIRSCWAMPLITUDE	219	199	685	n/a	7.8125
S220-D199	NIRSCWAMPLITUDE	220	199	685	n/a	7.8125
S221-D199	NIRSCWAMPLITUDE	221	199	685	n/a	7.8125
S222-D199	NIRSCWAMPLITUDE	222	199	685	n/a	7.8125
S223-D199	NIRSCWAMPLITUDE	223	199	685	n/a	7.8125
S230-D199	NIRSCWAMPLITUDE	230	199	685	n/a	7.8125
S231-D199	NIRSCWAMPLITUDE	231	199	685	n/a	7.8125
S232-D199	NIRSCWAMPLITUDE	232	199	685	n/a	7.8125
S233-D199	NIRSCWAMPLITUDE	233	199	685	n/a	7.8125
S241-D199	NIRSCWAMPLITUDE	241	199	685	n/a	7.8125
S242-D199	NIRSCWAMPLITUDE	242	199	685	n/a	7.8125
S243-D199	NIRSCWAMPLITUDE	243	199	685	n/a	7.8125
S251-D199	NIRSCWAMPLITUDE	251	199	685	n/a	7.8125
S54-D200	NIRSCWAMPLITUDE	54	200	685	n/a	7.8125
S59-D200	NIRSCWAMPLITUDE	59	200	685	n/a	7.8125
S60-D200	NIRSCWAMPLITUDE	60	200	685	n/a	7.8125
S70-D200	NIRSCWAMPLITUDE	70	200	685	n/a	7.8125
S75-D200	NIRSCWAMPLITUDE	75	200	685	n/a	7.8125
S80-D200	NIRSCWAMPLITUDE	80	200	685	n/a	7.8125
S81-D200	NIRSCWAMPLITUDE	81	200	685	n/a	7.8125
S86-D200	NIRSCWAMPLITUDE	86	200	685	n/a	7.8125
S87-D200	NIRSCWAMPLITUDE	87	200	685	n/a	7.8125
S93-D200	NIRSCWAMPLITUDE	93	200	685	n/a	7.8125
S99-D200	NIRSCWAMPLITUDE	99	200	685	n/a	7.8125
S105-D200	NIRSCWAMPLITUDE	105	200	685	n/a	7.8125
S111-D200	NIRSCWAMPLITUDE	111	200	685	n/a	7.8125
S193-D200	NIRSCWAMPLITUDE	193	200	685	n/a	7.8125
S194-D200	NIRSCWAMPLITUDE	194	200	685	n/a	7.8125
S195-D200	NIRSCWAMPLITUDE	195	200	685	n/a	7.8125
S196-D200	NIRSCWAMPLITUDE	196	200	685	n/a	7.8125
S197-D200	NIRSCWAMPLITUDE	197	200	685	n/a	7.8125
S198-D200	NIRSCWAMPLITUDE	198	200	685	n/a	7.8125
S199-D200	NIRSCWAMPLITUDE	199	200	685	n/a	7.8125
S200-D200	NIRSCWAMPLITUDE	200	200	685	n/a	7.8125
S201-D200	NIRSCWAMPLITUDE	201	200	685	n/a	7.8125
S202-D200	NIRSCWAMPLITUDE	202	200	685	n/a	7.8125
S208-D200	NIRSCWAMPLITUDE	208	200	685	n/a	7.8125
S209-D200	NIRSCWAMPLITUDE	209	200	685	n/a	7.8125
S210-D200	NIRSCWAMPLITUDE	210	200	685	n/a	7.8125
S211-D200	NIRSCWAMPLITUDE	211	200	685	n/a	7.8125
S212-D200	NIRSCWAMPLITUDE	212	200	685	n/a	7.8125
S219-D200	NIRSCWAMPLITUDE	219	200	685	n/a	7.8125
S220-D200	NIRSCWAMPLITUDE	220	200	685	n/a	7.8125
S221-D200	NIRSCWAMPLITUDE	221	200	685	n/a	7.8125
S222-D200	NIRSCWAMPLITUDE	222	200	685	n/a	7.8125
S223-D200	NIRSCWAMPLITUDE	223	200	685	n/a	7.8125
S224-D200	NIRSCWAMPLITUDE	224	200	685	n/a	7.8125
S230-D200	NIRSCWAMPLITUDE	230	200	685	n/a	7.8125
S231-D200	NIRSCWAMPLITUDE	231	200	685	n/a	7.8125
S232-D200	NIRSCWAMPLITUDE	232	200	685	n/a	7.8125
S233-D200	NIRSCWAMPLITUDE	233	200	685	n/a	7.8125
S241-D200	NIRSCWAMPLITUDE	241	200	685	n/a	7.8125
S242-D200	NIRSCWAMPLITUDE	242	200	685	n/a	7.8125
S243-D200	NIRSCWAMPLITUDE	243	200	685	n/a	7.8125
S244-D200	NIRSCWAMPLITUDE	244	200	685	n/a	7.8125
S251-D200	NIRSCWAMPLITUDE	251	200	685	n/a	7.8125
S48-D201	NIRSCWAMPLITUDE	48	201	685	n/a	7.8125
S54-D201	NIRSCWAMPLITUDE	54	201	685	n/a	7.8125
S59-D201	NIRSCWAMPLITUDE	59	201	685	n/a	7.8125
S60-D201	NIRSCWAMPLITUDE	60	201	685	n/a	7.8125
S81-D201	NIRSCWAMPLITUDE	81	201	685	n/a	7.8125
S87-D201	NIRSCWAMPLITUDE	87	201	685	n/a	7.8125
S193-D201	NIRSCWAMPLITUDE	193	201	685	n/a	7.8125
S194-D201	NIRSCWAMPLITUDE	194	201	685	n/a	7.8125
S195-D201	NIRSCWAMPLITUDE	195	201	685	n/a	7.8125
S196-D201	NIRSCWAMPLITUDE	196	201	685	n/a	7.8125
S197-D201	NIRSCWAMPLITUDE	197	201	685	n/a	7.8125
S198-D201	NIRSCWAMPLITUDE	198	201	685	n/a	7.8125
S199-D201	NIRSCWAMPLITUDE	199	201	685	n/a	7.8125
S200-D201	NIRSCWAMPLITUDE	200	201	685	n/a	7.8125
S201-D201	NIRSCWAMPLITUDE	201	201	685	n/a	7.8125
S202-D201	NIRSCWAMPLITUDE	202	201	685	n/a	7.8125
S203-D201	NIRSCWAMPLITUDE	203	201	685	n/a	7.8125
S208-D201	NIRSCWAMPLITUDE	208	201	685	n/a	7.8125
S209-D201	NIRSCWAMPLITUDE	209	201	685	n/a	7.8125
S210-D201	NIRSCWAMPLITUDE	210	201	685	n/a	7.8125
S211-D201	NIRSCWAMPLITUDE	211	201	685	n/a	7.8125
S212-D201	NIRSCWAMPLITUDE	212	201	685	n/a	7.8125
S213-D201	NIRSCWAMPLITUDE	213	201	685	n/a	7.8125
S219-D201	NIRSCWAMPLITUDE	219	201	685	n/a	7.8125
S220-D201	NIRSCWAMPLITUDE	220	201	685	n/a	7.8125
S221-D201	NIRSCWAMPLITUDE	221	201	685	n/a	7.8125
S222-D201	NIRSCWAMPLITUDE	222	201	685	n/a	7.8125
S223-D201	NIRSCWAMPLITUDE	223	201	685	n/a	7.8125
S224-D201	NIRSCWAMPLITUDE	224	201	685	n/a	7.8125
S225-D201	NIRSCWAMPLITUDE	225	201	685	n/a	7.8125
S230-D201	NIRSCWAMPLITUDE	230	201	685	n/a	7.8125
S231-D201	NIRSCWAMPLITUDE	231	201	685	n/a	7.8125
S232-D201	NIRSCWAMPLITUDE	232	201	685	n/a	7.8125
S233-D201	NIRSCWAMPLITUDE	233	201	685	n/a	7.8125
S234-D201	NIRSCWAMPLITUDE	234	201	685	n/a	7.8125
S241-D201	NIRSCWAMPLITUDE	241	201	685	n/a	7.8125
S242-D201	NIRSCWAMPLITUDE	242	201	685	n/a	7.8125
S243-D201	NIRSCWAMPLITUDE	243	201	685	n/a	7.8125
S244-D201	NIRSCWAMPLITUDE	244	201	685	n/a	7.8125
S245-D201	NIRSCWAMPLITUDE	245	201	685	n/a	7.8125
S251-D201	NIRSCWAMPLITUDE	251	201	685	n/a	7.8125
S42-D202	NIRSCWAMPLITUDE	42	202	685	n/a	7.8125
S48-D202	NIRSCWAMPLITUDE	48	202	685	n/a	7.8125
S53-D202	NIRSCWAMPLITUDE	53	202	685	n/a	7.8125
S54-D202	NIRSCWAMPLITUDE	54	202	685	n/a	7.8125
S59-D202	NIRSCWAMPLITUDE	59	202	685	n/a	7.8125
S60-D202	NIRSCWAMPLITUDE	60	202	685	n/a	7.8125
S193-D202	NIRSCWAMPLITUDE	193	202	685	n/a	7.8125
S194-D202	NIRSCWAMPLITUDE	194	202	685	n/a	7.8125
S195-D202	NIRSCWAMPLITUDE	195	202	685	n/a	7.8125
S196-D202	NIRSCWAMPLITUDE	196	202	685	n/a	7.8125
S197-D202	NIRSCWAMPLITUDE	197	202	685	n/a	7.8125
S198-D202	NIRSCWAMPLITUDE	198	202	685	n/a	7.8125
S199-D202	NIRSCWAMPLITUDE	199	202	685	n/a	7.8125
S200-D202	NIRSCWAMPLITUDE	200	202	685	n/a	7.8125
S201-D202	NIRSCWAMPLITUDE	201	202	685	n/a	7.8125
S202-D202	NIRSCWAMPLITUDE	202	202	685	n/a	7.8125
S203-D202	NIRSCWAMPLITUDE	203	202	685	n/a	7.8125
S204-D202	NIRSCWAMPLITUDE	204	202	685	n/a	7.8125
S208-D202	NIRSCWAMPLITUDE	208	202	685	n/a	7.8125
S209-D202	NIRSCWAMPLITUDE	209	202	685	n/a	7.8125
S210-D202	NIRSCWAMPLITUDE	210	202	685	n/a	7.8125
S211-D202	NIRSCWAMPLITUDE	211	202	685	n/a	7.8125
S212-D202	NIRSCWAMPLITUDE	212	202	685	n/a	7.8125
S213-D202	NIRSCWAMPLITUDE	213	202	685	n/a	7.8125
S214-D202	NIRSCWAMPLITUDE	214	202	685	n/a	7.8125
S219-D202	NIRSCWAMPLITUDE	219	202	685	n/a	7.8125
S220-D202	NIRSCWAMPLITUDE	220	202	685	n/a	7.8125
S221-D202	NIRSCWAMPLITUDE	221	202	685	n/a	7.8125
S222-D202	NIRSCWAMPLITUDE	222	202	685	n/a	7.8125
S223-D202	NIRSCWAMPLITUDE	223	202	685	n/a	7.8125
S224-D202	NIRSCWAMPLITUDE	224	202	685	n/a	7.8125
S225-D202	NIRSCWAMPLITUDE	225	202	685	n/a	7.8125
S226-D202	NIRSCWAMPLITUDE	226	202	685	n/a	7.8125
S230-D202	NIRSCWAMPLITUDE	230	202	685	n/a	7.8125
S231-D202	NIRSCWAMPLITUDE	231	202	685	n/a	7.8125
S232-D202	NIRSCWAMPLITUDE	232	202	685	n/a	7.8125
S233-D202	NIRSCWAMPLITUDE	233	202	685	n/a	7.8125
S234-D202	NIRSCWAMPLITUDE	234	202	685	n/a	7.8125
S235-D202	NIRSCWAMPLITUDE	235	202	685	n/a	7.8125
S242-D202	NIRSCWAMPLITUDE	242	202	685	n/a	7.8125
S243-D202	NIRSCWAMPLITUDE	243	202	685	n/a	7.8125
S244-D202	NIRSCWAMPLITUDE	244	202	685	n/a	7.8125
S245-D202	NIRSCWAMPLITUDE	245	202	685	n/a	7.8125
S246-D202	NIRSCWAMPLITUDE	246	202	685	n/a	7.8125
S251-D202	NIRSCWAMPLITUDE	251	202	685	n/a	7.8125
S36-D203	NIRSCWAMPLITUDE	36	203	685	n/a	7.8125
S42-D203	NIRSCWAMPLITUDE	42	203	685	n/a	7.8125
S48-D203	NIRSCWAMPLITUDE	48	203	685	n/a	7.8125
S54-D203	NIRSCWAMPLITUDE	54	203	685	n/a	7.8125
S60-D203	NIRSCWAMPLITUDE	60	203	685	n/a	7.8125
S194-D203	NIRSCWAMPLITUDE	194	203	685	n/a	7.8125
S195-D203	NIRSCWAMPLITUDE	195	203	685	n/a	7.8125
S196-D203	NIRSCWAMPLITUDE	196	203	685	n/a	7.8125
S197-D203	NIRSCWAMPLITUDE	197	203	685	n/a	7.8125
S198-D203	NIRSCWAMPLITUDE	198	203	685	n/a	7.8125
S199-D203	NIRSCWAMPLITUDE	199	203	685	n/a	7.8125
S200-D203	NIRSCWAMPLITUDE	200	203	685	n/a	7.8125
S201-D203	NIRSCWAMPLITUDE	201	203	685	n/a	7.8125
S202-D203	NIRSCWAMPLITUDE	202	203	685	n/a	7.8125
S203-D203	NIRSCWAMPLITUDE	203	203	685	n/a	7.8125
S204-D203	NIRSCWAMPLITUDE	204	203	685	n/a	7.8125
S205-D203	NIRSCWAMPLITUDE	205	203	685	n/a	7.8125
S208-D203	NIRSCWAMPLITUDE	208	203	685	n/a	7.8125
S209-D203	NIRSCWAMPLITUDE	209	203	685	n/a	7.8125
S210-D203	NIRSCWAMPLITUDE	210	203	685	n/a	7.8125
S211-D203	NIRSCWAMPLITUDE	211	203	685	n/a	7.8125
S212-D203	NIRSCWAMPLITUDE	212	203	685	n/a	7.8125
S213-D203	NIRSCWAMPLITUDE	213	203	685	n/a	7.8125
S214-D203	NIRSCWAMPLITUDE	214	203	685	n/a	7.8125
S215-D203	NIRSCWAMPLITUDE	215	203	685	n/a	7.8125
S220-D203	NIRSCWAMPLITUDE	220	203	685	n/a	7.8125
S221-D203	NIRSCWAMPLITUDE	221	203	685	n/a	7.8125
S222-D203	NIRSCWAMPLITUDE	222	203	685	n/a	7.8125
S223-D203	NIRSCWAMPLITUDE	223	203	685	n/a	7.8125
S224-D203	NIRSCWAMPLITUDE	224	203	685	n/a	7.8125
S225-D203	NIRSCWAMPLITUDE	225	203	685	n/a	7.8125
S226-D203	NIRSCWAMPLITUDE	226	203	685	n/a	7.8125
S227-D203	NIRSCWAMPLITUDE	227	203	685	n/a	7.8125
S231-D203	NIRSCWAMPLITUDE	231	203	685	n/a	7.8125
S232-D203	NIRSCWAMPLITUDE	232	203	685	n/a	7.8125
S233-D203	NIRSCWAMPLITUDE	233	203	685	n/a	7.8125
S234-D203	NIRSCWAMPLITUDE	234	203	685	n/a	7.8125
S235-D203	NIRSCWAMPLITUDE	235	203	685	n/a	7.8125
S236-D203	NIRSCWAMPLITUDE	236	203	685	n/a	7.8125
S243-D203	NIRSCWAMPLITUDE	243	203	685	n/a	7.8125
S244-D203	NIRSCWAMPLITUDE	244	203	685	n/a	7.8125
S245-D203	NIRSCWAMPLITUDE	245	203	685	n/a	7.8125
S246-D203	NIRSCWAMPLITUDE	246	203	685	n/a	7.8125
S24-D204	NIRSCWAMPLITUDE	24	204	685	n/a	7.8125
S30-D204	NIRSCWAMPLITUDE	30	204	685	n/a	7.8125
S36-D204	NIRSCWAMPLITUDE	36	204	685	n/a	7.8125
S42-D204	NIRSCWAMPLITUDE	42	204	685	n/a	7.8125
S48-D204	NIRSCWAMPLITUDE	48	204	685	n/a	7.8125
S54-D204	NIRSCWAMPLITUDE	54	204	685	n/a	7.8125
S60-D204	NIRSCWAMPLITUDE	60	204	685	n/a	7.8125
S194-D204	NIRSCWAMPLITUDE	194	204	685	n/a	7.8125
S195-D204	NIRSCWAMPLITUDE	195	204	685	n/a	7.8125
S196-D204	NIRSCWAMPLITUDE	196	204	685	n/a	7.8125
S197-D204	NIRSCWAMPLITUDE	197	204	685	n/a	7.8125
S199-D204	NIRSCWAMPLITUDE	199	204	685	n/a	7.8125
S200-D204	NIRSCWAMPLITUDE	200	204	685	n/a	7.8125
S201-D204	NIRSCWAMPLITUDE	201	204	685	n/a	7.8125
S202-D204	NIRSCWAMPLITUDE	202	204	685	n/a	7.8125
S203-D204	NIRSCWAMPLITUDE	203	204	685	n/a	7.8125
S204-D204	NIRSCWAMPLITUDE	204	204	685	n/a	7.8125
S205-D204	NIRSCWAMPLITUDE	205	204	685	n/a	7.8125
S206-D204	NIRSCWAMPLITUDE	206	204	685	n/a	7.8125
S209-D204	NIRSCWAMPLITUDE	209	204	685	n/a	7.8125
S210-D204	NIRSCWAMPLITUDE	210	204	685	n/a	7.8125
S211-D204	NIRSCWAMPLITUDE	211	204	685	n/a	7.8125
S212-D204	NIRSCWAMPLITUDE	212	204	685	n/a	7.8125
S213-D204	NIRSCWAMPLITUDE	213	204	685	n/a	7.8125
S214-D204	NIRSCWAMPLITUDE	214	204	685	n/a	7.8125
S215-D204	NIRSCWAMPLITUDE	215	204	685	n/a	7.8125
S216-D204	NIRSCWAMPLITUDE	216	204	685	n/a	7.8125
S221-D204	NIRSCWAMPLITUDE	221	204	685	n/a	7.8125
S222-D204	NIRSCWAMPLITUDE	222	204	685	n/a	7.8125
S223-D204	NIRSCWAMPLITUDE	223	204	685	n/a	7.8125
S224-D204	NIRSCWAMPLITUDE	224	204	685	n/a	7.8125
S225-D204	NIRSCWAMPLITUDE	225	204	685	n/a	7.8125
S226-D204	NIRSCWAMPLITUDE	226	204	685	n/a	7.8125
S227-D204	NIRSCWAMPLITUDE	227	204	685	n/a	7.8125
S228-D204	NIRSCWAMPLITUDE	228	204	685	n/a	7.8125
S232-D204	NIRSCWAMPLITUDE	232	204	685	n/a	7.8125
S233-D204	NIRSCWAMPLITUDE	233	204	685	n/a	7.8125
S234-D204	NIRSCWAMPLITUDE	234	204	685	n/a	7.8125
S235-D204	NIRSCWAMPLITUDE	235	204	685	n/a	7.8125
S236-D204	NIRSCWAMPLITUDE	236	204	685	n/a	7.8125
S237-D204	NIRSCWAMPLITUDE	237	204	685	n/a	7.8125
S244-D204	NIRSCWAMPLITUDE	244	204	685	n/a	7.8125
S245-D204	NIRSCWAMPLITUDE	245	204	685	n/a	7.8125
S246-D204	NIRSCWAMPLITUDE	246	204	685	n/a	7.8125
S247-D204	NIRSCWAMPLITUDE	247	204	685	n/a	7.8125
S248-D204	NIRSCWAMPLITUDE	248	204	685	n/a	7.8125
S18-D205	NIRSCWAMPLITUDE	18	205	685	n/a	7.8125
S24-D205	NIRSCWAMPLITUDE	24	205	685	n/a	7.8125
S29-D205	NIRSCWAMPLITUDE	29	205	685	n/a	7.8125
S30-D205	NIRSCWAMPLITUDE	30	205	685	n/a	7.8125
S35-D205	NIRSCWAMPLITUDE	35	205	685	n/a	7.8125
S36-D205	NIRSCWAMPLITUDE	36	205	685	n/a	7.8125
S42-D205	NIRSCWAMPLITUDE	42	205	685	n/a	7.8125
S48-D205	NIRSCWAMPLITUDE	48	205	685	n/a	7.8125
S54-D205	NIRSCWAMPLITUDE	54	205	685	n/a	7.8125
S195-D205	NIRSCWAMPLITUDE	195	205	685	n/a	7.8125
S196-D205	NIRSCWAMPLITUDE	196	205	685	n/a	7.8125
S197-D205	NIRSCWAMPLITUDE	197	205	685	n/a	7.8125
S200-D205	NIRSCWAMPLITUDE	200	205	685	n/a	7.8125
S201-D205	NIRSCWAMPLITUDE	201	205	685	n/a	7.8125
S202-D205	NIRSCWAMPLITUDE	202	205	685	n/a	7.8125
S203-D205	NIRSCWAMPLITUDE	203	205	685	n/a	7.8125
S204-D205	NIRSCWAMPLITUDE	204	205	685	n/a	7.8125
S205-D205	NIRSCWAMPLITUDE	205	205	685	n/a	7.8125
S206-D205	NIRSCWAMPLITUDE	206	205	685	n/a	7.8125
S207-D205	NIRSCWAMPLITUDE	207	205	685	n/a	7.8125
S210-D205	NIRSCWAMPLITUDE	210	205	685	n/a	7.8125
S211-D205	NIRSCWAMPLITUDE	211	205	685	n/a	7.8125
S212-D205	NIRSCWAMPLITUDE	212	205	685	n/a	7.8125
S213-D205	NIRSCWAMPLITUDE	213	205	685	n/a	7.8125
S214-D205	NIRSCWAMPLITUDE	214	205	685	n/a	7.8125
S215-D205	NIRSCWAMPLITUDE	215	205	685	n/a	7.8125
S216-D205	NIRSCWAMPLITUDE	216	205	685	n/a	7.8125
S217-D205	NIRSCWAMPLITUDE	217	205	685	n/a	7.8125
S222-D205	NIRSCWAMPLITUDE	222	205	685	n/a	7.8125
S223-D205	NIRSCWAMPLITUDE	223	205	685	n/a	7.8125
S224-D205	NIRSCWAMPLITUDE	224	205	685	n/a	7.8125
S225-D205	NIRSCWAMPLITUDE	225	205	685	n/a	7.8125
S226-D205	NIRSCWAMPLITUDE	226	205	685	n/a	7.8125
S227-D205	NIRSCWAMPLITUDE	227	205	685	n/a	7.8125
S228-D205	NIRSCWAMPLITUDE	228	205	685	n/a	7.8125
S229-D205	NIRSCWAMPLITUDE	229	205	685	n/a	7.8125
S233-D205	NIRSCWAMPLITUDE	233	205	685	n/a	7.8125
S234-D205	NIRSCWAMPLITUDE	234	205	685	n/a	7.8125
S235-D205	NIRSCWAMPLITUDE	235	205	685	n/a	7.8125
S236-D205	NIRSCWAMPLITUDE	236	205	685	n/a	7.8125
S237-D205	NIRSCWAMPLITUDE	237	205	685	n/a	7.8125
S238-D205	NIRSCWAMPLITUDE	238	205	685	n/a	7.8125
S245-D205	NIRSCWAMPLITUDE	245	205	685	n/a	7.8125
S246-D205	NIRSCWAMPLITUDE	246	205	685	n/a	7.8125
S247-D205	NIRSCWAMPLITUDE	247	205	685	n/a	7.8125
S248-D205	NIRSCWAMPLITUDE	248	205	685	n/a	7.8125
S249-D205	NIRSCWAMPLITUDE	249	205	685	n/a	7.8125
S6-D206	NIRSCWAMPLITUDE	6	206	685	n/a	7.8125
S11-D206	NIRSCWAMPLITUDE	11	206	685	n/a	7.8125
S12-D206	NIRSCWAMPLITUDE	12	206	685	n/a	7.8125
S17-D206	NIRSCWAMPLITUDE	17	206	685	n/a	7.8125
S18-D206	NIRSCWAMPLITUDE	18	206	685	n/a	7.8125
S23-D206	NIRSCWAMPLITUDE	23	206	685	n/a	7.8125
S24-D206	NIRSCWAMPLITUDE	24	206	685	n/a	7.8125
S29-D206	NIRSCWAMPLITUDE	29	206	685	n/a	7.8125
S30-D206	NIRSCWAMPLITUDE	30	206	685	n/a	7.8125
S35-D206	NIRSCWAMPLITUDE	35	206	685	n/a	7.8125
S36-D206	NIRSCWAMPLITUDE	36	206	685	n/a	7.8125
S42-D206	NIRSCWAMPLITUDE	42	206	685	n/a	7.8125
S48-D206	NIRSCWAMPLITUDE	48	206	685	n/a	7.8125
S196-D206	NIRSCWAMPLITUDE	196	206	685	n/a	7.8125
S197-D206	NIRSCWAMPLITUDE	197	206	685	n/a	7.8125
S201-D206	NIRSCWAMPLITUDE	201	206	685	n/a	7.8125
S202-D206	NIRSCWAMPLITUDE	202	206	685	n/a	7.8125
S203-D206	NIRSCWAMPLITUDE	203	206	685	n/a	7.8125
S204-D206	NIRSCWAMPLITUDE	204	206	685	n/a	7.8125
S205-D206	NIRSCWAMPLITUDE	205	206	685	n/a	7.8125
S206-D206	NIRSCWAMPLITUDE	206	206	685	n/a	7.8125
S207-D206	NIRSCWAMPLITUDE	207	206	685	n/a	7.8125
S211-D206	NIRSCWAMPLITUDE	211	206	685	n/a	7.8125
S212-D206	NIRSCWAMPLITUDE	212	206	685	n/a	7.8125
S213-D206	NIRSCWAMPLITUDE	213	206	685	n/a	7.8125
S214-D206	NIRSCWAMPLITUDE	214	206	685	n/a	7.8125
S215-D206	NIRSCWAMPLITUDE	215	206	685	n/a	7.8125
S216-D206	NIRSCWAMPLITUDE	216	206	685	n/a	7.8125
S217-D206	NIRSCWAMPLITUDE	217	206	685	n/a	7.8125
S218-D206	NIRSCWAMPLITUDE	218	206	685	n/a	7.8125
S223-D206	NIRSCWAMPLITUDE	223	206	685	n/a	7.8125
S224-D206	NIRSCWAMPLITUDE	224	206	685	n/a	7.8125
S225-D206	NIRSCWAMPLITUDE	225	206	685	n/a	7.8125
S226-D206	NIRSCWAMPLITUDE	226	206	685	n/a	7.8125
S227-D206	NIRSCWAMPLITUDE	227	206	685	n/a	7.8125
S228-D206	NIRSCWAMPLITUDE	228	206	685	n/a	7.8125
S229-D206	NIRSCWAMPLITUDE	229	206	685	n/a	7.8125
S234-D206	NIRSCWAMPLITUDE	234	206	685	n/a	7.8125
S235-D206	NIRSCWAMPLITUDE	235	206	685	n/a	7.8125
S236-D206	NIRSCWAMPLITUDE	236	206	685	n/a	7.8125
S237-D206	NIRSCWAMPLITUDE	237	206	685	n/a	7.8125
S238-D206	NIRSCWAMPLITUDE	238	206	685	n/a	7.8125
S239-D206	NIRSCWAMPLITUDE	239	206	685	n/a	7.8125
S245-D206	NIRSCWAMPLITUDE	245	206	685	n/a	7.8125
S246-D206	NIRSCWAMPLITUDE	246	206	685	n/a	7.8125
S247-D206	NIRSCWAMPLITUDE	247	206	685	n/a	7.8125
S248-D206	NIRSCWAMPLITUDE	248	206	685	n/a	7.8125
S249-D206	NIRSCWAMPLITUDE	249	206	685	n/a	7.8125
S250-D206	NIRSCWAMPLITUDE	250	206	685	n/a	7.8125
S5-D207	NIRSCWAMPLITUDE	5	207	685	n/a	7.8125
S6-D207	NIRSCWAMPLITUDE	6	207	685	n/a	7.8125
S11-D207	NIRSCWAMPLITUDE	11	207	685	n/a	7.8125
S12-D207	NIRSCWAMPLITUDE	12	207	685	n/a	7.8125
S16-D207	NIRSCWAMPLITUDE	16	207	685	n/a	7.8125
S17-D207	NIRSCWAMPLITUDE	17	207	685	n/a	7.8125
S18-D207	NIRSCWAMPLITUDE	18	207	685	n/a	7.8125
S22-D207	NIRSCWAMPLITUDE	22	207	685	n/a	7.8125
S23-D207	NIRSCWAMPLITUDE	23	207	685	n/a	7.8125
S24-D207	NIRSCWAMPLITUDE	24	207	685	n/a	7.8125
S29-D207	NIRSCWAMPLITUDE	29	207	685	n/a	7.8125
S30-D207	NIRSCWAMPLITUDE	30	207	685	n/a	7.8125
S35-D207	NIRSCWAMPLITUDE	35	207	685	n/a	7.8125
S36-D207	NIRSCWAMPLITUDE	36	207	685	n/a	7.8125
S42-D207	NIRSCWAMPLITUDE	42	207	685	n/a	7.8125
S197-D207	NIRSCWAMPLITUDE	197	207	685	n/a	7.8125
S202-D207	NIRSCWAMPLITUDE	202	207	685	n/a	7.8125
S203-D207	NIRSCWAMPLITUDE	203	207	685	n/a	7.8125
S204-D207	NIRSCWAMPLITUDE	204	207	685	n/a	7.8125
S205-D207	NIRSCWAMPLITUDE	205	207	685	n/a	7.8125
S206-D207	NIRSCWAMPLITUDE	206	207	685	n/a	7.8125
S207-D207	NIRSCWAMPLITUDE	207	207	685	n/a	7.8125
S212-D207	NIRSCWAMPLITUDE	212	207	685	n/a	7.8125
S213-D207	NIRSCWAMPLITUDE	213	207	685	n/a	7.8125
S214-D207	NIRSCWAMPLITUDE	214	207	685	n/a	7.8125
S215-D207	NIRSCWAMPLITUDE	215	207	685	n/a	7.8125
S216-D207	NIRSCWAMPLITUDE	216	207	685	n/a	7.8125
S217-D207	NIRSCWAMPLITUDE	217	207	685	n/a	7.8125
S218-D207	NIRSCWAMPLITUDE	218	207	685	n/a	7.8125
S224-D207	NIRSCWAMPLITUDE	224	207	685	n/a	7.8125
S225-D207	NIRSCWAMPLITUDE	225	207	685	n/a	7.8125
S226-D207	NIRSCWAMPLITUDE	226	207	685	n/a	7.8125
S227-D207	NIRSCWAMPLITUDE	227	207	685	n/a	7.8125
S228-D207	NIRSCWAMPLITUDE	228	207	685	n/a	7.8125
S229-D207	NIRSCWAMPLITUDE	229	207	685	n/a	7.8125
S235-D207	NIRSCWAMPLITUDE	235	207	685	n/a	7.8125
S236-D207	NIRSCWAMPLITUDE	236	207	685	n/a	7.8125
S237-D207	NIRSCWAMPLITUDE	237	207	685	n/a	7.8125
S238-D207	NIRSCWAMPLITUDE	238	207	685	n/a	7.8125
S239-D207	NIRSCWAMPLITUDE	239	207	685	n/a	7.8125
S240-D207	NIRSCWAMPLITUDE	240	207	685	n/a	7.8125
S247-D207	NIRSCWAMPLITUDE	247	207	685	n/a	7.8125
S248-D207	NIRSCWAMPLITUDE	248	207	685	n/a	7.8125
S249-D207	NIRSCWAMPLITUDE	249	207	685	n/a	7.8125
S250-D207	NIRSCWAMPLITUDE	250	207	685	n/a	7.8125
S4-D208	NIRSCWAMPLITUDE	4	208	685	n/a	7.8125
S5-D208	NIRSCWAMPLITUDE	5	208	685	n/a	7.8125
S6-D208	NIRSCWAMPLITUDE	6	208	685	n/a	7.8125
S10-D208	NIRSCWAMPLITUDE	10	208	685	n/a	7.8125
S11-D208	NIRSCWAMPLITUDE	11	208	685	n/a	7.8125
S12-D208	NIRSCWAMPLITUDE	12	208	685	n/a	7.8125
S16-D208	NIRSCWAMPLITUDE	16	208	685	n/a	7.8125
S17-D208	NIRSCWAMPLITUDE	17	208	685	n/a	7.8125
S18-D208	NIRSCWAMPLITUDE	18	208	685	n/a	7.8125
S22-D208	NIRSCWAMPLITUDE	22	208	685	n/a	7.8125
S23-D208	NIRSCWAMPLITUDE	23	208	685	n/a	7.8125
S24-D208	NIRSCWAMPLITUDE	24	208	685	n/a	7.8125
S29-D208	NIRSCWAMPLITUDE	29	208	685	n/a	7.8125
S30-D208	NIRSCWAMPLITUDE	30	208	685	n/a	7.8125
S35-D208	NIRSCWAMPLITUDE	35	208	685	n/a	7.8125
S36-D208	NIRSCWAMPLITUDE	36	208	685	n/a	7.8125
S186-D208	NIRSCWAMPLITUDE	186	208	685	n/a	7.8125
S192-D208	NIRSCWAMPLITUDE	192	208	685	n/a	7.8125
S203-D208	NIRSCWAMPLITUDE	203	208	685	n/a	7.8125
S204-D208	NIRSCWAMPLITUDE	204	208	685	n/a	7.8125
S205-D208	NIRSCWAMPLITUDE	205	208	685	n/a	7.8125
S206-D208	NIRSCWAMPLITUDE	206	208	685	n/a	7.8125
S207-D208	NIRSCWAMPLITUDE	207	208	685	n/a	7.8125
S213-D208	NIRSCWAMPLITUDE	213	208	685	n/a	7.8125
S214-D208	NIRSCWAMPLITUDE	214	208	685	n/a	7.8125
S215-D208	NIRSCWAMPLITUDE	215	208	685	n/a	7.8125
S216-D208	NIRSCWAMPLITUDE	216	208	685	n/a	7.8125
S217-D208	NIRSCWAMPLITUDE	217	208	685	n/a	7.8125
S218-D208	NIRSCWAMPLITUDE	218	208	685	n/a	7.8125
S225-D208	NIRSCWAMPLITUDE	225	208	685	n/a	7.8125
S226-D208	NIRSCWAMPLITUDE	226	208	685	n/a	7.8125
S227-D208	NIRSCWAMPLITUDE	227	208	685	n/a	7.8125
S228-D208	NIRSCWAMPLITUDE	228	208	685	n/a	7.8125
S229-D208	NIRSCWAMPLITUDE	229	208	685	n/a	7.8125
S236-D208	NIRSCWAMPLITUDE	236	208	685	n/a	7.8125
S237-D208	NIRSCWAMPLITUDE	237	208	685	n/a	7.8125
S238-D208	NIRSCWAMPLITUDE	238	208	685	n/a	7.8125
S239-D208	NIRSCWAMPLITUDE	239	208	685	n/a	7.8125
S240-D208	NIRSCWAMPLITUDE	240	208	685	n/a	7.8125
S247-D208	NIRSCWAMPLITUDE	247	208	685	n/a	7.8125
S248-D208	NIRSCWAMPLITUDE	248	208	685	n/a	7.8125
S249-D208	NIRSCWAMPLITUDE	249	208	685	n/a	7.8125
S250-D208	NIRSCWAMPLITUDE	250	208	685	n/a	7.8125
S3-D209	NIRSCWAMPLITUDE	3	209	685	n/a	7.8125
S4-D209	NIRSCWAMPLITUDE	4	209	685	n/a	7.8125
S5-D209	NIRSCWAMPLITUDE	5	209	685	n/a	7.8125
S6-D209	NIRSCWAMPLITUDE	6	209	685	n/a	7.8125
S9-D209	NIRSCWAMPLITUDE	9	209	685	n/a	7.8125
S10-D209	NIRSCWAMPLITUDE	10	209	685	n/a	7.8125
S11-D209	NIRSCWAMPLITUDE	11	209	685	n/a	7.8125
S12-D209	NIRSCWAMPLITUDE	12	209	685	n/a	7.8125
S15-D209	NIRSCWAMPLITUDE	15	209	685	n/a	7.8125
S16-D209	NIRSCWAMPLITUDE	16	209	685	n/a	7.8125
S17-D209	NIRSCWAMPLITUDE	17	209	685	n/a	7.8125
S18-D209	NIRSCWAMPLITUDE	18	209	685	n/a	7.8125
S22-D209	NIRSCWAMPLITUDE	22	209	685	n/a	7.8125
S23-D209	NIRSCWAMPLITUDE	23	209	685	n/a	7.8125
S24-D209	NIRSCWAMPLITUDE	24	209	685	n/a	7.8125
S29-D209	NIRSCWAMPLITUDE	29	209	685	n/a	7.8125
S30-D209	NIRSCWAMPLITUDE	30	209	685	n/a	7.8125
S180-D209	NIRSCWAMPLITUDE	180	209	685	n/a	7.8125
S186-D209	NIRSCWAMPLITUDE	186	209	685	n/a	7.8125
S191-D209	NIRSCWAMPLITUDE	191	209	685	n/a	7.8125
S192-D209	NIRSCWAMPLITUDE	192	209	685	n/a	7.8125
S204-D209	NIRSCWAMPLITUDE	204	209	685	n/a	7.8125
S205-D209	NIRSCWAMPLITUDE	205	209	685	n/a	7.8125
S206-D209	NIRSCWAMPLITUDE	206	209	685	n/a	7.8125
S207-D209	NIRSCWAMPLITUDE	207	209	685	n/a	7.8125
S214-D209	NIRSCWAMPLITUDE	214	209	685	n/a	7.8125
S215-D209	NIRSCWAMPLITUDE	215	209	685	n/a	7.8125
S216-D209	NIRSCWAMPLITUDE	216	209	685	n/a	7.8125
S217-D209	NIRSCWAMPLITUDE	217	209	685	n/a	7.8125
S218-D209	NIRSCWAMPLITUDE	218	209	685	n/a	7.8125
S226-D209	NIRSCWAMPLITUDE	226	209	685	n/a	7.8125
S227-D209	NIRSCWAMPLITUDE	227	209	685	n/a	7.8125
S228-D209	NIRSCWAMPLITUDE	228	209	685	n/a	7.8125
S229-D209	NIRSCWAMPLITUDE	229	209	685	n/a	7.8125
S237-D209	NIRSCWAMPLITUDE	237	209	685	n/a	7.8125
S238-D209	NIRSCWAMPLITUDE	238	209	685	n/a	7.8125
S239-D209	NIRSCWAMPLITUDE	239	209	685	n/a	7.8125
S240-D209	NIRSCWAMPLITUDE	240	209	685	n/a	7.8125
S248-D209	NIRSCWAMPLITUDE	248	209	685	n/a	7.8125
S249-D209	NIRSCWAMPLITUDE	249	209	685	n/a	7.8125
S250-D209	NIRSCWAMPLITUDE	250	209	685	n/a	7.8125
S60-D210	NIRSCWAMPLITUDE	60	210	685	n/a	7.8125
S75-D210	NIRSCWAMPLITUDE	75	210	685	n/a	7.8125
S80-D210	NIRSCWAMPLITUDE	80	210	685	n/a	7.8125
S81-D210	NIRSCWAMPLITUDE	81	210	685	n/a	7.8125
S86-D210	NIRSCWAMPLITUDE	86	210	685	n/a	7.8125
S87-D210	NIRSCWAMPLITUDE	87	210	685	n/a	7.8125
S92-D210	NIRSCWAMPLITUDE	92	210	685	n/a	7.8125
S93-D210	NIRSCWAMPLITUDE	93	210	685	n/a	7.8125
S98-D210	NIRSCWAMPLITUDE	98	210	685	n/a	7.8125
S99-D210	NIRSCWAMPLITUDE	99	210	685	n/a	7.8125
S104-D210	NIRSCWAMPLITUDE	104	210	685	n/a	7.8125
S105-D210	NIRSCWAMPLITUDE	105	210	685	n/a	7.8125
S110-D210	NIRSCWAMPLITUDE	110	210	685	n/a	7.8125
S111-D210	NIRSCWAMPLITUDE	111	210	685	n/a	7.8125
S116-D210	NIRSCWAMPLITUDE	116	210	685	n/a	7.8125
S117-D210	NIRSCWAMPLITUDE	117	210	685	n/a	7.8125
S193-D210	NIRSCWAMPLITUDE	193	210	685	n/a	7.8125
S194-D210	NIRSCWAMPLITUDE	194	210	685	n/a	7.8125
S195-D210	NIRSCWAMPLITUDE	195	210	685	n/a	7.8125
S196-D210	NIRSCWAMPLITUDE	196	210	685	n/a	7.8125
S198-D210	NIRSCWAMPLITUDE	198	210	685	n/a	7.8125
S199-D210	NIRSCWAMPLITUDE	199	210	685	n/a	7.8125
S200-D210	NIRSCWAMPLITUDE	200	210	685	n/a	7.8125
S201-D210	NIRSCWAMPLITUDE	201	210	685	n/a	7.8125
S208-D210	NIRSCWAMPLITUDE	208	210	685	n/a	7.8125
S209-D210	NIRSCWAMPLITUDE	209	210	685	n/a	7.8125
S210-D210	NIRSCWAMPLITUDE	210	210	685	n/a	7.8125
S211-D210	NIRSCWAMPLITUDE	211	210	685	n/a	7.8125
S219-D210	NIRSCWAMPLITUDE	219	210	685	n/a	7.8125
S220-D210	NIRSCWAMPLITUDE	220	210	685	n/a	7.8125
S221-D210	NIRSCWAMPLITUDE	221	210	685	n/a	7.8125
S222-D210	NIRSCWAMPLITUDE	222	210	685	n/a	7.8125
S223-D210	NIRSCWAMPLITUDE	223	210	685	n/a	7.8125
S230-D210	NIRSCWAMPLITUDE	230	210	685	n/a	7.8125
S231-D210	NIRSCWAMPLITUDE	231	210	685	n/a	7.8125
S232-D210	NIRSCWAMPLITUDE	232	210	685	n/a	7.8125
S233-D210	NIRSCWAMPLITUDE	233	210	685	n/a	7.8125
S241-D210	NIRSCWAMPLITUDE	241	210	685	n/a	7.8125
S242-D210	NIRSCWAMPLITUDE	242	210	685	n/a	7.8125
S243-D210	NIRSCWAMPLITUDE	243	210	685	n/a	7.8125
S244-D210	NIRSCWAMPLITUDE	244	210	685	n/a	7.8125
S251-D210	NIRSCWAMPLITUDE	251	210	685	n/a	7.8125
S252-D210	NIRSCWAMPLITUDE	252	210	685	n/a	7.8125
S253-D210	NIRSCWAMPLITUDE	253	210	685	n/a	7.8125
S60-D211	NIRSCWAMPLITUDE	60	211	685	n/a	7.8125
S81-D211	NIRSCWAMPLITUDE	81	211	685	n/a	7.8125
S87-D211	NIRSCWAMPLITUDE	87	211	685	n/a	7.8125
S93-D211	NIRSCWAMPLITUDE	93	211	685	n/a	7.8125
S99-D211	NIRSCWAMPLITUDE	99	211	685	n/a	7.8125
S105-D211	NIRSCWAMPLITUDE	105	211	685	n/a	7.8125
S111-D211	NIRSCWAMPLITUDE	111	211	685	n/a	7.8125
S117-D211	NIRSCWAMPLITUDE	117	211	685	n/a	7.8125
S193-D211	NIRSCWAMPLITUDE	193	211	685	n/a	7.8125
S194-D211	NIRSCWAMPLITUDE	194	211	685	n/a	7.8125
S195-D211	NIRSCWAMPLITUDE	195	211	685	n/a	7.8125
S196-D211	NIRSCWAMPLITUDE	196	211	685	n/a	7.8125
S197-D211	NIRSCWAMPLITUDE	197	211	685	n/a	7.8125
S198-D211	NIRSCWAMPLITUDE	198	211	685	n/a	7.8125
S199-D211	NIRSCWAMPLITUDE	199	211	685	n/a	7.8125
S200-D211	NIRSCWAMPLITUDE	200	211	685	n/a	7.8125
S201-D211	NIRSCWAMPLITUDE	201	211	685	n/a	7.8125
S202-D211	NIRSCWAMPLITUDE	202	211	685	n/a	7.8125
S208-D211	NIRSCWAMPLITUDE	208	211	685	n/a	7.8125
S209-D211	NIRSCWAMPLITUDE	209	211	685	n/a	7.8125
S210-D211	NIRSCWAMPLITUDE	210	211	685	n/a	7.8125
S211-D211	NIRSCWAMPLITUDE	211	211	685	n/a	7.8125
S212-D211	NIRSCWAMPLITUDE	212	211	685	n/a	7.8125
S219-D211	NIRSCWAMPLITUDE	219	211	685	n/a	7.8125
S220-D211	NIRSCWAMPLITUDE	220	211	685	n/a	7.8125
S221-D211	NIRSCWAMPLITUDE	221	211	685	n/a	7.8125
S222-D211	NIRSCWAMPLITUDE	222	211	685	n/a	7.8125
S223-D211	NIRSCWAMPLITUDE	223	211	685	n/a	7.8125
S224-D211	NIRSCWAMPLITUDE	224	211	685	n/a	7.8125
S230-D211	NIRSCWAMPLITUDE	230	211	685	n/a	7.8125
S231-D211	NIRSCWAMPLITUDE	231	211	685	n/a	7.8125
S232-D211	NIRSCWAMPLITUDE	232	211	685	n/a	7.8125
S233-D211	NIRSCWAMPLITUDE	233	211	685	n/a	7.8125
S234-D211	NIRSCWAMPLITUDE	234	211	685	n/a	7.8125
S241-D211	NIRSCWAMPLITUDE	241	211	685	n/a	7.8125
S242-D211	NIRSCWAMPLITUDE	242	211	685	n/a	7.8125
S243-D211	NIRSCWAMPLITUDE	243	211	685	n/a	7.8125
S244-D211	NIRSCWAMPLITUDE	244	211	685	n/a	7.8125
S245-D211	NIRSCWAMPLITUDE	245	211	685	n/a	7.8125
S251-D211	NIRSCWAMPLITUDE	251	211	685	n/a	7.8125
S252-D211	NIRSCWAMPLITUDE	252	211	685	n/a	7.8125
S253-D211	NIRSCWAMPLITUDE	253	211	685	n/a	7.8125
S254-D211	NIRSCWAMPLITUDE	254	211	685	n/a	7.8125
S60-D212	NIRSCWAMPLITUDE	60	212	685	n/a	7.8125
S193-D212	NIRSCWAMPLITUDE	193	212	685	n/a	7.8125
S194-D212	NIRSCWAMPLITUDE	194	212	685	n/a	7.8125
S195-D212	NIRSCWAMPLITUDE	195	212	685	n/a	7.8125
S196-D212	NIRSCWAMPLITUDE	196	212	685	n/a	7.8125
S197-D212	NIRSCWAMPLITUDE	197	212	685	n/a	7.8125
S198-D212	NIRSCWAMPLITUDE	198	212	685	n/a	7.8125
S199-D212	NIRSCWAMPLITUDE	199	212	685	n/a	7.8125
S200-D212	NIRSCWAMPLITUDE	200	212	685	n/a	7.8125
S201-D212	NIRSCWAMPLITUDE	201	212	685	n/a	7.8125
S202-D212	NIRSCWAMPLITUDE	202	212	685	n/a	7.8125
S203-D212	NIRSCWAMPLITUDE	203	212	685	n/a	7.8125
S208-D212	NIRSCWAMPLITUDE	208	212	685	n/a	7.8125
S209-D212	NIRSCWAMPLITUDE	209	212	685	n/a	7.8125
S210-D212	NIRSCWAMPLITUDE	210	212	685	n/a	7.8125
S211-D212	NIRSCWAMPLITUDE	211	212	685	n/a	7.8125
S212-D212	NIRSCWAMPLITUDE	212	212	685	n/a	7.8125
S213-D212	NIRSCWAMPLITUDE	213	212	685	n/a	7.8125
S219-D212	NIRSCWAMPLITUDE	219	212	685	n/a	7.8125
S220-D212	NIRSCWAMPLITUDE	220	212	685	n/a	7.8125
S221-D212	NIRSCWAMPLITUDE	221	212	685	n/a	7.8125
S222-D212	NIRSCWAMPLITUDE	222	212	685	n/a	7.8125
S223-D212	NIRSCWAMPLITUDE	223	212	685	n/a	7.8125
S224-D212	NIRSCWAMPLITUDE	224	212	685	n/a	7.8125
S225-D212	NIRSCWAMPLITUDE	225	212	685	n/a	7.8125
S230-D212	NIRSCWAMPLITUDE	230	212	685	n/a	7.8125
S231-D212	NIRSCWAMPLITUDE	231	212	685	n/a	7.8125
S232-D212	NIRSCWAMPLITUDE	232	212	685	n/a	7.8125
S233-D212	NIRSCWAMPLITUDE	233	212	685	n/a	7.8125
S234-D212	NIRSCWAMPLITUDE	234	212	685	n/a	7.8125
S235-D212	NIRSCWAMPLITUDE	235	212	685	n/a	7.8125
S241-D212	NIRSCWAMPLITUDE	241	212	685	n/a	7.8125
S242-D212	NIRSCWAMPLITUDE	242	212	685	n/a	7.8125
S243-D212	NIRSCWAMPLITUDE	243	212	685	n/a	7.8125
S244-D212	NIRSCWAMPLITUDE	244	212	685	n/a	7.8125
S245-D212	NIRSCWAMPLITUDE	245	212	685	n/a	7.8125
S251-D212	NIRSCWAMPLITUDE	251	212	685	n/a	7.8125
S252-D212	NIRSCWAMPLITUDE	252	212	685	n/a	7.8125
S253-D212	NIRSCWAMPLITUDE	253	212	685	n/a	7.8125
S254-D212	NIRSCWAMPLITUDE	254	212	685	n/a	7.8125
S255-D212	NIRSCWAMPLITUDE	255	212	685	n/a	7.8125
S60-D213	NIRSCWAMPLITUDE	60	213	685	n/a	7.8125
S193-D213	NIRSCWAMPLITUDE	193	213	685	n/a	7.8125
S194-D213	NIRSCWAMPLITUDE	194	213	685	n/a	7.8125
S195-D213	NIRSCWAMPLITUDE	195	213	685	n/a	7.8125
S196-D213	NIRSCWAMPLITUDE	196	213	685	n/a	7.8125
S197-D213	NIRSCWAMPLITUDE	197	213	685	n/a	7.8125
S198-D213	NIRSCWAMPLITUDE	198	213	685	n/a	7.8125
S199-D213	NIRSCWAMPLITUDE	199	213	685	n/a	7.8125
S200-D213	NIRSCWAMPLITUDE	200	213	685	n/a	7.8125
S201-D213	NIRSCWAMPLITUDE	201	213	685	n/a	7.8125
S202-D213	NIRSCWAMPLITUDE	202	213	685	n/a	7.8125
S203-D213	NIRSCWAMPLITUDE	203	213	685	n/a	7.8125
S204-D213	NIRSCWAMPLITUDE	204	213	685	n/a	7.8125
S208-D213	NIRSCWAMPLITUDE	208	213	685	n/a	7.8125
S209-D213	NIRSCWAMPLITUDE	209	213	685	n/a	7.8125
S210-D213	NIRSCWAMPLITUDE	210	213	685	n/a	7.8125
S211-D213	NIRSCWAMPLITUDE	211	213	685	n/a	7.8125
S212-D213	NIRSCWAMPLITUDE	212	213	685	n/a	7.8125
S213-D213	NIRSCWAMPLITUDE	213	213	685	n/a	7.8125
S214-D213	NIRSCWAMPLITUDE	214	213	685	n/a	7.8125
S219-D213	NIRSCWAMPLITUDE	219	213	685	n/a	7.8125
S220-D213	NIRSCWAMPLITUDE	220	213	685	n/a	7.8125
S221-D213	NIRSCWAMPLITUDE	221	213	685	n/a	7.8125
S222-D213	NIRSCWAMPLITUDE	222	213	685	n/a	7.8125
S223-D213	NIRSCWAMPLITUDE	223	213	685	n/a	7.8125
S224-D213	NIRSCWAMPLITUDE	224	213	685	n/a	7.8125
S225-D213	NIRSCWAMPLITUDE	225	213	685	n/a	7.8125
S226-D213	NIRSCWAMPLITUDE	226	213	685	n/a	7.8125
S230-D213	NIRSCWAMPLITUDE	230	213	685	n/a	7.8125
S231-D213	NIRSCWAMPLITUDE	231	213	685	n/a	7.8125
S232-D213	NIRSCWAMPLITUDE	232	213	685	n/a	7.8125
S233-D213	NIRSCWAMPLITUDE	233	213	685	n/a	7.8125
S234-D213	NIRSCWAMPLITUDE	234	213	685	n/a	7.8125
S235-D213	NIRSCWAMPLITUDE	235	213	685	n/a	7.8125
S236-D213	NIRSCWAMPLITUDE	236	213	685	n/a	7.8125
S241-D213	NIRSCWAMPLITUDE	241	213	685	n/a	7.8125
S242-D213	NIRSCWAMPLITUDE	242	213	685	n/a	7.8125
S243-D213	NIRSCWAMPLITUDE	243	213	685	n/a	7.8125
S244-D213	NIRSCWAMPLITUDE	244	213	685	n/a	7.8125
S245-D213	NIRSCWAMPLITUDE	245	213	685	n/a	7.8125
S246-D213	NIRSCWAMPLITUDE	246	213	685	n/a	7.8125
S251-D213	NIRSCWAMPLITUDE	251	213	685	n/a	7.8125
S252-D213	NIRSCWAMPLITUDE	252	213	685	n/a	7.8125
S253-D213	NIRSCWAMPLITUDE	253	213	685	n/a	7.8125
S254-D213	NIRSCWAMPLITUDE	254	213	685	n/a	7.8125
S255-D213	NIRSCWAMPLITUDE	255	213	685	n/a	7.8125
S194-D214	NIRSCWAMPLITUDE	194	214	685	n/a	7.8125
S195-D214	NIRSCWAMPLITUDE	195	214	685	n/a	7.8125
S196-D214	NIRSCWAMPLITUDE	196	214	685	n/a	7.8125
S197-D214	NIRSCWAMPLITUDE	197	214	685	n/a	7.8125
S198-D214	NIRSCWAMPLITUDE	198	214	685	n/a	7.8125
S199-D214	NIRSCWAMPLITUDE	199	214	685	n/a	7.8125
S200-D214	NIRSCWAMPLITUDE	200	214	685	n/a	7.8125
S201-D214	NIRSCWAMPLITUDE	201	214	685	n/a	7.8125
S202-D214	NIRSCWAMPLITUDE	202	214	685	n/a	7.8125
S203-D214	NIRSCWAMPLITUDE	203	214	685	n/a	7.8125
S204-D214	NIRSCWAMPLITUDE	204	214	685	n/a	7.8125
S205-D214	NIRSCWAMPLITUDE	205	214	685	n/a	7.8125
S208-D214	NIRSCWAMPLITUDE	208	214	685	n/a	7.8125
S209-D214	NIRSCWAMPLITUDE	209	214	685	n/a	7.8125
S210-D214	NIRSCWAMPLITUDE	210	214	685	n/a	7.8125
S211-D214	NIRSCWAMPLITUDE	211	214	685	n/a	7.8125
S212-D214	NIRSCWAMPLITUDE	212	214	685	n/a	7.8125
S213-D214	NIRSCWAMPLITUDE	213	214	685	n/a	7.8125
S214-D214	NIRSCWAMPLITUDE	214	214	685	n/a	7.8125
S215-D214	NIRSCWAMPLITUDE	215	214	685	n/a	7.8125
S220-D214	NIRSCWAMPLITUDE	220	214	685	n/a	7.8125
S221-D214	NIRSCWAMPLITUDE	221	214	685	n/a	7.8125
S222-D214	NIRSCWAMPLITUDE	222	214	685	n/a	7.8125
S223-D214	NIRSCWAMPLITUDE	223	214	685	n/a	7.8125
S224-D214	NIRSCWAMPLITUDE	224	214	685	n/a	7.8125
S225-D214	NIRSCWAMPLITUDE	225	214	685	n/a	7.8125
S226-D214	NIRSCWAMPLITUDE	226	214	685	n/a	7.8125
S227-D214	NIRSCWAMPLITUDE	227	214	685	n/a	7.8125
S230-D214	NIRSCWAMPLITUDE	230	214	685	n/a	7.8125
S231-D214	NIRSCWAMPLITUDE	231	214	685	n/a	7.8125
S232-D214	NIRSCWAMPLITUDE	232	214	685	n/a	7.8125
S233-D214	NIRSCWAMPLITUDE	233	214	685	n/a	7.8125
S234-D214	NIRSCWAMPLITUDE	234	214	685	n/a	7.8125
S235-D214	NIRSCWAMPLITUDE	235	214	685	n/a	7.8125
S236-D214	NIRSCWAMPLITUDE	236	214	685	n/a	7.8125
S237-D214	NIRSCWAMPLITUDE	237	214	685	n/a	7.8125
S242-D214	NIRSCWAMPLITUDE	242	214	685	n/a	7.8125
S243-D214	NIRSCWAMPLITUDE	243	214	685	n/a	7.8125
S244-D214	NIRSCWAMPLITUDE	244	214	685	n/a	7.8125
S245-D214	NIRSCWAMPLITUDE	245	214	685	n/a	7.8125
S246-D214	NIRSCWAMPLITUDE	246	214	685	n/a	7.8125
S247-D214	NIRSCWAMPLITUDE	247	214	685	n/a	7.8125
S253-D214	NIRSCWAMPLITUDE	253	214	685	n/a	7.8125
S254-D214	NIRSCWAMPLITUDE	254	214	685	n/a	7.8125
S255-D214	NIRSCWAMPLITUDE	255	214	685	n/a	7.8125
S194-D215	NIRSCWAMPLITUDE	194	215	685	n/a	7.8125
S195-D215	NIRSCWAMPLITUDE	195	215	685	n/a	7.8125
S196-D215	NIRSCWAMPLITUDE	196	215	685	n/a	7.8125
S197-D215	NIRSCWAMPLITUDE	197	215	685	n/a	7.8125
S199-D215	NIRSCWAMPLITUDE	199	215	685	n/a	7.8125
S200-D215	NIRSCWAMPLITUDE	200	215	685	n/a	7.8125
S201-D215	NIRSCWAMPLITUDE	201	215	685	n/a	7.8125
S202-D215	NIRSCWAMPLITUDE	202	215	685	n/a	7.8125
S203-D215	NIRSCWAMPLITUDE	203	215	685	n/a	7.8125
S204-D215	NIRSCWAMPLITUDE	204	215	685	n/a	7.8125
S205-D215	NIRSCWAMPLITUDE	205	215	685	n/a	7.8125
S206-D215	NIRSCWAMPLITUDE	206	215	685	n/a	7.8125
S209-D215	NIRSCWAMPLITUDE	209	215	685	n/a	7.8125
S210-D215	NIRSCWAMPLITUDE	210	215	685	n/a	7.8125
S211-D215	NIRSCWAMPLITUDE	211	215	685	n/a	7.8125
S212-D215	NIRSCWAMPLITUDE	212	215	685	n/a	7.8125
S213-D215	NIRSCWAMPLITUDE	213	215	685	n/a	7.8125
S214-D215	NIRSCWAMPLITUDE	214	215	685	n/a	7.8125
S215-D215	NIRSCWAMPLITUDE	215	215	685	n/a	7.8125
S216-D215	NIRSCWAMPLITUDE	216	215	685	n/a	7.8125
S221-D215	NIRSCWAMPLITUDE	221	215	685	n/a	7.8125
S222-D215	NIRSCWAMPLITUDE	222	215	685	n/a	7.8125
S223-D215	NIRSCWAMPLITUDE	223	215	685	n/a	7.8125
S224-D215	NIRSCWAMPLITUDE	224	215	685	n/a	7.8125
S225-D215	NIRSCWAMPLITUDE	225	215	685	n/a	7.8125
S226-D215	NIRSCWAMPLITUDE	226	215	685	n/a	7.8125
S227-D215	NIRSCWAMPLITUDE	227	215	685	n/a	7.8125
S228-D215	NIRSCWAMPLITUDE	228	215	685	n/a	7.8125
S231-D215	NIRSCWAMPLITUDE	231	215	685	n/a	7.8125
S232-D215	NIRSCWAMPLITUDE	232	215	685	n/a	7.8125
S233-D215	NIRSCWAMPLITUDE	233	215	685	n/a	7.8125
S234-D215	NIRSCWAMPLITUDE	234	215	685	n/a	7.8125
S235-D215	NIRSCWAMPLITUDE	235	215	685	n/a	7.8125
S236-D215	NIRSCWAMPLITUDE	236	215	685	n/a	7.8125
S237-D215	NIRSCWAMPLITUDE	237	215	685	n/a	7.8125
S238-D215	NIRSCWAMPLITUDE	238	215	685	n/a	7.8125
S243-D215	NIRSCWAMPLITUDE	243	215	685	n/a	7.8125
S244-D215	NIRSCWAMPLITUDE	244	215	685	n/a	7.8125
S245-D215	NIRSCWAMPLITUDE	245	215	685	n/a	7.8125
S246-D215	NIRSCWAMPLITUDE	246	215	685	n/a	7.8125
S247-D215	NIRSCWAMPLITUDE	247	215	685	n/a	7.8125
S248-D215	NIRSCWAMPLITUDE	248	215	685	n/a	7.8125
S254-D215	NIRSCWAMPLITUDE	254	215	685	n/a	7.8125
S255-D215	NIRSCWAMPLITUDE	255	215	685	n/a	7.8125
S24-D216	NIRSCWAMPLITUDE	24	216	685	n/a	7.8125
S30-D216	NIRSCWAMPLITUDE	30	216	685	n/a	7.8125
S36-D216	NIRSCWAMPLITUDE	36	216	685	n/a	7.8125
S195-D216	NIRSCWAMPLITUDE	195	216	685	n/a	7.8125
S196-D216	NIRSCWAMPLITUDE	196	216	685	n/a	7.8125
S197-D216	NIRSCWAMPLITUDE	197	216	685	n/a	7.8125
S200-D216	NIRSCWAMPLITUDE	200	216	685	n/a	7.8125
S201-D216	NIRSCWAMPLITUDE	201	216	685	n/a	7.8125
S202-D216	NIRSCWAMPLITUDE	202	216	685	n/a	7.8125
S203-D216	NIRSCWAMPLITUDE	203	216	685	n/a	7.8125
S204-D216	NIRSCWAMPLITUDE	204	216	685	n/a	7.8125
S205-D216	NIRSCWAMPLITUDE	205	216	685	n/a	7.8125
S206-D216	NIRSCWAMPLITUDE	206	216	685	n/a	7.8125
S207-D216	NIRSCWAMPLITUDE	207	216	685	n/a	7.8125
S210-D216	NIRSCWAMPLITUDE	210	216	685	n/a	7.8125
S211-D216	NIRSCWAMPLITUDE	211	216	685	n/a	7.8125
S212-D216	NIRSCWAMPLITUDE	212	216	685	n/a	7.8125
S213-D216	NIRSCWAMPLITUDE	213	216	685	n/a	7.8125
S214-D216	NIRSCWAMPLITUDE	214	216	685	n/a	7.8125
S215-D216	NIRSCWAMPLITUDE	215	216	685	n/a	7.8125
S216-D216	NIRSCWAMPLITUDE	216	216	685	n/a	7.8125
S217-D216	NIRSCWAMPLITUDE	217	216	685	n/a	7.8125
S222-D216	NIRSCWAMPLITUDE	222	216	685	n/a	7.8125
S223-D216	NIRSCWAMPLITUDE	223	216	685	n/a	7.8125
S224-D216	NIRSCWAMPLITUDE	224	216	685	n/a	7.8125
S225-D216	NIRSCWAMPLITUDE	225	216	685	n/a	7.8125
S226-D216	NIRSCWAMPLITUDE	226	216	685	n/a	7.8125
S227-D216	NIRSCWAMPLITUDE	227	216	685	n/a	7.8125
S228-D216	NIRSCWAMPLITUDE	228	216	685	n/a	7.8125
S229-D216	NIRSCWAMPLITUDE	229	216	685	n/a	7.8125
S232-D216	NIRSCWAMPLITUDE	232	216	685	n/a	7.8125
S233-D216	NIRSCWAMPLITUDE	233	216	685	n/a	7.8125
S234-D216	NIRSCWAMPLITUDE	234	216	685	n/a	7.8125
S235-D216	NIRSCWAMPLITUDE	235	216	685	n/a	7.8125
S236-D216	NIRSCWAMPLITUDE	236	216	685	n/a	7.8125
S237-D216	NIRSCWAMPLITUDE	237	216	685	n/a	7.8125
S238-D216	NIRSCWAMPLITUDE	238	216	685	n/a	7.8125
S239-D216	NIRSCWAMPLITUDE	239	216	685	n/a	7.8125
S244-D216	NIRSCWAMPLITUDE	244	216	685	n/a	7.8125
S245-D216	NIRSCWAMPLITUDE	245	216	685	n/a	7.8125
S246-D216	NIRSCWAMPLITUDE	246	216	685	n/a	7.8125
S247-D216	NIRSCWAMPLITUDE	247	216	685	n/a	7.8125
S248-D216	NIRSCWAMPLITUDE	248	216	685	n/a	7.8125
S249-D216	NIRSCWAMPLITUDE	249	216	685	n/a	7.8125
S254-D216	NIRSCWAMPLITUDE	254	216	685	n/a	7.8125
S255-D216	NIRSCWAMPLITUDE	255	216	685	n/a	7.8125
S12-D217	NIRSCWAMPLITUDE	12	217	685	n/a	7.8125
S18-D217	NIRSCWAMPLITUDE	18	217	685	n/a	7.8125
S24-D217	NIRSCWAMPLITUDE	24	217	685	n/a	7.8125
S30-D217	NIRSCWAMPLITUDE	30	217	685	n/a	7.8125
S36-D217	NIRSCWAMPLITUDE	36	217	685	n/a	7.8125
S174-D217	NIRSCWAMPLITUDE	174	217	685	n/a	7.8125
S180-D217	NIRSCWAMPLITUDE	180	217	685	n/a	7.8125
S196-D217	NIRSCWAMPLITUDE	196	217	685	n/a	7.8125
S197-D217	NIRSCWAMPLITUDE	197	217	685	n/a	7.8125
S201-D217	NIRSCWAMPLITUDE	201	217	685	n/a	7.8125
S202-D217	NIRSCWAMPLITUDE	202	217	685	n/a	7.8125
S203-D217	NIRSCWAMPLITUDE	203	217	685	n/a	7.8125
S204-D217	NIRSCWAMPLITUDE	204	217	685	n/a	7.8125
S205-D217	NIRSCWAMPLITUDE	205	217	685	n/a	7.8125
S206-D217	NIRSCWAMPLITUDE	206	217	685	n/a	7.8125
S207-D217	NIRSCWAMPLITUDE	207	217	685	n/a	7.8125
S211-D217	NIRSCWAMPLITUDE	211	217	685	n/a	7.8125
S212-D217	NIRSCWAMPLITUDE	212	217	685	n/a	7.8125
S213-D217	NIRSCWAMPLITUDE	213	217	685	n/a	7.8125
S214-D217	NIRSCWAMPLITUDE	214	217	685	n/a	7.8125
S215-D217	NIRSCWAMPLITUDE	215	217	685	n/a	7.8125
S216-D217	NIRSCWAMPLITUDE	216	217	685	n/a	7.8125
S217-D217	NIRSCWAMPLITUDE	217	217	685	n/a	7.8125
S218-D217	NIRSCWAMPLITUDE	218	217	685	n/a	7.8125
S223-D217	NIRSCWAMPLITUDE	223	217	685	n/a	7.8125
S224-D217	NIRSCWAMPLITUDE	224	217	685	n/a	7.8125
S225-D217	NIRSCWAMPLITUDE	225	217	685	n/a	7.8125
S226-D217	NIRSCWAMPLITUDE	226	217	685	n/a	7.8125
S227-D217	NIRSCWAMPLITUDE	227	217	685	n/a	7.8125
S228-D217	NIRSCWAMPLITUDE	228	217	685	n/a	7.8125
S229-D217	NIRSCWAMPLITUDE	229	217	685	n/a	7.8125
S233-D217	NIRSCWAMPLITUDE	233	217	685	n/a	7.8125
S234-D217	NIRSCWAMPLITUDE	234	217	685	n/a	7.8125
S235-D217	NIRSCWAMPLITUDE	235	217	685	n/a	7.8125
S236-D217	NIRSCWAMPLITUDE	236	217	685	n/a	7.8125
S237-D217	NIRSCWAMPLITUDE	237	217	685	n/a	7.8125
S238-D217	NIRSCWAMPLITUDE	238	217	685	n/a	7.8125
S239-D217	NIRSCWAMPLITUDE	239	217	685	n/a	7.8125
S240-D217	NIRSCWAMPLITUDE	240	217	685	n/a	7.8125
S245-D217	NIRSCWAMPLITUDE	245	217	685	n/a	7.8125
S246-D217	NIRSCWAMPLITUDE	246	217	685	n/a	7.8125
S247-D217	NIRSCWAMPLITUDE	247	217	685	n/a	7.8125
S248-D217	NIRSCWAMPLITUDE	248	217	685	n/a	7.8125
S249-D217	NIRSCWAMPLITUDE	249	217	685	n/a	7.8125
S250-D217	NIRSCWAMPLITUDE	250	217	685	n/a	7.8125
S255-D217	NIRSCWAMPLITUDE	255	217	685	n/a	7.8125
S5-D218	NIRSCWAMPLITUDE	5	218	685	n/a	7.8125
S6-D218	NIRSCWAMPLITUDE	6	218	685	n/a	7.8125
S11-D218	NIRSCWAMPLITUDE	11	218	685	n/a	7.8125
S12-D218	NIRSCWAMPLITUDE	12	218	685	n/a	7.8125
S17-D218	NIRSCWAMPLITUDE	17	218	685	n/a	7.8125
S18-D218	NIRSCWAMPLITUDE	18	218	685	n/a	7.8125
S23-D218	NIRSCWAMPLITUDE	23	218	685	n/a	7.8125
S24-D218	NIRSCWAMPLITUDE	24	218	685	n/a	7.8125
S30-D218	NIRSCWAMPLITUDE	30	218	685	n/a	7.8125
S36-D218	NIRSCWAMPLITUDE	36	218	685	n/a	7.8125
S174-D218	NIRSCWAMPLITUDE	174	218	685	n/a	7.8125
S180-D218	NIRSCWAMPLITUDE	180	218	685	n/a	7.8125
S186-D218	NIRSCWAMPLITUDE	186	218	685	n/a	7.8125
S192-D218	NIRSCWAMPLITUDE	192	218	685	n/a	7.8125
S197-D218	NIRSCWAMPLITUDE	197	218	685	n/a	7.8125
S202-D218	NIRSCWAMPLITUDE	202	218	685	n/a	7.8125
S203-D218	NIRSCWAMPLITUDE	203	218	685	n/a	7.8125
S204-D218	NIRSCWAMPLITUDE	204	218	685	n/a	7.8125
S205-D218	NIRSCWAMPLITUDE	205	218	685	n/a	7.8125
S206-D218	NIRSCWAMPLITUDE	206	218	685	n/a	7.8125
S207-D218	NIRSCWAMPLITUDE	207	218	685	n/a	7.8125
S212-D218	NIRSCWAMPLITUDE	212	218	685	n/a	7.8125
S213-D218	NIRSCWAMPLITUDE	213	218	685	n/a	7.8125
S214-D218	NIRSCWAMPLITUDE	214	218	685	n/a	7.8125
S215-D218	NIRSCWAMPLITUDE	215	218	685	n/a	7.8125
S216-D218	NIRSCWAMPLITUDE	216	218	685	n/a	7.8125
S217-D218	NIRSCWAMPLITUDE	217	218	685	n/a	7.8125
S218-D218	NIRSCWAMPLITUDE	218	218	685	n/a	7.8125
S224-D218	NIRSCWAMPLITUDE	224	218	685	n/a	7.8125
S225-D218	NIRSCWAMPLITUDE	225	218	685	n/a	7.8125
S226-D218	NIRSCWAMPLITUDE	226	218	685	n/a	7.8125
S227-D218	NIRSCWAMPLITUDE	227	218	685	n/a	7.8125
S228-D218	NIRSCWAMPLITUDE	228	218	685	n/a	7.8125
S229-D218	NIRSCWAMPLITUDE	229	218	685	n/a	7.8125
S234-D218	NIRSCWAMPLITUDE	234	218	685	n/a	7.8125
S235-D218	NIRSCWAMPLITUDE	235	218	685	n/a	7.8125
S236-D218	NIRSCWAMPLITUDE	236	218	685	n/a	7.8125
S237-D218	NIRSCWAMPLITUDE	237	218	685	n/a	7.8125
S238-D218	NIRSCWAMPLITUDE	238	218	685	n/a	7.8125
S239-D218	NIRSCWAMPLITUDE	239	218	685	n/a	7.8125
S240-D218	NIRSCWAMPLITUDE	240	218	685	n/a	7.8125
S246-D218	NIRSCWAMPLITUDE	246	218	685	n/a	7.8125
S247-D218	NIRSCWAMPLITUDE	247	218	685	n/a	7.8125
S248-D218	NIRSCWAMPLITUDE	248	218	685	n/a	7.8125
S249-D218	NIRSCWAMPLITUDE	249	218	685	n/a	7.8125
S250-D218	NIRSCWAMPLITUDE	250	218	685	n/a	7.8125
S5-D219	NIRSCWAMPLITUDE	5	219	685	n/a	7.8125
S6-D219	NIRSCWAMPLITUDE	6	219	685	n/a	7.8125
S10-D219	NIRSCWAMPLITUDE	10	219	685	n/a	7.8125
S11-D219	NIRSCWAMPLITUDE	11	219	685	n/a	7.8125
S12-D219	NIRSCWAMPLITUDE	12	219	685	n/a	7.8125
S17-D219	NIRSCWAMPLITUDE	17	219	685	n/a	7.8125
S18-D219	NIRSCWAMPLITUDE	18	219	685	n/a	7.8125
S23-D219	NIRSCWAMPLITUDE	23	219	685	n/a	7.8125
S24-D219	NIRSCWAMPLITUDE	24	219	685	n/a	7.8125
S30-D219	NIRSCWAMPLITUDE	30	219	685	n/a	7.8125
S174-D219	NIRSCWAMPLITUDE	174	219	685	n/a	7.8125
S179-D219	NIRSCWAMPLITUDE	179	219	685	n/a	7.8125
S180-D219	NIRSCWAMPLITUDE	180	219	685	n/a	7.8125
S185-D219	NIRSCWAMPLITUDE	185	219	685	n/a	7.8125
S186-D219	NIRSCWAMPLITUDE	186	219	685	n/a	7.8125
S191-D219	NIRSCWAMPLITUDE	191	219	685	n/a	7.8125
S192-D219	NIRSCWAMPLITUDE	192	219	685	n/a	7.8125
S203-D219	NIRSCWAMPLITUDE	203	219	685	n/a	7.8125
S204-D219	NIRSCWAMPLITUDE	204	219	685	n/a	7.8125
S205-D219	NIRSCWAMPLITUDE	205	219	685	n/a	7.8125
S206-D219	NIRSCWAMPLITUDE	206	219	685	n/a	7.8125
S207-D219	NIRSCWAMPLITUDE	207	219	685	n/a	7.8125
S213-D219	NIRSCWAMPLITUDE	213	219	685	n/a	7.8125
S214-D219	NIRSCWAMPLITUDE	214	219	685	n/a	7.8125
S215-D219	NIRSCWAMPLITUDE	215	219	685	n/a	7.8125
S216-D219	NIRSCWAMPLITUDE	216	219	685	n/a	7.8125
S217-D219	NIRSCWAMPLITUDE	217	219	685	n/a	7.8125
S218-D219	NIRSCWAMPLITUDE	218	219	685	n/a	7.8125
S225-D219	NIRSCWAMPLITUDE	225	219	685	n/a	7.8125
S226-D219	NIRSCWAMPLITUDE	226	219	685	n/a	7.8125
S227-D219	NIRSCWAMPLITUDE	227	219	685	n/a	7.8125
S228-D219	NIRSCWAMPLITUDE	228	219	685	n/a	7.8125
S229-D219	NIRSCWAMPLITUDE	229	219	685	n/a	7.8125
S235-D219	NIRSCWAMPLITUDE	235	219	685	n/a	7.8125
S236-D219	NIRSCWAMPLITUDE	236	219	685	n/a	7.8125
S237-D219	NIRSCWAMPLITUDE	237	219	685	n/a	7.8125
S238-D219	NIRSCWAMPLITUDE	238	219	685	n/a	7.8125
S239-D219	NIRSCWAMPLITUDE	239	219	685	n/a	7.8125
S240-D219	NIRSCWAMPLITUDE	240	219	685	n/a	7.8125
S247-D219	NIRSCWAMPLITUDE	247	219	685	n/a	7.8125
S248-D219	NIRSCWAMPLITUDE	248	219	685	n/a	7.8125
S249-D219	NIRSCWAMPLITUDE	249	219	685	n/a	7.8125
S250-D219	NIRSCWAMPLITUDE	250	219	685	n/a	7.8125
S4-D220	NIRSCWAMPLITUDE	4	220	685	n/a	7.8125
S5-D220	NIRSCWAMPLITUDE	5	220	685	n/a	7.8125
S6-D220	NIRSCWAMPLITUDE	6	220	685	n/a	7.8125
S10-D220	NIRSCWAMPLITUDE	10	220	685	n/a	7.8125
S11-D220	NIRSCWAMPLITUDE	11	220	685	n/a	7.8125
S12-D220	NIRSCWAMPLITUDE	12	220	685	n/a	7.8125
S16-D220	NIRSCWAMPLITUDE	16	220	685	n/a	7.8125
S17-D220	NIRSCWAMPLITUDE	17	220	685	n/a	7.8125
S18-D220	NIRSCWAMPLITUDE	18	220	685	n/a	7.8125
S23-D220	NIRSCWAMPLITUDE	23	220	685	n/a	7.8125
S24-D220	NIRSCWAMPLITUDE	24	220	685	n/a	7.8125
S30-D220	NIRSCWAMPLITUDE	30	220	685	n/a	7.8125
S174-D220	NIRSCWAMPLITUDE	174	220	685	n/a	7.8125
S179-D220	NIRSCWAMPLITUDE	179	220	685	n/a	7.8125
S180-D220	NIRSCWAMPLITUDE	180	220	685	n/a	7.8125
S185-D220	NIRSCWAMPLITUDE	185	220	685	n/a	7.8125
S186-D220	NIRSCWAMPLITUDE	186	220	685	n/a	7.8125
S190-D220	NIRSCWAMPLITUDE	190	220	685	n/a	7.8125
S191-D220	NIRSCWAMPLITUDE	191	220	685	n/a	7.8125
S192-D220	NIRSCWAMPLITUDE	192	220	685	n/a	7.8125
S204-D220	NIRSCWAMPLITUDE	204	220	685	n/a	7.8125
S205-D220	NIRSCWAMPLITUDE	205	220	685	n/a	7.8125
S206-D220	NIRSCWAMPLITUDE	206	220	685	n/a	7.8125
S207-D220	NIRSCWAMPLITUDE	207	220	685	n/a	7.8125
S214-D220	NIRSCWAMPLITUDE	214	220	685	n/a	7.8125
S215-D220	NIRSCWAMPLITUDE	215	220	685	n/a	7.8125
S216-D220	NIRSCWAMPLITUDE	216	220	685	n/a	7.8125
S217-D220	NIRSCWAMPLITUDE	217	220	685	n/a	7.8125
S218-D220	NIRSCWAMPLITUDE	218	220	685	n/a	7.8125
S226-D220	NIRSCWAMPLITUDE	226	220	685	n/a	7.8125
S227-D220	NIRSCWAMPLITUDE	227	220	685	n/a	7.8125
S228-D220	NIRSCWAMPLITUDE	228	220	685	n/a	7.8125
S229-D220	NIRSCWAMPLITUDE	229	220	685	n/a	7.8125
S236-D220	NIRSCWAMPLITUDE	236	220	685	n/a	7.8125
S237-D220	NIRSCWAMPLITUDE	237	220	685	n/a	7.8125
S238-D220	NIRSCWAMPLITUDE	238	220	685	n/a	7.8125
S239-D220	NIRSCWAMPLITUDE	239	220	685	n/a	7.8125
S240-D220	NIRSCWAMPLITUDE	240	220	685	n/a	7.8125
S248-D220	NIRSCWAMPLITUDE	248	220	685	n/a	7.8125
S249-D220	NIRSCWAMPLITUDE	249	220	685	n/a	7.8125
S250-D220	NIRSCWAMPLITUDE	250	220	685	n/a	7.8125
S81-D221	NIRSCWAMPLITUDE	81	221	685	n/a	7.8125
S86-D221	NIRSCWAMPLITUDE	86	221	685	n/a	7.8125
S87-D221	NIRSCWAMPLITUDE	87	221	685	n/a	7.8125
S92-D221	NIRSCWAMPLITUDE	92	221	685	n/a	7.8125
S93-D221	NIRSCWAMPLITUDE	93	221	685	n/a	7.8125
S98-D221	NIRSCWAMPLITUDE	98	221	685	n/a	7.8125
S99-D221	NIRSCWAMPLITUDE	99	221	685	n/a	7.8125
S103-D221	NIRSCWAMPLITUDE	103	221	685	n/a	7.8125
S104-D221	NIRSCWAMPLITUDE	104	221	685	n/a	7.8125
S105-D221	NIRSCWAMPLITUDE	105	221	685	n/a	7.8125
S109-D221	NIRSCWAMPLITUDE	109	221	685	n/a	7.8125
S110-D221	NIRSCWAMPLITUDE	110	221	685	n/a	7.8125
S111-D221	NIRSCWAMPLITUDE	111	221	685	n/a	7.8125
S116-D221	NIRSCWAMPLITUDE	116	221	685	n/a	7.8125
S117-D221	NIRSCWAMPLITUDE	117	221	685	n/a	7.8125
S122-D221	NIRSCWAMPLITUDE	122	221	685	n/a	7.8125
S127-D221	NIRSCWAMPLITUDE	127	221	685	n/a	7.8125
S138-D221	NIRSCWAMPLITUDE	138	221	685	n/a	7.8125
S193-D221	NIRSCWAMPLITUDE	193	221	685	n/a	7.8125
S194-D221	NIRSCWAMPLITUDE	194	221	685	n/a	7.8125
S195-D221	NIRSCWAMPLITUDE	195	221	685	n/a	7.8125
S198-D221	NIRSCWAMPLITUDE	198	221	685	n/a	7.8125
S199-D221	NIRSCWAMPLITUDE	199	221	685	n/a	7.8125
S200-D221	NIRSCWAMPLITUDE	200	221	685	n/a	7.8125
S201-D221	NIRSCWAMPLITUDE	201	221	685	n/a	7.8125
S208-D221	NIRSCWAMPLITUDE	208	221	685	n/a	7.8125
S209-D221	NIRSCWAMPLITUDE	209	221	685	n/a	7.8125
S210-D221	NIRSCWAMPLITUDE	210	221	685	n/a	7.8125
S211-D221	NIRSCWAMPLITUDE	211	221	685	n/a	7.8125
S219-D221	NIRSCWAMPLITUDE	219	221	685	n/a	7.8125
S220-D221	NIRSCWAMPLITUDE	220	221	685	n/a	7.8125
S221-D221	NIRSCWAMPLITUDE	221	221	685	n/a	7.8125
S222-D221	NIRSCWAMPLITUDE	222	221	685	n/a	7.8125
S223-D221	NIRSCWAMPLITUDE	223	221	685	n/a	7.8125
S230-D221	NIRSCWAMPLITUDE	230	221	685	n/a	7.8125
S231-D221	NIRSCWAMPLITUDE	231	221	685	n/a	7.8125
S232-D221	NIRSCWAMPLITUDE	232	221	685	n/a	7.8125
S233-D221	NIRSCWAMPLITUDE	233	221	685	n/a	7.8125
S241-D221	NIRSCWAMPLITUDE	241	221	685	n/a	7.8125
S242-D221	NIRSCWAMPLITUDE	242	221	685	n/a	7.8125
S243-D221	NIRSCWAMPLITUDE	243	221	685	n/a	7.8125
S244-D221	NIRSCWAMPLITUDE	244	221	685	n/a	7.8125
S251-D221	NIRSCWAMPLITUDE	251	221	685	n/a	7.8125
S252-D221	NIRSCWAMPLITUDE	252	221	685	n/a	7.8125
S253-D221	NIRSCWAMPLITUDE	253	221	685	n/a	7.8125
S254-D221	NIRSCWAMPLITUDE	254	221	685	n/a	7.8125
S81-D222	NIRSCWAMPLITUDE	81	222	685	n/a	7.8125
S87-D222	NIRSCWAMPLITUDE	87	222	685	n/a	7.8125
S93-D222	NIRSCWAMPLITUDE	93	222	685	n/a	7.8125
S99-D222	NIRSCWAMPLITUDE	99	222	685	n/a	7.8125
S105-D222	NIRSCWAMPLITUDE	105	222	685	n/a	7.8125
S110-D222	NIRSCWAMPLITUDE	110	222	685	n/a	7.8125
S111-D222	NIRSCWAMPLITUDE	111	222	685	n/a	7.8125
S116-D222	NIRSCWAMPLITUDE	116	222	685	n/a	7.8125
S117-D222	NIRSCWAMPLITUDE	117	222	685	n/a	7.8125
S138-D222	NIRSCWAMPLITUDE	138	222	685	n/a	7.8125
S193-D222	NIRSCWAMPLITUDE	193	222	685	n/a	7.8125
S194-D222	NIRSCWAMPLITUDE	194	222	685	n/a	7.8125
S195-D222	NIRSCWAMPLITUDE	195	222	685	n/a	7.8125
S196-D222	NIRSCWAMPLITUDE	196	222	685	n/a	7.8125
S198-D222	NIRSCWAMPLITUDE	198	222	685	n/a	7.8125
S199-D222	NIRSCWAMPLITUDE	199	222	685	n/a	7.8125
S200-D222	NIRSCWAMPLITUDE	200	222	685	n/a	7.8125
S201-D222	NIRSCWAMPLITUDE	201	222	685	n/a	7.8125
S202-D222	NIRSCWAMPLITUDE	202	222	685	n/a	7.8125
S208-D222	NIRSCWAMPLITUDE	208	222	685	n/a	7.8125
S209-D222	NIRSCWAMPLITUDE	209	222	685	n/a	7.8125
S210-D222	NIRSCWAMPLITUDE	210	222	685	n/a	7.8125
S211-D222	NIRSCWAMPLITUDE	211	222	685	n/a	7.8125
S212-D222	NIRSCWAMPLITUDE	212	222	685	n/a	7.8125
S219-D222	NIRSCWAMPLITUDE	219	222	685	n/a	7.8125
S220-D222	NIRSCWAMPLITUDE	220	222	685	n/a	7.8125
S221-D222	NIRSCWAMPLITUDE	221	222	685	n/a	7.8125
S222-D222	NIRSCWAMPLITUDE	222	222	685	n/a	7.8125
S223-D222	NIRSCWAMPLITUDE	223	222	685	n/a	7.8125
S224-D222	NIRSCWAMPLITUDE	224	222	685	n/a	7.8125
S230-D222	NIRSCWAMPLITUDE	230	222	685	n/a	7.8125
S231-D222	NIRSCWAMPLITUDE	231	222	685	n/a	7.8125
S232-D222	NIRSCWAMPLITUDE	232	222	685	n/a	7.8125
S233-D222	NIRSCWAMPLITUDE	233	222	685	n/a	7.8125
S234-D222	NIRSCWAMPLITUDE	234	222	685	n/a	7.8125
S241-D222	NIRSCWAMPLITUDE	241	222	685	n/a	7.8125
S242-D222	NIRSCWAMPLITUDE	242	222	685	n/a	7.8125
S243-D222	NIRSCWAMPLITUDE	243	222	685	n/a	7.8125
S244-D222	NIRSCWAMPLITUDE	244	222	685	n/a	7.8125
S245-D222	NIRSCWAMPLITUDE	245	222	685	n/a	7.8125
S251-D222	NIRSCWAMPLITUDE	251	222	685	n/a	7.8125
S252-D222	NIRSCWAMPLITUDE	252	222	685	n/a	7.8125
S253-D222	NIRSCWAMPLITUDE	253	222	685	n/a	7.8125
S254-D222	NIRSCWAMPLITUDE	254	222	685	n/a	7.8125
S255-D222	NIRSCWAMPLITUDE	255	222	685	n/a	7.8125
S111-D223	NIRSCWAMPLITUDE	111	223	685	n/a	7.8125
S117-D223	NIRSCWAMPLITUDE	117	223	685	n/a	7.8125
S138-D223	NIRSCWAMPLITUDE	138	223	685	n/a	7.8125
S144-D223	NIRSCWAMPLITUDE	144	223	685	n/a	7.8125
S193-D223	NIRSCWAMPLITUDE	193	223	685	n/a	7.8125
S194-D223	NIRSCWAMPLITUDE	194	223	685	n/a	7.8125
S195-D223	NIRSCWAMPLITUDE	195	223	685	n/a	7.8125
S196-D223	NIRSCWAMPLITUDE	196	223	685	n/a	7.8125
S197-D223	NIRSCWAMPLITUDE	197	223	685	n/a	7.8125
S198-D223	NIRSCWAMPLITUDE	198	223	685	n/a	7.8125
S199-D223	NIRSCWAMPLITUDE	199	223	685	n/a	7.8125
S200-D223	NIRSCWAMPLITUDE	200	223	685	n/a	7.8125
S201-D223	NIRSCWAMPLITUDE	201	223	685	n/a	7.8125
S202-D223	NIRSCWAMPLITUDE	202	223	685	n/a	7.8125
S208-D223	NIRSCWAMPLITUDE	208	223	685	n/a	7.8125
S209-D223	NIRSCWAMPLITUDE	209	223	685	n/a	7.8125
S210-D223	NIRSCWAMPLITUDE	210	223	685	n/a	7.8125
S211-D223	NIRSCWAMPLITUDE	211	223	685	n/a	7.8125
S212-D223	NIRSCWAMPLITUDE	212	223	685	n/a	7.8125
S213-D223	NIRSCWAMPLITUDE	213	223	685	n/a	7.8125
S219-D223	NIRSCWAMPLITUDE	219	223	685	n/a	7.8125
S220-D223	NIRSCWAMPLITUDE	220	223	685	n/a	7.8125
S221-D223	NIRSCWAMPLITUDE	221	223	685	n/a	7.8125
S222-D223	NIRSCWAMPLITUDE	222	223	685	n/a	7.8125
S223-D223	NIRSCWAMPLITUDE	223	223	685	n/a	7.8125
S224-D223	NIRSCWAMPLITUDE	224	223	685	n/a	7.8125
S225-D223	NIRSCWAMPLITUDE	225	223	685	n/a	7.8125
S230-D223	NIRSCWAMPLITUDE	230	223	685	n/a	7.8125
S231-D223	NIRSCWAMPLITUDE	231	223	685	n/a	7.8125
S232-D223	NIRSCWAMPLITUDE	232	223	685	n/a	7.8125
S233-D223	NIRSCWAMPLITUDE	233	223	685	n/a	7.8125
S234-D223	NIRSCWAMPLITUDE	234	223	685	n/a	7.8125
S235-D223	NIRSCWAMPLITUDE	235	223	685	n/a	7.8125
S241-D223	NIRSCWAMPLITUDE	241	223	685	n/a	7.8125
S242-D223	NIRSCWAMPLITUDE	242	223	685	n/a	7.8125
S243-D223	NIRSCWAMPLITUDE	243	223	685	n/a	7.8125
S244-D223	NIRSCWAMPLITUDE	244	223	685	n/a	7.8125
S245-D223	NIRSCWAMPLITUDE	245	223	685	n/a	7.8125
S246-D223	NIRSCWAMPLITUDE	246	223	685	n/a	7.8125
S251-D223	NIRSCWAMPLITUDE	251	223	685	n/a	7.8125
S252-D223	NIRSCWAMPLITUDE	252	223	685	n/a	7.8125
S253-D223	NIRSCWAMPLITUDE	253	223	685	n/a	7.8125
S254-D223	NIRSCWAMPLITUDE	254	223	685	n/a	7.8125
S255-D223	NIRSCWAMPLITUDE	255	223	685	n/a	7.8125
S138-D224	NIRSCWAMPLITUDE	138	224	685	n/a	7.8125
S144-D224	NIRSCWAMPLITUDE	144	224	685	n/a	7.8125
S193-D224	NIRSCWAMPLITUDE	193	224	685	n/a	7.8125
S194-D224	NIRSCWAMPLITUDE	194	224	685	n/a	7.8125
S195-D224	NIRSCWAMPLITUDE	195	224	685	n/a	7.8125
S196-D224	NIRSCWAMPLITUDE	196	224	685	n/a	7.8125
S197-D224	NIRSCWAMPLITUDE	197	224	685	n/a	7.8125
S198-D224	NIRSCWAMPLITUDE	198	224	685	n/a	7.8125
S199-D224	NIRSCWAMPLITUDE	199	224	685	n/a	7.8125
S200-D224	NIRSCWAMPLITUDE	200	224	685	n/a	7.8125
S201-D224	NIRSCWAMPLITUDE	201	224	685	n/a	7.8125
S202-D224	NIRSCWAMPLITUDE	202	224	685	n/a	7.8125
S203-D224	NIRSCWAMPLITUDE	203	224	685	n/a	7.8125
S208-D224	NIRSCWAMPLITUDE	208	224	685	n/a	7.8125
S209-D224	NIRSCWAMPLITUDE	209	224	685	n/a	7.8125
S210-D224	NIRSCWAMPLITUDE	210	224	685	n/a	7.8125
S211-D224	NIRSCWAMPLITUDE	211	224	685	n/a	7.8125
S212-D224	NIRSCWAMPLITUDE	212	224	685	n/a	7.8125
S213-D224	NIRSCWAMPLITUDE	213	224	685	n/a	7.8125
S214-D224	NIRSCWAMPLITUDE	214	224	685	n/a	7.8125
S219-D224	NIRSCWAMPLITUDE	219	224	685	n/a	7.8125
S220-D224	NIRSCWAMPLITUDE	220	224	685	n/a	7.8125
S221-D224	NIRSCWAMPLITUDE	221	224	685	n/a	7.8125
S222-D224	NIRSCWAMPLITUDE	222	224	685	n/a	7.8125
S223-D224	NIRSCWAMPLITUDE	223	224	685	n/a	7.8125
S224-D224	NIRSCWAMPLITUDE	224	224	685	n/a	7.8125
S225-D224	NIRSCWAMPLITUDE	225	224	685	n/a	7.8125
S226-D224	NIRSCWAMPLITUDE	226	224	685	n/a	7.8125
S230-D224	NIRSCWAMPLITUDE	230	224	685	n/a	7.8125
S231-D224	NIRSCWAMPLITUDE	231	224	685	n/a	7.8125
S232-D224	NIRSCWAMPLITUDE	232	224	685	n/a	7.8125
S233-D224	NIRSCWAMPLITUDE	233	224	685	n/a	7.8125
S234-D224	NIRSCWAMPLITUDE	234	224	685	n/a	7.8125
S235-D224	NIRSCWAMPLITUDE	235	224	685	n/a	7.8125
S236-D224	NIRSCWAMPLITUDE	236	224	685	n/a	7.8125
S241-D224	NIRSCWAMPLITUDE	241	224	685	n/a	7.8125
S242-D224	NIRSCWAMPLITUDE	242	224	685	n/a	7.8125
S243-D224	NIRSCWAMPLITUDE	243	224	685	n/a	7.8125
S244-D224	NIRSCWAMPLITUDE	244	224	685	n/a	7.8125
S245-D224	NIRSCWAMPLITUDE	245	224	685	n/a	7.8125
S246-D224	NIRSCWAMPLITUDE	246	224	685	n/a	7.8125
S247-D224	NIRSCWAMPLITUDE	247	224	685	n/a	7.8125
S251-D224	NIRSCWAMPLITUDE	251	224	685	n/a	7.8125
S252-D224	NIRSCWAMPLITUDE	252	224	685	n/a	7.8125
S253-D224	NIRSCWAMPLITUDE	253	224	685	n/a	7.8125
S254-D224	NIRSCWAMPLITUDE	254	224	685	n/a	7.8125
S255-D224	NIRSCWAMPLITUDE	255	224	685	n/a	7.8125
S138-D225	NIRSCWAMPLITUDE	138	225	685	n/a	7.8125
S144-D225	NIRSCWAMPLITUDE	144	225	685	n/a	7.8125
S150-D225	NIRSCWAMPLITUDE	150	225	685	n/a	7.8125
S195-D225	NIRSCWAMPLITUDE	195	225	685	n/a	7.8125
S196-D225	NIRSCWAMPLITUDE	196	225	685	n/a	7.8125
S197-D225	NIRSCWAMPLITUDE	197	225	685	n/a	7.8125
S199-D225	NIRSCWAMPLITUDE	199	225	685	n/a	7.8125
S200-D225	NIRSCWAMPLITUDE	200	225	685	n/a	7.8125
S201-D225	NIRSCWAMPLITUDE	201	225	685	n/a	7.8125
S202-D225	NIRSCWAMPLITUDE	202	225	685	n/a	7.8125
S203-D225	NIRSCWAMPLITUDE	203	225	685	n/a	7.8125
S204-D225	NIRSCWAMPLITUDE	204	225	685	n/a	7.8125
S208-D225	NIRSCWAMPLITUDE	208	225	685	n/a	7.8125
S209-D225	NIRSCWAMPLITUDE	209	225	685	n/a	7.8125
S210-D225	NIRSCWAMPLITUDE	210	225	685	n/a	7.8125
S211-D225	NIRSCWAMPLITUDE	211	225	685	n/a	7.8125
S212-D225	NIRSCWAMPLITUDE	212	225	685	n/a	7.8125
S213-D225	NIRSCWAMPLITUDE	213	225	685	n/a	7.8125
S214-D225	NIRSCWAMPLITUDE	214	225	685	n/a	7.8125
S215-D225	NIRSCWAMPLITUDE	215	225	685	n/a	7.8125
S220-D225	NIRSCWAMPLITUDE	220	225	685	n/a	7.8125
S221-D225	NIRSCWAMPLITUDE	221	225	685	n/a	7.8125
S222-D225	NIRSCWAMPLITUDE	222	225	685	n/a	7.8125
S223-D225	NIRSCWAMPLITUDE	223	225	685	n/a	7.8125
S224-D225	NIRSCWAMPLITUDE	224	225	685	n/a	7.8125
S225-D225	NIRSCWAMPLITUDE	225	225	685	n/a	7.8125
S226-D225	NIRSCWAMPLITUDE	226	225	685	n/a	7.8125
S227-D225	NIRSCWAMPLITUDE	227	225	685	n/a	7.8125
S230-D225	NIRSCWAMPLITUDE	230	225	685	n/a	7.8125
S231-D225	NIRSCWAMPLITUDE	231	225	685	n/a	7.8125
S232-D225	NIRSCWAMPLITUDE	232	225	685	n/a	7.8125
S233-D225	NIRSCWAMPLITUDE	233	225	685	n/a	7.8125
S234-D225	NIRSCWAMPLITUDE	234	225	685	n/a	7.8125
S235-D225	NIRSCWAMPLITUDE	235	225	685	n/a	7.8125
S236-D225	NIRSCWAMPLITUDE	236	225	685	n/a	7.8125
S237-D225	NIRSCWAMPLITUDE	237	225	685	n/a	7.8125
S241-D225	NIRSCWAMPLITUDE	241	225	685	n/a	7.8125
S242-D225	NIRSCWAMPLITUDE	242	225	685	n/a	7.8125
S243-D225	NIRSCWAMPLITUDE	243	225	685	n/a	7.8125
S244-D225	NIRSCWAMPLITUDE	244	225	685	n/a	7.8125
S245-D225	NIRSCWAMPLITUDE	245	225	685	n/a	7.8125
S246-D225	NIRSCWAMPLITUDE	246	225	685	n/a	7.8125
S247-D225	NIRSCWAMPLITUDE	247	225	685	n/a	7.8125
S248-D225	NIRSCWAMPLITUDE	248	225	685	n/a	7.8125
S252-D225	NIRSCWAMPLITUDE	252	225	685	n/a	7.8125
S253-D225	NIRSCWAMPLITUDE	253	225	685	n/a	7.8125
S254-D225	NIRSCWAMPLITUDE	254	225	685	n/a	7.8125
S255-D225	NIRSCWAMPLITUDE	255	225	685	n/a	7.8125
S150-D226	NIRSCWAMPLITUDE	150	226	685	n/a	7.8125
S156-D226	NIRSCWAMPLITUDE	156	226	685	n/a	7.8125
S162-D226	NIRSCWAMPLITUDE	162	226	685	n/a	7.8125
S196-D226	NIRSCWAMPLITUDE	196	226	685	n/a	7.8125
S197-D226	NIRSCWAMPLITUDE	197	226	685	n/a	7.8125
S200-D226	NIRSCWAMPLITUDE	200	226	685	n/a	7.8125
S201-D226	NIRSCWAMPLITUDE	201	226	685	n/a	7.8125
S202-D226	NIRSCWAMPLITUDE	202	226	685	n/a	7.8125
S203-D226	NIRSCWAMPLITUDE	203	226	685	n/a	7.8125
S204-D226	NIRSCWAMPLITUDE	204	226	685	n/a	7.8125
S205-D226	NIRSCWAMPLITUDE	205	226	685	n/a	7.8125
S209-D226	NIRSCWAMPLITUDE	209	226	685	n/a	7.8125
S210-D226	NIRSCWAMPLITUDE	210	226	685	n/a	7.8125
S211-D226	NIRSCWAMPLITUDE	211	226	685	n/a	7.8125
S212-D226	NIRSCWAMPLITUDE	212	226	685	n/a	7.8125
S213-D226	NIRSCWAMPLITUDE	213	226	685	n/a	7.8125
S214-D226	NIRSCWAMPLITUDE	214	226	685	n/a	7.8125
S215-D226	NIRSCWAMPLITUDE	215	226	685	n/a	7.8125
S216-D226	NIRSCWAMPLITUDE	216	226	685	n/a	7.8125
S221-D226	NIRSCWAMPLITUDE	221	226	685	n/a	7.8125
S222-D226	NIRSCWAMPLITUDE	222	226	685	n/a	7.8125
S223-D226	NIRSCWAMPLITUDE	223	226	685	n/a	7.8125
S224-D226	NIRSCWAMPLITUDE	224	226	685	n/a	7.8125
S225-D226	NIRSCWAMPLITUDE	225	226	685	n/a	7.8125
S226-D226	NIRSCWAMPLITUDE	226	226	685	n/a	7.8125
S227-D226	NIRSCWAMPLITUDE	227	226	685	n/a	7.8125
S228-D226	NIRSCWAMPLITUDE	228	226	685	n/a	7.8125
S231-D226	NIRSCWAMPLITUDE	231	226	685	n/a	7.8125
S232-D226	NIRSCWAMPLITUDE	232	226	685	n/a	7.8125
S233-D226	NIRSCWAMPLITUDE	233	226	685	n/a	7.8125
S234-D226	NIRSCWAMPLITUDE	234	226	685	n/a	7.8125
S235-D226	NIRSCWAMPLITUDE	235	226	685	n/a	7.8125
S236-D226	NIRSCWAMPLITUDE	236	226	685	n/a	7.8125
S237-D226	NIRSCWAMPLITUDE	237	226	685	n/a	7.8125
S238-D226	NIRSCWAMPLITUDE	238	226	685	n/a	7.8125
S242-D226	NIRSCWAMPLITUDE	242	226	685	n/a	7.8125
S243-D226	NIRSCWAMPLITUDE	243	226	685	n/a	7.8125
S244-D226	NIRSCWAMPLITUDE	244	226	685	n/a	7.8125
S245-D226	NIRSCWAMPLITUDE	245	226	685	n/a	7.8125
S246-D226	NIRSCWAMPLITUDE	246	226	685	n/a	7.8125
S247-D226	NIRSCWAMPLITUDE	247	226	685	n/a	7.8125
S248-D226	NIRSCWAMPLITUDE	248	226	685	n/a	7.8125
S249-D226	NIRSCWAMPLITUDE	249	226	685	n/a	7.8125
S253-D226	NIRSCWAMPLITUDE	253	226	685	n/a	7.8125
S254-D226	NIRSCWAMPLITUDE	254	226	685	n/a	7.8125
S255-D226	NIRSCWAMPLITUDE	255	226	685	n/a	7.8125
S156-D227	NIRSCWAMPLITUDE	156	227	685	n/a	7.8125
S162-D227	NIRSCWAMPLITUDE	162	227	685	n/a	7.8125
S168-D227	NIRSCWAMPLITUDE	168	227	685	n/a	7.8125
S174-D227	NIRSCWAMPLITUDE	174	227	685	n/a	7.8125
S196-D227	NIRSCWAMPLITUDE	196	227	685	n/a	7.8125
S197-D227	NIRSCWAMPLITUDE	197	227	685	n/a	7.8125
S201-D227	NIRSCWAMPLITUDE	201	227	685	n/a	7.8125
S202-D227	NIRSCWAMPLITUDE	202	227	685	n/a	7.8125
S203-D227	NIRSCWAMPLITUDE	203	227	685	n/a	7.8125
S204-D227	NIRSCWAMPLITUDE	204	227	685	n/a	7.8125
S205-D227	NIRSCWAMPLITUDE	205	227	685	n/a	7.8125
S206-D227	NIRSCWAMPLITUDE	206	227	685	n/a	7.8125
S210-D227	NIRSCWAMPLITUDE	210	227	685	n/a	7.8125
S211-D227	NIRSCWAMPLITUDE	211	227	685	n/a	7.8125
S212-D227	NIRSCWAMPLITUDE	212	227	685	n/a	7.8125
S213-D227	NIRSCWAMPLITUDE	213	227	685	n/a	7.8125
S214-D227	NIRSCWAMPLITUDE	214	227	685	n/a	7.8125
S215-D227	NIRSCWAMPLITUDE	215	227	685	n/a	7.8125
S216-D227	NIRSCWAMPLITUDE	216	227	685	n/a	7.8125
S217-D227	NIRSCWAMPLITUDE	217	227	685	n/a	7.8125
S222-D227	NIRSCWAMPLITUDE	222	227	685	n/a	7.8125
S223-D227	NIRSCWAMPLITUDE	223	227	685	n/a	7.8125
S224-D227	NIRSCWAMPLITUDE	224	227	685	n/a	7.8125
S225-D227	NIRSCWAMPLITUDE	225	227	685	n/a	7.8125
S226-D227	NIRSCWAMPLITUDE	226	227	685	n/a	7.8125
S227-D227	NIRSCWAMPLITUDE	227	227	685	n/a	7.8125
S228-D227	NIRSCWAMPLITUDE	228	227	685	n/a	7.8125
S229-D227	NIRSCWAMPLITUDE	229	227	685	n/a	7.8125
S232-D227	NIRSCWAMPLITUDE	232	227	685	n/a	7.8125
S233-D227	NIRSCWAMPLITUDE	233	227	685	n/a	7.8125
S234-D227	NIRSCWAMPLITUDE	234	227	685	n/a	7.8125
S235-D227	NIRSCWAMPLITUDE	235	227	685	n/a	7.8125
S236-D227	NIRSCWAMPLITUDE	236	227	685	n/a	7.8125
S237-D227	NIRSCWAMPLITUDE	237	227	685	n/a	7.8125
S238-D227	NIRSCWAMPLITUDE	238	227	685	n/a	7.8125
S239-D227	NIRSCWAMPLITUDE	239	227	685	n/a	7.8125
S243-D227	NIRSCWAMPLITUDE	243	227	685	n/a	7.8125
S244-D227	NIRSCWAMPLITUDE	244	227	685	n/a	7.8125
S245-D227	NIRSCWAMPLITUDE	245	227	685	n/a	7.8125
S246-D227	NIRSCWAMPLITUDE	246	227	685	n/a	7.8125
S247-D227	NIRSCWAMPLITUDE	247	227	685	n/a	7.8125
S248-D227	NIRSCWAMPLITUDE	248	227	685	n/a	7.8125
S249-D227	NIRSCWAMPLITUDE	249	227	685	n/a	7.8125
S250-D227	NIRSCWAMPLITUDE	250	227	685	n/a	7.8125
S253-D227	NIRSCWAMPLITUDE	253	227	685	n/a	7.8125
S254-D227	NIRSCWAMPLITUDE	254	227	685	n/a	7.8125
S255-D227	NIRSCWAMPLITUDE	255	227	685	n/a	7.8125
S156-D228	NIRSCWAMPLITUDE	156	228	685	n/a	7.8125
S162-D228	NIRSCWAMPLITUDE	162	228	685	n/a	7.8125
S168-D228	NIRSCWAMPLITUDE	168	228	685	n/a	7.8125
S174-D228	NIRSCWAMPLITUDE	174	228	685	n/a	7.8125
S180-D228	NIRSCWAMPLITUDE	180	228	685	n/a	7.8125
S186-D228	NIRSCWAMPLITUDE	186	228	685	n/a	7.8125
S197-D228	NIRSCWAMPLITUDE	197	228	685	n/a	7.8125
S202-D228	NIRSCWAMPLITUDE	202	228	685	n/a	7.8125
S203-D228	NIRSCWAMPLITUDE	203	228	685	n/a	7.8125
S204-D228	NIRSCWAMPLITUDE	204	228	685	n/a	7.8125
S205-D228	NIRSCWAMPLITUDE	205	228	685	n/a	7.8125
S206-D228	NIRSCWAMPLITUDE	206	228	685	n/a	7.8125
S207-D228	NIRSCWAMPLITUDE	207	228	685	n/a	7.8125
S211-D228	NIRSCWAMPLITUDE	211	228	685	n/a	7.8125
S212-D228	NIRSCWAMPLITUDE	212	228	685	n/a	7.8125
S213-D228	NIRSCWAMPLITUDE	213	228	685	n/a	7.8125
S214-D228	NIRSCWAMPLITUDE	214	228	685	n/a	7.8125
S215-D228	NIRSCWAMPLITUDE	215	228	685	n/a	7.8125
S216-D228	NIRSCWAMPLITUDE	216	228	685	n/a	7.8125
S217-D228	NIRSCWAMPLITUDE	217	228	685	n/a	7.8125
S218-D228	NIRSCWAMPLITUDE	218	228	685	n/a	7.8125
S223-D228	NIRSCWAMPLITUDE	223	228	685	n/a	7.8125
S224-D228	NIRSCWAMPLITUDE	224	228	685	n/a	7.8125
S225-D228	NIRSCWAMPLITUDE	225	228	685	n/a	7.8125
S226-D228	NIRSCWAMPLITUDE	226	228	685	n/a	7.8125
S227-D228	NIRSCWAMPLITUDE	227	228	685	n/a	7.8125
S228-D228	NIRSCWAMPLITUDE	228	228	685	n/a	7.8125
S229-D228	NIRSCWAMPLITUDE	229	228	685	n/a	7.8125
S233-D228	NIRSCWAMPLITUDE	233	228	685	n/a	7.8125
S234-D228	NIRSCWAMPLITUDE	234	228	685	n/a	7.8125
S235-D228	NIRSCWAMPLITUDE	235	228	685	n/a	7.8125
S236-D228	NIRSCWAMPLITUDE	236	228	685	n/a	7.8125
S237-D228	NIRSCWAMPLITUDE	237	228	685	n/a	7.8125
S238-D228	NIRSCWAMPLITUDE	238	228	685	n/a	7.8125
S239-D228	NIRSCWAMPLITUDE	239	228	685	n/a	7.8125
S240-D228	NIRSCWAMPLITUDE	240	228	685	n/a	7.8125
S244-D228	NIRSCWAMPLITUDE	244	228	685	n/a	7.8125
S245-D228	NIRSCWAMPLITUDE	245	228	685	n/a	7.8125
S246-D228	NIRSCWAMPLITUDE	246	228	685	n/a	7.8125
S247-D228	NIRSCWAMPLITUDE	247	228	685	n/a	7.8125
S248-D228	NIRSCWAMPLITUDE	248	228	685	n/a	7.8125
S249-D228	NIRSCWAMPLITUDE	249	228	685	n/a	7.8125
S250-D228	NIRSCWAMPLITUDE	250	228	685	n/a	7.8125
S254-D228	NIRSCWAMPLITUDE	254	228	685	n/a	7.8125
S255-D228	NIRSCWAMPLITUDE	255	228	685	n/a	7.8125
S6-D229	NIRSCWAMPLITUDE	6	229	685	n/a	7.8125
S12-D229	NIRSCWAMPLITUDE	12	229	685	n/a	7.8125
S18-D229	NIRSCWAMPLITUDE	18	229	685	n/a	7.8125
S24-D229	NIRSCWAMPLITUDE	24	229	685	n/a	7.8125
S162-D229	NIRSCWAMPLITUDE	162	229	685	n/a	7.8125
S167-D229	NIRSCWAMPLITUDE	167	229	685	n/a	7.8125
S168-D229	NIRSCWAMPLITUDE	168	229	685	n/a	7.8125
S173-D229	NIRSCWAMPLITUDE	173	229	685	n/a	7.8125
S174-D229	NIRSCWAMPLITUDE	174	229	685	n/a	7.8125
S179-D229	NIRSCWAMPLITUDE	179	229	685	n/a	7.8125
S180-D229	NIRSCWAMPLITUDE	180	229	685	n/a	7.8125
S185-D229	NIRSCWAMPLITUDE	185	229	685	n/a	7.8125
S186-D229	NIRSCWAMPLITUDE	186	229	685	n/a	7.8125
S191-D229	NIRSCWAMPLITUDE	191	229	685	n/a	7.8125
S192-D229	NIRSCWAMPLITUDE	192	229	685	n/a	7.8125
S203-D229	NIRSCWAMPLITUDE	203	229	685	n/a	7.8125
S204-D229	NIRSCWAMPLITUDE	204	229	685	n/a	7.8125
S205-D229	NIRSCWAMPLITUDE	205	229	685	n/a	7.8125
S206-D229	NIRSCWAMPLITUDE	206	229	685	n/a	7.8125
S207-D229	NIRSCWAMPLITUDE	207	229	685	n/a	7.8125
S212-D229	NIRSCWAMPLITUDE	212	229	685	n/a	7.8125
S213-D229	NIRSCWAMPLITUDE	213	229	685	n/a	7.8125
S214-D229	NIRSCWAMPLITUDE	214	229	685	n/a	7.8125
S215-D229	NIRSCWAMPLITUDE	215	229	685	n/a	7.8125
S216-D229	NIRSCWAMPLITUDE	216	229	685	n/a	7.8125
S217-D229	NIRSCWAMPLITUDE	217	229	685	n/a	7.8125
S218-D229	NIRSCWAMPLITUDE	218	229	685	n/a	7.8125
S224-D229	NIRSCWAMPLITUDE	224	229	685	n/a	7.8125
S225-D229	NIRSCWAMPLITUDE	225	229	685	n/a	7.8125
S226-D229	NIRSCWAMPLITUDE	226	229	685	n/a	7.8125
S227-D229	NIRSCWAMPLITUDE	227	229	685	n/a	7.8125
S228-D229	NIRSCWAMPLITUDE	228	229	685	n/a	7.8125
S229-D229	NIRSCWAMPLITUDE	229	229	685	n/a	7.8125
S234-D229	NIRSCWAMPLITUDE	234	229	685	n/a	7.8125
S235-D229	NIRSCWAMPLITUDE	235	229	685	n/a	7.8125
S236-D229	NIRSCWAMPLITUDE	236	229	685	n/a	7.8125
S237-D229	NIRSCWAMPLITUDE	237	229	685	n/a	7.8125
S238-D229	NIRSCWAMPLITUDE	238	229	685	n/a	7.8125
S239-D229	NIRSCWAMPLITUDE	239	229	685	n/a	7.8125
S240-D229	NIRSCWAMPLITUDE	240	229	685	n/a	7.8125
S245-D229	NIRSCWAMPLITUDE	245	229	685	n/a	7.8125
S246-D229	NIRSCWAMPLITUDE	246	229	685	n/a	7.8125
S247-D229	NIRSCWAMPLITUDE	247	229	685	n/a	7.8125
S248-D229	NIRSCWAMPLITUDE	248	229	685	n/a	7.8125
S249-D229	NIRSCWAMPLITUDE	249	229	685	n/a	7.8125
S250-D229	NIRSCWAMPLITUDE	250	229	685	n/a	7.8125
S255-D229	NIRSCWAMPLITUDE	255	229	685	n/a	7.8125
S5-D230	NIRSCWAMPLITUDE	5	230	685	n/a	7.8125
S6-D230	NIRSCWAMPLITUDE	6	230	685	n/a	7.8125
S11-D230	NIRSCWAMPLITUDE	11	230	685	n/a	7.8125
S12-D230	NIRSCWAMPLITUDE	12	230	685	n/a	7.8125
S18-D230	NIRSCWAMPLITUDE	18	230	685	n/a	7.8125
S24-D230	NIRSCWAMPLITUDE	24	230	685	n/a	7.8125
S168-D230	NIRSCWAMPLITUDE	168	230	685	n/a	7.8125
S173-D230	NIRSCWAMPLITUDE	173	230	685	n/a	7.8125
S174-D230	NIRSCWAMPLITUDE	174	230	685	n/a	7.8125
S179-D230	NIRSCWAMPLITUDE	179	230	685	n/a	7.8125
S180-D230	NIRSCWAMPLITUDE	180	230	685	n/a	7.8125
S184-D230	NIRSCWAMPLITUDE	184	230	685	n/a	7.8125
S185-D230	NIRSCWAMPLITUDE	185	230	685	n/a	7.8125
S186-D230	NIRSCWAMPLITUDE	186	230	685	n/a	7.8125
S191-D230	NIRSCWAMPLITUDE	191	230	685	n/a	7.8125
S192-D230	NIRSCWAMPLITUDE	192	230	685	n/a	7.8125
S204-D230	NIRSCWAMPLITUDE	204	230	685	n/a	7.8125
S205-D230	NIRSCWAMPLITUDE	205	230	685	n/a	7.8125
S206-D230	NIRSCWAMPLITUDE	206	230	685	n/a	7.8125
S207-D230	NIRSCWAMPLITUDE	207	230	685	n/a	7.8125
S213-D230	NIRSCWAMPLITUDE	213	230	685	n/a	7.8125
S214-D230	NIRSCWAMPLITUDE	214	230	685	n/a	7.8125
S215-D230	NIRSCWAMPLITUDE	215	230	685	n/a	7.8125
S216-D230	NIRSCWAMPLITUDE	216	230	685	n/a	7.8125
S217-D230	NIRSCWAMPLITUDE	217	230	685	n/a	7.8125
S218-D230	NIRSCWAMPLITUDE	218	230	685	n/a	7.8125
S225-D230	NIRSCWAMPLITUDE	225	230	685	n/a	7.8125
S226-D230	NIRSCWAMPLITUDE	226	230	685	n/a	7.8125
S227-D230	NIRSCWAMPLITUDE	227	230	685	n/a	7.8125
S228-D230	NIRSCWAMPLITUDE	228	230	685	n/a	7.8125
S229-D230	NIRSCWAMPLITUDE	229	230	685	n/a	7.8125
S235-D230	NIRSCWAMPLITUDE	235	230	685	n/a	7.8125
S236-D230	NIRSCWAMPLITUDE	236	230	685	n/a	7.8125
S237-D230	NIRSCWAMPLITUDE	237	230	685	n/a	7.8125
S238-D230	NIRSCWAMPLITUDE	238	230	685	n/a	7.8125
S239-D230	NIRSCWAMPLITUDE	239	230	685	n/a	7.8125
S240-D230	NIRSCWAMPLITUDE	240	230	685	n/a	7.8125
S246-D230	NIRSCWAMPLITUDE	246	230	685	n/a	7.8125
S247-D230	NIRSCWAMPLITUDE	247	230	685	n/a	7.8125
S248-D230	NIRSCWAMPLITUDE	248	230	685	n/a	7.8125
S249-D230	NIRSCWAMPLITUDE	249	230	685	n/a	7.8125
S250-D230	NIRSCWAMPLITUDE	250	230	685	n/a	7.8125
S5-D231	NIRSCWAMPLITUDE	5	231	685	n/a	7.8125
S6-D231	NIRSCWAMPLITUDE	6	231	685	n/a	7.8125
S11-D231	NIRSCWAMPLITUDE	11	231	685	n/a	7.8125
S12-D231	NIRSCWAMPLITUDE	12	231	685	n/a	7.8125
S18-D231	NIRSCWAMPLITUDE	18	231	685	n/a	7.8125
S24-D231	NIRSCWAMPLITUDE	24	231	685	n/a	7.8125
S168-D231	NIRSCWAMPLITUDE	168	231	685	n/a	7.8125
S173-D231	NIRSCWAMPLITUDE	173	231	685	n/a	7.8125
S174-D231	NIRSCWAMPLITUDE	174	231	685	n/a	7.8125
S178-D231	NIRSCWAMPLITUDE	178	231	685	n/a	7.8125
S179-D231	NIRSCWAMPLITUDE	179	231	685	n/a	7.8125
S180-D231	NIRSCWAMPLITUDE	180	231	685	n/a	7.8125
S184-D231	NIRSCWAMPLITUDE	184	231	685	n/a	7.8125
S185-D231	NIRSCWAMPLITUDE	185	231	685	n/a	7.8125
S186-D231	NIRSCWAMPLITUDE	186	231	685	n/a	7.8125
S190-D231	NIRSCWAMPLITUDE	190	231	685	n/a	7.8125
S191-D231	NIRSCWAMPLITUDE	191	231	685	n/a	7.8125
S192-D231	NIRSCWAMPLITUDE	192	231	685	n/a	7.8125
S205-D231	NIRSCWAMPLITUDE	205	231	685	n/a	7.8125
S206-D231	NIRSCWAMPLITUDE	206	231	685	n/a	7.8125
S207-D231	NIRSCWAMPLITUDE	207	231	685	n/a	7.8125
S214-D231	NIRSCWAMPLITUDE	214	231	685	n/a	7.8125
S215-D231	NIRSCWAMPLITUDE	215	231	685	n/a	7.8125
S216-D231	NIRSCWAMPLITUDE	216	231	685	n/a	7.8125
S217-D231	NIRSCWAMPLITUDE	217	231	685	n/a	7.8125
S218-D231	NIRSCWAMPLITUDE	218	231	685	n/a	7.8125
S226-D231	NIRSCWAMPLITUDE	226	231	685	n/a	7.8125
S227-D231	NIRSCWAMPLITUDE	227	231	685	n/a	7.8125
S228-D231	NIRSCWAMPLITUDE	228	231	685	n/a	7.8125
S229-D231	NIRSCWAMPLITUDE	229	231	685	n/a	7.8125
S236-D231	NIRSCWAMPLITUDE	236	231	685	n/a	7.8125
S237-D231	NIRSCWAMPLITUDE	237	231	685	n/a	7.8125
S238-D231	NIRSCWAMPLITUDE	238	231	685	n/a	7.8125
S239-D231	NIRSCWAMPLITUDE	239	231	685	n/a	7.8125
S240-D231	NIRSCWAMPLITUDE	240	231	685	n/a	7.8125
S247-D231	NIRSCWAMPLITUDE	247	231	685	n/a	7.8125
S248-D231	NIRSCWAMPLITUDE	248	231	685	n/a	7.8125
S249-D231	NIRSCWAMPLITUDE	249	231	685	n/a	7.8125
S250-D231	NIRSCWAMPLITUDE	250	231	685	n/a	7.8125
S87-D232	NIRSCWAMPLITUDE	87	232	685	n/a	7.8125
S92-D232	NIRSCWAMPLITUDE	92	232	685	n/a	7.8125
S93-D232	NIRSCWAMPLITUDE	93	232	685	n/a	7.8125
S98-D232	NIRSCWAMPLITUDE	98	232	685	n/a	7.8125
S99-D232	NIRSCWAMPLITUDE	99	232	685	n/a	7.8125
S103-D232	NIRSCWAMPLITUDE	103	232	685	n/a	7.8125
S104-D232	NIRSCWAMPLITUDE	104	232	685	n/a	7.8125
S105-D232	NIRSCWAMPLITUDE	105	232	685	n/a	7.8125
S109-D232	NIRSCWAMPLITUDE	109	232	685	n/a	7.8125
S110-D232	NIRSCWAMPLITUDE	110	232	685	n/a	7.8125
S111-D232	NIRSCWAMPLITUDE	111	232	685	n/a	7.8125
S115-D232	NIRSCWAMPLITUDE	115	232	685	n/a	7.8125
S116-D232	NIRSCWAMPLITUDE	116	232	685	n/a	7.8125
S117-D232	NIRSCWAMPLITUDE	117	232	685	n/a	7.8125
S121-D232	NIRSCWAMPLITUDE	121	232	685	n/a	7.8125
S122-D232	NIRSCWAMPLITUDE	122	232	685	n/a	7.8125
S126-D232	NIRSCWAMPLITUDE	126	232	685	n/a	7.8125
S127-D232	NIRSCWAMPLITUDE	127	232	685	n/a	7.8125
S132-D232	NIRSCWAMPLITUDE	132	232	685	n/a	7.8125
S137-D232	NIRSCWAMPLITUDE	137	232	685	n/a	7.8125
S138-D232	NIRSCWAMPLITUDE	138	232	685	n/a	7.8125
S144-D232	NIRSCWAMPLITUDE	144	232	685	n/a	7.8125
S193-D232	NIRSCWAMPLITUDE	193	232	685	n/a	7.8125
S198-D232	NIRSCWAMPLITUDE	198	232	685	n/a	7.8125
S199-D232	NIRSCWAMPLITUDE	199	232	685	n/a	7.8125
S200-D232	NIRSCWAMPLITUDE	200	232	685	n/a	7.8125
S208-D232	NIRSCWAMPLITUDE	208	232	685	n/a	7.8125
S209-D232	NIRSCWAMPLITUDE	209	232	685	n/a	7.8125
S210-D232	NIRSCWAMPLITUDE	210	232	685	n/a	7.8125
S219-D232	NIRSCWAMPLITUDE	219	232	685	n/a	7.8125
S220-D232	NIRSCWAMPLITUDE	220	232	685	n/a	7.8125
S221-D232	NIRSCWAMPLITUDE	221	232	685	n/a	7.8125
S222-D232	NIRSCWAMPLITUDE	222	232	685	n/a	7.8125
S223-D232	NIRSCWAMPLITUDE	223	232	685	n/a	7.8125
S230-D232	NIRSCWAMPLITUDE	230	232	685	n/a	7.8125
S231-D232	NIRSCWAMPLITUDE	231	232	685	n/a	7.8125
S232-D232	NIRSCWAMPLITUDE	232	232	685	n/a	7.8125
S233-D232	NIRSCWAMPLITUDE	233	232	685	n/a	7.8125
S241-D232	NIRSCWAMPLITUDE	241	232	685	n/a	7.8125
S242-D232	NIRSCWAMPLITUDE	242	232	685	n/a	7.8125
S243-D232	NIRSCWAMPLITUDE	243	232	685	n/a	7.8125
S244-D232	NIRSCWAMPLITUDE	244	232	685	n/a	7.8125
S251-D232	NIRSCWAMPLITUDE	251	232	685	n/a	7.8125
S252-D232	NIRSCWAMPLITUDE	252	232	685	n/a	7.8125
S253-D232	NIRSCWAMPLITUDE	253	232	685	n/a	7.8125
S254-D232	NIRSCWAMPLITUDE	254	232	685	n/a	7.8125
S99-D233	NIRSCWAMPLITUDE	99	233	685	n/a	7.8125
S105-D233	NIRSCWAMPLITUDE	105	233	685	n/a	7.8125
S110-D233	NIRSCWAMPLITUDE	110	233	685	n/a	7.8125
S111-D233	NIRSCWAMPLITUDE	111	233	685	n/a	7.8125
S116-D233	NIRSCWAMPLITUDE	116	233	685	n/a	7.8125
S117-D233	NIRSCWAMPLITUDE	117	233	685	n/a	7.8125
S122-D233	NIRSCWAMPLITUDE	122	233	685	n/a	7.8125
S127-D233	NIRSCWAMPLITUDE	127	233	685	n/a	7.8125
S132-D233	NIRSCWAMPLITUDE	132	233	685	n/a	7.8125
S137-D233	NIRSCWAMPLITUDE	137	233	685	n/a	7.8125
S138-D233	NIRSCWAMPLITUDE	138	233	685	n/a	7.8125
S143-D233	NIRSCWAMPLITUDE	143	233	685	n/a	7.8125
S144-D233	NIRSCWAMPLITUDE	144	233	685	n/a	7.8125
S193-D233	NIRSCWAMPLITUDE	193	233	685	n/a	7.8125
S198-D233	NIRSCWAMPLITUDE	198	233	685	n/a	7.8125
S199-D233	NIRSCWAMPLITUDE	199	233	685	n/a	7.8125
S200-D233	NIRSCWAMPLITUDE	200	233	685	n/a	7.8125
S201-D233	NIRSCWAMPLITUDE	201	233	685	n/a	7.8125
S208-D233	NIRSCWAMPLITUDE	208	233	685	n/a	7.8125
S209-D233	NIRSCWAMPLITUDE	209	233	685	n/a	7.8125
S210-D233	NIRSCWAMPLITUDE	210	233	685	n/a	7.8125
S211-D233	NIRSCWAMPLITUDE	211	233	685	n/a	7.8125
S219-D233	NIRSCWAMPLITUDE	219	233	685	n/a	7.8125
S220-D233	NIRSCWAMPLITUDE	220	233	685	n/a	7.8125
S221-D233	NIRSCWAMPLITUDE	221	233	685	n/a	7.8125
S222-D233	NIRSCWAMPLITUDE	222	233	685	n/a	7.8125
S223-D233	NIRSCWAMPLITUDE	223	233	685	n/a	7.8125
S224-D233	NIRSCWAMPLITUDE	224	233	685	n/a	7.8125
S230-D233	NIRSCWAMPLITUDE	230	233	685	n/a	7.8125
S231-D233	NIRSCWAMPLITUDE	231	233	685	n/a	7.8125
S232-D233	NIRSCWAMPLITUDE	232	233	685	n/a	7.8125
S233-D233	NIRSCWAMPLITUDE	233	233	685	n/a	7.8125
S234-D233	NIRSCWAMPLITUDE	234	233	685	n/a	7.8125
S241-D233	NIRSCWAMPLITUDE	241	233	685	n/a	7.8125
S242-D233	NIRSCWAMPLITUDE	242	233	685	n/a	7.8125
S243-D233	NIRSCWAMPLITUDE	243	233	685	n/a	7.8125
S244-D233	NIRSCWAMPLITUDE	244	233	685	n/a	7.8125
S245-D233	NIRSCWAMPLITUDE	245	233	685	n/a	7.8125
S251-D233	NIRSCWAMPLITUDE	251	233	685	n/a	7.8125
S252-D233	NIRSCWAMPLITUDE	252	233	685	n/a	7.8125
S253-D233	NIRSCWAMPLITUDE	253	233	685	n/a	7.8125
S254-D233	NIRSCWAMPLITUDE	254	233	685	n/a	7.8125
S255-D233	NIRSCWAMPLITUDE	255	233	685	n/a	7.8125
S111-D234	NIRSCWAMPLITUDE	111	234	685	n/a	7.8125
S117-D234	NIRSCWAMPLITUDE	117	234	685	n/a	7.8125
S137-D234	NIRSCWAMPLITUDE	137	234	685	n/a	7.8125
S138-D234	NIRSCWAMPLITUDE	138	234	685	n/a	7.8125
S143-D234	NIRSCWAMPLITUDE	143	234	685	n/a	7.8125
S144-D234	NIRSCWAMPLITUDE	144	234	685	n/a	7.8125
S150-D234	NIRSCWAMPLITUDE	150	234	685	n/a	7.8125
S193-D234	NIRSCWAMPLITUDE	193	234	685	n/a	7.8125
S198-D234	NIRSCWAMPLITUDE	198	234	685	n/a	7.8125
S199-D234	NIRSCWAMPLITUDE	199	234	685	n/a	7.8125
S200-D234	NIRSCWAMPLITUDE	200	234	685	n/a	7.8125
S201-D234	NIRSCWAMPLITUDE	201	234	685	n/a	7.8125
S208-D234	NIRSCWAMPLITUDE	208	234	685	n/a	7.8125
S209-D234	NIRSCWAMPLITUDE	209	234	685	n/a	7.8125
S210-D234	NIRSCWAMPLITUDE	210	234	685	n/a	7.8125
S211-D234	NIRSCWAMPLITUDE	211	234	685	n/a	7.8125
S212-D234	NIRSCWAMPLITUDE	212	234	685	n/a	7.8125
S219-D234	NIRSCWAMPLITUDE	219	234	685	n/a	7.8125
S220-D234	NIRSCWAMPLITUDE	220	234	685	n/a	7.8125
S221-D234	NIRSCWAMPLITUDE	221	234	685	n/a	7.8125
S222-D234	NIRSCWAMPLITUDE	222	234	685	n/a	7.8125
S223-D234	NIRSCWAMPLITUDE	223	234	685	n/a	7.8125
S224-D234	NIRSCWAMPLITUDE	224	234	685	n/a	7.8125
S225-D234	NIRSCWAMPLITUDE	225	234	685	n/a	7.8125
S230-D234	NIRSCWAMPLITUDE	230	234	685	n/a	7.8125
S231-D234	NIRSCWAMPLITUDE	231	234	685	n/a	7.8125
S232-D234	NIRSCWAMPLITUDE	232	234	685	n/a	7.8125
S233-D234	NIRSCWAMPLITUDE	233	234	685	n/a	7.8125
S234-D234	NIRSCWAMPLITUDE	234	234	685	n/a	7.8125
S235-D234	NIRSCWAMPLITUDE	235	234	685	n/a	7.8125
S241-D234	NIRSCWAMPLITUDE	241	234	685	n/a	7.8125
S242-D234	NIRSCWAMPLITUDE	242	234	685	n/a	7.8125
S243-D234	NIRSCWAMPLITUDE	243	234	685	n/a	7.8125
S244-D234	NIRSCWAMPLITUDE	244	234	685	n/a	7.8125
S245-D234	NIRSCWAMPLITUDE	245	234	685	n/a	7.8125
S246-D234	NIRSCWAMPLITUDE	246	234	685	n/a	7.8125
S251-D234	NIRSCWAMPLITUDE	251	234	685	n/a	7.8125
S252-D234	NIRSCWAMPLITUDE	252	234	685	n/a	7.8125
S253-D234	NIRSCWAMPLITUDE	253	234	685	n/a	7.8125
S254-D234	NIRSCWAMPLITUDE	254	234	685	n/a	7.8125
S255-D234	NIRSCWAMPLITUDE	255	234	685	n/a	7.8125
S137-D235	NIRSCWAMPLITUDE	137	235	685	n/a	7.8125
S138-D235	NIRSCWAMPLITUDE	138	235	685	n/a	7.8125
S143-D235	NIRSCWAMPLITUDE	143	235	685	n/a	7.8125
S144-D235	NIRSCWAMPLITUDE	144	235	685	n/a	7.8125
S149-D235	NIRSCWAMPLITUDE	149	235	685	n/a	7.8125
S150-D235	NIRSCWAMPLITUDE	150	235	685	n/a	7.8125
S156-D235	NIRSCWAMPLITUDE	156	235	685	n/a	7.8125
S193-D235	NIRSCWAMPLITUDE	193	235	685	n/a	7.8125
S198-D235	NIRSCWAMPLITUDE	198	235	685	n/a	7.8125
S199-D235	NIRSCWAMPLITUDE	199	235	685	n/a	7.8125
S200-D235	NIRSCWAMPLITUDE	200	235	685	n/a	7.8125
S201-D235	NIRSCWAMPLITUDE	201	235	685	n/a	7.8125
S202-D235	NIRSCWAMPLITUDE	202	235	685	n/a	7.8125
S208-D235	NIRSCWAMPLITUDE	208	235	685	n/a	7.8125
S209-D235	NIRSCWAMPLITUDE	209	235	685	n/a	7.8125
S210-D235	NIRSCWAMPLITUDE	210	235	685	n/a	7.8125
S211-D235	NIRSCWAMPLITUDE	211	235	685	n/a	7.8125
S212-D235	NIRSCWAMPLITUDE	212	235	685	n/a	7.8125
S213-D235	NIRSCWAMPLITUDE	213	235	685	n/a	7.8125
S219-D235	NIRSCWAMPLITUDE	219	235	685	n/a	7.8125
S220-D235	NIRSCWAMPLITUDE	220	235	685	n/a	7.8125
S221-D235	NIRSCWAMPLITUDE	221	235	685	n/a	7.8125
S222-D235	NIRSCWAMPLITUDE	222	235	685	n/a	7.8125
S223-D235	NIRSCWAMPLITUDE	223	235	685	n/a	7.8125
S224-D235	NIRSCWAMPLITUDE	224	235	685	n/a	7.8125
S225-D235	NIRSCWAMPLITUDE	225	235	685	n/a	7.8125
S226-D235	NIRSCWAMPLITUDE	226	235	685	n/a	7.8125
S230-D235	NIRSCWAMPLITUDE	230	235	685	n/a	7.8125
S231-D235	NIRSCWAMPLITUDE	231	235	685	n/a	7.8125
S232-D235	NIRSCWAMPLITUDE	232	235	685	n/a	7.8125
S233-D235	NIRSCWAMPLITUDE	233	235	685	n/a	7.8125
S234-D235	NIRSCWAMPLITUDE	234	235	685	n/a	7.8125
S235-D235	NIRSCWAMPLITUDE	235	235	685	n/a	7.8125
S236-D235	NIRSCWAMPLITUDE	236	235	685	n/a	7.8125
S241-D235	NIRSCWAMPLITUDE	241	235	685	n/a	7.8125
S242-D235	NIRSCWAMPLITUDE	242	235	685	n/a	7.8125
S243-D235	NIRSCWAMPLITUDE	243	235	685	n/a	7.8125
S244-D235	NIRSCWAMPLITUDE	244	235	685	n/a	7.8125
S245-D235	NIRSCWAMPLITUDE	245	235	685	n/a	7.8125
S246-D235	NIRSCWAMPLITUDE	246	235	685	n/a	7.8125
S247-D235	NIRSCWAMPLITUDE	247	235	685	n/a	7.8125
S251-D235	NIRSCWAMPLITUDE	251	235	685	n/a	7.8125
S252-D235	NIRSCWAMPLITUDE	252	235	685	n/a	7.8125
S253-D235	NIRSCWAMPLITUDE	253	235	685	n/a	7.8125
S254-D235	NIRSCWAMPLITUDE	254	235	685	n/a	7.8125
S255-D235	NIRSCWAMPLITUDE	255	235	685	n/a	7.8125
S137-D236	NIRSCWAMPLITUDE	137	236	685	n/a	7.8125
S138-D236	NIRSCWAMPLITUDE	138	236	685	n/a	7.8125
S143-D236	NIRSCWAMPLITUDE	143	236	685	n/a	7.8125
S144-D236	NIRSCWAMPLITUDE	144	236	685	n/a	7.8125
S149-D236	NIRSCWAMPLITUDE	149	236	685	n/a	7.8125
S150-D236	NIRSCWAMPLITUDE	150	236	685	n/a	7.8125
S156-D236	NIRSCWAMPLITUDE	156	236	685	n/a	7.8125
S162-D236	NIRSCWAMPLITUDE	162	236	685	n/a	7.8125
S200-D236	NIRSCWAMPLITUDE	200	236	685	n/a	7.8125
S201-D236	NIRSCWAMPLITUDE	201	236	685	n/a	7.8125
S202-D236	NIRSCWAMPLITUDE	202	236	685	n/a	7.8125
S203-D236	NIRSCWAMPLITUDE	203	236	685	n/a	7.8125
S208-D236	NIRSCWAMPLITUDE	208	236	685	n/a	7.8125
S209-D236	NIRSCWAMPLITUDE	209	236	685	n/a	7.8125
S210-D236	NIRSCWAMPLITUDE	210	236	685	n/a	7.8125
S211-D236	NIRSCWAMPLITUDE	211	236	685	n/a	7.8125
S212-D236	NIRSCWAMPLITUDE	212	236	685	n/a	7.8125
S213-D236	NIRSCWAMPLITUDE	213	236	685	n/a	7.8125
S214-D236	NIRSCWAMPLITUDE	214	236	685	n/a	7.8125
S220-D236	NIRSCWAMPLITUDE	220	236	685	n/a	7.8125
S221-D236	NIRSCWAMPLITUDE	221	236	685	n/a	7.8125
S222-D236	NIRSCWAMPLITUDE	222	236	685	n/a	7.8125
S223-D236	NIRSCWAMPLITUDE	223	236	685	n/a	7.8125
S224-D236	NIRSCWAMPLITUDE	224	236	685	n/a	7.8125
S225-D236	NIRSCWAMPLITUDE	225	236	685	n/a	7.8125
S226-D236	NIRSCWAMPLITUDE	226	236	685	n/a	7.8125
S227-D236	NIRSCWAMPLITUDE	227	236	685	n/a	7.8125
S230-D236	NIRSCWAMPLITUDE	230	236	685	n/a	7.8125
S231-D236	NIRSCWAMPLITUDE	231	236	685	n/a	7.8125
S232-D236	NIRSCWAMPLITUDE	232	236	685	n/a	7.8125
S233-D236	NIRSCWAMPLITUDE	233	236	685	n/a	7.8125
S234-D236	NIRSCWAMPLITUDE	234	236	685	n/a	7.8125
S235-D236	NIRSCWAMPLITUDE	235	236	685	n/a	7.8125
S236-D236	NIRSCWAMPLITUDE	236	236	685	n/a	7.8125
S237-D236	NIRSCWAMPLITUDE	237	236	685	n/a	7.8125
S241-D236	NIRSCWAMPLITUDE	241	236	685	n/a	7.8125
S242-D236	NIRSCWAMPLITUDE	242	236	685	n/a	7.8125
S243-D236	NIRSCWAMPLITUDE	243	236	685	n/a	7.8125
S244-D236	NIRSCWAMPLITUDE	244	236	685	n/a	7.8125
S245-D236	NIRSCWAMPLITUDE	245	236	685	n/a	7.8125
S246-D236	NIRSCWAMPLITUDE	246	236	685	n/a	7.8125
S247-D236	NIRSCWAMPLITUDE	247	236	685	n/a	7.8125
S248-D236	NIRSCWAMPLITUDE	248	236	685	n/a	7.8125
S252-D236	NIRSCWAMPLITUDE	252	236	685	n/a	7.8125
S253-D236	NIRSCWAMPLITUDE	253	236	685	n/a	7.8125
S254-D236	NIRSCWAMPLITUDE	254	236	685	n/a	7.8125
S255-D236	NIRSCWAMPLITUDE	255	236	685	n/a	7.8125
S138-D237	NIRSCWAMPLITUDE	138	237	685	n/a	7.8125
S144-D237	NIRSCWAMPLITUDE	144	237	685	n/a	7.8125
S149-D237	NIRSCWAMPLITUDE	149	237	685	n/a	7.8125
S150-D237	NIRSCWAMPLITUDE	150	237	685	n/a	7.8125
S155-D237	NIRSCWAMPLITUDE	155	237	685	n/a	7.8125
S156-D237	NIRSCWAMPLITUDE	156	237	685	n/a	7.8125
S161-D237	NIRSCWAMPLITUDE	161	237	685	n/a	7.8125
S162-D237	NIRSCWAMPLITUDE	162	237	685	n/a	7.8125
S168-D237	NIRSCWAMPLITUDE	168	237	685	n/a	7.8125
S174-D237	NIRSCWAMPLITUDE	174	237	685	n/a	7.8125
S200-D237	NIRSCWAMPLITUDE	200	237	685	n/a	7.8125
S201-D237	NIRSCWAMPLITUDE	201	237	685	n/a	7.8125
S202-D237	NIRSCWAMPLITUDE	202	237	685	n/a	7.8125
S203-D237	NIRSCWAMPLITUDE	203	237	685	n/a	7.8125
S204-D237	NIRSCWAMPLITUDE	204	237	685	n/a	7.8125
S210-D237	NIRSCWAMPLITUDE	210	237	685	n/a	7.8125
S211-D237	NIRSCWAMPLITUDE	211	237	685	n/a	7.8125
S212-D237	NIRSCWAMPLITUDE	212	237	685	n/a	7.8125
S213-D237	NIRSCWAMPLITUDE	213	237	685	n/a	7.8125
S214-D237	NIRSCWAMPLITUDE	214	237	685	n/a	7.8125
S215-D237	NIRSCWAMPLITUDE	215	237	685	n/a	7.8125
S221-D237	NIRSCWAMPLITUDE	221	237	685	n/a	7.8125
S222-D237	NIRSCWAMPLITUDE	222	237	685	n/a	7.8125
S223-D237	NIRSCWAMPLITUDE	223	237	685	n/a	7.8125
S224-D237	NIRSCWAMPLITUDE	224	237	685	n/a	7.8125
S225-D237	NIRSCWAMPLITUDE	225	237	685	n/a	7.8125
S226-D237	NIRSCWAMPLITUDE	226	237	685	n/a	7.8125
S227-D237	NIRSCWAMPLITUDE	227	237	685	n/a	7.8125
S228-D237	NIRSCWAMPLITUDE	228	237	685	n/a	7.8125
S231-D237	NIRSCWAMPLITUDE	231	237	685	n/a	7.8125
S232-D237	NIRSCWAMPLITUDE	232	237	685	n/a	7.8125
S233-D237	NIRSCWAMPLITUDE	233	237	685	n/a	7.8125
S234-D237	NIRSCWAMPLITUDE	234	237	685	n/a	7.8125
S235-D237	NIRSCWAMPLITUDE	235	237	685	n/a	7.8125
S236-D237	NIRSCWAMPLITUDE	236	237	685	n/a	7.8125
S237-D237	NIRSCWAMPLITUDE	237	237	685	n/a	7.8125
S238-D237	NIRSCWAMPLITUDE	238	237	685	n/a	7.8125
S242-D237	NIRSCWAMPLITUDE	242	237	685	n/a	7.8125
S243-D237	NIRSCWAMPLITUDE	243	237	685	n/a	7.8125
S244-D237	NIRSCWAMPLITUDE	244	237	685	n/a	7.8125
S245-D237	NIRSCWAMPLITUDE	245	237	685	n/a	7.8125
S246-D237	NIRSCWAMPLITUDE	246	237	685	n/a	7.8125
S247-D237	NIRSCWAMPLITUDE	247	237	685	n/a	7.8125
S248-D237	NIRSCWAMPLITUDE	248	237	685	n/a	7.8125
S249-D237	NIRSCWAMPLITUDE	249	237	685	n/a	7.8125
S252-D237	NIRSCWAMPLITUDE	252	237	685	n/a	7.8125
S253-D237	NIRSCWAMPLITUDE	253	237	685	n/a	7.8125
S254-D237	NIRSCWAMPLITUDE	254	237	685	n/a	7.8125
S255-D237	NIRSCWAMPLITUDE	255	237	685	n/a	7.8125
S144-D238	NIRSCWAMPLITUDE	144	238	685	n/a	7.8125
S150-D238	NIRSCWAMPLITUDE	150	238	685	n/a	7.8125
S155-D238	NIRSCWAMPLITUDE	155	238	685	n/a	7.8125
S156-D238	NIRSCWAMPLITUDE	156	238	685	n/a	7.8125
S161-D238	NIRSCWAMPLITUDE	161	238	685	n/a	7.8125
S162-D238	NIRSCWAMPLITUDE	162	238	685	n/a	7.8125
S167-D238	NIRSCWAMPLITUDE	167	238	685	n/a	7.8125
S168-D238	NIRSCWAMPLITUDE	168	238	685	n/a	7.8125
S173-D238	NIRSCWAMPLITUDE	173	238	685	n/a	7.8125
S174-D238	NIRSCWAMPLITUDE	174	238	685	n/a	7.8125
S180-D238	NIRSCWAMPLITUDE	180	238	685	n/a	7.8125
S201-D238	NIRSCWAMPLITUDE	201	238	685	n/a	7.8125
S202-D238	NIRSCWAMPLITUDE	202	238	685	n/a	7.8125
S203-D238	NIRSCWAMPLITUDE	203	238	685	n/a	7.8125
S204-D238	NIRSCWAMPLITUDE	204	238	685	n/a	7.8125
S205-D238	NIRSCWAMPLITUDE	205	238	685	n/a	7.8125
S211-D238	NIRSCWAMPLITUDE	211	238	685	n/a	7.8125
S212-D238	NIRSCWAMPLITUDE	212	238	685	n/a	7.8125
S213-D238	NIRSCWAMPLITUDE	213	238	685	n/a	7.8125
S214-D238	NIRSCWAMPLITUDE	214	238	685	n/a	7.8125
S215-D238	NIRSCWAMPLITUDE	215	238	685	n/a	7.8125
S216-D238	NIRSCWAMPLITUDE	216	238	685	n/a	7.8125
S222-D238	NIRSCWAMPLITUDE	222	238	685	n/a	7.8125
S223-D238	NIRSCWAMPLITUDE	223	238	685	n/a	7.8125
S224-D238	NIRSCWAMPLITUDE	224	238	685	n/a	7.8125
S225-D238	NIRSCWAMPLITUDE	225	238	685	n/a	7.8125
S226-D238	NIRSCWAMPLITUDE	226	238	685	n/a	7.8125
S227-D238	NIRSCWAMPLITUDE	227	238	685	n/a	7.8125
S228-D238	NIRSCWAMPLITUDE	228	238	685	n/a	7.8125
S229-D238	NIRSCWAMPLITUDE	229	238	685	n/a	7.8125
S232-D238	NIRSCWAMPLITUDE	232	238	685	n/a	7.8125
S233-D238	NIRSCWAMPLITUDE	233	238	685	n/a	7.8125
S234-D238	NIRSCWAMPLITUDE	234	238	685	n/a	7.8125
S235-D238	NIRSCWAMPLITUDE	235	238	685	n/a	7.8125
S236-D238	NIRSCWAMPLITUDE	236	238	685	n/a	7.8125
S237-D238	NIRSCWAMPLITUDE	237	238	685	n/a	7.8125
S238-D238	NIRSCWAMPLITUDE	238	238	685	n/a	7.8125
S239-D238	NIRSCWAMPLITUDE	239	238	685	n/a	7.8125
S243-D238	NIRSCWAMPLITUDE	243	238	685	n/a	7.8125
S244-D238	NIRSCWAMPLITUDE	244	238	685	n/a	7.8125
S245-D238	NIRSCWAMPLITUDE	245	238	685	n/a	7.8125
S246-D238	NIRSCWAMPLITUDE	246	238	685	n/a	7.8125
S247-D238	NIRSCWAMPLITUDE	247	238	685	n/a	7.8125
S248-D238	NIRSCWAMPLITUDE	248	238	685	n/a	7.8125
S249-D238	NIRSCWAMPLITUDE	249	238	685	n/a	7.8125
S250-D238	NIRSCWAMPLITUDE	250	238	685	n/a	7.8125
S253-D238	NIRSCWAMPLITUDE	253	238	685	n/a	7.8125
S254-D238	NIRSCWAMPLITUDE	254	238	685	n/a	7.8125
S255-D238	NIRSCWAMPLITUDE	255	238	685	n/a	7.8125
S150-D239	NIRSCWAMPLITUDE	150	239	685	n/a	7.8125
S155-D239	NIRSCWAMPLITUDE	155	239	685	n/a	7.8125
S156-D239	NIRSCWAMPLITUDE	156	239	685	n/a	7.8125
S161-D239	NIRSCWAMPLITUDE	161	239	685	n/a	7.8125
S162-D239	NIRSCWAMPLITUDE	162	239	685	n/a	7.8125
S167-D239	NIRSCWAMPLITUDE	167	239	685	n/a	7.8125
S168-D239	NIRSCWAMPLITUDE	168	239	685	n/a	7.8125
S173-D239	NIRSCWAMPLITUDE	173	239	685	n/a	7.8125
S174-D239	NIRSCWAMPLITUDE	174	239	685	n/a	7.8125
S179-D239	NIRSCWAMPLITUDE	179	239	685	n/a	7.8125
S180-D239	NIRSCWAMPLITUDE	180	239	685	n/a	7.8125
S185-D239	NIRSCWAMPLITUDE	185	239	685	n/a	7.8125
S186-D239	NIRSCWAMPLITUDE	186	239	685	n/a	7.8125
S202-D239	NIRSCWAMPLITUDE	202	239	685	n/a	7.8125
S203-D239	NIRSCWAMPLITUDE	203	239	685	n/a	7.8125
S204-D239	NIRSCWAMPLITUDE	204	239	685	n/a	7.8125
S205-D239	NIRSCWAMPLITUDE	205	239	685	n/a	7.8125
S206-D239	NIRSCWAMPLITUDE	206	239	685	n/a	7.8125
S212-D239	NIRSCWAMPLITUDE	212	239	685	n/a	7.8125
S213-D239	NIRSCWAMPLITUDE	213	239	685	n/a	7.8125
S214-D239	NIRSCWAMPLITUDE	214	239	685	n/a	7.8125
S215-D239	NIRSCWAMPLITUDE	215	239	685	n/a	7.8125
S216-D239	NIRSCWAMPLITUDE	216	239	685	n/a	7.8125
S217-D239	NIRSCWAMPLITUDE	217	239	685	n/a	7.8125
S223-D239	NIRSCWAMPLITUDE	223	239	685	n/a	7.8125
S224-D239	NIRSCWAMPLITUDE	224	239	685	n/a	7.8125
S225-D239	NIRSCWAMPLITUDE	225	239	685	n/a	7.8125
S226-D239	NIRSCWAMPLITUDE	226	239	685	n/a	7.8125
S227-D239	NIRSCWAMPLITUDE	227	239	685	n/a	7.8125
S228-D239	NIRSCWAMPLITUDE	228	239	685	n/a	7.8125
S229-D239	NIRSCWAMPLITUDE	229	239	685	n/a	7.8125
S233-D239	NIRSCWAMPLITUDE	233	239	685	n/a	7.8125
S234-D239	NIRSCWAMPLITUDE	234	239	685	n/a	7.8125
S235-D239	NIRSCWAMPLITUDE	235	239	685	n/a	7.8125
S236-D239	NIRSCWAMPLITUDE	236	239	685	n/a	7.8125
S237-D239	NIRSCWAMPLITUDE	237	239	685	n/a	7.8125
S238-D239	NIRSCWAMPLITUDE	238	239	685	n/a	7.8125
S239-D239	NIRSCWAMPLITUDE	239	239	685	n/a	7.8125
S240-D239	NIRSCWAMPLITUDE	240	239	685	n/a	7.8125
S244-D239	NIRSCWAMPLITUDE	244	239	685	n/a	7.8125
S245-D239	NIRSCWAMPLITUDE	245	239	685	n/a	7.8125
S246-D239	NIRSCWAMPLITUDE	246	239	685	n/a	7.8125
S247-D239	NIRSCWAMPLITUDE	247	239	685	n/a	7.8125
S248-D239	NIRSCWAMPLITUDE	248	239	685	n/a	7.8125
S249-D239	NIRSCWAMPLITUDE	249	239	685	n/a	7.8125
S250-D239	NIRSCWAMPLITUDE	250	239	685	n/a	7.8125
S254-D239	NIRSCWAMPLITUDE	254	239	685	n/a	7.8125
S255-D239	NIRSCWAMPLITUDE	255	239	685	n/a	7.8125
S156-D240	NIRSCWAMPLITUDE	156	240	685	n/a	7.8125
S161-D240	NIRSCWAMPLITUDE	161	240	685	n/a	7.8125
S162-D240	NIRSCWAMPLITUDE	162	240	685	n/a	7.8125
S166-D240	NIRSCWAMPLITUDE	166	240	685	n/a	7.8125
S167-D240	NIRSCWAMPLITUDE	167	240	685	n/a	7.8125
S168-D240	NIRSCWAMPLITUDE	168	240	685	n/a	7.8125
S172-D240	NIRSCWAMPLITUDE	172	240	685	n/a	7.8125
S173-D240	NIRSCWAMPLITUDE	173	240	685	n/a	7.8125
S174-D240	NIRSCWAMPLITUDE	174	240	685	n/a	7.8125
S178-D240	NIRSCWAMPLITUDE	178	240	685	n/a	7.8125
S179-D240	NIRSCWAMPLITUDE	179	240	685	n/a	7.8125
S180-D240	NIRSCWAMPLITUDE	180	240	685	n/a	7.8125
S184-D240	NIRSCWAMPLITUDE	184	240	685	n/a	7.8125
S185-D240	NIRSCWAMPLITUDE	185	240	685	n/a	7.8125
S186-D240	NIRSCWAMPLITUDE	186	240	685	n/a	7.8125
S191-D240	NIRSCWAMPLITUDE	191	240	685	n/a	7.8125
S192-D240	NIRSCWAMPLITUDE	192	240	685	n/a	7.8125
S203-D240	NIRSCWAMPLITUDE	203	240	685	n/a	7.8125
S204-D240	NIRSCWAMPLITUDE	204	240	685	n/a	7.8125
S205-D240	NIRSCWAMPLITUDE	205	240	685	n/a	7.8125
S206-D240	NIRSCWAMPLITUDE	206	240	685	n/a	7.8125
S207-D240	NIRSCWAMPLITUDE	207	240	685	n/a	7.8125
S213-D240	NIRSCWAMPLITUDE	213	240	685	n/a	7.8125
S214-D240	NIRSCWAMPLITUDE	214	240	685	n/a	7.8125
S215-D240	NIRSCWAMPLITUDE	215	240	685	n/a	7.8125
S216-D240	NIRSCWAMPLITUDE	216	240	685	n/a	7.8125
S217-D240	NIRSCWAMPLITUDE	217	240	685	n/a	7.8125
S218-D240	NIRSCWAMPLITUDE	218	240	685	n/a	7.8125
S224-D240	NIRSCWAMPLITUDE	224	240	685	n/a	7.8125
S225-D240	NIRSCWAMPLITUDE	225	240	685	n/a	7.8125
S226-D240	NIRSCWAMPLITUDE	226	240	685	n/a	7.8125
S227-D240	NIRSCWAMPLITUDE	227	240	685	n/a	7.8125
S228-D240	NIRSCWAMPLITUDE	228	240	685	n/a	7.8125
S229-D240	NIRSCWAMPLITUDE	229	240	685	n/a	7.8125
S234-D240	NIRSCWAMPLITUDE	234	240	685	n/a	7.8125
S235-D240	NIRSCWAMPLITUDE	235	240	685	n/a	7.8125
S236-D240	NIRSCWAMPLITUDE	236	240	685	n/a	7.8125
S237-D240	NIRSCWAMPLITUDE	237	240	685	n/a	7.8125
S238-D240	NIRSCWAMPLITUDE	238	240	685	n/a	7.8125
S239-D240	NIRSCWAMPLITUDE	239	240	685	n/a	7.8125
S240-D240	NIRSCWAMPLITUDE	240	240	685	n/a	7.8125
S245-D240	NIRSCWAMPLITUDE	245	240	685	n/a	7.8125
S246-D240	NIRSCWAMPLITUDE	246	240	685	n/a	7.8125
S247-D240	NIRSCWAMPLITUDE	247	240	685	n/a	7.8125
S248-D240	NIRSCWAMPLITUDE	248	240	685	n/a	7.8125
S249-D240	NIRSCWAMPLITUDE	249	240	685	n/a	7.8125
S250-D240	NIRSCWAMPLITUDE	250	240	685	n/a	7.8125
S255-D240	NIRSCWAMPLITUDE	255	240	685	n/a	7.8125
S6-D241	NIRSCWAMPLITUDE	6	241	685	n/a	7.8125
S12-D241	NIRSCWAMPLITUDE	12	241	685	n/a	7.8125
S161-D241	NIRSCWAMPLITUDE	161	241	685	n/a	7.8125
S162-D241	NIRSCWAMPLITUDE	162	241	685	n/a	7.8125
S166-D241	NIRSCWAMPLITUDE	166	241	685	n/a	7.8125
S167-D241	NIRSCWAMPLITUDE	167	241	685	n/a	7.8125
S168-D241	NIRSCWAMPLITUDE	168	241	685	n/a	7.8125
S172-D241	NIRSCWAMPLITUDE	172	241	685	n/a	7.8125
S173-D241	NIRSCWAMPLITUDE	173	241	685	n/a	7.8125
S174-D241	NIRSCWAMPLITUDE	174	241	685	n/a	7.8125
S178-D241	NIRSCWAMPLITUDE	178	241	685	n/a	7.8125
S179-D241	NIRSCWAMPLITUDE	179	241	685	n/a	7.8125
S180-D241	NIRSCWAMPLITUDE	180	241	685	n/a	7.8125
S184-D241	NIRSCWAMPLITUDE	184	241	685	n/a	7.8125
S185-D241	NIRSCWAMPLITUDE	185	241	685	n/a	7.8125
S186-D241	NIRSCWAMPLITUDE	186	241	685	n/a	7.8125
S190-D241	NIRSCWAMPLITUDE	190	241	685	n/a	7.8125
S191-D241	NIRSCWAMPLITUDE	191	241	685	n/a	7.8125
S192-D241	NIRSCWAMPLITUDE	192	241	685	n/a	7.8125
S204-D241	NIRSCWAMPLITUDE	204	241	685	n/a	7.8125
S205-D241	NIRSCWAMPLITUDE	205	241	685	n/a	7.8125
S206-D241	NIRSCWAMPLITUDE	206	241	685	n/a	7.8125
S207-D241	NIRSCWAMPLITUDE	207	241	685	n/a	7.8125
S214-D241	NIRSCWAMPLITUDE	214	241	685	n/a	7.8125
S215-D241	NIRSCWAMPLITUDE	215	241	685	n/a	7.8125
S216-D241	NIRSCWAMPLITUDE	216	241	685	n/a	7.8125
S217-D241	NIRSCWAMPLITUDE	217	241	685	n/a	7.8125
S218-D241	NIRSCWAMPLITUDE	218	241	685	n/a	7.8125
S225-D241	NIRSCWAMPLITUDE	225	241	685	n/a	7.8125
S226-D241	NIRSCWAMPLITUDE	226	241	685	n/a	7.8125
S227-D241	NIRSCWAMPLITUDE	227	241	685	n/a	7.8125
S228-D241	NIRSCWAMPLITUDE	228	241	685	n/a	7.8125
S229-D241	NIRSCWAMPLITUDE	229	241	685	n/a	7.8125
S235-D241	NIRSCWAMPLITUDE	235	241	685	n/a	7.8125
S236-D241	NIRSCWAMPLITUDE	236	241	685	n/a	7.8125
S237-D241	NIRSCWAMPLITUDE	237	241	685	n/a	7.8125
S238-D241	NIRSCWAMPLITUDE	238	241	685	n/a	7.8125
S239-D241	NIRSCWAMPLITUDE	239	241	685	n/a	7.8125
S240-D241	NIRSCWAMPLITUDE	240	241	685	n/a	7.8125
S246-D241	NIRSCWAMPLITUDE	246	241	685	n/a	7.8125
S247-D241	NIRSCWAMPLITUDE	247	241	685	n/a	7.8125
S248-D241	NIRSCWAMPLITUDE	248	241	685	n/a	7.8125
S249-D241	NIRSCWAMPLITUDE	249	241	685	n/a	7.8125
S250-D241	NIRSCWAMPLITUDE	250	241	685	n/a	7.8125
S5-D242	NIRSCWAMPLITUDE	5	242	685	n/a	7.8125
S6-D242	NIRSCWAMPLITUDE	6	242	685	n/a	7.8125
S12-D242	NIRSCWAMPLITUDE	12	242	685	n/a	7.8125
S162-D242	NIRSCWAMPLITUDE	162	242	685	n/a	7.8125
S167-D242	NIRSCWAMPLITUDE	167	242	685	n/a	7.8125
S168-D242	NIRSCWAMPLITUDE	168	242	685	n/a	7.8125
S172-D242	NIRSCWAMPLITUDE	172	242	685	n/a	7.8125
S173-D242	NIRSCWAMPLITUDE	173	242	685	n/a	7.8125
S174-D242	NIRSCWAMPLITUDE	174	242	685	n/a	7.8125
S177-D242	NIRSCWAMPLITUDE	177	242	685	n/a	7.8125
S178-D242	NIRSCWAMPLITUDE	178	242	685	n/a	7.8125
S179-D242	NIRSCWAMPLITUDE	179	242	685	n/a	7.8125
S180-D242	NIRSCWAMPLITUDE	180	242	685	n/a	7.8125
S183-D242	NIRSCWAMPLITUDE	183	242	685	n/a	7.8125
S184-D242	NIRSCWAMPLITUDE	184	242	685	n/a	7.8125
S185-D242	NIRSCWAMPLITUDE	185	242	685	n/a	7.8125
S186-D242	NIRSCWAMPLITUDE	186	242	685	n/a	7.8125
S189-D242	NIRSCWAMPLITUDE	189	242	685	n/a	7.8125
S190-D242	NIRSCWAMPLITUDE	190	242	685	n/a	7.8125
S191-D242	NIRSCWAMPLITUDE	191	242	685	n/a	7.8125
S192-D242	NIRSCWAMPLITUDE	192	242	685	n/a	7.8125
S205-D242	NIRSCWAMPLITUDE	205	242	685	n/a	7.8125
S206-D242	NIRSCWAMPLITUDE	206	242	685	n/a	7.8125
S207-D242	NIRSCWAMPLITUDE	207	242	685	n/a	7.8125
S215-D242	NIRSCWAMPLITUDE	215	242	685	n/a	7.8125
S216-D242	NIRSCWAMPLITUDE	216	242	685	n/a	7.8125
S217-D242	NIRSCWAMPLITUDE	217	242	685	n/a	7.8125
S218-D242	NIRSCWAMPLITUDE	218	242	685	n/a	7.8125
S226-D242	NIRSCWAMPLITUDE	226	242	685	n/a	7.8125
S227-D242	NIRSCWAMPLITUDE	227	242	685	n/a	7.8125
S228-D242	NIRSCWAMPLITUDE	228	242	685	n/a	7.8125
S229-D242	NIRSCWAMPLITUDE	229	242	685	n/a	7.8125
S236-D242	NIRSCWAMPLITUDE	236	242	685	n/a	7.8125
S237-D242	NIRSCWAMPLITUDE	237	242	685	n/a	7.8125
S238-D242	NIRSCWAMPLITUDE	238	242	685	n/a	7.8125
S239-D242	NIRSCWAMPLITUDE	239	242	685	n/a	7.8125
S240-D242	NIRSCWAMPLITUDE	240	242	685	n/a	7.8125
S247-D242	NIRSCWAMPLITUDE	247	242	685	n/a	7.8125
S248-D242	NIRSCWAMPLITUDE	248	242	685	n/a	7.8125
S249-D242	NIRSCWAMPLITUDE	249	242	685	n/a	7.8125
S250-D242	NIRSCWAMPLITUDE	250	242	685	n/a	7.8125
S80-D243	NIRSCWAMPLITUDE	80	243	685	n/a	7.8125
S81-D243	NIRSCWAMPLITUDE	81	243	685	n/a	7.8125
S85-D243	NIRSCWAMPLITUDE	85	243	685	n/a	7.8125
S86-D243	NIRSCWAMPLITUDE	86	243	685	n/a	7.8125
S87-D243	NIRSCWAMPLITUDE	87	243	685	n/a	7.8125
S91-D243	NIRSCWAMPLITUDE	91	243	685	n/a	7.8125
S92-D243	NIRSCWAMPLITUDE	92	243	685	n/a	7.8125
S93-D243	NIRSCWAMPLITUDE	93	243	685	n/a	7.8125
S97-D243	NIRSCWAMPLITUDE	97	243	685	n/a	7.8125
S98-D243	NIRSCWAMPLITUDE	98	243	685	n/a	7.8125
S99-D243	NIRSCWAMPLITUDE	99	243	685	n/a	7.8125
S102-D243	NIRSCWAMPLITUDE	102	243	685	n/a	7.8125
S103-D243	NIRSCWAMPLITUDE	103	243	685	n/a	7.8125
S104-D243	NIRSCWAMPLITUDE	104	243	685	n/a	7.8125
S105-D243	NIRSCWAMPLITUDE	105	243	685	n/a	7.8125
S108-D243	NIRSCWAMPLITUDE	108	243	685	n/a	7.8125
S109-D243	NIRSCWAMPLITUDE	109	243	685	n/a	7.8125
S110-D243	NIRSCWAMPLITUDE	110	243	685	n/a	7.8125
S111-D243	NIRSCWAMPLITUDE	111	243	685	n/a	7.8125
S115-D243	NIRSCWAMPLITUDE	115	243	685	n/a	7.8125
S116-D243	NIRSCWAMPLITUDE	116	243	685	n/a	7.8125
S117-D243	NIRSCWAMPLITUDE	117	243	685	n/a	7.8125
S121-D243	NIRSCWAMPLITUDE	121	243	685	n/a	7.8125
S122-D243	NIRSCWAMPLITUDE	122	243	685	n/a	7.8125
S127-D243	NIRSCWAMPLITUDE	127	243	685	n/a	7.8125
S193-D243	NIRSCWAMPLITUDE	193	243	685	n/a	7.8125
S194-D243	NIRSCWAMPLITUDE	194	243	685	n/a	7.8125
S198-D243	NIRSCWAMPLITUDE	198	243	685	n/a	7.8125
S199-D243	NIRSCWAMPLITUDE	199	243	685	n/a	7.8125
S200-D243	NIRSCWAMPLITUDE	200	243	685	n/a	7.8125
S208-D243	NIRSCWAMPLITUDE	208	243	685	n/a	7.8125
S209-D243	NIRSCWAMPLITUDE	209	243	685	n/a	7.8125
S210-D243	NIRSCWAMPLITUDE	210	243	685	n/a	7.8125
S219-D243	NIRSCWAMPLITUDE	219	243	685	n/a	7.8125
S220-D243	NIRSCWAMPLITUDE	220	243	685	n/a	7.8125
S221-D243	NIRSCWAMPLITUDE	221	243	685	n/a	7.8125
S222-D243	NIRSCWAMPLITUDE	222	243	685	n/a	7.8125
S230-D243	NIRSCWAMPLITUDE	230	243	685	n/a	7.8125
S231-D243	NIRSCWAMPLITUDE	231	243	685	n/a	7.8125
S232-D243	NIRSCWAMPLITUDE	232	243	685	n/a	7.8125
S241-D243	NIRSCWAMPLITUDE	241	243	685	n/a	7.8125
S242-D243	NIRSCWAMPLITUDE	242	243	685	n/a	7.8125
S243-D243	NIRSCWAMPLITUDE	243	243	685	n/a	7.8125
S251-D243	NIRSCWAMPLITUDE	251	243	685	n/a	7.8125
S252-D243	NIRSCWAMPLITUDE	252	243	685	n/a	7.8125
S253-D243	NIRSCWAMPLITUDE	253	243	685	n/a	7.8125
S99-D244	NIRSCWAMPLITUDE	99	244	685	n/a	7.8125
S105-D244	NIRSCWAMPLITUDE	105	244	685	n/a	7.8125
S110-D244	NIRSCWAMPLITUDE	110	244	685	n/a	7.8125
S111-D244	NIRSCWAMPLITUDE	111	244	685	n/a	7.8125
S116-D244	NIRSCWAMPLITUDE	116	244	685	n/a	7.8125
S117-D244	NIRSCWAMPLITUDE	117	244	685	n/a	7.8125
S121-D244	NIRSCWAMPLITUDE	121	244	685	n/a	7.8125
S122-D244	NIRSCWAMPLITUDE	122	244	685	n/a	7.8125
S126-D244	NIRSCWAMPLITUDE	126	244	685	n/a	7.8125
S127-D244	NIRSCWAMPLITUDE	127	244	685	n/a	7.8125
S131-D244	NIRSCWAMPLITUDE	131	244	685	n/a	7.8125
S132-D244	NIRSCWAMPLITUDE	132	244	685	n/a	7.8125
S136-D244	NIRSCWAMPLITUDE	136	244	685	n/a	7.8125
S137-D244	NIRSCWAMPLITUDE	137	244	685	n/a	7.8125
S138-D244	NIRSCWAMPLITUDE	138	244	685	n/a	7.8125
S142-D244	NIRSCWAMPLITUDE	142	244	685	n/a	7.8125
S143-D244	NIRSCWAMPLITUDE	143	244	685	n/a	7.8125
S144-D244	NIRSCWAMPLITUDE	144	244	685	n/a	7.8125
S149-D244	NIRSCWAMPLITUDE	149	244	685	n/a	7.8125
S150-D244	NIRSCWAMPLITUDE	150	244	685	n/a	7.8125
S193-D244	NIRSCWAMPLITUDE	193	244	685	n/a	7.8125
S208-D244	NIRSCWAMPLITUDE	208	244	685	n/a	7.8125
S209-D244	NIRSCWAMPLITUDE	209	244	685	n/a	7.8125
S210-D244	NIRSCWAMPLITUDE	210	244	685	n/a	7.8125
S219-D244	NIRSCWAMPLITUDE	219	244	685	n/a	7.8125
S220-D244	NIRSCWAMPLITUDE	220	244	685	n/a	7.8125
S221-D244	NIRSCWAMPLITUDE	221	244	685	n/a	7.8125
S222-D244	NIRSCWAMPLITUDE	222	244	685	n/a	7.8125
S223-D244	NIRSCWAMPLITUDE	223	244	685	n/a	7.8125
S230-D244	NIRSCWAMPLITUDE	230	244	685	n/a	7.8125
S231-D244	NIRSCWAMPLITUDE	231	244	685	n/a	7.8125
S232-D244	NIRSCWAMPLITUDE	232	244	685	n/a	7.8125
S233-D244	NIRSCWAMPLITUDE	233	244	685	n/a	7.8125
S234-D244	NIRSCWAMPLITUDE	234	244	685	n/a	7.8125
S241-D244	NIRSCWAMPLITUDE	241	244	685	n/a	7.8125
S242-D244	NIRSCWAMPLITUDE	242	244	685	n/a	7.8125
S243-D244	NIRSCWAMPLITUDE	243	244	685	n/a	7.8125
S244-D244	NIRSCWAMPLITUDE	244	244	685	n/a	7.8125
S245-D244	NIRSCWAMPLITUDE	245	244	685	n/a	7.8125
S251-D244	NIRSCWAMPLITUDE	251	244	685	n/a	7.8125
S252-D244	NIRSCWAMPLITUDE	252	244	685	n/a	7.8125
S253-D244	NIRSCWAMPLITUDE	253	244	685	n/a	7.8125
S254-D244	NIRSCWAMPLITUDE	254	244	685	n/a	7.8125
S255-D244	NIRSCWAMPLITUDE	255	244	685	n/a	7.8125
S111-D245	NIRSCWAMPLITUDE	111	245	685	n/a	7.8125
S117-D245	NIRSCWAMPLITUDE	117	245	685	n/a	7.8125
S122-D245	NIRSCWAMPLITUDE	122	245	685	n/a	7.8125
S127-D245	NIRSCWAMPLITUDE	127	245	685	n/a	7.8125
S132-D245	NIRSCWAMPLITUDE	132	245	685	n/a	7.8125
S136-D245	NIRSCWAMPLITUDE	136	245	685	n/a	7.8125
S137-D245	NIRSCWAMPLITUDE	137	245	685	n/a	7.8125
S138-D245	NIRSCWAMPLITUDE	138	245	685	n/a	7.8125
S142-D245	NIRSCWAMPLITUDE	142	245	685	n/a	7.8125
S143-D245	NIRSCWAMPLITUDE	143	245	685	n/a	7.8125
S144-D245	NIRSCWAMPLITUDE	144	245	685	n/a	7.8125
S149-D245	NIRSCWAMPLITUDE	149	245	685	n/a	7.8125
S150-D245	NIRSCWAMPLITUDE	150	245	685	n/a	7.8125
S156-D245	NIRSCWAMPLITUDE	156	245	685	n/a	7.8125
S193-D245	NIRSCWAMPLITUDE	193	245	685	n/a	7.8125
S208-D245	NIRSCWAMPLITUDE	208	245	685	n/a	7.8125
S209-D245	NIRSCWAMPLITUDE	209	245	685	n/a	7.8125
S210-D245	NIRSCWAMPLITUDE	210	245	685	n/a	7.8125
S211-D245	NIRSCWAMPLITUDE	211	245	685	n/a	7.8125
S219-D245	NIRSCWAMPLITUDE	219	245	685	n/a	7.8125
S220-D245	NIRSCWAMPLITUDE	220	245	685	n/a	7.8125
S221-D245	NIRSCWAMPLITUDE	221	245	685	n/a	7.8125
S222-D245	NIRSCWAMPLITUDE	222	245	685	n/a	7.8125
S223-D245	NIRSCWAMPLITUDE	223	245	685	n/a	7.8125
S224-D245	NIRSCWAMPLITUDE	224	245	685	n/a	7.8125
S230-D245	NIRSCWAMPLITUDE	230	245	685	n/a	7.8125
S231-D245	NIRSCWAMPLITUDE	231	245	685	n/a	7.8125
S232-D245	NIRSCWAMPLITUDE	232	245	685	n/a	7.8125
S233-D245	NIRSCWAMPLITUDE	233	245	685	n/a	7.8125
S234-D245	NIRSCWAMPLITUDE	234	245	685	n/a	7.8125
S235-D245	NIRSCWAMPLITUDE	235	245	685	n/a	7.8125
S241-D245	NIRSCWAMPLITUDE	241	245	685	n/a	7.8125
S242-D245	NIRSCWAMPLITUDE	242	245	685	n/a	7.8125
S243-D245	NIRSCWAMPLITUDE	243	245	685	n/a	7.8125
S244-D245	NIRSCWAMPLITUDE	244	245	685	n/a	7.8125
S245-D245	NIRSCWAMPLITUDE	245	245	685	n/a	7.8125
S246-D245	NIRSCWAMPLITUDE	246	245	685	n/a	7.8125
S251-D245	NIRSCWAMPLITUDE	251	245	685	n/a	7.8125
S252-D245	NIRSCWAMPLITUDE	252	245	685	n/a	7.8125
S253-D245	NIRSCWAMPLITUDE	253	245	685	n/a	7.8125
S254-D245	NIRSCWAMPLITUDE	254	245	685	n/a	7.8125
S255-D245	NIRSCWAMPLITUDE	255	245	685	n/a	7.8125
S132-D246	NIRSCWAMPLITUDE	132	246	685	n/a	7.8125
S136-D246	NIRSCWAMPLITUDE	136	246	685	n/a	7.8125
S137-D246	NIRSCWAMPLITUDE	137	246	685	n/a	7.8125
S138-D246	NIRSCWAMPLITUDE	138	246	685	n/a	7.8125
S142-D246	NIRSCWAMPLITUDE	142	246	685	n/a	7.8125
S143-D246	NIRSCWAMPLITUDE	143	246	685	n/a	7.8125
S144-D246	NIRSCWAMPLITUDE	144	246	685	n/a	7.8125
S148-D246	NIRSCWAMPLITUDE	148	246	685	n/a	7.8125
S149-D246	NIRSCWAMPLITUDE	149	246	685	n/a	7.8125
S150-D246	NIRSCWAMPLITUDE	150	246	685	n/a	7.8125
S155-D246	NIRSCWAMPLITUDE	155	246	685	n/a	7.8125
S156-D246	NIRSCWAMPLITUDE	156	246	685	n/a	7.8125
S162-D246	NIRSCWAMPLITUDE	162	246	685	n/a	7.8125
S208-D246	NIRSCWAMPLITUDE	208	246	685	n/a	7.8125
S209-D246	NIRSCWAMPLITUDE	209	246	685	n/a	7.8125
S210-D246	NIRSCWAMPLITUDE	210	246	685	n/a	7.8125
S211-D246	NIRSCWAMPLITUDE	211	246	685	n/a	7.8125
S212-D246	NIRSCWAMPLITUDE	212	246	685	n/a	7.8125
S213-D246	NIRSCWAMPLITUDE	213	246	685	n/a	7.8125
S219-D246	NIRSCWAMPLITUDE	219	246	685	n/a	7.8125
S220-D246	NIRSCWAMPLITUDE	220	246	685	n/a	7.8125
S221-D246	NIRSCWAMPLITUDE	221	246	685	n/a	7.8125
S222-D246	NIRSCWAMPLITUDE	222	246	685	n/a	7.8125
S223-D246	NIRSCWAMPLITUDE	223	246	685	n/a	7.8125
S224-D246	NIRSCWAMPLITUDE	224	246	685	n/a	7.8125
S225-D246	NIRSCWAMPLITUDE	225	246	685	n/a	7.8125
S230-D246	NIRSCWAMPLITUDE	230	246	685	n/a	7.8125
S231-D246	NIRSCWAMPLITUDE	231	246	685	n/a	7.8125
S232-D246	NIRSCWAMPLITUDE	232	246	685	n/a	7.8125
S233-D246	NIRSCWAMPLITUDE	233	246	685	n/a	7.8125
S234-D246	NIRSCWAMPLITUDE	234	246	685	n/a	7.8125
S235-D246	NIRSCWAMPLITUDE	235	246	685	n/a	7.8125
S236-D246	NIRSCWAMPLITUDE	236	246	685	n/a	7.8125
S241-D246	NIRSCWAMPLITUDE	241	246	685	n/a	7.8125
S242-D246	NIRSCWAMPLITUDE	242	246	685	n/a	7.8125
S243-D246	NIRSCWAMPLITUDE	243	246	685	n/a	7.8125
S244-D246	NIRSCWAMPLITUDE	244	246	685	n/a	7.8125
S245-D246	NIRSCWAMPLITUDE	245	246	685	n/a	7.8125
S246-D246	NIRSCWAMPLITUDE	246	246	685	n/a	7.8125
S247-D246	NIRSCWAMPLITUDE	247	246	685	n/a	7.8125
S251-D246	NIRSCWAMPLITUDE	251	246	685	n/a	7.8125
S252-D246	NIRSCWAMPLITUDE	252	246	685	n/a	7.8125
S253-D246	NIRSCWAMPLITUDE	253	246	685	n/a	7.8125
S254-D246	NIRSCWAMPLITUDE	254	246	685	n/a	7.8125
S255-D246	NIRSCWAMPLITUDE	255	246	685	n/a	7.8125
S136-D247	NIRSCWAMPLITUDE	136	247	685	n/a	7.8125
S137-D247	NIRSCWAMPLITUDE	137	247	685	n/a	7.8125
S138-D247	NIRSCWAMPLITUDE	138	247	685	n/a	7.8125
S142-D247	NIRSCWAMPLITUDE	142	247	685	n/a	7.8125
S143-D247	NIRSCWAMPLITUDE	143	247	685	n/a	7.8125
S144-D247	NIRSCWAMPLITUDE	144	247	685	n/a	7.8125
S148-D247	NIRSCWAMPLITUDE	148	247	685	n/a	7.8125
S149-D247	NIRSCWAMPLITUDE	149	247	685	n/a	7.8125
S150-D247	NIRSCWAMPLITUDE	150	247	685	n/a	7.8125
S155-D247	NIRSCWAMPLITUDE	155	247	685	n/a	7.8125
S156-D247	NIRSCWAMPLITUDE	156	247	685	n/a	7.8125
S161-D247	NIRSCWAMPLITUDE	161	247	685	n/a	7.8125
S162-D247	NIRSCWAMPLITUDE	162	247	685	n/a	7.8125
S168-D247	NIRSCWAMPLITUDE	168	247	685	n/a	7.8125
S209-D247	NIRSCWAMPLITUDE	209	247	685	n/a	7.8125
S210-D247	NIRSCWAMPLITUDE	210	247	685	n/a	7.8125
S211-D247	NIRSCWAMPLITUDE	211	247	685	n/a	7.8125
S212-D247	NIRSCWAMPLITUDE	212	247	685	n/a	7.8125
S213-D247	NIRSCWAMPLITUDE	213	247	685	n/a	7.8125
S214-D247	NIRSCWAMPLITUDE	214	247	685	n/a	7.8125
S220-D247	NIRSCWAMPLITUDE	220	247	685	n/a	7.8125
S221-D247	NIRSCWAMPLITUDE	221	247	685	n/a	7.8125
S222-D247	NIRSCWAMPLITUDE	222	247	685	n/a	7.8125
S223-D247	NIRSCWAMPLITUDE	223	247	685	n/a	7.8125
S224-D247	NIRSCWAMPLITUDE	224	247	685	n/a	7.8125
S225-D247	NIRSCWAMPLITUDE	225	247	685	n/a	7.8125
S226-D247	NIRSCWAMPLITUDE	226	247	685	n/a	7.8125
S227-D247	NIRSCWAMPLITUDE	227	247	685	n/a	7.8125
S230-D247	NIRSCWAMPLITUDE	230	247	685	n/a	7.8125
S231-D247	NIRSCWAMPLITUDE	231	247	685	n/a	7.8125
S232-D247	NIRSCWAMPLITUDE	232	247	685	n/a	7.8125
S233-D247	NIRSCWAMPLITUDE	233	247	685	n/a	7.8125
S234-D247	NIRSCWAMPLITUDE	234	247	685	n/a	7.8125
S235-D247	NIRSCWAMPLITUDE	235	247	685	n/a	7.8125
S236-D247	NIRSCWAMPLITUDE	236	247	685	n/a	7.8125
S237-D247	NIRSCWAMPLITUDE	237	247	685	n/a	7.8125
S241-D247	NIRSCWAMPLITUDE	241	247	685	n/a	7.8125
S242-D247	NIRSCWAMPLITUDE	242	247	685	n/a	7.8125
S243-D247	NIRSCWAMPLITUDE	243	247	685	n/a	7.8125
S244-D247	NIRSCWAMPLITUDE	244	247	685	n/a	7.8125
S245-D247	NIRSCWAMPLITUDE	245	247	685	n/a	7.8125
S246-D247	NIRSCWAMPLITUDE	246	247	685	n/a	7.8125
S247-D247	NIRSCWAMPLITUDE	247	247	685	n/a	7.8125
S248-D247	NIRSCWAMPLITUDE	248	247	685	n/a	7.8125
S252-D247	NIRSCWAMPLITUDE	252	247	685	n/a	7.8125
S253-D247	NIRSCWAMPLITUDE	253	247	685	n/a	7.8125
S254-D247	NIRSCWAMPLITUDE	254	247	685	n/a	7.8125
S255-D247	NIRSCWAMPLITUDE	255	247	685	n/a	7.8125
S137-D248	NIRSCWAMPLITUDE	137	248	685	n/a	7.8125
S138-D248	NIRSCWAMPLITUDE	138	248	685	n/a	7.8125
S143-D248	NIRSCWAMPLITUDE	143	248	685	n/a	7.8125
S144-D248	NIRSCWAMPLITUDE	144	248	685	n/a	7.8125
S148-D248	NIRSCWAMPLITUDE	148	248	685	n/a	7.8125
S149-D248	NIRSCWAMPLITUDE	149	248	685	n/a	7.8125
S150-D248	NIRSCWAMPLITUDE	150	248	685	n/a	7.8125
S154-D248	NIRSCWAMPLITUDE	154	248	685	n/a	7.8125
S155-D248	NIRSCWAMPLITUDE	155	248	685	n/a	7.8125
S156-D248	NIRSCWAMPLITUDE	156	248	685	n/a	7.8125
S160-D248	NIRSCWAMPLITUDE	160	248	685	n/a	7.8125
S161-D248	NIRSCWAMPLITUDE	161	248	685	n/a	7.8125
S162-D248	NIRSCWAMPLITUDE	162	248	685	n/a	7.8125
S167-D248	NIRSCWAMPLITUDE	167	248	685	n/a	7.8125
S168-D248	NIRSCWAMPLITUDE	168	248	685	n/a	7.8125
S174-D248	NIRSCWAMPLITUDE	174	248	685	n/a	7.8125
S210-D248	NIRSCWAMPLITUDE	210	248	685	n/a	7.8125
S211-D248	NIRSCWAMPLITUDE	211	248	685	n/a	7.8125
S212-D248	NIRSCWAMPLITUDE	212	248	685	n/a	7.8125
S213-D248	NIRSCWAMPLITUDE	213	248	685	n/a	7.8125
S214-D248	NIRSCWAMPLITUDE	214	248	685	n/a	7.8125
S215-D248	NIRSCWAMPLITUDE	215	248	685	n/a	7.8125
S221-D248	NIRSCWAMPLITUDE	221	248	685	n/a	7.8125
S222-D248	NIRSCWAMPLITUDE	222	248	685	n/a	7.8125
S223-D248	NIRSCWAMPLITUDE	223	248	685	n/a	7.8125
S224-D248	NIRSCWAMPLITUDE	224	248	685	n/a	7.8125
S225-D248	NIRSCWAMPLITUDE	225	248	685	n/a	7.8125
S226-D248	NIRSCWAMPLITUDE	226	248	685	n/a	7.8125
S227-D248	NIRSCWAMPLITUDE	227	248	685	n/a	7.8125
S228-D248	NIRSCWAMPLITUDE	228	248	685	n/a	7.8125
S231-D248	NIRSCWAMPLITUDE	231	248	685	n/a	7.8125
S232-D248	NIRSCWAMPLITUDE	232	248	685	n/a	7.8125
S233-D248	NIRSCWAMPLITUDE	233	248	685	n/a	7.8125
S234-D248	NIRSCWAMPLITUDE	234	248	685	n/a	7.8125
S235-D248	NIRSCWAMPLITUDE	235	248	685	n/a	7.8125
S236-D248	NIRSCWAMPLITUDE	236	248	685	n/a	7.8125
S237-D248	NIRSCWAMPLITUDE	237	248	685	n/a	7.8125
S238-D248	NIRSCWAMPLITUDE	238	248	685	n/a	7.8125
S242-D248	NIRSCWAMPLITUDE	242	248	685	n/a	7.8125
S243-D248	NIRSCWAMPLITUDE	243	248	685	n/a	7.8125
S244-D248	NIRSCWAMPLITUDE	244	248	685	n/a	7.8125
S245-D248	NIRSCWAMPLITUDE	245	248	685	n/a	7.8125
S246-D248	NIRSCWAMPLITUDE	246	248	685	n/a	7.8125
S247-D248	NIRSCWAMPLITUDE	247	248	685	n/a	7.8125
S248-D248	NIRSCWAMPLITUDE	248	248	685	n/a	7.8125
S249-D248	NIRSCWAMPLITUDE	249	248	685	n/a	7.8125
S252-D248	NIRSCWAMPLITUDE	252	248	685	n/a	7.8125
S253-D248	NIRSCWAMPLITUDE	253	248	685	n/a	7.8125
S254-D248	NIRSCWAMPLITUDE	254	248	685	n/a	7.8125
S255-D248	NIRSCWAMPLITUDE	255	248	685	n/a	7.8125
S138-D249	NIRSCWAMPLITUDE	138	249	685	n/a	7.8125
S143-D249	NIRSCWAMPLITUDE	143	249	685	n/a	7.8125
S144-D249	NIRSCWAMPLITUDE	144	249	685	n/a	7.8125
S149-D249	NIRSCWAMPLITUDE	149	249	685	n/a	7.8125
S150-D249	NIRSCWAMPLITUDE	150	249	685	n/a	7.8125
S154-D249	NIRSCWAMPLITUDE	154	249	685	n/a	7.8125
S155-D249	NIRSCWAMPLITUDE	155	249	685	n/a	7.8125
S156-D249	NIRSCWAMPLITUDE	156	249	685	n/a	7.8125
S160-D249	NIRSCWAMPLITUDE	160	249	685	n/a	7.8125
S161-D249	NIRSCWAMPLITUDE	161	249	685	n/a	7.8125
S162-D249	NIRSCWAMPLITUDE	162	249	685	n/a	7.8125
S166-D249	NIRSCWAMPLITUDE	166	249	685	n/a	7.8125
S167-D249	NIRSCWAMPLITUDE	167	249	685	n/a	7.8125
S168-D249	NIRSCWAMPLITUDE	168	249	685	n/a	7.8125
S173-D249	NIRSCWAMPLITUDE	173	249	685	n/a	7.8125
S174-D249	NIRSCWAMPLITUDE	174	249	685	n/a	7.8125
S179-D249	NIRSCWAMPLITUDE	179	249	685	n/a	7.8125
S180-D249	NIRSCWAMPLITUDE	180	249	685	n/a	7.8125
S211-D249	NIRSCWAMPLITUDE	211	249	685	n/a	7.8125
S212-D249	NIRSCWAMPLITUDE	212	249	685	n/a	7.8125
S213-D249	NIRSCWAMPLITUDE	213	249	685	n/a	7.8125
S214-D249	NIRSCWAMPLITUDE	214	249	685	n/a	7.8125
S215-D249	NIRSCWAMPLITUDE	215	249	685	n/a	7.8125
S216-D249	NIRSCWAMPLITUDE	216	249	685	n/a	7.8125
S223-D249	NIRSCWAMPLITUDE	223	249	685	n/a	7.8125
S224-D249	NIRSCWAMPLITUDE	224	249	685	n/a	7.8125
S225-D249	NIRSCWAMPLITUDE	225	249	685	n/a	7.8125
S226-D249	NIRSCWAMPLITUDE	226	249	685	n/a	7.8125
S227-D249	NIRSCWAMPLITUDE	227	249	685	n/a	7.8125
S228-D249	NIRSCWAMPLITUDE	228	249	685	n/a	7.8125
S229-D249	NIRSCWAMPLITUDE	229	249	685	n/a	7.8125
S232-D249	NIRSCWAMPLITUDE	232	249	685	n/a	7.8125
S233-D249	NIRSCWAMPLITUDE	233	249	685	n/a	7.8125
S234-D249	NIRSCWAMPLITUDE	234	249	685	n/a	7.8125
S235-D249	NIRSCWAMPLITUDE	235	249	685	n/a	7.8125
S236-D249	NIRSCWAMPLITUDE	236	249	685	n/a	7.8125
S237-D249	NIRSCWAMPLITUDE	237	249	685	n/a	7.8125
S238-D249	NIRSCWAMPLITUDE	238	249	685	n/a	7.8125
S239-D249	NIRSCWAMPLITUDE	239	249	685	n/a	7.8125
S243-D249	NIRSCWAMPLITUDE	243	249	685	n/a	7.8125
S244-D249	NIRSCWAMPLITUDE	244	249	685	n/a	7.8125
S245-D249	NIRSCWAMPLITUDE	245	249	685	n/a	7.8125
S246-D249	NIRSCWAMPLITUDE	246	249	685	n/a	7.8125
S247-D249	NIRSCWAMPLITUDE	247	249	685	n/a	7.8125
S248-D249	NIRSCWAMPLITUDE	248	249	685	n/a	7.8125
S249-D249	NIRSCWAMPLITUDE	249	249	685	n/a	7.8125
S250-D249	NIRSCWAMPLITUDE	250	249	685	n/a	7.8125
S253-D249	NIRSCWAMPLITUDE	253	249	685	n/a	7.8125
S254-D249	NIRSCWAMPLITUDE	254	249	685	n/a	7.8125
S255-D249	NIRSCWAMPLITUDE	255	249	685	n/a	7.8125
S144-D250	NIRSCWAMPLITUDE	144	250	685	n/a	7.8125
S149-D250	NIRSCWAMPLITUDE	149	250	685	n/a	7.8125
S150-D250	NIRSCWAMPLITUDE	150	250	685	n/a	7.8125
S154-D250	NIRSCWAMPLITUDE	154	250	685	n/a	7.8125
S155-D250	NIRSCWAMPLITUDE	155	250	685	n/a	7.8125
S156-D250	NIRSCWAMPLITUDE	156	250	685	n/a	7.8125
S160-D250	NIRSCWAMPLITUDE	160	250	685	n/a	7.8125
S161-D250	NIRSCWAMPLITUDE	161	250	685	n/a	7.8125
S162-D250	NIRSCWAMPLITUDE	162	250	685	n/a	7.8125
S166-D250	NIRSCWAMPLITUDE	166	250	685	n/a	7.8125
S167-D250	NIRSCWAMPLITUDE	167	250	685	n/a	7.8125
S168-D250	NIRSCWAMPLITUDE	168	250	685	n/a	7.8125
S172-D250	NIRSCWAMPLITUDE	172	250	685	n/a	7.8125
S173-D250	NIRSCWAMPLITUDE	173	250	685	n/a	7.8125
S174-D250	NIRSCWAMPLITUDE	174	250	685	n/a	7.8125
S178-D250	NIRSCWAMPLITUDE	178	250	685	n/a	7.8125
S179-D250	NIRSCWAMPLITUDE	179	250	685	n/a	7.8125
S180-D250	NIRSCWAMPLITUDE	180	250	685	n/a	7.8125
S185-D250	NIRSCWAMPLITUDE	185	250	685	n/a	7.8125
S186-D250	NIRSCWAMPLITUDE	186	250	685	n/a	7.8125
S212-D250	NIRSCWAMPLITUDE	212	250	685	n/a	7.8125
S213-D250	NIRSCWAMPLITUDE	213	250	685	n/a	7.8125
S214-D250	NIRSCWAMPLITUDE	214	250	685	n/a	7.8125
S215-D250	NIRSCWAMPLITUDE	215	250	685	n/a	7.8125
S216-D250	NIRSCWAMPLITUDE	216	250	685	n/a	7.8125
S217-D250	NIRSCWAMPLITUDE	217	250	685	n/a	7.8125
S224-D250	NIRSCWAMPLITUDE	224	250	685	n/a	7.8125
S225-D250	NIRSCWAMPLITUDE	225	250	685	n/a	7.8125
S226-D250	NIRSCWAMPLITUDE	226	250	685	n/a	7.8125
S227-D250	NIRSCWAMPLITUDE	227	250	685	n/a	7.8125
S228-D250	NIRSCWAMPLITUDE	228	250	685	n/a	7.8125
S229-D250	NIRSCWAMPLITUDE	229	250	685	n/a	7.8125
S233-D250	NIRSCWAMPLITUDE	233	250	685	n/a	7.8125
S234-D250	NIRSCWAMPLITUDE	234	250	685	n/a	7.8125
S235-D250	NIRSCWAMPLITUDE	235	250	685	n/a	7.8125
S236-D250	NIRSCWAMPLITUDE	236	250	685	n/a	7.8125
S237-D250	NIRSCWAMPLITUDE	237	250	685	n/a	7.8125
S238-D250	NIRSCWAMPLITUDE	238	250	685	n/a	7.8125
S239-D250	NIRSCWAMPLITUDE	239	250	685	n/a	7.8125
S240-D250	NIRSCWAMPLITUDE	240	250	685	n/a	7.8125
S244-D250	NIRSCWAMPLITUDE	244	250	685	n/a	7.8125
S245-D250	NIRSCWAMPLITUDE	245	250	685	n/a	7.8125
S246-D250	NIRSCWAMPLITUDE	246	250	685	n/a	7.8125
S247-D250	NIRSCWAMPLITUDE	247	250	685	n/a	7.8125
S248-D250	NIRSCWAMPLITUDE	248	250	685	n/a	7.8125
S249-D250	NIRSCWAMPLITUDE	249	250	685	n/a	7.8125
S250-D250	NIRSCWAMPLITUDE	250	250	685	n/a	7.8125
S253-D250	NIRSCWAMPLITUDE	253	250	685	n/a	7.8125
S254-D250	NIRSCWAMPLITUDE	254	250	685	n/a	7.8125
S255-D250	NIRSCWAMPLITUDE	255	250	685	n/a	7.8125
S150-D251	NIRSCWAMPLITUDE	150	251	685	n/a	7.8125
S154-D251	NIRSCWAMPLITUDE	154	251	685	n/a	7.8125
S155-D251	NIRSCWAMPLITUDE	155	251	685	n/a	7.8125
S156-D251	NIRSCWAMPLITUDE	156	251	685	n/a	7.8125
S160-D251	NIRSCWAMPLITUDE	160	251	685	n/a	7.8125
S161-D251	NIRSCWAMPLITUDE	161	251	685	n/a	7.8125
S162-D251	NIRSCWAMPLITUDE	162	251	685	n/a	7.8125
S165-D251	NIRSCWAMPLITUDE	165	251	685	n/a	7.8125
S166-D251	NIRSCWAMPLITUDE	166	251	685	n/a	7.8125
S167-D251	NIRSCWAMPLITUDE	167	251	685	n/a	7.8125
S168-D251	NIRSCWAMPLITUDE	168	251	685	n/a	7.8125
S171-D251	NIRSCWAMPLITUDE	171	251	685	n/a	7.8125
S172-D251	NIRSCWAMPLITUDE	172	251	685	n/a	7.8125
S173-D251	NIRSCWAMPLITUDE	173	251	685	n/a	7.8125
S174-D251	NIRSCWAMPLITUDE	174	251	685	n/a	7.8125
S177-D251	NIRSCWAMPLITUDE	177	251	685	n/a	7.8125
S178-D251	NIRSCWAMPLITUDE	178	251	685	n/a	7.8125
S179-D251	NIRSCWAMPLITUDE	179	251	685	n/a	7.8125
S180-D251	NIRSCWAMPLITUDE	180	251	685	n/a	7.8125
S184-D251	NIRSCWAMPLITUDE	184	251	685	n/a	7.8125
S185-D251	NIRSCWAMPLITUDE	185	251	685	n/a	7.8125
S186-D251	NIRSCWAMPLITUDE	186	251	685	n/a	7.8125
S191-D251	NIRSCWAMPLITUDE	191	251	685	n/a	7.8125
S192-D251	NIRSCWAMPLITUDE	192	251	685	n/a	7.8125
S213-D251	NIRSCWAMPLITUDE	213	251	685	n/a	7.8125
S214-D251	NIRSCWAMPLITUDE	214	251	685	n/a	7.8125
S215-D251	NIRSCWAMPLITUDE	215	251	685	n/a	7.8125
S216-D251	NIRSCWAMPLITUDE	216	251	685	n/a	7.8125
S217-D251	NIRSCWAMPLITUDE	217	251	685	n/a	7.8125
S218-D251	NIRSCWAMPLITUDE	218	251	685	n/a	7.8125
S225-D251	NIRSCWAMPLITUDE	225	251	685	n/a	7.8125
S226-D251	NIRSCWAMPLITUDE	226	251	685	n/a	7.8125
S227-D251	NIRSCWAMPLITUDE	227	251	685	n/a	7.8125
S228-D251	NIRSCWAMPLITUDE	228	251	685	n/a	7.8125
S229-D251	NIRSCWAMPLITUDE	229	251	685	n/a	7.8125
S234-D251	NIRSCWAMPLITUDE	234	251	685	n/a	7.8125
S235-D251	NIRSCWAMPLITUDE	235	251	685	n/a	7.8125
S236-D251	NIRSCWAMPLITUDE	236	251	685	n/a	7.8125
S237-D251	NIRSCWAMPLITUDE	237	251	685	n/a	7.8125
S238-D251	NIRSCWAMPLITUDE	238	251	685	n/a	7.8125
S239-D251	NIRSCWAMPLITUDE	239	251	685	n/a	7.8125
S240-D251	NIRSCWAMPLITUDE	240	251	685	n/a	7.8125
S245-D251	NIRSCWAMPLITUDE	245	251	685	n/a	7.8125
S246-D251	NIRSCWAMPLITUDE	246	251	685	n/a	7.8125
S247-D251	NIRSCWAMPLITUDE	247	251	685	n/a	7.8125
S248-D251	NIRSCWAMPLITUDE	248	251	685	n/a	7.8125
S249-D251	NIRSCWAMPLITUDE	249	251	685	n/a	7.8125
S250-D251	NIRSCWAMPLITUDE	250	251	685	n/a	7.8125
S254-D251	NIRSCWAMPLITUDE	254	251	685	n/a	7.8125
S255-D251	NIRSCWAMPLITUDE	255	251	685	n/a	7.8125
S81-D252	NIRSCWAMPLITUDE	81	252	685	n/a	7.8125
S86-D252	NIRSCWAMPLITUDE	86	252	685	n/a	7.8125
S87-D252	NIRSCWAMPLITUDE	87	252	685	n/a	7.8125
S91-D252	NIRSCWAMPLITUDE	91	252	685	n/a	7.8125
S92-D252	NIRSCWAMPLITUDE	92	252	685	n/a	7.8125
S93-D252	NIRSCWAMPLITUDE	93	252	685	n/a	7.8125
S97-D252	NIRSCWAMPLITUDE	97	252	685	n/a	7.8125
S98-D252	NIRSCWAMPLITUDE	98	252	685	n/a	7.8125
S99-D252	NIRSCWAMPLITUDE	99	252	685	n/a	7.8125
S102-D252	NIRSCWAMPLITUDE	102	252	685	n/a	7.8125
S103-D252	NIRSCWAMPLITUDE	103	252	685	n/a	7.8125
S104-D252	NIRSCWAMPLITUDE	104	252	685	n/a	7.8125
S105-D252	NIRSCWAMPLITUDE	105	252	685	n/a	7.8125
S108-D252	NIRSCWAMPLITUDE	108	252	685	n/a	7.8125
S109-D252	NIRSCWAMPLITUDE	109	252	685	n/a	7.8125
S110-D252	NIRSCWAMPLITUDE	110	252	685	n/a	7.8125
S111-D252	NIRSCWAMPLITUDE	111	252	685	n/a	7.8125
S114-D252	NIRSCWAMPLITUDE	114	252	685	n/a	7.8125
S115-D252	NIRSCWAMPLITUDE	115	252	685	n/a	7.8125
S116-D252	NIRSCWAMPLITUDE	116	252	685	n/a	7.8125
S117-D252	NIRSCWAMPLITUDE	117	252	685	n/a	7.8125
S120-D252	NIRSCWAMPLITUDE	120	252	685	n/a	7.8125
S121-D252	NIRSCWAMPLITUDE	121	252	685	n/a	7.8125
S122-D252	NIRSCWAMPLITUDE	122	252	685	n/a	7.8125
S126-D252	NIRSCWAMPLITUDE	126	252	685	n/a	7.8125
S127-D252	NIRSCWAMPLITUDE	127	252	685	n/a	7.8125
S132-D252	NIRSCWAMPLITUDE	132	252	685	n/a	7.8125
S137-D252	NIRSCWAMPLITUDE	137	252	685	n/a	7.8125
S138-D252	NIRSCWAMPLITUDE	138	252	685	n/a	7.8125
S193-D252	NIRSCWAMPLITUDE	193	252	685	n/a	7.8125
S198-D252	NIRSCWAMPLITUDE	198	252	685	n/a	7.8125
S199-D252	NIRSCWAMPLITUDE	199	252	685	n/a	7.8125
S208-D252	NIRSCWAMPLITUDE	208	252	685	n/a	7.8125
S209-D252	NIRSCWAMPLITUDE	209	252	685	n/a	7.8125
S219-D252	NIRSCWAMPLITUDE	219	252	685	n/a	7.8125
S220-D252	NIRSCWAMPLITUDE	220	252	685	n/a	7.8125
S221-D252	NIRSCWAMPLITUDE	221	252	685	n/a	7.8125
S222-D252	NIRSCWAMPLITUDE	222	252	685	n/a	7.8125
S230-D252	NIRSCWAMPLITUDE	230	252	685	n/a	7.8125
S231-D252	NIRSCWAMPLITUDE	231	252	685	n/a	7.8125
S232-D252	NIRSCWAMPLITUDE	232	252	685	n/a	7.8125
S241-D252	NIRSCWAMPLITUDE	241	252	685	n/a	7.8125
S242-D252	NIRSCWAMPLITUDE	242	252	685	n/a	7.8125
S243-D252	NIRSCWAMPLITUDE	243	252	685	n/a	7.8125
S251-D252	NIRSCWAMPLITUDE	251	252	685	n/a	7.8125
S252-D252	NIRSCWAMPLITUDE	252	252	685	n/a	7.8125
S253-D252	NIRSCWAMPLITUDE	253	252	685	n/a	7.8125
S1-D1	NIRSCWAMPLITUDE	1	1	830	n/a	7.8125
S2-D1	NIRSCWAMPLITUDE	2	1	830	n/a	7.8125
S3-D1	NIRSCWAMPLITUDE	3	1	830	n/a	7.8125
S4-D1	NIRSCWAMPLITUDE	4	1	830	n/a	7.8125
S7-D1	NIRSCWAMPLITUDE	7	1	830	n/a	7.8125
S8-D1	NIRSCWAMPLITUDE	8	1	830	n/a	7.8125
S9-D1	NIRSCWAMPLITUDE	9	1	830	n/a	7.8125
S10-D1	NIRSCWAMPLITUDE	10	1	830	n/a	7.8125
S13-D1	NIRSCWAMPLITUDE	13	1	830	n/a	7.8125
S14-D1	NIRSCWAMPLITUDE	14	1	830	n/a	7.8125
S15-D1	NIRSCWAMPLITUDE	15	1	830	n/a	7.8125
S16-D1	NIRSCWAMPLITUDE	16	1	830	n/a	7.8125
S19-D1	NIRSCWAMPLITUDE	19	1	830	n/a	7.8125
S20-D1	NIRSCWAMPLITUDE	20	1	830	n/a	7.8125
S21-D1	NIRSCWAMPLITUDE	21	1	830	n/a	7.8125
S25-D1	NIRSCWAMPLITUDE	25	1	830	n/a	7.8125
S26-D1	NIRSCWAMPLITUDE	26	1	830	n/a	7.8125
S1-D2	NIRSCWAMPLITUDE	1	2	830	n/a	7.8125
S2-D2	NIRSCWAMPLITUDE	2	2	830	n/a	7.8125
S3-D2	NIRSCWAMPLITUDE	3	2	830	n/a	7.8125
S4-D2	NIRSCWAMPLITUDE	4	2	830	n/a	7.8125
S5-D2	NIRSCWAMPLITUDE	5	2	830	n/a	7.8125
S7-D2	NIRSCWAMPLITUDE	7	2	830	n/a	7.8125
S8-D2	NIRSCWAMPLITUDE	8	2	830	n/a	7.8125
S9-D2	NIRSCWAMPLITUDE	9	2	830	n/a	7.8125
S10-D2	NIRSCWAMPLITUDE	10	2	830	n/a	7.8125
S11-D2	NIRSCWAMPLITUDE	11	2	830	n/a	7.8125
S13-D2	NIRSCWAMPLITUDE	13	2	830	n/a	7.8125
S14-D2	NIRSCWAMPLITUDE	14	2	830	n/a	7.8125
S15-D2	NIRSCWAMPLITUDE	15	2	830	n/a	7.8125
S16-D2	NIRSCWAMPLITUDE	16	2	830	n/a	7.8125
S17-D2	NIRSCWAMPLITUDE	17	2	830	n/a	7.8125
S19-D2	NIRSCWAMPLITUDE	19	2	830	n/a	7.8125
S20-D2	NIRSCWAMPLITUDE	20	2	830	n/a	7.8125
S21-D2	NIRSCWAMPLITUDE	21	2	830	n/a	7.8125
S22-D2	NIRSCWAMPLITUDE	22	2	830	n/a	7.8125
S23-D2	NIRSCWAMPLITUDE	23	2	830	n/a	7.8125
S25-D2	NIRSCWAMPLITUDE	25	2	830	n/a	7.8125
S26-D2	NIRSCWAMPLITUDE	26	2	830	n/a	7.8125
S27-D2	NIRSCWAMPLITUDE	27	2	830	n/a	7.8125
S1-D3	NIRSCWAMPLITUDE	1	3	830	n/a	7.8125
S2-D3	NIRSCWAMPLITUDE	2	3	830	n/a	7.8125
S3-D3	NIRSCWAMPLITUDE	3	3	830	n/a	7.8125
S4-D3	NIRSCWAMPLITUDE	4	3	830	n/a	7.8125
S5-D3	NIRSCWAMPLITUDE	5	3	830	n/a	7.8125
S6-D3	NIRSCWAMPLITUDE	6	3	830	n/a	7.8125
S7-D3	NIRSCWAMPLITUDE	7	3	830	n/a	7.8125
S8-D3	NIRSCWAMPLITUDE	8	3	830	n/a	7.8125
S9-D3	NIRSCWAMPLITUDE	9	3	830	n/a	7.8125
S10-D3	NIRSCWAMPLITUDE	10	3	830	n/a	7.8125
S11-D3	NIRSCWAMPLITUDE	11	3	830	n/a	7.8125
S12-D3	NIRSCWAMPLITUDE	12	3	830	n/a	7.8125
S13-D3	NIRSCWAMPLITUDE	13	3	830	n/a	7.8125
S14-D3	NIRSCWAMPLITUDE	14	3	830	n/a	7.8125
S15-D3	NIRSCWAMPLITUDE	15	3	830	n/a	7.8125
S16-D3	NIRSCWAMPLITUDE	16	3	830	n/a	7.8125
S17-D3	NIRSCWAMPLITUDE	17	3	830	n/a	7.8125
S18-D3	NIRSCWAMPLITUDE	18	3	830	n/a	7.8125
S19-D3	NIRSCWAMPLITUDE	19	3	830	n/a	7.8125
S20-D3	NIRSCWAMPLITUDE	20	3	830	n/a	7.8125
S21-D3	NIRSCWAMPLITUDE	21	3	830	n/a	7.8125
S22-D3	NIRSCWAMPLITUDE	22	3	830	n/a	7.8125
S23-D3	NIRSCWAMPLITUDE	23	3	830	n/a	7.8125
S24-D3	NIRSCWAMPLITUDE	24	3	830	n/a	7.8125
S25-D3	NIRSCWAMPLITUDE	25	3	830	n/a	7.8125
S26-D3	NIRSCWAMPLITUDE	26	3	830	n/a	7.8125
S27-D3	NIRSCWAMPLITUDE	27	3	830	n/a	7.8125
S28-D3	NIRSCWAMPLITUDE	28	3	830	n/a	7.8125
S1-D4	NIRSCWAMPLITUDE	1	4	830	n/a	7.8125
S2-D4	NIRSCWAMPLITUDE	2	4	830	n/a	7.8125
S3-D4	NIRSCWAMPLITUDE	3	4	830	n/a	7.8125
S4-D4	NIRSCWAMPLITUDE	4	4	830	n/a	7.8125
S5-D4	NIRSCWAMPLITUDE	5	4	830	n/a	7.8125
S6-D4	NIRSCWAMPLITUDE	6	4	830	n/a	7.8125
S7-D4	NIRSCWAMPLITUDE	7	4	830	n/a	7.8125
S8-D4	NIRSCWAMPLITUDE	8	4	830	n/a	7.8125
S9-D4	NIRSCWAMPLITUDE	9	4	830	n/a	7.8125
S10-D4	NIRSCWAMPLITUDE	10	4	830	n/a	7.8125
S11-D4	NIRSCWAMPLITUDE	11	4	830	n/a	7.8125
S12-D4	NIRSCWAMPLITUDE	12	4	830	n/a	7.8125
S13-D4	NIRSCWAMPLITUDE	13	4	830	n/a	7.8125
S14-D4	NIRSCWAMPLITUDE	14	4	830	n/a	7.8125
S15-D4	NIRSCWAMPLITUDE	15	4	830	n/a	7.8125
S16-D4	NIRSCWAMPLITUDE	16	4	830	n/a	7.8125
S17-D4	NIRSCWAMPLITUDE	17	4	830	n/a	7.8125
S18-D4	NIRSCWAMPLITUDE	18	4	830	n/a	7.8125
S19-D4	NIRSCWAMPLITUDE	19	4	830	n/a	7.8125
S20-D4	NIRSCWAMPLITUDE	20	4	830	n/a	7.8125
S21-D4	NIRSCWAMPLITUDE	21	4	830	n/a	7.8125
S22-D4	NIRSCWAMPLITUDE	22	4	830	n/a	7.8125
S23-D4	NIRSCWAMPLITUDE	23	4	830	n/a	7.8125
S24-D4	NIRSCWAMPLITUDE	24	4	830	n/a	7.8125
S26-D4	NIRSCWAMPLITUDE	26	4	830	n/a	7.8125
S27-D4	NIRSCWAMPLITUDE	27	4	830	n/a	7.8125
S28-D4	NIRSCWAMPLITUDE	28	4	830	n/a	7.8125
S29-D4	NIRSCWAMPLITUDE	29	4	830	n/a	7.8125
S30-D4	NIRSCWAMPLITUDE	30	4	830	n/a	7.8125
S206-D4	NIRSCWAMPLITUDE	206	4	830	n/a	7.8125
S207-D4	NIRSCWAMPLITUDE	207	4	830	n/a	7.8125
S217-D4	NIRSCWAMPLITUDE	217	4	830	n/a	7.8125
S218-D4	NIRSCWAMPLITUDE	218	4	830	n/a	7.8125
S1-D5	NIRSCWAMPLITUDE	1	5	830	n/a	7.8125
S2-D5	NIRSCWAMPLITUDE	2	5	830	n/a	7.8125
S3-D5	NIRSCWAMPLITUDE	3	5	830	n/a	7.8125
S4-D5	NIRSCWAMPLITUDE	4	5	830	n/a	7.8125
S5-D5	NIRSCWAMPLITUDE	5	5	830	n/a	7.8125
S6-D5	NIRSCWAMPLITUDE	6	5	830	n/a	7.8125
S7-D5	NIRSCWAMPLITUDE	7	5	830	n/a	7.8125
S8-D5	NIRSCWAMPLITUDE	8	5	830	n/a	7.8125
S9-D5	NIRSCWAMPLITUDE	9	5	830	n/a	7.8125
S10-D5	NIRSCWAMPLITUDE	10	5	830	n/a	7.8125
S11-D5	NIRSCWAMPLITUDE	11	5	830	n/a	7.8125
S12-D5	NIRSCWAMPLITUDE	12	5	830	n/a	7.8125
S13-D5	NIRSCWAMPLITUDE	13	5	830	n/a	7.8125
S14-D5	NIRSCWAMPLITUDE	14	5	830	n/a	7.8125
S15-D5	NIRSCWAMPLITUDE	15	5	830	n/a	7.8125
S16-D5	NIRSCWAMPLITUDE	16	5	830	n/a	7.8125
S17-D5	NIRSCWAMPLITUDE	17	5	830	n/a	7.8125
S18-D5	NIRSCWAMPLITUDE	18	5	830	n/a	7.8125
S19-D5	NIRSCWAMPLITUDE	19	5	830	n/a	7.8125
S20-D5	NIRSCWAMPLITUDE	20	5	830	n/a	7.8125
S21-D5	NIRSCWAMPLITUDE	21	5	830	n/a	7.8125
S22-D5	NIRSCWAMPLITUDE	22	5	830	n/a	7.8125
S23-D5	NIRSCWAMPLITUDE	23	5	830	n/a	7.8125
S24-D5	NIRSCWAMPLITUDE	24	5	830	n/a	7.8125
S27-D5	NIRSCWAMPLITUDE	27	5	830	n/a	7.8125
S28-D5	NIRSCWAMPLITUDE	28	5	830	n/a	7.8125
S29-D5	NIRSCWAMPLITUDE	29	5	830	n/a	7.8125
S30-D5	NIRSCWAMPLITUDE	30	5	830	n/a	7.8125
S205-D5	NIRSCWAMPLITUDE	205	5	830	n/a	7.8125
S206-D5	NIRSCWAMPLITUDE	206	5	830	n/a	7.8125
S207-D5	NIRSCWAMPLITUDE	207	5	830	n/a	7.8125
S216-D5	NIRSCWAMPLITUDE	216	5	830	n/a	7.8125
S217-D5	NIRSCWAMPLITUDE	217	5	830	n/a	7.8125
S218-D5	NIRSCWAMPLITUDE	218	5	830	n/a	7.8125
S229-D5	NIRSCWAMPLITUDE	229	5	830	n/a	7.8125
S240-D5	NIRSCWAMPLITUDE	240	5	830	n/a	7.8125
S2-D6	NIRSCWAMPLITUDE	2	6	830	n/a	7.8125
S3-D6	NIRSCWAMPLITUDE	3	6	830	n/a	7.8125
S4-D6	NIRSCWAMPLITUDE	4	6	830	n/a	7.8125
S5-D6	NIRSCWAMPLITUDE	5	6	830	n/a	7.8125
S6-D6	NIRSCWAMPLITUDE	6	6	830	n/a	7.8125
S8-D6	NIRSCWAMPLITUDE	8	6	830	n/a	7.8125
S9-D6	NIRSCWAMPLITUDE	9	6	830	n/a	7.8125
S10-D6	NIRSCWAMPLITUDE	10	6	830	n/a	7.8125
S11-D6	NIRSCWAMPLITUDE	11	6	830	n/a	7.8125
S12-D6	NIRSCWAMPLITUDE	12	6	830	n/a	7.8125
S14-D6	NIRSCWAMPLITUDE	14	6	830	n/a	7.8125
S15-D6	NIRSCWAMPLITUDE	15	6	830	n/a	7.8125
S16-D6	NIRSCWAMPLITUDE	16	6	830	n/a	7.8125
S17-D6	NIRSCWAMPLITUDE	17	6	830	n/a	7.8125
S18-D6	NIRSCWAMPLITUDE	18	6	830	n/a	7.8125
S20-D6	NIRSCWAMPLITUDE	20	6	830	n/a	7.8125
S21-D6	NIRSCWAMPLITUDE	21	6	830	n/a	7.8125
S22-D6	NIRSCWAMPLITUDE	22	6	830	n/a	7.8125
S23-D6	NIRSCWAMPLITUDE	23	6	830	n/a	7.8125
S24-D6	NIRSCWAMPLITUDE	24	6	830	n/a	7.8125
S28-D6	NIRSCWAMPLITUDE	28	6	830	n/a	7.8125
S29-D6	NIRSCWAMPLITUDE	29	6	830	n/a	7.8125
S30-D6	NIRSCWAMPLITUDE	30	6	830	n/a	7.8125
S192-D6	NIRSCWAMPLITUDE	192	6	830	n/a	7.8125
S205-D6	NIRSCWAMPLITUDE	205	6	830	n/a	7.8125
S206-D6	NIRSCWAMPLITUDE	206	6	830	n/a	7.8125
S207-D6	NIRSCWAMPLITUDE	207	6	830	n/a	7.8125
S215-D6	NIRSCWAMPLITUDE	215	6	830	n/a	7.8125
S216-D6	NIRSCWAMPLITUDE	216	6	830	n/a	7.8125
S217-D6	NIRSCWAMPLITUDE	217	6	830	n/a	7.8125
S218-D6	NIRSCWAMPLITUDE	218	6	830	n/a	7.8125
S228-D6	NIRSCWAMPLITUDE	228	6	830	n/a	7.8125
S229-D6	NIRSCWAMPLITUDE	229	6	830	n/a	7.8125
S238-D6	NIRSCWAMPLITUDE	238	6	830	n/a	7.8125
S239-D6	NIRSCWAMPLITUDE	239	6	830	n/a	7.8125
S240-D6	NIRSCWAMPLITUDE	240	6	830	n/a	7.8125
S1-D7	NIRSCWAMPLITUDE	1	7	830	n/a	7.8125
S2-D7	NIRSCWAMPLITUDE	2	7	830	n/a	7.8125
S3-D7	NIRSCWAMPLITUDE	3	7	830	n/a	7.8125
S4-D7	NIRSCWAMPLITUDE	4	7	830	n/a	7.8125
S7-D7	NIRSCWAMPLITUDE	7	7	830	n/a	7.8125
S8-D7	NIRSCWAMPLITUDE	8	7	830	n/a	7.8125
S9-D7	NIRSCWAMPLITUDE	9	7	830	n/a	7.8125
S10-D7	NIRSCWAMPLITUDE	10	7	830	n/a	7.8125
S13-D7	NIRSCWAMPLITUDE	13	7	830	n/a	7.8125
S14-D7	NIRSCWAMPLITUDE	14	7	830	n/a	7.8125
S15-D7	NIRSCWAMPLITUDE	15	7	830	n/a	7.8125
S16-D7	NIRSCWAMPLITUDE	16	7	830	n/a	7.8125
S19-D7	NIRSCWAMPLITUDE	19	7	830	n/a	7.8125
S20-D7	NIRSCWAMPLITUDE	20	7	830	n/a	7.8125
S21-D7	NIRSCWAMPLITUDE	21	7	830	n/a	7.8125
S22-D7	NIRSCWAMPLITUDE	22	7	830	n/a	7.8125
S25-D7	NIRSCWAMPLITUDE	25	7	830	n/a	7.8125
S26-D7	NIRSCWAMPLITUDE	26	7	830	n/a	7.8125
S27-D7	NIRSCWAMPLITUDE	27	7	830	n/a	7.8125
S31-D7	NIRSCWAMPLITUDE	31	7	830	n/a	7.8125
S32-D7	NIRSCWAMPLITUDE	32	7	830	n/a	7.8125
S1-D8	NIRSCWAMPLITUDE	1	8	830	n/a	7.8125
S2-D8	NIRSCWAMPLITUDE	2	8	830	n/a	7.8125
S3-D8	NIRSCWAMPLITUDE	3	8	830	n/a	7.8125
S4-D8	NIRSCWAMPLITUDE	4	8	830	n/a	7.8125
S5-D8	NIRSCWAMPLITUDE	5	8	830	n/a	7.8125
S7-D8	NIRSCWAMPLITUDE	7	8	830	n/a	7.8125
S8-D8	NIRSCWAMPLITUDE	8	8	830	n/a	7.8125
S9-D8	NIRSCWAMPLITUDE	9	8	830	n/a	7.8125
S10-D8	NIRSCWAMPLITUDE	10	8	830	n/a	7.8125
S11-D8	NIRSCWAMPLITUDE	11	8	830	n/a	7.8125
S13-D8	NIRSCWAMPLITUDE	13	8	830	n/a	7.8125
S14-D8	NIRSCWAMPLITUDE	14	8	830	n/a	7.8125
S15-D8	NIRSCWAMPLITUDE	15	8	830	n/a	7.8125
S16-D8	NIRSCWAMPLITUDE	16	8	830	n/a	7.8125
S17-D8	NIRSCWAMPLITUDE	17	8	830	n/a	7.8125
S19-D8	NIRSCWAMPLITUDE	19	8	830	n/a	7.8125
S20-D8	NIRSCWAMPLITUDE	20	8	830	n/a	7.8125
S21-D8	NIRSCWAMPLITUDE	21	8	830	n/a	7.8125
S22-D8	NIRSCWAMPLITUDE	22	8	830	n/a	7.8125
S23-D8	NIRSCWAMPLITUDE	23	8	830	n/a	7.8125
S25-D8	NIRSCWAMPLITUDE	25	8	830	n/a	7.8125
S26-D8	NIRSCWAMPLITUDE	26	8	830	n/a	7.8125
S27-D8	NIRSCWAMPLITUDE	27	8	830	n/a	7.8125
S28-D8	NIRSCWAMPLITUDE	28	8	830	n/a	7.8125
S29-D8	NIRSCWAMPLITUDE	29	8	830	n/a	7.8125
S31-D8	NIRSCWAMPLITUDE	31	8	830	n/a	7.8125
S32-D8	NIRSCWAMPLITUDE	32	8	830	n/a	7.8125
S33-D8	NIRSCWAMPLITUDE	33	8	830	n/a	7.8125
S1-D9	NIRSCWAMPLITUDE	1	9	830	n/a	7.8125
S2-D9	NIRSCWAMPLITUDE	2	9	830	n/a	7.8125
S3-D9	NIRSCWAMPLITUDE	3	9	830	n/a	7.8125
S4-D9	NIRSCWAMPLITUDE	4	9	830	n/a	7.8125
S5-D9	NIRSCWAMPLITUDE	5	9	830	n/a	7.8125
S6-D9	NIRSCWAMPLITUDE	6	9	830	n/a	7.8125
S7-D9	NIRSCWAMPLITUDE	7	9	830	n/a	7.8125
S8-D9	NIRSCWAMPLITUDE	8	9	830	n/a	7.8125
S9-D9	NIRSCWAMPLITUDE	9	9	830	n/a	7.8125
S10-D9	NIRSCWAMPLITUDE	10	9	830	n/a	7.8125
S11-D9	NIRSCWAMPLITUDE	11	9	830	n/a	7.8125
S12-D9	NIRSCWAMPLITUDE	12	9	830	n/a	7.8125
S13-D9	NIRSCWAMPLITUDE	13	9	830	n/a	7.8125
S14-D9	NIRSCWAMPLITUDE	14	9	830	n/a	7.8125
S15-D9	NIRSCWAMPLITUDE	15	9	830	n/a	7.8125
S16-D9	NIRSCWAMPLITUDE	16	9	830	n/a	7.8125
S17-D9	NIRSCWAMPLITUDE	17	9	830	n/a	7.8125
S18-D9	NIRSCWAMPLITUDE	18	9	830	n/a	7.8125
S19-D9	NIRSCWAMPLITUDE	19	9	830	n/a	7.8125
S20-D9	NIRSCWAMPLITUDE	20	9	830	n/a	7.8125
S21-D9	NIRSCWAMPLITUDE	21	9	830	n/a	7.8125
S22-D9	NIRSCWAMPLITUDE	22	9	830	n/a	7.8125
S23-D9	NIRSCWAMPLITUDE	23	9	830	n/a	7.8125
S24-D9	NIRSCWAMPLITUDE	24	9	830	n/a	7.8125
S25-D9	NIRSCWAMPLITUDE	25	9	830	n/a	7.8125
S26-D9	NIRSCWAMPLITUDE	26	9	830	n/a	7.8125
S27-D9	NIRSCWAMPLITUDE	27	9	830	n/a	7.8125
S28-D9	NIRSCWAMPLITUDE	28	9	830	n/a	7.8125
S29-D9	NIRSCWAMPLITUDE	29	9	830	n/a	7.8125
S30-D9	NIRSCWAMPLITUDE	30	9	830	n/a	7.8125
S31-D9	NIRSCWAMPLITUDE	31	9	830	n/a	7.8125
S32-D9	NIRSCWAMPLITUDE	32	9	830	n/a	7.8125
S33-D9	NIRSCWAMPLITUDE	33	9	830	n/a	7.8125
S34-D9	NIRSCWAMPLITUDE	34	9	830	n/a	7.8125
S207-D9	NIRSCWAMPLITUDE	207	9	830	n/a	7.8125
S1-D10	NIRSCWAMPLITUDE	1	10	830	n/a	7.8125
S2-D10	NIRSCWAMPLITUDE	2	10	830	n/a	7.8125
S3-D10	NIRSCWAMPLITUDE	3	10	830	n/a	7.8125
S4-D10	NIRSCWAMPLITUDE	4	10	830	n/a	7.8125
S5-D10	NIRSCWAMPLITUDE	5	10	830	n/a	7.8125
S6-D10	NIRSCWAMPLITUDE	6	10	830	n/a	7.8125
S7-D10	NIRSCWAMPLITUDE	7	10	830	n/a	7.8125
S8-D10	NIRSCWAMPLITUDE	8	10	830	n/a	7.8125
S9-D10	NIRSCWAMPLITUDE	9	10	830	n/a	7.8125
S10-D10	NIRSCWAMPLITUDE	10	10	830	n/a	7.8125
S11-D10	NIRSCWAMPLITUDE	11	10	830	n/a	7.8125
S12-D10	NIRSCWAMPLITUDE	12	10	830	n/a	7.8125
S13-D10	NIRSCWAMPLITUDE	13	10	830	n/a	7.8125
S14-D10	NIRSCWAMPLITUDE	14	10	830	n/a	7.8125
S15-D10	NIRSCWAMPLITUDE	15	10	830	n/a	7.8125
S16-D10	NIRSCWAMPLITUDE	16	10	830	n/a	7.8125
S17-D10	NIRSCWAMPLITUDE	17	10	830	n/a	7.8125
S18-D10	NIRSCWAMPLITUDE	18	10	830	n/a	7.8125
S19-D10	NIRSCWAMPLITUDE	19	10	830	n/a	7.8125
S20-D10	NIRSCWAMPLITUDE	20	10	830	n/a	7.8125
S21-D10	NIRSCWAMPLITUDE	21	10	830	n/a	7.8125
S22-D10	NIRSCWAMPLITUDE	22	10	830	n/a	7.8125
S23-D10	NIRSCWAMPLITUDE	23	10	830	n/a	7.8125
S24-D10	NIRSCWAMPLITUDE	24	10	830	n/a	7.8125
S25-D10	NIRSCWAMPLITUDE	25	10	830	n/a	7.8125
S26-D10	NIRSCWAMPLITUDE	26	10	830	n/a	7.8125
S27-D10	NIRSCWAMPLITUDE	27	10	830	n/a	7.8125
S28-D10	NIRSCWAMPLITUDE	28	10	830	n/a	7.8125
S29-D10	NIRSCWAMPLITUDE	29	10	830	n/a	7.8125
S30-D10	NIRSCWAMPLITUDE	30	10	830	n/a	7.8125
S32-D10	NIRSCWAMPLITUDE	32	10	830	n/a	7.8125
S33-D10	NIRSCWAMPLITUDE	33	10	830	n/a	7.8125
S34-D10	NIRSCWAMPLITUDE	34	10	830	n/a	7.8125
S35-D10	NIRSCWAMPLITUDE	35	10	830	n/a	7.8125
S36-D10	NIRSCWAMPLITUDE	36	10	830	n/a	7.8125
S206-D10	NIRSCWAMPLITUDE	206	10	830	n/a	7.8125
S207-D10	NIRSCWAMPLITUDE	207	10	830	n/a	7.8125
S217-D10	NIRSCWAMPLITUDE	217	10	830	n/a	7.8125
S218-D10	NIRSCWAMPLITUDE	218	10	830	n/a	7.8125
S1-D11	NIRSCWAMPLITUDE	1	11	830	n/a	7.8125
S2-D11	NIRSCWAMPLITUDE	2	11	830	n/a	7.8125
S3-D11	NIRSCWAMPLITUDE	3	11	830	n/a	7.8125
S4-D11	NIRSCWAMPLITUDE	4	11	830	n/a	7.8125
S5-D11	NIRSCWAMPLITUDE	5	11	830	n/a	7.8125
S6-D11	NIRSCWAMPLITUDE	6	11	830	n/a	7.8125
S7-D11	NIRSCWAMPLITUDE	7	11	830	n/a	7.8125
S8-D11	NIRSCWAMPLITUDE	8	11	830	n/a	7.8125
S9-D11	NIRSCWAMPLITUDE	9	11	830	n/a	7.8125
S10-D11	NIRSCWAMPLITUDE	10	11	830	n/a	7.8125
S11-D11	NIRSCWAMPLITUDE	11	11	830	n/a	7.8125
S12-D11	NIRSCWAMPLITUDE	12	11	830	n/a	7.8125
S13-D11	NIRSCWAMPLITUDE	13	11	830	n/a	7.8125
S14-D11	NIRSCWAMPLITUDE	14	11	830	n/a	7.8125
S15-D11	NIRSCWAMPLITUDE	15	11	830	n/a	7.8125
S16-D11	NIRSCWAMPLITUDE	16	11	830	n/a	7.8125
S17-D11	NIRSCWAMPLITUDE	17	11	830	n/a	7.8125
S18-D11	NIRSCWAMPLITUDE	18	11	830	n/a	7.8125
S19-D11	NIRSCWAMPLITUDE	19	11	830	n/a	7.8125
S20-D11	NIRSCWAMPLITUDE	20	11	830	n/a	7.8125
S21-D11	NIRSCWAMPLITUDE	21	11	830	n/a	7.8125
S22-D11	NIRSCWAMPLITUDE	22	11	830	n/a	7.8125
S23-D11	NIRSCWAMPLITUDE	23	11	830	n/a	7.8125
S24-D11	NIRSCWAMPLITUDE	24	11	830	n/a	7.8125
S25-D11	NIRSCWAMPLITUDE	25	11	830	n/a	7.8125
S26-D11	NIRSCWAMPLITUDE	26	11	830	n/a	7.8125
S27-D11	NIRSCWAMPLITUDE	27	11	830	n/a	7.8125
S28-D11	NIRSCWAMPLITUDE	28	11	830	n/a	7.8125
S29-D11	NIRSCWAMPLITUDE	29	11	830	n/a	7.8125
S30-D11	NIRSCWAMPLITUDE	30	11	830	n/a	7.8125
S33-D11	NIRSCWAMPLITUDE	33	11	830	n/a	7.8125
S34-D11	NIRSCWAMPLITUDE	34	11	830	n/a	7.8125
S35-D11	NIRSCWAMPLITUDE	35	11	830	n/a	7.8125
S36-D11	NIRSCWAMPLITUDE	36	11	830	n/a	7.8125
S205-D11	NIRSCWAMPLITUDE	205	11	830	n/a	7.8125
S206-D11	NIRSCWAMPLITUDE	206	11	830	n/a	7.8125
S207-D11	NIRSCWAMPLITUDE	207	11	830	n/a	7.8125
S216-D11	NIRSCWAMPLITUDE	216	11	830	n/a	7.8125
S217-D11	NIRSCWAMPLITUDE	217	11	830	n/a	7.8125
S218-D11	NIRSCWAMPLITUDE	218	11	830	n/a	7.8125
S229-D11	NIRSCWAMPLITUDE	229	11	830	n/a	7.8125
S2-D12	NIRSCWAMPLITUDE	2	12	830	n/a	7.8125
S3-D12	NIRSCWAMPLITUDE	3	12	830	n/a	7.8125
S4-D12	NIRSCWAMPLITUDE	4	12	830	n/a	7.8125
S5-D12	NIRSCWAMPLITUDE	5	12	830	n/a	7.8125
S6-D12	NIRSCWAMPLITUDE	6	12	830	n/a	7.8125
S8-D12	NIRSCWAMPLITUDE	8	12	830	n/a	7.8125
S9-D12	NIRSCWAMPLITUDE	9	12	830	n/a	7.8125
S10-D12	NIRSCWAMPLITUDE	10	12	830	n/a	7.8125
S11-D12	NIRSCWAMPLITUDE	11	12	830	n/a	7.8125
S12-D12	NIRSCWAMPLITUDE	12	12	830	n/a	7.8125
S14-D12	NIRSCWAMPLITUDE	14	12	830	n/a	7.8125
S15-D12	NIRSCWAMPLITUDE	15	12	830	n/a	7.8125
S16-D12	NIRSCWAMPLITUDE	16	12	830	n/a	7.8125
S17-D12	NIRSCWAMPLITUDE	17	12	830	n/a	7.8125
S18-D12	NIRSCWAMPLITUDE	18	12	830	n/a	7.8125
S20-D12	NIRSCWAMPLITUDE	20	12	830	n/a	7.8125
S21-D12	NIRSCWAMPLITUDE	21	12	830	n/a	7.8125
S22-D12	NIRSCWAMPLITUDE	22	12	830	n/a	7.8125
S23-D12	NIRSCWAMPLITUDE	23	12	830	n/a	7.8125
S24-D12	NIRSCWAMPLITUDE	24	12	830	n/a	7.8125
S27-D12	NIRSCWAMPLITUDE	27	12	830	n/a	7.8125
S28-D12	NIRSCWAMPLITUDE	28	12	830	n/a	7.8125
S29-D12	NIRSCWAMPLITUDE	29	12	830	n/a	7.8125
S30-D12	NIRSCWAMPLITUDE	30	12	830	n/a	7.8125
S34-D12	NIRSCWAMPLITUDE	34	12	830	n/a	7.8125
S35-D12	NIRSCWAMPLITUDE	35	12	830	n/a	7.8125
S36-D12	NIRSCWAMPLITUDE	36	12	830	n/a	7.8125
S204-D12	NIRSCWAMPLITUDE	204	12	830	n/a	7.8125
S205-D12	NIRSCWAMPLITUDE	205	12	830	n/a	7.8125
S206-D12	NIRSCWAMPLITUDE	206	12	830	n/a	7.8125
S207-D12	NIRSCWAMPLITUDE	207	12	830	n/a	7.8125
S215-D12	NIRSCWAMPLITUDE	215	12	830	n/a	7.8125
S216-D12	NIRSCWAMPLITUDE	216	12	830	n/a	7.8125
S217-D12	NIRSCWAMPLITUDE	217	12	830	n/a	7.8125
S218-D12	NIRSCWAMPLITUDE	218	12	830	n/a	7.8125
S227-D12	NIRSCWAMPLITUDE	227	12	830	n/a	7.8125
S228-D12	NIRSCWAMPLITUDE	228	12	830	n/a	7.8125
S229-D12	NIRSCWAMPLITUDE	229	12	830	n/a	7.8125
S239-D12	NIRSCWAMPLITUDE	239	12	830	n/a	7.8125
S240-D12	NIRSCWAMPLITUDE	240	12	830	n/a	7.8125
S1-D13	NIRSCWAMPLITUDE	1	13	830	n/a	7.8125
S2-D13	NIRSCWAMPLITUDE	2	13	830	n/a	7.8125
S3-D13	NIRSCWAMPLITUDE	3	13	830	n/a	7.8125
S4-D13	NIRSCWAMPLITUDE	4	13	830	n/a	7.8125
S7-D13	NIRSCWAMPLITUDE	7	13	830	n/a	7.8125
S8-D13	NIRSCWAMPLITUDE	8	13	830	n/a	7.8125
S9-D13	NIRSCWAMPLITUDE	9	13	830	n/a	7.8125
S10-D13	NIRSCWAMPLITUDE	10	13	830	n/a	7.8125
S13-D13	NIRSCWAMPLITUDE	13	13	830	n/a	7.8125
S14-D13	NIRSCWAMPLITUDE	14	13	830	n/a	7.8125
S15-D13	NIRSCWAMPLITUDE	15	13	830	n/a	7.8125
S16-D13	NIRSCWAMPLITUDE	16	13	830	n/a	7.8125
S19-D13	NIRSCWAMPLITUDE	19	13	830	n/a	7.8125
S20-D13	NIRSCWAMPLITUDE	20	13	830	n/a	7.8125
S21-D13	NIRSCWAMPLITUDE	21	13	830	n/a	7.8125
S22-D13	NIRSCWAMPLITUDE	22	13	830	n/a	7.8125
S25-D13	NIRSCWAMPLITUDE	25	13	830	n/a	7.8125
S26-D13	NIRSCWAMPLITUDE	26	13	830	n/a	7.8125
S27-D13	NIRSCWAMPLITUDE	27	13	830	n/a	7.8125
S28-D13	NIRSCWAMPLITUDE	28	13	830	n/a	7.8125
S31-D13	NIRSCWAMPLITUDE	31	13	830	n/a	7.8125
S32-D13	NIRSCWAMPLITUDE	32	13	830	n/a	7.8125
S33-D13	NIRSCWAMPLITUDE	33	13	830	n/a	7.8125
S37-D13	NIRSCWAMPLITUDE	37	13	830	n/a	7.8125
S38-D13	NIRSCWAMPLITUDE	38	13	830	n/a	7.8125
S1-D14	NIRSCWAMPLITUDE	1	14	830	n/a	7.8125
S2-D14	NIRSCWAMPLITUDE	2	14	830	n/a	7.8125
S3-D14	NIRSCWAMPLITUDE	3	14	830	n/a	7.8125
S4-D14	NIRSCWAMPLITUDE	4	14	830	n/a	7.8125
S5-D14	NIRSCWAMPLITUDE	5	14	830	n/a	7.8125
S7-D14	NIRSCWAMPLITUDE	7	14	830	n/a	7.8125
S8-D14	NIRSCWAMPLITUDE	8	14	830	n/a	7.8125
S9-D14	NIRSCWAMPLITUDE	9	14	830	n/a	7.8125
S10-D14	NIRSCWAMPLITUDE	10	14	830	n/a	7.8125
S11-D14	NIRSCWAMPLITUDE	11	14	830	n/a	7.8125
S13-D14	NIRSCWAMPLITUDE	13	14	830	n/a	7.8125
S14-D14	NIRSCWAMPLITUDE	14	14	830	n/a	7.8125
S15-D14	NIRSCWAMPLITUDE	15	14	830	n/a	7.8125
S16-D14	NIRSCWAMPLITUDE	16	14	830	n/a	7.8125
S17-D14	NIRSCWAMPLITUDE	17	14	830	n/a	7.8125
S19-D14	NIRSCWAMPLITUDE	19	14	830	n/a	7.8125
S20-D14	NIRSCWAMPLITUDE	20	14	830	n/a	7.8125
S21-D14	NIRSCWAMPLITUDE	21	14	830	n/a	7.8125
S22-D14	NIRSCWAMPLITUDE	22	14	830	n/a	7.8125
S23-D14	NIRSCWAMPLITUDE	23	14	830	n/a	7.8125
S25-D14	NIRSCWAMPLITUDE	25	14	830	n/a	7.8125
S26-D14	NIRSCWAMPLITUDE	26	14	830	n/a	7.8125
S27-D14	NIRSCWAMPLITUDE	27	14	830	n/a	7.8125
S28-D14	NIRSCWAMPLITUDE	28	14	830	n/a	7.8125
S29-D14	NIRSCWAMPLITUDE	29	14	830	n/a	7.8125
S31-D14	NIRSCWAMPLITUDE	31	14	830	n/a	7.8125
S32-D14	NIRSCWAMPLITUDE	32	14	830	n/a	7.8125
S33-D14	NIRSCWAMPLITUDE	33	14	830	n/a	7.8125
S34-D14	NIRSCWAMPLITUDE	34	14	830	n/a	7.8125
S35-D14	NIRSCWAMPLITUDE	35	14	830	n/a	7.8125
S37-D14	NIRSCWAMPLITUDE	37	14	830	n/a	7.8125
S38-D14	NIRSCWAMPLITUDE	38	14	830	n/a	7.8125
S39-D14	NIRSCWAMPLITUDE	39	14	830	n/a	7.8125
S1-D15	NIRSCWAMPLITUDE	1	15	830	n/a	7.8125
S2-D15	NIRSCWAMPLITUDE	2	15	830	n/a	7.8125
S3-D15	NIRSCWAMPLITUDE	3	15	830	n/a	7.8125
S4-D15	NIRSCWAMPLITUDE	4	15	830	n/a	7.8125
S5-D15	NIRSCWAMPLITUDE	5	15	830	n/a	7.8125
S7-D15	NIRSCWAMPLITUDE	7	15	830	n/a	7.8125
S8-D15	NIRSCWAMPLITUDE	8	15	830	n/a	7.8125
S9-D15	NIRSCWAMPLITUDE	9	15	830	n/a	7.8125
S10-D15	NIRSCWAMPLITUDE	10	15	830	n/a	7.8125
S11-D15	NIRSCWAMPLITUDE	11	15	830	n/a	7.8125
S12-D15	NIRSCWAMPLITUDE	12	15	830	n/a	7.8125
S13-D15	NIRSCWAMPLITUDE	13	15	830	n/a	7.8125
S14-D15	NIRSCWAMPLITUDE	14	15	830	n/a	7.8125
S15-D15	NIRSCWAMPLITUDE	15	15	830	n/a	7.8125
S16-D15	NIRSCWAMPLITUDE	16	15	830	n/a	7.8125
S17-D15	NIRSCWAMPLITUDE	17	15	830	n/a	7.8125
S18-D15	NIRSCWAMPLITUDE	18	15	830	n/a	7.8125
S19-D15	NIRSCWAMPLITUDE	19	15	830	n/a	7.8125
S20-D15	NIRSCWAMPLITUDE	20	15	830	n/a	7.8125
S21-D15	NIRSCWAMPLITUDE	21	15	830	n/a	7.8125
S22-D15	NIRSCWAMPLITUDE	22	15	830	n/a	7.8125
S23-D15	NIRSCWAMPLITUDE	23	15	830	n/a	7.8125
S24-D15	NIRSCWAMPLITUDE	24	15	830	n/a	7.8125
S25-D15	NIRSCWAMPLITUDE	25	15	830	n/a	7.8125
S26-D15	NIRSCWAMPLITUDE	26	15	830	n/a	7.8125
S27-D15	NIRSCWAMPLITUDE	27	15	830	n/a	7.8125
S28-D15	NIRSCWAMPLITUDE	28	15	830	n/a	7.8125
S29-D15	NIRSCWAMPLITUDE	29	15	830	n/a	7.8125
S30-D15	NIRSCWAMPLITUDE	30	15	830	n/a	7.8125
S31-D15	NIRSCWAMPLITUDE	31	15	830	n/a	7.8125
S32-D15	NIRSCWAMPLITUDE	32	15	830	n/a	7.8125
S33-D15	NIRSCWAMPLITUDE	33	15	830	n/a	7.8125
S34-D15	NIRSCWAMPLITUDE	34	15	830	n/a	7.8125
S35-D15	NIRSCWAMPLITUDE	35	15	830	n/a	7.8125
S36-D15	NIRSCWAMPLITUDE	36	15	830	n/a	7.8125
S37-D15	NIRSCWAMPLITUDE	37	15	830	n/a	7.8125
S38-D15	NIRSCWAMPLITUDE	38	15	830	n/a	7.8125
S39-D15	NIRSCWAMPLITUDE	39	15	830	n/a	7.8125
S40-D15	NIRSCWAMPLITUDE	40	15	830	n/a	7.8125
S1-D16	NIRSCWAMPLITUDE	1	16	830	n/a	7.8125
S2-D16	NIRSCWAMPLITUDE	2	16	830	n/a	7.8125
S3-D16	NIRSCWAMPLITUDE	3	16	830	n/a	7.8125
S4-D16	NIRSCWAMPLITUDE	4	16	830	n/a	7.8125
S5-D16	NIRSCWAMPLITUDE	5	16	830	n/a	7.8125
S6-D16	NIRSCWAMPLITUDE	6	16	830	n/a	7.8125
S7-D16	NIRSCWAMPLITUDE	7	16	830	n/a	7.8125
S8-D16	NIRSCWAMPLITUDE	8	16	830	n/a	7.8125
S9-D16	NIRSCWAMPLITUDE	9	16	830	n/a	7.8125
S10-D16	NIRSCWAMPLITUDE	10	16	830	n/a	7.8125
S11-D16	NIRSCWAMPLITUDE	11	16	830	n/a	7.8125
S12-D16	NIRSCWAMPLITUDE	12	16	830	n/a	7.8125
S13-D16	NIRSCWAMPLITUDE	13	16	830	n/a	7.8125
S14-D16	NIRSCWAMPLITUDE	14	16	830	n/a	7.8125
S15-D16	NIRSCWAMPLITUDE	15	16	830	n/a	7.8125
S16-D16	NIRSCWAMPLITUDE	16	16	830	n/a	7.8125
S17-D16	NIRSCWAMPLITUDE	17	16	830	n/a	7.8125
S18-D16	NIRSCWAMPLITUDE	18	16	830	n/a	7.8125
S19-D16	NIRSCWAMPLITUDE	19	16	830	n/a	7.8125
S20-D16	NIRSCWAMPLITUDE	20	16	830	n/a	7.8125
S21-D16	NIRSCWAMPLITUDE	21	16	830	n/a	7.8125
S22-D16	NIRSCWAMPLITUDE	22	16	830	n/a	7.8125
S23-D16	NIRSCWAMPLITUDE	23	16	830	n/a	7.8125
S24-D16	NIRSCWAMPLITUDE	24	16	830	n/a	7.8125
S25-D16	NIRSCWAMPLITUDE	25	16	830	n/a	7.8125
S26-D16	NIRSCWAMPLITUDE	26	16	830	n/a	7.8125
S27-D16	NIRSCWAMPLITUDE	27	16	830	n/a	7.8125
S28-D16	NIRSCWAMPLITUDE	28	16	830	n/a	7.8125
S29-D16	NIRSCWAMPLITUDE	29	16	830	n/a	7.8125
S30-D16	NIRSCWAMPLITUDE	30	16	830	n/a	7.8125
S31-D16	NIRSCWAMPLITUDE	31	16	830	n/a	7.8125
S32-D16	NIRSCWAMPLITUDE	32	16	830	n/a	7.8125
S33-D16	NIRSCWAMPLITUDE	33	16	830	n/a	7.8125
S34-D16	NIRSCWAMPLITUDE	34	16	830	n/a	7.8125
S35-D16	NIRSCWAMPLITUDE	35	16	830	n/a	7.8125
S36-D16	NIRSCWAMPLITUDE	36	16	830	n/a	7.8125
S38-D16	NIRSCWAMPLITUDE	38	16	830	n/a	7.8125
S39-D16	NIRSCWAMPLITUDE	39	16	830	n/a	7.8125
S40-D16	NIRSCWAMPLITUDE	40	16	830	n/a	7.8125
S41-D16	NIRSCWAMPLITUDE	41	16	830	n/a	7.8125
S206-D16	NIRSCWAMPLITUDE	206	16	830	n/a	7.8125
S207-D16	NIRSCWAMPLITUDE	207	16	830	n/a	7.8125
S1-D17	NIRSCWAMPLITUDE	1	17	830	n/a	7.8125
S2-D17	NIRSCWAMPLITUDE	2	17	830	n/a	7.8125
S3-D17	NIRSCWAMPLITUDE	3	17	830	n/a	7.8125
S4-D17	NIRSCWAMPLITUDE	4	17	830	n/a	7.8125
S5-D17	NIRSCWAMPLITUDE	5	17	830	n/a	7.8125
S6-D17	NIRSCWAMPLITUDE	6	17	830	n/a	7.8125
S7-D17	NIRSCWAMPLITUDE	7	17	830	n/a	7.8125
S8-D17	NIRSCWAMPLITUDE	8	17	830	n/a	7.8125
S9-D17	NIRSCWAMPLITUDE	9	17	830	n/a	7.8125
S10-D17	NIRSCWAMPLITUDE	10	17	830	n/a	7.8125
S11-D17	NIRSCWAMPLITUDE	11	17	830	n/a	7.8125
S12-D17	NIRSCWAMPLITUDE	12	17	830	n/a	7.8125
S13-D17	NIRSCWAMPLITUDE	13	17	830	n/a	7.8125
S14-D17	NIRSCWAMPLITUDE	14	17	830	n/a	7.8125
S15-D17	NIRSCWAMPLITUDE	15	17	830	n/a	7.8125
S16-D17	NIRSCWAMPLITUDE	16	17	830	n/a	7.8125
S17-D17	NIRSCWAMPLITUDE	17	17	830	n/a	7.8125
S18-D17	NIRSCWAMPLITUDE	18	17	830	n/a	7.8125
S19-D17	NIRSCWAMPLITUDE	19	17	830	n/a	7.8125
S20-D17	NIRSCWAMPLITUDE	20	17	830	n/a	7.8125
S21-D17	NIRSCWAMPLITUDE	21	17	830	n/a	7.8125
S22-D17	NIRSCWAMPLITUDE	22	17	830	n/a	7.8125
S23-D17	NIRSCWAMPLITUDE	23	17	830	n/a	7.8125
S24-D17	NIRSCWAMPLITUDE	24	17	830	n/a	7.8125
S25-D17	NIRSCWAMPLITUDE	25	17	830	n/a	7.8125
S26-D17	NIRSCWAMPLITUDE	26	17	830	n/a	7.8125
S27-D17	NIRSCWAMPLITUDE	27	17	830	n/a	7.8125
S28-D17	NIRSCWAMPLITUDE	28	17	830	n/a	7.8125
S29-D17	NIRSCWAMPLITUDE	29	17	830	n/a	7.8125
S30-D17	NIRSCWAMPLITUDE	30	17	830	n/a	7.8125
S31-D17	NIRSCWAMPLITUDE	31	17	830	n/a	7.8125
S32-D17	NIRSCWAMPLITUDE	32	17	830	n/a	7.8125
S33-D17	NIRSCWAMPLITUDE	33	17	830	n/a	7.8125
S34-D17	NIRSCWAMPLITUDE	34	17	830	n/a	7.8125
S35-D17	NIRSCWAMPLITUDE	35	17	830	n/a	7.8125
S36-D17	NIRSCWAMPLITUDE	36	17	830	n/a	7.8125
S39-D17	NIRSCWAMPLITUDE	39	17	830	n/a	7.8125
S40-D17	NIRSCWAMPLITUDE	40	17	830	n/a	7.8125
S41-D17	NIRSCWAMPLITUDE	41	17	830	n/a	7.8125
S42-D17	NIRSCWAMPLITUDE	42	17	830	n/a	7.8125
S204-D17	NIRSCWAMPLITUDE	204	17	830	n/a	7.8125
S205-D17	NIRSCWAMPLITUDE	205	17	830	n/a	7.8125
S206-D17	NIRSCWAMPLITUDE	206	17	830	n/a	7.8125
S207-D17	NIRSCWAMPLITUDE	207	17	830	n/a	7.8125
S216-D17	NIRSCWAMPLITUDE	216	17	830	n/a	7.8125
S217-D17	NIRSCWAMPLITUDE	217	17	830	n/a	7.8125
S218-D17	NIRSCWAMPLITUDE	218	17	830	n/a	7.8125
S2-D18	NIRSCWAMPLITUDE	2	18	830	n/a	7.8125
S3-D18	NIRSCWAMPLITUDE	3	18	830	n/a	7.8125
S4-D18	NIRSCWAMPLITUDE	4	18	830	n/a	7.8125
S5-D18	NIRSCWAMPLITUDE	5	18	830	n/a	7.8125
S6-D18	NIRSCWAMPLITUDE	6	18	830	n/a	7.8125
S8-D18	NIRSCWAMPLITUDE	8	18	830	n/a	7.8125
S9-D18	NIRSCWAMPLITUDE	9	18	830	n/a	7.8125
S10-D18	NIRSCWAMPLITUDE	10	18	830	n/a	7.8125
S11-D18	NIRSCWAMPLITUDE	11	18	830	n/a	7.8125
S12-D18	NIRSCWAMPLITUDE	12	18	830	n/a	7.8125
S14-D18	NIRSCWAMPLITUDE	14	18	830	n/a	7.8125
S15-D18	NIRSCWAMPLITUDE	15	18	830	n/a	7.8125
S16-D18	NIRSCWAMPLITUDE	16	18	830	n/a	7.8125
S17-D18	NIRSCWAMPLITUDE	17	18	830	n/a	7.8125
S18-D18	NIRSCWAMPLITUDE	18	18	830	n/a	7.8125
S20-D18	NIRSCWAMPLITUDE	20	18	830	n/a	7.8125
S21-D18	NIRSCWAMPLITUDE	21	18	830	n/a	7.8125
S22-D18	NIRSCWAMPLITUDE	22	18	830	n/a	7.8125
S23-D18	NIRSCWAMPLITUDE	23	18	830	n/a	7.8125
S24-D18	NIRSCWAMPLITUDE	24	18	830	n/a	7.8125
S26-D18	NIRSCWAMPLITUDE	26	18	830	n/a	7.8125
S27-D18	NIRSCWAMPLITUDE	27	18	830	n/a	7.8125
S28-D18	NIRSCWAMPLITUDE	28	18	830	n/a	7.8125
S29-D18	NIRSCWAMPLITUDE	29	18	830	n/a	7.8125
S30-D18	NIRSCWAMPLITUDE	30	18	830	n/a	7.8125
S32-D18	NIRSCWAMPLITUDE	32	18	830	n/a	7.8125
S33-D18	NIRSCWAMPLITUDE	33	18	830	n/a	7.8125
S34-D18	NIRSCWAMPLITUDE	34	18	830	n/a	7.8125
S35-D18	NIRSCWAMPLITUDE	35	18	830	n/a	7.8125
S36-D18	NIRSCWAMPLITUDE	36	18	830	n/a	7.8125
S40-D18	NIRSCWAMPLITUDE	40	18	830	n/a	7.8125
S41-D18	NIRSCWAMPLITUDE	41	18	830	n/a	7.8125
S42-D18	NIRSCWAMPLITUDE	42	18	830	n/a	7.8125
S203-D18	NIRSCWAMPLITUDE	203	18	830	n/a	7.8125
S204-D18	NIRSCWAMPLITUDE	204	18	830	n/a	7.8125
S205-D18	NIRSCWAMPLITUDE	205	18	830	n/a	7.8125
S206-D18	NIRSCWAMPLITUDE	206	18	830	n/a	7.8125
S207-D18	NIRSCWAMPLITUDE	207	18	830	n/a	7.8125
S214-D18	NIRSCWAMPLITUDE	214	18	830	n/a	7.8125
S215-D18	NIRSCWAMPLITUDE	215	18	830	n/a	7.8125
S216-D18	NIRSCWAMPLITUDE	216	18	830	n/a	7.8125
S217-D18	NIRSCWAMPLITUDE	217	18	830	n/a	7.8125
S218-D18	NIRSCWAMPLITUDE	218	18	830	n/a	7.8125
S227-D18	NIRSCWAMPLITUDE	227	18	830	n/a	7.8125
S228-D18	NIRSCWAMPLITUDE	228	18	830	n/a	7.8125
S229-D18	NIRSCWAMPLITUDE	229	18	830	n/a	7.8125
S1-D19	NIRSCWAMPLITUDE	1	19	830	n/a	7.8125
S2-D19	NIRSCWAMPLITUDE	2	19	830	n/a	7.8125
S3-D19	NIRSCWAMPLITUDE	3	19	830	n/a	7.8125
S7-D19	NIRSCWAMPLITUDE	7	19	830	n/a	7.8125
S8-D19	NIRSCWAMPLITUDE	8	19	830	n/a	7.8125
S9-D19	NIRSCWAMPLITUDE	9	19	830	n/a	7.8125
S10-D19	NIRSCWAMPLITUDE	10	19	830	n/a	7.8125
S13-D19	NIRSCWAMPLITUDE	13	19	830	n/a	7.8125
S14-D19	NIRSCWAMPLITUDE	14	19	830	n/a	7.8125
S15-D19	NIRSCWAMPLITUDE	15	19	830	n/a	7.8125
S16-D19	NIRSCWAMPLITUDE	16	19	830	n/a	7.8125
S19-D19	NIRSCWAMPLITUDE	19	19	830	n/a	7.8125
S20-D19	NIRSCWAMPLITUDE	20	19	830	n/a	7.8125
S21-D19	NIRSCWAMPLITUDE	21	19	830	n/a	7.8125
S22-D19	NIRSCWAMPLITUDE	22	19	830	n/a	7.8125
S25-D19	NIRSCWAMPLITUDE	25	19	830	n/a	7.8125
S26-D19	NIRSCWAMPLITUDE	26	19	830	n/a	7.8125
S27-D19	NIRSCWAMPLITUDE	27	19	830	n/a	7.8125
S28-D19	NIRSCWAMPLITUDE	28	19	830	n/a	7.8125
S31-D19	NIRSCWAMPLITUDE	31	19	830	n/a	7.8125
S32-D19	NIRSCWAMPLITUDE	32	19	830	n/a	7.8125
S33-D19	NIRSCWAMPLITUDE	33	19	830	n/a	7.8125
S34-D19	NIRSCWAMPLITUDE	34	19	830	n/a	7.8125
S37-D19	NIRSCWAMPLITUDE	37	19	830	n/a	7.8125
S38-D19	NIRSCWAMPLITUDE	38	19	830	n/a	7.8125
S39-D19	NIRSCWAMPLITUDE	39	19	830	n/a	7.8125
S43-D19	NIRSCWAMPLITUDE	43	19	830	n/a	7.8125
S44-D19	NIRSCWAMPLITUDE	44	19	830	n/a	7.8125
S1-D20	NIRSCWAMPLITUDE	1	20	830	n/a	7.8125
S2-D20	NIRSCWAMPLITUDE	2	20	830	n/a	7.8125
S3-D20	NIRSCWAMPLITUDE	3	20	830	n/a	7.8125
S7-D20	NIRSCWAMPLITUDE	7	20	830	n/a	7.8125
S8-D20	NIRSCWAMPLITUDE	8	20	830	n/a	7.8125
S9-D20	NIRSCWAMPLITUDE	9	20	830	n/a	7.8125
S10-D20	NIRSCWAMPLITUDE	10	20	830	n/a	7.8125
S13-D20	NIRSCWAMPLITUDE	13	20	830	n/a	7.8125
S14-D20	NIRSCWAMPLITUDE	14	20	830	n/a	7.8125
S15-D20	NIRSCWAMPLITUDE	15	20	830	n/a	7.8125
S16-D20	NIRSCWAMPLITUDE	16	20	830	n/a	7.8125
S17-D20	NIRSCWAMPLITUDE	17	20	830	n/a	7.8125
S19-D20	NIRSCWAMPLITUDE	19	20	830	n/a	7.8125
S20-D20	NIRSCWAMPLITUDE	20	20	830	n/a	7.8125
S21-D20	NIRSCWAMPLITUDE	21	20	830	n/a	7.8125
S22-D20	NIRSCWAMPLITUDE	22	20	830	n/a	7.8125
S23-D20	NIRSCWAMPLITUDE	23	20	830	n/a	7.8125
S25-D20	NIRSCWAMPLITUDE	25	20	830	n/a	7.8125
S26-D20	NIRSCWAMPLITUDE	26	20	830	n/a	7.8125
S27-D20	NIRSCWAMPLITUDE	27	20	830	n/a	7.8125
S28-D20	NIRSCWAMPLITUDE	28	20	830	n/a	7.8125
S29-D20	NIRSCWAMPLITUDE	29	20	830	n/a	7.8125
S31-D20	NIRSCWAMPLITUDE	31	20	830	n/a	7.8125
S32-D20	NIRSCWAMPLITUDE	32	20	830	n/a	7.8125
S33-D20	NIRSCWAMPLITUDE	33	20	830	n/a	7.8125
S34-D20	NIRSCWAMPLITUDE	34	20	830	n/a	7.8125
S35-D20	NIRSCWAMPLITUDE	35	20	830	n/a	7.8125
S37-D20	NIRSCWAMPLITUDE	37	20	830	n/a	7.8125
S38-D20	NIRSCWAMPLITUDE	38	20	830	n/a	7.8125
S39-D20	NIRSCWAMPLITUDE	39	20	830	n/a	7.8125
S40-D20	NIRSCWAMPLITUDE	40	20	830	n/a	7.8125
S43-D20	NIRSCWAMPLITUDE	43	20	830	n/a	7.8125
S44-D20	NIRSCWAMPLITUDE	44	20	830	n/a	7.8125
S45-D20	NIRSCWAMPLITUDE	45	20	830	n/a	7.8125
S1-D21	NIRSCWAMPLITUDE	1	21	830	n/a	7.8125
S2-D21	NIRSCWAMPLITUDE	2	21	830	n/a	7.8125
S3-D21	NIRSCWAMPLITUDE	3	21	830	n/a	7.8125
S4-D21	NIRSCWAMPLITUDE	4	21	830	n/a	7.8125
S7-D21	NIRSCWAMPLITUDE	7	21	830	n/a	7.8125
S8-D21	NIRSCWAMPLITUDE	8	21	830	n/a	7.8125
S9-D21	NIRSCWAMPLITUDE	9	21	830	n/a	7.8125
S10-D21	NIRSCWAMPLITUDE	10	21	830	n/a	7.8125
S11-D21	NIRSCWAMPLITUDE	11	21	830	n/a	7.8125
S13-D21	NIRSCWAMPLITUDE	13	21	830	n/a	7.8125
S14-D21	NIRSCWAMPLITUDE	14	21	830	n/a	7.8125
S15-D21	NIRSCWAMPLITUDE	15	21	830	n/a	7.8125
S16-D21	NIRSCWAMPLITUDE	16	21	830	n/a	7.8125
S17-D21	NIRSCWAMPLITUDE	17	21	830	n/a	7.8125
S18-D21	NIRSCWAMPLITUDE	18	21	830	n/a	7.8125
S19-D21	NIRSCWAMPLITUDE	19	21	830	n/a	7.8125
S20-D21	NIRSCWAMPLITUDE	20	21	830	n/a	7.8125
S21-D21	NIRSCWAMPLITUDE	21	21	830	n/a	7.8125
S22-D21	NIRSCWAMPLITUDE	22	21	830	n/a	7.8125
S23-D21	NIRSCWAMPLITUDE	23	21	830	n/a	7.8125
S24-D21	NIRSCWAMPLITUDE	24	21	830	n/a	7.8125
S25-D21	NIRSCWAMPLITUDE	25	21	830	n/a	7.8125
S26-D21	NIRSCWAMPLITUDE	26	21	830	n/a	7.8125
S27-D21	NIRSCWAMPLITUDE	27	21	830	n/a	7.8125
S28-D21	NIRSCWAMPLITUDE	28	21	830	n/a	7.8125
S29-D21	NIRSCWAMPLITUDE	29	21	830	n/a	7.8125
S30-D21	NIRSCWAMPLITUDE	30	21	830	n/a	7.8125
S31-D21	NIRSCWAMPLITUDE	31	21	830	n/a	7.8125
S32-D21	NIRSCWAMPLITUDE	32	21	830	n/a	7.8125
S33-D21	NIRSCWAMPLITUDE	33	21	830	n/a	7.8125
S34-D21	NIRSCWAMPLITUDE	34	21	830	n/a	7.8125
S35-D21	NIRSCWAMPLITUDE	35	21	830	n/a	7.8125
S36-D21	NIRSCWAMPLITUDE	36	21	830	n/a	7.8125
S37-D21	NIRSCWAMPLITUDE	37	21	830	n/a	7.8125
S38-D21	NIRSCWAMPLITUDE	38	21	830	n/a	7.8125
S39-D21	NIRSCWAMPLITUDE	39	21	830	n/a	7.8125
S40-D21	NIRSCWAMPLITUDE	40	21	830	n/a	7.8125
S41-D21	NIRSCWAMPLITUDE	41	21	830	n/a	7.8125
S43-D21	NIRSCWAMPLITUDE	43	21	830	n/a	7.8125
S44-D21	NIRSCWAMPLITUDE	44	21	830	n/a	7.8125
S45-D21	NIRSCWAMPLITUDE	45	21	830	n/a	7.8125
S46-D21	NIRSCWAMPLITUDE	46	21	830	n/a	7.8125
S2-D22	NIRSCWAMPLITUDE	2	22	830	n/a	7.8125
S3-D22	NIRSCWAMPLITUDE	3	22	830	n/a	7.8125
S4-D22	NIRSCWAMPLITUDE	4	22	830	n/a	7.8125
S5-D22	NIRSCWAMPLITUDE	5	22	830	n/a	7.8125
S7-D22	NIRSCWAMPLITUDE	7	22	830	n/a	7.8125
S8-D22	NIRSCWAMPLITUDE	8	22	830	n/a	7.8125
S9-D22	NIRSCWAMPLITUDE	9	22	830	n/a	7.8125
S10-D22	NIRSCWAMPLITUDE	10	22	830	n/a	7.8125
S11-D22	NIRSCWAMPLITUDE	11	22	830	n/a	7.8125
S12-D22	NIRSCWAMPLITUDE	12	22	830	n/a	7.8125
S13-D22	NIRSCWAMPLITUDE	13	22	830	n/a	7.8125
S14-D22	NIRSCWAMPLITUDE	14	22	830	n/a	7.8125
S15-D22	NIRSCWAMPLITUDE	15	22	830	n/a	7.8125
S16-D22	NIRSCWAMPLITUDE	16	22	830	n/a	7.8125
S17-D22	NIRSCWAMPLITUDE	17	22	830	n/a	7.8125
S18-D22	NIRSCWAMPLITUDE	18	22	830	n/a	7.8125
S19-D22	NIRSCWAMPLITUDE	19	22	830	n/a	7.8125
S20-D22	NIRSCWAMPLITUDE	20	22	830	n/a	7.8125
S21-D22	NIRSCWAMPLITUDE	21	22	830	n/a	7.8125
S22-D22	NIRSCWAMPLITUDE	22	22	830	n/a	7.8125
S23-D22	NIRSCWAMPLITUDE	23	22	830	n/a	7.8125
S24-D22	NIRSCWAMPLITUDE	24	22	830	n/a	7.8125
S25-D22	NIRSCWAMPLITUDE	25	22	830	n/a	7.8125
S26-D22	NIRSCWAMPLITUDE	26	22	830	n/a	7.8125
S27-D22	NIRSCWAMPLITUDE	27	22	830	n/a	7.8125
S28-D22	NIRSCWAMPLITUDE	28	22	830	n/a	7.8125
S29-D22	NIRSCWAMPLITUDE	29	22	830	n/a	7.8125
S30-D22	NIRSCWAMPLITUDE	30	22	830	n/a	7.8125
S31-D22	NIRSCWAMPLITUDE	31	22	830	n/a	7.8125
S32-D22	NIRSCWAMPLITUDE	32	22	830	n/a	7.8125
S33-D22	NIRSCWAMPLITUDE	33	22	830	n/a	7.8125
S34-D22	NIRSCWAMPLITUDE	34	22	830	n/a	7.8125
S35-D22	NIRSCWAMPLITUDE	35	22	830	n/a	7.8125
S36-D22	NIRSCWAMPLITUDE	36	22	830	n/a	7.8125
S37-D22	NIRSCWAMPLITUDE	37	22	830	n/a	7.8125
S38-D22	NIRSCWAMPLITUDE	38	22	830	n/a	7.8125
S39-D22	NIRSCWAMPLITUDE	39	22	830	n/a	7.8125
S40-D22	NIRSCWAMPLITUDE	40	22	830	n/a	7.8125
S41-D22	NIRSCWAMPLITUDE	41	22	830	n/a	7.8125
S42-D22	NIRSCWAMPLITUDE	42	22	830	n/a	7.8125
S44-D22	NIRSCWAMPLITUDE	44	22	830	n/a	7.8125
S45-D22	NIRSCWAMPLITUDE	45	22	830	n/a	7.8125
S46-D22	NIRSCWAMPLITUDE	46	22	830	n/a	7.8125
S47-D22	NIRSCWAMPLITUDE	47	22	830	n/a	7.8125
S206-D22	NIRSCWAMPLITUDE	206	22	830	n/a	7.8125
S207-D22	NIRSCWAMPLITUDE	207	22	830	n/a	7.8125
S3-D23	NIRSCWAMPLITUDE	3	23	830	n/a	7.8125
S4-D23	NIRSCWAMPLITUDE	4	23	830	n/a	7.8125
S5-D23	NIRSCWAMPLITUDE	5	23	830	n/a	7.8125
S6-D23	NIRSCWAMPLITUDE	6	23	830	n/a	7.8125
S8-D23	NIRSCWAMPLITUDE	8	23	830	n/a	7.8125
S9-D23	NIRSCWAMPLITUDE	9	23	830	n/a	7.8125
S10-D23	NIRSCWAMPLITUDE	10	23	830	n/a	7.8125
S11-D23	NIRSCWAMPLITUDE	11	23	830	n/a	7.8125
S12-D23	NIRSCWAMPLITUDE	12	23	830	n/a	7.8125
S13-D23	NIRSCWAMPLITUDE	13	23	830	n/a	7.8125
S14-D23	NIRSCWAMPLITUDE	14	23	830	n/a	7.8125
S15-D23	NIRSCWAMPLITUDE	15	23	830	n/a	7.8125
S16-D23	NIRSCWAMPLITUDE	16	23	830	n/a	7.8125
S17-D23	NIRSCWAMPLITUDE	17	23	830	n/a	7.8125
S18-D23	NIRSCWAMPLITUDE	18	23	830	n/a	7.8125
S19-D23	NIRSCWAMPLITUDE	19	23	830	n/a	7.8125
S20-D23	NIRSCWAMPLITUDE	20	23	830	n/a	7.8125
S21-D23	NIRSCWAMPLITUDE	21	23	830	n/a	7.8125
S22-D23	NIRSCWAMPLITUDE	22	23	830	n/a	7.8125
S23-D23	NIRSCWAMPLITUDE	23	23	830	n/a	7.8125
S24-D23	NIRSCWAMPLITUDE	24	23	830	n/a	7.8125
S25-D23	NIRSCWAMPLITUDE	25	23	830	n/a	7.8125
S26-D23	NIRSCWAMPLITUDE	26	23	830	n/a	7.8125
S27-D23	NIRSCWAMPLITUDE	27	23	830	n/a	7.8125
S28-D23	NIRSCWAMPLITUDE	28	23	830	n/a	7.8125
S29-D23	NIRSCWAMPLITUDE	29	23	830	n/a	7.8125
S30-D23	NIRSCWAMPLITUDE	30	23	830	n/a	7.8125
S31-D23	NIRSCWAMPLITUDE	31	23	830	n/a	7.8125
S32-D23	NIRSCWAMPLITUDE	32	23	830	n/a	7.8125
S33-D23	NIRSCWAMPLITUDE	33	23	830	n/a	7.8125
S34-D23	NIRSCWAMPLITUDE	34	23	830	n/a	7.8125
S35-D23	NIRSCWAMPLITUDE	35	23	830	n/a	7.8125
S36-D23	NIRSCWAMPLITUDE	36	23	830	n/a	7.8125
S38-D23	NIRSCWAMPLITUDE	38	23	830	n/a	7.8125
S39-D23	NIRSCWAMPLITUDE	39	23	830	n/a	7.8125
S40-D23	NIRSCWAMPLITUDE	40	23	830	n/a	7.8125
S41-D23	NIRSCWAMPLITUDE	41	23	830	n/a	7.8125
S42-D23	NIRSCWAMPLITUDE	42	23	830	n/a	7.8125
S45-D23	NIRSCWAMPLITUDE	45	23	830	n/a	7.8125
S46-D23	NIRSCWAMPLITUDE	46	23	830	n/a	7.8125
S47-D23	NIRSCWAMPLITUDE	47	23	830	n/a	7.8125
S48-D23	NIRSCWAMPLITUDE	48	23	830	n/a	7.8125
S204-D23	NIRSCWAMPLITUDE	204	23	830	n/a	7.8125
S205-D23	NIRSCWAMPLITUDE	205	23	830	n/a	7.8125
S206-D23	NIRSCWAMPLITUDE	206	23	830	n/a	7.8125
S207-D23	NIRSCWAMPLITUDE	207	23	830	n/a	7.8125
S216-D23	NIRSCWAMPLITUDE	216	23	830	n/a	7.8125
S217-D23	NIRSCWAMPLITUDE	217	23	830	n/a	7.8125
S3-D24	NIRSCWAMPLITUDE	3	24	830	n/a	7.8125
S4-D24	NIRSCWAMPLITUDE	4	24	830	n/a	7.8125
S5-D24	NIRSCWAMPLITUDE	5	24	830	n/a	7.8125
S6-D24	NIRSCWAMPLITUDE	6	24	830	n/a	7.8125
S8-D24	NIRSCWAMPLITUDE	8	24	830	n/a	7.8125
S9-D24	NIRSCWAMPLITUDE	9	24	830	n/a	7.8125
S10-D24	NIRSCWAMPLITUDE	10	24	830	n/a	7.8125
S11-D24	NIRSCWAMPLITUDE	11	24	830	n/a	7.8125
S12-D24	NIRSCWAMPLITUDE	12	24	830	n/a	7.8125
S14-D24	NIRSCWAMPLITUDE	14	24	830	n/a	7.8125
S15-D24	NIRSCWAMPLITUDE	15	24	830	n/a	7.8125
S16-D24	NIRSCWAMPLITUDE	16	24	830	n/a	7.8125
S17-D24	NIRSCWAMPLITUDE	17	24	830	n/a	7.8125
S18-D24	NIRSCWAMPLITUDE	18	24	830	n/a	7.8125
S20-D24	NIRSCWAMPLITUDE	20	24	830	n/a	7.8125
S21-D24	NIRSCWAMPLITUDE	21	24	830	n/a	7.8125
S22-D24	NIRSCWAMPLITUDE	22	24	830	n/a	7.8125
S23-D24	NIRSCWAMPLITUDE	23	24	830	n/a	7.8125
S24-D24	NIRSCWAMPLITUDE	24	24	830	n/a	7.8125
S26-D24	NIRSCWAMPLITUDE	26	24	830	n/a	7.8125
S27-D24	NIRSCWAMPLITUDE	27	24	830	n/a	7.8125
S28-D24	NIRSCWAMPLITUDE	28	24	830	n/a	7.8125
S29-D24	NIRSCWAMPLITUDE	29	24	830	n/a	7.8125
S30-D24	NIRSCWAMPLITUDE	30	24	830	n/a	7.8125
S32-D24	NIRSCWAMPLITUDE	32	24	830	n/a	7.8125
S33-D24	NIRSCWAMPLITUDE	33	24	830	n/a	7.8125
S34-D24	NIRSCWAMPLITUDE	34	24	830	n/a	7.8125
S35-D24	NIRSCWAMPLITUDE	35	24	830	n/a	7.8125
S36-D24	NIRSCWAMPLITUDE	36	24	830	n/a	7.8125
S39-D24	NIRSCWAMPLITUDE	39	24	830	n/a	7.8125
S40-D24	NIRSCWAMPLITUDE	40	24	830	n/a	7.8125
S41-D24	NIRSCWAMPLITUDE	41	24	830	n/a	7.8125
S42-D24	NIRSCWAMPLITUDE	42	24	830	n/a	7.8125
S46-D24	NIRSCWAMPLITUDE	46	24	830	n/a	7.8125
S47-D24	NIRSCWAMPLITUDE	47	24	830	n/a	7.8125
S48-D24	NIRSCWAMPLITUDE	48	24	830	n/a	7.8125
S197-D24	NIRSCWAMPLITUDE	197	24	830	n/a	7.8125
S203-D24	NIRSCWAMPLITUDE	203	24	830	n/a	7.8125
S204-D24	NIRSCWAMPLITUDE	204	24	830	n/a	7.8125
S205-D24	NIRSCWAMPLITUDE	205	24	830	n/a	7.8125
S206-D24	NIRSCWAMPLITUDE	206	24	830	n/a	7.8125
S207-D24	NIRSCWAMPLITUDE	207	24	830	n/a	7.8125
S214-D24	NIRSCWAMPLITUDE	214	24	830	n/a	7.8125
S215-D24	NIRSCWAMPLITUDE	215	24	830	n/a	7.8125
S216-D24	NIRSCWAMPLITUDE	216	24	830	n/a	7.8125
S217-D24	NIRSCWAMPLITUDE	217	24	830	n/a	7.8125
S218-D24	NIRSCWAMPLITUDE	218	24	830	n/a	7.8125
S7-D25	NIRSCWAMPLITUDE	7	25	830	n/a	7.8125
S8-D25	NIRSCWAMPLITUDE	8	25	830	n/a	7.8125
S9-D25	NIRSCWAMPLITUDE	9	25	830	n/a	7.8125
S13-D25	NIRSCWAMPLITUDE	13	25	830	n/a	7.8125
S14-D25	NIRSCWAMPLITUDE	14	25	830	n/a	7.8125
S15-D25	NIRSCWAMPLITUDE	15	25	830	n/a	7.8125
S16-D25	NIRSCWAMPLITUDE	16	25	830	n/a	7.8125
S19-D25	NIRSCWAMPLITUDE	19	25	830	n/a	7.8125
S20-D25	NIRSCWAMPLITUDE	20	25	830	n/a	7.8125
S21-D25	NIRSCWAMPLITUDE	21	25	830	n/a	7.8125
S22-D25	NIRSCWAMPLITUDE	22	25	830	n/a	7.8125
S25-D25	NIRSCWAMPLITUDE	25	25	830	n/a	7.8125
S26-D25	NIRSCWAMPLITUDE	26	25	830	n/a	7.8125
S27-D25	NIRSCWAMPLITUDE	27	25	830	n/a	7.8125
S28-D25	NIRSCWAMPLITUDE	28	25	830	n/a	7.8125
S31-D25	NIRSCWAMPLITUDE	31	25	830	n/a	7.8125
S32-D25	NIRSCWAMPLITUDE	32	25	830	n/a	7.8125
S33-D25	NIRSCWAMPLITUDE	33	25	830	n/a	7.8125
S34-D25	NIRSCWAMPLITUDE	34	25	830	n/a	7.8125
S37-D25	NIRSCWAMPLITUDE	37	25	830	n/a	7.8125
S38-D25	NIRSCWAMPLITUDE	38	25	830	n/a	7.8125
S39-D25	NIRSCWAMPLITUDE	39	25	830	n/a	7.8125
S40-D25	NIRSCWAMPLITUDE	40	25	830	n/a	7.8125
S43-D25	NIRSCWAMPLITUDE	43	25	830	n/a	7.8125
S44-D25	NIRSCWAMPLITUDE	44	25	830	n/a	7.8125
S45-D25	NIRSCWAMPLITUDE	45	25	830	n/a	7.8125
S46-D25	NIRSCWAMPLITUDE	46	25	830	n/a	7.8125
S49-D25	NIRSCWAMPLITUDE	49	25	830	n/a	7.8125
S50-D25	NIRSCWAMPLITUDE	50	25	830	n/a	7.8125
S7-D26	NIRSCWAMPLITUDE	7	26	830	n/a	7.8125
S8-D26	NIRSCWAMPLITUDE	8	26	830	n/a	7.8125
S9-D26	NIRSCWAMPLITUDE	9	26	830	n/a	7.8125
S13-D26	NIRSCWAMPLITUDE	13	26	830	n/a	7.8125
S14-D26	NIRSCWAMPLITUDE	14	26	830	n/a	7.8125
S15-D26	NIRSCWAMPLITUDE	15	26	830	n/a	7.8125
S16-D26	NIRSCWAMPLITUDE	16	26	830	n/a	7.8125
S17-D26	NIRSCWAMPLITUDE	17	26	830	n/a	7.8125
S19-D26	NIRSCWAMPLITUDE	19	26	830	n/a	7.8125
S20-D26	NIRSCWAMPLITUDE	20	26	830	n/a	7.8125
S21-D26	NIRSCWAMPLITUDE	21	26	830	n/a	7.8125
S22-D26	NIRSCWAMPLITUDE	22	26	830	n/a	7.8125
S23-D26	NIRSCWAMPLITUDE	23	26	830	n/a	7.8125
S25-D26	NIRSCWAMPLITUDE	25	26	830	n/a	7.8125
S26-D26	NIRSCWAMPLITUDE	26	26	830	n/a	7.8125
S27-D26	NIRSCWAMPLITUDE	27	26	830	n/a	7.8125
S28-D26	NIRSCWAMPLITUDE	28	26	830	n/a	7.8125
S29-D26	NIRSCWAMPLITUDE	29	26	830	n/a	7.8125
S31-D26	NIRSCWAMPLITUDE	31	26	830	n/a	7.8125
S32-D26	NIRSCWAMPLITUDE	32	26	830	n/a	7.8125
S33-D26	NIRSCWAMPLITUDE	33	26	830	n/a	7.8125
S34-D26	NIRSCWAMPLITUDE	34	26	830	n/a	7.8125
S35-D26	NIRSCWAMPLITUDE	35	26	830	n/a	7.8125
S37-D26	NIRSCWAMPLITUDE	37	26	830	n/a	7.8125
S38-D26	NIRSCWAMPLITUDE	38	26	830	n/a	7.8125
S39-D26	NIRSCWAMPLITUDE	39	26	830	n/a	7.8125
S40-D26	NIRSCWAMPLITUDE	40	26	830	n/a	7.8125
S41-D26	NIRSCWAMPLITUDE	41	26	830	n/a	7.8125
S43-D26	NIRSCWAMPLITUDE	43	26	830	n/a	7.8125
S44-D26	NIRSCWAMPLITUDE	44	26	830	n/a	7.8125
S45-D26	NIRSCWAMPLITUDE	45	26	830	n/a	7.8125
S46-D26	NIRSCWAMPLITUDE	46	26	830	n/a	7.8125
S49-D26	NIRSCWAMPLITUDE	49	26	830	n/a	7.8125
S50-D26	NIRSCWAMPLITUDE	50	26	830	n/a	7.8125
S51-D26	NIRSCWAMPLITUDE	51	26	830	n/a	7.8125
S7-D27	NIRSCWAMPLITUDE	7	27	830	n/a	7.8125
S8-D27	NIRSCWAMPLITUDE	8	27	830	n/a	7.8125
S9-D27	NIRSCWAMPLITUDE	9	27	830	n/a	7.8125
S10-D27	NIRSCWAMPLITUDE	10	27	830	n/a	7.8125
S13-D27	NIRSCWAMPLITUDE	13	27	830	n/a	7.8125
S14-D27	NIRSCWAMPLITUDE	14	27	830	n/a	7.8125
S15-D27	NIRSCWAMPLITUDE	15	27	830	n/a	7.8125
S16-D27	NIRSCWAMPLITUDE	16	27	830	n/a	7.8125
S17-D27	NIRSCWAMPLITUDE	17	27	830	n/a	7.8125
S18-D27	NIRSCWAMPLITUDE	18	27	830	n/a	7.8125
S19-D27	NIRSCWAMPLITUDE	19	27	830	n/a	7.8125
S20-D27	NIRSCWAMPLITUDE	20	27	830	n/a	7.8125
S21-D27	NIRSCWAMPLITUDE	21	27	830	n/a	7.8125
S22-D27	NIRSCWAMPLITUDE	22	27	830	n/a	7.8125
S23-D27	NIRSCWAMPLITUDE	23	27	830	n/a	7.8125
S24-D27	NIRSCWAMPLITUDE	24	27	830	n/a	7.8125
S25-D27	NIRSCWAMPLITUDE	25	27	830	n/a	7.8125
S26-D27	NIRSCWAMPLITUDE	26	27	830	n/a	7.8125
S27-D27	NIRSCWAMPLITUDE	27	27	830	n/a	7.8125
S28-D27	NIRSCWAMPLITUDE	28	27	830	n/a	7.8125
S29-D27	NIRSCWAMPLITUDE	29	27	830	n/a	7.8125
S30-D27	NIRSCWAMPLITUDE	30	27	830	n/a	7.8125
S31-D27	NIRSCWAMPLITUDE	31	27	830	n/a	7.8125
S32-D27	NIRSCWAMPLITUDE	32	27	830	n/a	7.8125
S33-D27	NIRSCWAMPLITUDE	33	27	830	n/a	7.8125
S34-D27	NIRSCWAMPLITUDE	34	27	830	n/a	7.8125
S35-D27	NIRSCWAMPLITUDE	35	27	830	n/a	7.8125
S36-D27	NIRSCWAMPLITUDE	36	27	830	n/a	7.8125
S37-D27	NIRSCWAMPLITUDE	37	27	830	n/a	7.8125
S38-D27	NIRSCWAMPLITUDE	38	27	830	n/a	7.8125
S39-D27	NIRSCWAMPLITUDE	39	27	830	n/a	7.8125
S40-D27	NIRSCWAMPLITUDE	40	27	830	n/a	7.8125
S41-D27	NIRSCWAMPLITUDE	41	27	830	n/a	7.8125
S42-D27	NIRSCWAMPLITUDE	42	27	830	n/a	7.8125
S43-D27	NIRSCWAMPLITUDE	43	27	830	n/a	7.8125
S44-D27	NIRSCWAMPLITUDE	44	27	830	n/a	7.8125
S45-D27	NIRSCWAMPLITUDE	45	27	830	n/a	7.8125
S46-D27	NIRSCWAMPLITUDE	46	27	830	n/a	7.8125
S47-D27	NIRSCWAMPLITUDE	47	27	830	n/a	7.8125
S49-D27	NIRSCWAMPLITUDE	49	27	830	n/a	7.8125
S50-D27	NIRSCWAMPLITUDE	50	27	830	n/a	7.8125
S51-D27	NIRSCWAMPLITUDE	51	27	830	n/a	7.8125
S52-D27	NIRSCWAMPLITUDE	52	27	830	n/a	7.8125
S8-D28	NIRSCWAMPLITUDE	8	28	830	n/a	7.8125
S9-D28	NIRSCWAMPLITUDE	9	28	830	n/a	7.8125
S10-D28	NIRSCWAMPLITUDE	10	28	830	n/a	7.8125
S11-D28	NIRSCWAMPLITUDE	11	28	830	n/a	7.8125
S13-D28	NIRSCWAMPLITUDE	13	28	830	n/a	7.8125
S14-D28	NIRSCWAMPLITUDE	14	28	830	n/a	7.8125
S15-D28	NIRSCWAMPLITUDE	15	28	830	n/a	7.8125
S16-D28	NIRSCWAMPLITUDE	16	28	830	n/a	7.8125
S17-D28	NIRSCWAMPLITUDE	17	28	830	n/a	7.8125
S18-D28	NIRSCWAMPLITUDE	18	28	830	n/a	7.8125
S19-D28	NIRSCWAMPLITUDE	19	28	830	n/a	7.8125
S20-D28	NIRSCWAMPLITUDE	20	28	830	n/a	7.8125
S21-D28	NIRSCWAMPLITUDE	21	28	830	n/a	7.8125
S22-D28	NIRSCWAMPLITUDE	22	28	830	n/a	7.8125
S23-D28	NIRSCWAMPLITUDE	23	28	830	n/a	7.8125
S24-D28	NIRSCWAMPLITUDE	24	28	830	n/a	7.8125
S25-D28	NIRSCWAMPLITUDE	25	28	830	n/a	7.8125
S26-D28	NIRSCWAMPLITUDE	26	28	830	n/a	7.8125
S27-D28	NIRSCWAMPLITUDE	27	28	830	n/a	7.8125
S28-D28	NIRSCWAMPLITUDE	28	28	830	n/a	7.8125
S29-D28	NIRSCWAMPLITUDE	29	28	830	n/a	7.8125
S30-D28	NIRSCWAMPLITUDE	30	28	830	n/a	7.8125
S31-D28	NIRSCWAMPLITUDE	31	28	830	n/a	7.8125
S32-D28	NIRSCWAMPLITUDE	32	28	830	n/a	7.8125
S33-D28	NIRSCWAMPLITUDE	33	28	830	n/a	7.8125
S34-D28	NIRSCWAMPLITUDE	34	28	830	n/a	7.8125
S35-D28	NIRSCWAMPLITUDE	35	28	830	n/a	7.8125
S36-D28	NIRSCWAMPLITUDE	36	28	830	n/a	7.8125
S37-D28	NIRSCWAMPLITUDE	37	28	830	n/a	7.8125
S38-D28	NIRSCWAMPLITUDE	38	28	830	n/a	7.8125
S39-D28	NIRSCWAMPLITUDE	39	28	830	n/a	7.8125
S40-D28	NIRSCWAMPLITUDE	40	28	830	n/a	7.8125
S41-D28	NIRSCWAMPLITUDE	41	28	830	n/a	7.8125
S42-D28	NIRSCWAMPLITUDE	42	28	830	n/a	7.8125
S43-D28	NIRSCWAMPLITUDE	43	28	830	n/a	7.8125
S44-D28	NIRSCWAMPLITUDE	44	28	830	n/a	7.8125
S45-D28	NIRSCWAMPLITUDE	45	28	830	n/a	7.8125
S46-D28	NIRSCWAMPLITUDE	46	28	830	n/a	7.8125
S47-D28	NIRSCWAMPLITUDE	47	28	830	n/a	7.8125
S48-D28	NIRSCWAMPLITUDE	48	28	830	n/a	7.8125
S50-D28	NIRSCWAMPLITUDE	50	28	830	n/a	7.8125
S51-D28	NIRSCWAMPLITUDE	51	28	830	n/a	7.8125
S52-D28	NIRSCWAMPLITUDE	52	28	830	n/a	7.8125
S53-D28	NIRSCWAMPLITUDE	53	28	830	n/a	7.8125
S9-D29	NIRSCWAMPLITUDE	9	29	830	n/a	7.8125
S10-D29	NIRSCWAMPLITUDE	10	29	830	n/a	7.8125
S11-D29	NIRSCWAMPLITUDE	11	29	830	n/a	7.8125
S12-D29	NIRSCWAMPLITUDE	12	29	830	n/a	7.8125
S14-D29	NIRSCWAMPLITUDE	14	29	830	n/a	7.8125
S15-D29	NIRSCWAMPLITUDE	15	29	830	n/a	7.8125
S16-D29	NIRSCWAMPLITUDE	16	29	830	n/a	7.8125
S17-D29	NIRSCWAMPLITUDE	17	29	830	n/a	7.8125
S18-D29	NIRSCWAMPLITUDE	18	29	830	n/a	7.8125
S19-D29	NIRSCWAMPLITUDE	19	29	830	n/a	7.8125
S20-D29	NIRSCWAMPLITUDE	20	29	830	n/a	7.8125
S21-D29	NIRSCWAMPLITUDE	21	29	830	n/a	7.8125
S22-D29	NIRSCWAMPLITUDE	22	29	830	n/a	7.8125
S23-D29	NIRSCWAMPLITUDE	23	29	830	n/a	7.8125
S24-D29	NIRSCWAMPLITUDE	24	29	830	n/a	7.8125
S25-D29	NIRSCWAMPLITUDE	25	29	830	n/a	7.8125
S26-D29	NIRSCWAMPLITUDE	26	29	830	n/a	7.8125
S27-D29	NIRSCWAMPLITUDE	27	29	830	n/a	7.8125
S28-D29	NIRSCWAMPLITUDE	28	29	830	n/a	7.8125
S29-D29	NIRSCWAMPLITUDE	29	29	830	n/a	7.8125
S30-D29	NIRSCWAMPLITUDE	30	29	830	n/a	7.8125
S31-D29	NIRSCWAMPLITUDE	31	29	830	n/a	7.8125
S32-D29	NIRSCWAMPLITUDE	32	29	830	n/a	7.8125
S33-D29	NIRSCWAMPLITUDE	33	29	830	n/a	7.8125
S34-D29	NIRSCWAMPLITUDE	34	29	830	n/a	7.8125
S35-D29	NIRSCWAMPLITUDE	35	29	830	n/a	7.8125
S36-D29	NIRSCWAMPLITUDE	36	29	830	n/a	7.8125
S37-D29	NIRSCWAMPLITUDE	37	29	830	n/a	7.8125
S38-D29	NIRSCWAMPLITUDE	38	29	830	n/a	7.8125
S39-D29	NIRSCWAMPLITUDE	39	29	830	n/a	7.8125
S40-D29	NIRSCWAMPLITUDE	40	29	830	n/a	7.8125
S41-D29	NIRSCWAMPLITUDE	41	29	830	n/a	7.8125
S42-D29	NIRSCWAMPLITUDE	42	29	830	n/a	7.8125
S44-D29	NIRSCWAMPLITUDE	44	29	830	n/a	7.8125
S45-D29	NIRSCWAMPLITUDE	45	29	830	n/a	7.8125
S46-D29	NIRSCWAMPLITUDE	46	29	830	n/a	7.8125
S47-D29	NIRSCWAMPLITUDE	47	29	830	n/a	7.8125
S48-D29	NIRSCWAMPLITUDE	48	29	830	n/a	7.8125
S51-D29	NIRSCWAMPLITUDE	51	29	830	n/a	7.8125
S52-D29	NIRSCWAMPLITUDE	52	29	830	n/a	7.8125
S53-D29	NIRSCWAMPLITUDE	53	29	830	n/a	7.8125
S54-D29	NIRSCWAMPLITUDE	54	29	830	n/a	7.8125
S197-D29	NIRSCWAMPLITUDE	197	29	830	n/a	7.8125
S204-D29	NIRSCWAMPLITUDE	204	29	830	n/a	7.8125
S205-D29	NIRSCWAMPLITUDE	205	29	830	n/a	7.8125
S206-D29	NIRSCWAMPLITUDE	206	29	830	n/a	7.8125
S207-D29	NIRSCWAMPLITUDE	207	29	830	n/a	7.8125
S10-D30	NIRSCWAMPLITUDE	10	30	830	n/a	7.8125
S11-D30	NIRSCWAMPLITUDE	11	30	830	n/a	7.8125
S12-D30	NIRSCWAMPLITUDE	12	30	830	n/a	7.8125
S14-D30	NIRSCWAMPLITUDE	14	30	830	n/a	7.8125
S15-D30	NIRSCWAMPLITUDE	15	30	830	n/a	7.8125
S16-D30	NIRSCWAMPLITUDE	16	30	830	n/a	7.8125
S17-D30	NIRSCWAMPLITUDE	17	30	830	n/a	7.8125
S18-D30	NIRSCWAMPLITUDE	18	30	830	n/a	7.8125
S20-D30	NIRSCWAMPLITUDE	20	30	830	n/a	7.8125
S21-D30	NIRSCWAMPLITUDE	21	30	830	n/a	7.8125
S22-D30	NIRSCWAMPLITUDE	22	30	830	n/a	7.8125
S23-D30	NIRSCWAMPLITUDE	23	30	830	n/a	7.8125
S24-D30	NIRSCWAMPLITUDE	24	30	830	n/a	7.8125
S26-D30	NIRSCWAMPLITUDE	26	30	830	n/a	7.8125
S27-D30	NIRSCWAMPLITUDE	27	30	830	n/a	7.8125
S28-D30	NIRSCWAMPLITUDE	28	30	830	n/a	7.8125
S29-D30	NIRSCWAMPLITUDE	29	30	830	n/a	7.8125
S30-D30	NIRSCWAMPLITUDE	30	30	830	n/a	7.8125
S32-D30	NIRSCWAMPLITUDE	32	30	830	n/a	7.8125
S33-D30	NIRSCWAMPLITUDE	33	30	830	n/a	7.8125
S34-D30	NIRSCWAMPLITUDE	34	30	830	n/a	7.8125
S35-D30	NIRSCWAMPLITUDE	35	30	830	n/a	7.8125
S36-D30	NIRSCWAMPLITUDE	36	30	830	n/a	7.8125
S38-D30	NIRSCWAMPLITUDE	38	30	830	n/a	7.8125
S39-D30	NIRSCWAMPLITUDE	39	30	830	n/a	7.8125
S40-D30	NIRSCWAMPLITUDE	40	30	830	n/a	7.8125
S41-D30	NIRSCWAMPLITUDE	41	30	830	n/a	7.8125
S42-D30	NIRSCWAMPLITUDE	42	30	830	n/a	7.8125
S45-D30	NIRSCWAMPLITUDE	45	30	830	n/a	7.8125
S46-D30	NIRSCWAMPLITUDE	46	30	830	n/a	7.8125
S47-D30	NIRSCWAMPLITUDE	47	30	830	n/a	7.8125
S48-D30	NIRSCWAMPLITUDE	48	30	830	n/a	7.8125
S52-D30	NIRSCWAMPLITUDE	52	30	830	n/a	7.8125
S53-D30	NIRSCWAMPLITUDE	53	30	830	n/a	7.8125
S54-D30	NIRSCWAMPLITUDE	54	30	830	n/a	7.8125
S196-D30	NIRSCWAMPLITUDE	196	30	830	n/a	7.8125
S197-D30	NIRSCWAMPLITUDE	197	30	830	n/a	7.8125
S202-D30	NIRSCWAMPLITUDE	202	30	830	n/a	7.8125
S203-D30	NIRSCWAMPLITUDE	203	30	830	n/a	7.8125
S204-D30	NIRSCWAMPLITUDE	204	30	830	n/a	7.8125
S205-D30	NIRSCWAMPLITUDE	205	30	830	n/a	7.8125
S206-D30	NIRSCWAMPLITUDE	206	30	830	n/a	7.8125
S207-D30	NIRSCWAMPLITUDE	207	30	830	n/a	7.8125
S213-D30	NIRSCWAMPLITUDE	213	30	830	n/a	7.8125
S214-D30	NIRSCWAMPLITUDE	214	30	830	n/a	7.8125
S215-D30	NIRSCWAMPLITUDE	215	30	830	n/a	7.8125
S216-D30	NIRSCWAMPLITUDE	216	30	830	n/a	7.8125
S217-D30	NIRSCWAMPLITUDE	217	30	830	n/a	7.8125
S13-D31	NIRSCWAMPLITUDE	13	31	830	n/a	7.8125
S14-D31	NIRSCWAMPLITUDE	14	31	830	n/a	7.8125
S15-D31	NIRSCWAMPLITUDE	15	31	830	n/a	7.8125
S19-D31	NIRSCWAMPLITUDE	19	31	830	n/a	7.8125
S20-D31	NIRSCWAMPLITUDE	20	31	830	n/a	7.8125
S21-D31	NIRSCWAMPLITUDE	21	31	830	n/a	7.8125
S22-D31	NIRSCWAMPLITUDE	22	31	830	n/a	7.8125
S25-D31	NIRSCWAMPLITUDE	25	31	830	n/a	7.8125
S26-D31	NIRSCWAMPLITUDE	26	31	830	n/a	7.8125
S27-D31	NIRSCWAMPLITUDE	27	31	830	n/a	7.8125
S28-D31	NIRSCWAMPLITUDE	28	31	830	n/a	7.8125
S31-D31	NIRSCWAMPLITUDE	31	31	830	n/a	7.8125
S32-D31	NIRSCWAMPLITUDE	32	31	830	n/a	7.8125
S33-D31	NIRSCWAMPLITUDE	33	31	830	n/a	7.8125
S34-D31	NIRSCWAMPLITUDE	34	31	830	n/a	7.8125
S37-D31	NIRSCWAMPLITUDE	37	31	830	n/a	7.8125
S38-D31	NIRSCWAMPLITUDE	38	31	830	n/a	7.8125
S39-D31	NIRSCWAMPLITUDE	39	31	830	n/a	7.8125
S40-D31	NIRSCWAMPLITUDE	40	31	830	n/a	7.8125
S43-D31	NIRSCWAMPLITUDE	43	31	830	n/a	7.8125
S44-D31	NIRSCWAMPLITUDE	44	31	830	n/a	7.8125
S45-D31	NIRSCWAMPLITUDE	45	31	830	n/a	7.8125
S46-D31	NIRSCWAMPLITUDE	46	31	830	n/a	7.8125
S49-D31	NIRSCWAMPLITUDE	49	31	830	n/a	7.8125
S50-D31	NIRSCWAMPLITUDE	50	31	830	n/a	7.8125
S51-D31	NIRSCWAMPLITUDE	51	31	830	n/a	7.8125
S52-D31	NIRSCWAMPLITUDE	52	31	830	n/a	7.8125
S55-D31	NIRSCWAMPLITUDE	55	31	830	n/a	7.8125
S56-D31	NIRSCWAMPLITUDE	56	31	830	n/a	7.8125
S13-D32	NIRSCWAMPLITUDE	13	32	830	n/a	7.8125
S14-D32	NIRSCWAMPLITUDE	14	32	830	n/a	7.8125
S15-D32	NIRSCWAMPLITUDE	15	32	830	n/a	7.8125
S19-D32	NIRSCWAMPLITUDE	19	32	830	n/a	7.8125
S20-D32	NIRSCWAMPLITUDE	20	32	830	n/a	7.8125
S21-D32	NIRSCWAMPLITUDE	21	32	830	n/a	7.8125
S22-D32	NIRSCWAMPLITUDE	22	32	830	n/a	7.8125
S23-D32	NIRSCWAMPLITUDE	23	32	830	n/a	7.8125
S25-D32	NIRSCWAMPLITUDE	25	32	830	n/a	7.8125
S26-D32	NIRSCWAMPLITUDE	26	32	830	n/a	7.8125
S27-D32	NIRSCWAMPLITUDE	27	32	830	n/a	7.8125
S28-D32	NIRSCWAMPLITUDE	28	32	830	n/a	7.8125
S29-D32	NIRSCWAMPLITUDE	29	32	830	n/a	7.8125
S31-D32	NIRSCWAMPLITUDE	31	32	830	n/a	7.8125
S32-D32	NIRSCWAMPLITUDE	32	32	830	n/a	7.8125
S33-D32	NIRSCWAMPLITUDE	33	32	830	n/a	7.8125
S34-D32	NIRSCWAMPLITUDE	34	32	830	n/a	7.8125
S35-D32	NIRSCWAMPLITUDE	35	32	830	n/a	7.8125
S37-D32	NIRSCWAMPLITUDE	37	32	830	n/a	7.8125
S38-D32	NIRSCWAMPLITUDE	38	32	830	n/a	7.8125
S39-D32	NIRSCWAMPLITUDE	39	32	830	n/a	7.8125
S40-D32	NIRSCWAMPLITUDE	40	32	830	n/a	7.8125
S41-D32	NIRSCWAMPLITUDE	41	32	830	n/a	7.8125
S43-D32	NIRSCWAMPLITUDE	43	32	830	n/a	7.8125
S44-D32	NIRSCWAMPLITUDE	44	32	830	n/a	7.8125
S45-D32	NIRSCWAMPLITUDE	45	32	830	n/a	7.8125
S46-D32	NIRSCWAMPLITUDE	46	32	830	n/a	7.8125
S47-D32	NIRSCWAMPLITUDE	47	32	830	n/a	7.8125
S49-D32	NIRSCWAMPLITUDE	49	32	830	n/a	7.8125
S50-D32	NIRSCWAMPLITUDE	50	32	830	n/a	7.8125
S51-D32	NIRSCWAMPLITUDE	51	32	830	n/a	7.8125
S52-D32	NIRSCWAMPLITUDE	52	32	830	n/a	7.8125
S55-D32	NIRSCWAMPLITUDE	55	32	830	n/a	7.8125
S56-D32	NIRSCWAMPLITUDE	56	32	830	n/a	7.8125
S57-D32	NIRSCWAMPLITUDE	57	32	830	n/a	7.8125
S13-D33	NIRSCWAMPLITUDE	13	33	830	n/a	7.8125
S14-D33	NIRSCWAMPLITUDE	14	33	830	n/a	7.8125
S15-D33	NIRSCWAMPLITUDE	15	33	830	n/a	7.8125
S16-D33	NIRSCWAMPLITUDE	16	33	830	n/a	7.8125
S19-D33	NIRSCWAMPLITUDE	19	33	830	n/a	7.8125
S20-D33	NIRSCWAMPLITUDE	20	33	830	n/a	7.8125
S21-D33	NIRSCWAMPLITUDE	21	33	830	n/a	7.8125
S22-D33	NIRSCWAMPLITUDE	22	33	830	n/a	7.8125
S23-D33	NIRSCWAMPLITUDE	23	33	830	n/a	7.8125
S24-D33	NIRSCWAMPLITUDE	24	33	830	n/a	7.8125
S25-D33	NIRSCWAMPLITUDE	25	33	830	n/a	7.8125
S26-D33	NIRSCWAMPLITUDE	26	33	830	n/a	7.8125
S27-D33	NIRSCWAMPLITUDE	27	33	830	n/a	7.8125
S28-D33	NIRSCWAMPLITUDE	28	33	830	n/a	7.8125
S29-D33	NIRSCWAMPLITUDE	29	33	830	n/a	7.8125
S30-D33	NIRSCWAMPLITUDE	30	33	830	n/a	7.8125
S31-D33	NIRSCWAMPLITUDE	31	33	830	n/a	7.8125
S32-D33	NIRSCWAMPLITUDE	32	33	830	n/a	7.8125
S33-D33	NIRSCWAMPLITUDE	33	33	830	n/a	7.8125
S34-D33	NIRSCWAMPLITUDE	34	33	830	n/a	7.8125
S35-D33	NIRSCWAMPLITUDE	35	33	830	n/a	7.8125
S36-D33	NIRSCWAMPLITUDE	36	33	830	n/a	7.8125
S37-D33	NIRSCWAMPLITUDE	37	33	830	n/a	7.8125
S38-D33	NIRSCWAMPLITUDE	38	33	830	n/a	7.8125
S39-D33	NIRSCWAMPLITUDE	39	33	830	n/a	7.8125
S40-D33	NIRSCWAMPLITUDE	40	33	830	n/a	7.8125
S41-D33	NIRSCWAMPLITUDE	41	33	830	n/a	7.8125
S42-D33	NIRSCWAMPLITUDE	42	33	830	n/a	7.8125
S43-D33	NIRSCWAMPLITUDE	43	33	830	n/a	7.8125
S44-D33	NIRSCWAMPLITUDE	44	33	830	n/a	7.8125
S45-D33	NIRSCWAMPLITUDE	45	33	830	n/a	7.8125
S46-D33	NIRSCWAMPLITUDE	46	33	830	n/a	7.8125
S47-D33	NIRSCWAMPLITUDE	47	33	830	n/a	7.8125
S48-D33	NIRSCWAMPLITUDE	48	33	830	n/a	7.8125
S49-D33	NIRSCWAMPLITUDE	49	33	830	n/a	7.8125
S50-D33	NIRSCWAMPLITUDE	50	33	830	n/a	7.8125
S51-D33	NIRSCWAMPLITUDE	51	33	830	n/a	7.8125
S52-D33	NIRSCWAMPLITUDE	52	33	830	n/a	7.8125
S53-D33	NIRSCWAMPLITUDE	53	33	830	n/a	7.8125
S54-D33	NIRSCWAMPLITUDE	54	33	830	n/a	7.8125
S55-D33	NIRSCWAMPLITUDE	55	33	830	n/a	7.8125
S56-D33	NIRSCWAMPLITUDE	56	33	830	n/a	7.8125
S57-D33	NIRSCWAMPLITUDE	57	33	830	n/a	7.8125
S58-D33	NIRSCWAMPLITUDE	58	33	830	n/a	7.8125
S14-D34	NIRSCWAMPLITUDE	14	34	830	n/a	7.8125
S15-D34	NIRSCWAMPLITUDE	15	34	830	n/a	7.8125
S16-D34	NIRSCWAMPLITUDE	16	34	830	n/a	7.8125
S17-D34	NIRSCWAMPLITUDE	17	34	830	n/a	7.8125
S19-D34	NIRSCWAMPLITUDE	19	34	830	n/a	7.8125
S20-D34	NIRSCWAMPLITUDE	20	34	830	n/a	7.8125
S21-D34	NIRSCWAMPLITUDE	21	34	830	n/a	7.8125
S22-D34	NIRSCWAMPLITUDE	22	34	830	n/a	7.8125
S23-D34	NIRSCWAMPLITUDE	23	34	830	n/a	7.8125
S24-D34	NIRSCWAMPLITUDE	24	34	830	n/a	7.8125
S25-D34	NIRSCWAMPLITUDE	25	34	830	n/a	7.8125
S26-D34	NIRSCWAMPLITUDE	26	34	830	n/a	7.8125
S27-D34	NIRSCWAMPLITUDE	27	34	830	n/a	7.8125
S28-D34	NIRSCWAMPLITUDE	28	34	830	n/a	7.8125
S29-D34	NIRSCWAMPLITUDE	29	34	830	n/a	7.8125
S30-D34	NIRSCWAMPLITUDE	30	34	830	n/a	7.8125
S31-D34	NIRSCWAMPLITUDE	31	34	830	n/a	7.8125
S32-D34	NIRSCWAMPLITUDE	32	34	830	n/a	7.8125
S33-D34	NIRSCWAMPLITUDE	33	34	830	n/a	7.8125
S34-D34	NIRSCWAMPLITUDE	34	34	830	n/a	7.8125
S35-D34	NIRSCWAMPLITUDE	35	34	830	n/a	7.8125
S36-D34	NIRSCWAMPLITUDE	36	34	830	n/a	7.8125
S37-D34	NIRSCWAMPLITUDE	37	34	830	n/a	7.8125
S38-D34	NIRSCWAMPLITUDE	38	34	830	n/a	7.8125
S39-D34	NIRSCWAMPLITUDE	39	34	830	n/a	7.8125
S40-D34	NIRSCWAMPLITUDE	40	34	830	n/a	7.8125
S41-D34	NIRSCWAMPLITUDE	41	34	830	n/a	7.8125
S42-D34	NIRSCWAMPLITUDE	42	34	830	n/a	7.8125
S43-D34	NIRSCWAMPLITUDE	43	34	830	n/a	7.8125
S44-D34	NIRSCWAMPLITUDE	44	34	830	n/a	7.8125
S45-D34	NIRSCWAMPLITUDE	45	34	830	n/a	7.8125
S46-D34	NIRSCWAMPLITUDE	46	34	830	n/a	7.8125
S47-D34	NIRSCWAMPLITUDE	47	34	830	n/a	7.8125
S48-D34	NIRSCWAMPLITUDE	48	34	830	n/a	7.8125
S49-D34	NIRSCWAMPLITUDE	49	34	830	n/a	7.8125
S50-D34	NIRSCWAMPLITUDE	50	34	830	n/a	7.8125
S51-D34	NIRSCWAMPLITUDE	51	34	830	n/a	7.8125
S52-D34	NIRSCWAMPLITUDE	52	34	830	n/a	7.8125
S53-D34	NIRSCWAMPLITUDE	53	34	830	n/a	7.8125
S54-D34	NIRSCWAMPLITUDE	54	34	830	n/a	7.8125
S56-D34	NIRSCWAMPLITUDE	56	34	830	n/a	7.8125
S57-D34	NIRSCWAMPLITUDE	57	34	830	n/a	7.8125
S58-D34	NIRSCWAMPLITUDE	58	34	830	n/a	7.8125
S59-D34	NIRSCWAMPLITUDE	59	34	830	n/a	7.8125
S15-D35	NIRSCWAMPLITUDE	15	35	830	n/a	7.8125
S16-D35	NIRSCWAMPLITUDE	16	35	830	n/a	7.8125
S17-D35	NIRSCWAMPLITUDE	17	35	830	n/a	7.8125
S18-D35	NIRSCWAMPLITUDE	18	35	830	n/a	7.8125
S20-D35	NIRSCWAMPLITUDE	20	35	830	n/a	7.8125
S21-D35	NIRSCWAMPLITUDE	21	35	830	n/a	7.8125
S22-D35	NIRSCWAMPLITUDE	22	35	830	n/a	7.8125
S23-D35	NIRSCWAMPLITUDE	23	35	830	n/a	7.8125
S24-D35	NIRSCWAMPLITUDE	24	35	830	n/a	7.8125
S25-D35	NIRSCWAMPLITUDE	25	35	830	n/a	7.8125
S26-D35	NIRSCWAMPLITUDE	26	35	830	n/a	7.8125
S27-D35	NIRSCWAMPLITUDE	27	35	830	n/a	7.8125
S28-D35	NIRSCWAMPLITUDE	28	35	830	n/a	7.8125
S29-D35	NIRSCWAMPLITUDE	29	35	830	n/a	7.8125
S30-D35	NIRSCWAMPLITUDE	30	35	830	n/a	7.8125
S31-D35	NIRSCWAMPLITUDE	31	35	830	n/a	7.8125
S32-D35	NIRSCWAMPLITUDE	32	35	830	n/a	7.8125
S33-D35	NIRSCWAMPLITUDE	33	35	830	n/a	7.8125
S34-D35	NIRSCWAMPLITUDE	34	35	830	n/a	7.8125
S35-D35	NIRSCWAMPLITUDE	35	35	830	n/a	7.8125
S36-D35	NIRSCWAMPLITUDE	36	35	830	n/a	7.8125
S37-D35	NIRSCWAMPLITUDE	37	35	830	n/a	7.8125
S38-D35	NIRSCWAMPLITUDE	38	35	830	n/a	7.8125
S39-D35	NIRSCWAMPLITUDE	39	35	830	n/a	7.8125
S40-D35	NIRSCWAMPLITUDE	40	35	830	n/a	7.8125
S41-D35	NIRSCWAMPLITUDE	41	35	830	n/a	7.8125
S42-D35	NIRSCWAMPLITUDE	42	35	830	n/a	7.8125
S43-D35	NIRSCWAMPLITUDE	43	35	830	n/a	7.8125
S44-D35	NIRSCWAMPLITUDE	44	35	830	n/a	7.8125
S45-D35	NIRSCWAMPLITUDE	45	35	830	n/a	7.8125
S46-D35	NIRSCWAMPLITUDE	46	35	830	n/a	7.8125
S47-D35	NIRSCWAMPLITUDE	47	35	830	n/a	7.8125
S48-D35	NIRSCWAMPLITUDE	48	35	830	n/a	7.8125
S50-D35	NIRSCWAMPLITUDE	50	35	830	n/a	7.8125
S51-D35	NIRSCWAMPLITUDE	51	35	830	n/a	7.8125
S52-D35	NIRSCWAMPLITUDE	52	35	830	n/a	7.8125
S53-D35	NIRSCWAMPLITUDE	53	35	830	n/a	7.8125
S54-D35	NIRSCWAMPLITUDE	54	35	830	n/a	7.8125
S57-D35	NIRSCWAMPLITUDE	57	35	830	n/a	7.8125
S58-D35	NIRSCWAMPLITUDE	58	35	830	n/a	7.8125
S59-D35	NIRSCWAMPLITUDE	59	35	830	n/a	7.8125
S60-D35	NIRSCWAMPLITUDE	60	35	830	n/a	7.8125
S196-D35	NIRSCWAMPLITUDE	196	35	830	n/a	7.8125
S197-D35	NIRSCWAMPLITUDE	197	35	830	n/a	7.8125
S203-D35	NIRSCWAMPLITUDE	203	35	830	n/a	7.8125
S204-D35	NIRSCWAMPLITUDE	204	35	830	n/a	7.8125
S205-D35	NIRSCWAMPLITUDE	205	35	830	n/a	7.8125
S16-D36	NIRSCWAMPLITUDE	16	36	830	n/a	7.8125
S17-D36	NIRSCWAMPLITUDE	17	36	830	n/a	7.8125
S18-D36	NIRSCWAMPLITUDE	18	36	830	n/a	7.8125
S21-D36	NIRSCWAMPLITUDE	21	36	830	n/a	7.8125
S22-D36	NIRSCWAMPLITUDE	22	36	830	n/a	7.8125
S23-D36	NIRSCWAMPLITUDE	23	36	830	n/a	7.8125
S24-D36	NIRSCWAMPLITUDE	24	36	830	n/a	7.8125
S26-D36	NIRSCWAMPLITUDE	26	36	830	n/a	7.8125
S27-D36	NIRSCWAMPLITUDE	27	36	830	n/a	7.8125
S28-D36	NIRSCWAMPLITUDE	28	36	830	n/a	7.8125
S29-D36	NIRSCWAMPLITUDE	29	36	830	n/a	7.8125
S30-D36	NIRSCWAMPLITUDE	30	36	830	n/a	7.8125
S32-D36	NIRSCWAMPLITUDE	32	36	830	n/a	7.8125
S33-D36	NIRSCWAMPLITUDE	33	36	830	n/a	7.8125
S34-D36	NIRSCWAMPLITUDE	34	36	830	n/a	7.8125
S35-D36	NIRSCWAMPLITUDE	35	36	830	n/a	7.8125
S36-D36	NIRSCWAMPLITUDE	36	36	830	n/a	7.8125
S38-D36	NIRSCWAMPLITUDE	38	36	830	n/a	7.8125
S39-D36	NIRSCWAMPLITUDE	39	36	830	n/a	7.8125
S40-D36	NIRSCWAMPLITUDE	40	36	830	n/a	7.8125
S41-D36	NIRSCWAMPLITUDE	41	36	830	n/a	7.8125
S42-D36	NIRSCWAMPLITUDE	42	36	830	n/a	7.8125
S44-D36	NIRSCWAMPLITUDE	44	36	830	n/a	7.8125
S45-D36	NIRSCWAMPLITUDE	45	36	830	n/a	7.8125
S46-D36	NIRSCWAMPLITUDE	46	36	830	n/a	7.8125
S47-D36	NIRSCWAMPLITUDE	47	36	830	n/a	7.8125
S48-D36	NIRSCWAMPLITUDE	48	36	830	n/a	7.8125
S51-D36	NIRSCWAMPLITUDE	51	36	830	n/a	7.8125
S52-D36	NIRSCWAMPLITUDE	52	36	830	n/a	7.8125
S53-D36	NIRSCWAMPLITUDE	53	36	830	n/a	7.8125
S54-D36	NIRSCWAMPLITUDE	54	36	830	n/a	7.8125
S58-D36	NIRSCWAMPLITUDE	58	36	830	n/a	7.8125
S59-D36	NIRSCWAMPLITUDE	59	36	830	n/a	7.8125
S60-D36	NIRSCWAMPLITUDE	60	36	830	n/a	7.8125
S195-D36	NIRSCWAMPLITUDE	195	36	830	n/a	7.8125
S196-D36	NIRSCWAMPLITUDE	196	36	830	n/a	7.8125
S197-D36	NIRSCWAMPLITUDE	197	36	830	n/a	7.8125
S201-D36	NIRSCWAMPLITUDE	201	36	830	n/a	7.8125
S202-D36	NIRSCWAMPLITUDE	202	36	830	n/a	7.8125
S203-D36	NIRSCWAMPLITUDE	203	36	830	n/a	7.8125
S204-D36	NIRSCWAMPLITUDE	204	36	830	n/a	7.8125
S205-D36	NIRSCWAMPLITUDE	205	36	830	n/a	7.8125
S206-D36	NIRSCWAMPLITUDE	206	36	830	n/a	7.8125
S207-D36	NIRSCWAMPLITUDE	207	36	830	n/a	7.8125
S213-D36	NIRSCWAMPLITUDE	213	36	830	n/a	7.8125
S214-D36	NIRSCWAMPLITUDE	214	36	830	n/a	7.8125
S19-D37	NIRSCWAMPLITUDE	19	37	830	n/a	7.8125
S20-D37	NIRSCWAMPLITUDE	20	37	830	n/a	7.8125
S25-D37	NIRSCWAMPLITUDE	25	37	830	n/a	7.8125
S26-D37	NIRSCWAMPLITUDE	26	37	830	n/a	7.8125
S27-D37	NIRSCWAMPLITUDE	27	37	830	n/a	7.8125
S31-D37	NIRSCWAMPLITUDE	31	37	830	n/a	7.8125
S32-D37	NIRSCWAMPLITUDE	32	37	830	n/a	7.8125
S33-D37	NIRSCWAMPLITUDE	33	37	830	n/a	7.8125
S34-D37	NIRSCWAMPLITUDE	34	37	830	n/a	7.8125
S37-D37	NIRSCWAMPLITUDE	37	37	830	n/a	7.8125
S38-D37	NIRSCWAMPLITUDE	38	37	830	n/a	7.8125
S39-D37	NIRSCWAMPLITUDE	39	37	830	n/a	7.8125
S40-D37	NIRSCWAMPLITUDE	40	37	830	n/a	7.8125
S43-D37	NIRSCWAMPLITUDE	43	37	830	n/a	7.8125
S44-D37	NIRSCWAMPLITUDE	44	37	830	n/a	7.8125
S45-D37	NIRSCWAMPLITUDE	45	37	830	n/a	7.8125
S46-D37	NIRSCWAMPLITUDE	46	37	830	n/a	7.8125
S49-D37	NIRSCWAMPLITUDE	49	37	830	n/a	7.8125
S50-D37	NIRSCWAMPLITUDE	50	37	830	n/a	7.8125
S51-D37	NIRSCWAMPLITUDE	51	37	830	n/a	7.8125
S52-D37	NIRSCWAMPLITUDE	52	37	830	n/a	7.8125
S55-D37	NIRSCWAMPLITUDE	55	37	830	n/a	7.8125
S56-D37	NIRSCWAMPLITUDE	56	37	830	n/a	7.8125
S57-D37	NIRSCWAMPLITUDE	57	37	830	n/a	7.8125
S58-D37	NIRSCWAMPLITUDE	58	37	830	n/a	7.8125
S61-D37	NIRSCWAMPLITUDE	61	37	830	n/a	7.8125
S62-D37	NIRSCWAMPLITUDE	62	37	830	n/a	7.8125
S63-D37	NIRSCWAMPLITUDE	63	37	830	n/a	7.8125
S19-D38	NIRSCWAMPLITUDE	19	38	830	n/a	7.8125
S20-D38	NIRSCWAMPLITUDE	20	38	830	n/a	7.8125
S21-D38	NIRSCWAMPLITUDE	21	38	830	n/a	7.8125
S25-D38	NIRSCWAMPLITUDE	25	38	830	n/a	7.8125
S26-D38	NIRSCWAMPLITUDE	26	38	830	n/a	7.8125
S27-D38	NIRSCWAMPLITUDE	27	38	830	n/a	7.8125
S28-D38	NIRSCWAMPLITUDE	28	38	830	n/a	7.8125
S31-D38	NIRSCWAMPLITUDE	31	38	830	n/a	7.8125
S32-D38	NIRSCWAMPLITUDE	32	38	830	n/a	7.8125
S33-D38	NIRSCWAMPLITUDE	33	38	830	n/a	7.8125
S34-D38	NIRSCWAMPLITUDE	34	38	830	n/a	7.8125
S35-D38	NIRSCWAMPLITUDE	35	38	830	n/a	7.8125
S37-D38	NIRSCWAMPLITUDE	37	38	830	n/a	7.8125
S38-D38	NIRSCWAMPLITUDE	38	38	830	n/a	7.8125
S39-D38	NIRSCWAMPLITUDE	39	38	830	n/a	7.8125
S40-D38	NIRSCWAMPLITUDE	40	38	830	n/a	7.8125
S41-D38	NIRSCWAMPLITUDE	41	38	830	n/a	7.8125
S43-D38	NIRSCWAMPLITUDE	43	38	830	n/a	7.8125
S44-D38	NIRSCWAMPLITUDE	44	38	830	n/a	7.8125
S45-D38	NIRSCWAMPLITUDE	45	38	830	n/a	7.8125
S46-D38	NIRSCWAMPLITUDE	46	38	830	n/a	7.8125
S47-D38	NIRSCWAMPLITUDE	47	38	830	n/a	7.8125
S49-D38	NIRSCWAMPLITUDE	49	38	830	n/a	7.8125
S50-D38	NIRSCWAMPLITUDE	50	38	830	n/a	7.8125
S51-D38	NIRSCWAMPLITUDE	51	38	830	n/a	7.8125
S52-D38	NIRSCWAMPLITUDE	52	38	830	n/a	7.8125
S53-D38	NIRSCWAMPLITUDE	53	38	830	n/a	7.8125
S55-D38	NIRSCWAMPLITUDE	55	38	830	n/a	7.8125
S56-D38	NIRSCWAMPLITUDE	56	38	830	n/a	7.8125
S57-D38	NIRSCWAMPLITUDE	57	38	830	n/a	7.8125
S58-D38	NIRSCWAMPLITUDE	58	38	830	n/a	7.8125
S61-D38	NIRSCWAMPLITUDE	61	38	830	n/a	7.8125
S62-D38	NIRSCWAMPLITUDE	62	38	830	n/a	7.8125
S63-D38	NIRSCWAMPLITUDE	63	38	830	n/a	7.8125
S64-D38	NIRSCWAMPLITUDE	64	38	830	n/a	7.8125
S19-D39	NIRSCWAMPLITUDE	19	39	830	n/a	7.8125
S20-D39	NIRSCWAMPLITUDE	20	39	830	n/a	7.8125
S21-D39	NIRSCWAMPLITUDE	21	39	830	n/a	7.8125
S22-D39	NIRSCWAMPLITUDE	22	39	830	n/a	7.8125
S25-D39	NIRSCWAMPLITUDE	25	39	830	n/a	7.8125
S26-D39	NIRSCWAMPLITUDE	26	39	830	n/a	7.8125
S27-D39	NIRSCWAMPLITUDE	27	39	830	n/a	7.8125
S28-D39	NIRSCWAMPLITUDE	28	39	830	n/a	7.8125
S29-D39	NIRSCWAMPLITUDE	29	39	830	n/a	7.8125
S30-D39	NIRSCWAMPLITUDE	30	39	830	n/a	7.8125
S31-D39	NIRSCWAMPLITUDE	31	39	830	n/a	7.8125
S32-D39	NIRSCWAMPLITUDE	32	39	830	n/a	7.8125
S33-D39	NIRSCWAMPLITUDE	33	39	830	n/a	7.8125
S34-D39	NIRSCWAMPLITUDE	34	39	830	n/a	7.8125
S35-D39	NIRSCWAMPLITUDE	35	39	830	n/a	7.8125
S36-D39	NIRSCWAMPLITUDE	36	39	830	n/a	7.8125
S37-D39	NIRSCWAMPLITUDE	37	39	830	n/a	7.8125
S38-D39	NIRSCWAMPLITUDE	38	39	830	n/a	7.8125
S39-D39	NIRSCWAMPLITUDE	39	39	830	n/a	7.8125
S40-D39	NIRSCWAMPLITUDE	40	39	830	n/a	7.8125
S41-D39	NIRSCWAMPLITUDE	41	39	830	n/a	7.8125
S42-D39	NIRSCWAMPLITUDE	42	39	830	n/a	7.8125
S43-D39	NIRSCWAMPLITUDE	43	39	830	n/a	7.8125
S44-D39	NIRSCWAMPLITUDE	44	39	830	n/a	7.8125
S45-D39	NIRSCWAMPLITUDE	45	39	830	n/a	7.8125
S46-D39	NIRSCWAMPLITUDE	46	39	830	n/a	7.8125
S47-D39	NIRSCWAMPLITUDE	47	39	830	n/a	7.8125
S48-D39	NIRSCWAMPLITUDE	48	39	830	n/a	7.8125
S49-D39	NIRSCWAMPLITUDE	49	39	830	n/a	7.8125
S50-D39	NIRSCWAMPLITUDE	50	39	830	n/a	7.8125
S51-D39	NIRSCWAMPLITUDE	51	39	830	n/a	7.8125
S52-D39	NIRSCWAMPLITUDE	52	39	830	n/a	7.8125
S53-D39	NIRSCWAMPLITUDE	53	39	830	n/a	7.8125
S54-D39	NIRSCWAMPLITUDE	54	39	830	n/a	7.8125
S55-D39	NIRSCWAMPLITUDE	55	39	830	n/a	7.8125
S56-D39	NIRSCWAMPLITUDE	56	39	830	n/a	7.8125
S57-D39	NIRSCWAMPLITUDE	57	39	830	n/a	7.8125
S58-D39	NIRSCWAMPLITUDE	58	39	830	n/a	7.8125
S59-D39	NIRSCWAMPLITUDE	59	39	830	n/a	7.8125
S62-D39	NIRSCWAMPLITUDE	62	39	830	n/a	7.8125
S63-D39	NIRSCWAMPLITUDE	63	39	830	n/a	7.8125
S64-D39	NIRSCWAMPLITUDE	64	39	830	n/a	7.8125
S65-D39	NIRSCWAMPLITUDE	65	39	830	n/a	7.8125
S20-D40	NIRSCWAMPLITUDE	20	40	830	n/a	7.8125
S21-D40	NIRSCWAMPLITUDE	21	40	830	n/a	7.8125
S22-D40	NIRSCWAMPLITUDE	22	40	830	n/a	7.8125
S23-D40	NIRSCWAMPLITUDE	23	40	830	n/a	7.8125
S25-D40	NIRSCWAMPLITUDE	25	40	830	n/a	7.8125
S26-D40	NIRSCWAMPLITUDE	26	40	830	n/a	7.8125
S27-D40	NIRSCWAMPLITUDE	27	40	830	n/a	7.8125
S28-D40	NIRSCWAMPLITUDE	28	40	830	n/a	7.8125
S29-D40	NIRSCWAMPLITUDE	29	40	830	n/a	7.8125
S30-D40	NIRSCWAMPLITUDE	30	40	830	n/a	7.8125
S31-D40	NIRSCWAMPLITUDE	31	40	830	n/a	7.8125
S32-D40	NIRSCWAMPLITUDE	32	40	830	n/a	7.8125
S33-D40	NIRSCWAMPLITUDE	33	40	830	n/a	7.8125
S34-D40	NIRSCWAMPLITUDE	34	40	830	n/a	7.8125
S35-D40	NIRSCWAMPLITUDE	35	40	830	n/a	7.8125
S36-D40	NIRSCWAMPLITUDE	36	40	830	n/a	7.8125
S37-D40	NIRSCWAMPLITUDE	37	40	830	n/a	7.8125
S38-D40	NIRSCWAMPLITUDE	38	40	830	n/a	7.8125
S39-D40	NIRSCWAMPLITUDE	39	40	830	n/a	7.8125
S40-D40	NIRSCWAMPLITUDE	40	40	830	n/a	7.8125
S41-D40	NIRSCWAMPLITUDE	41	40	830	n/a	7.8125
S42-D40	NIRSCWAMPLITUDE	42	40	830	n/a	7.8125
S43-D40	NIRSCWAMPLITUDE	43	40	830	n/a	7.8125
S44-D40	NIRSCWAMPLITUDE	44	40	830	n/a	7.8125
S45-D40	NIRSCWAMPLITUDE	45	40	830	n/a	7.8125
S46-D40	NIRSCWAMPLITUDE	46	40	830	n/a	7.8125
S47-D40	NIRSCWAMPLITUDE	47	40	830	n/a	7.8125
S48-D40	NIRSCWAMPLITUDE	48	40	830	n/a	7.8125
S49-D40	NIRSCWAMPLITUDE	49	40	830	n/a	7.8125
S50-D40	NIRSCWAMPLITUDE	50	40	830	n/a	7.8125
S51-D40	NIRSCWAMPLITUDE	51	40	830	n/a	7.8125
S52-D40	NIRSCWAMPLITUDE	52	40	830	n/a	7.8125
S53-D40	NIRSCWAMPLITUDE	53	40	830	n/a	7.8125
S54-D40	NIRSCWAMPLITUDE	54	40	830	n/a	7.8125
S55-D40	NIRSCWAMPLITUDE	55	40	830	n/a	7.8125
S56-D40	NIRSCWAMPLITUDE	56	40	830	n/a	7.8125
S57-D40	NIRSCWAMPLITUDE	57	40	830	n/a	7.8125
S58-D40	NIRSCWAMPLITUDE	58	40	830	n/a	7.8125
S59-D40	NIRSCWAMPLITUDE	59	40	830	n/a	7.8125
S60-D40	NIRSCWAMPLITUDE	60	40	830	n/a	7.8125
S63-D40	NIRSCWAMPLITUDE	63	40	830	n/a	7.8125
S64-D40	NIRSCWAMPLITUDE	64	40	830	n/a	7.8125
S65-D40	NIRSCWAMPLITUDE	65	40	830	n/a	7.8125
S21-D41	NIRSCWAMPLITUDE	21	41	830	n/a	7.8125
S22-D41	NIRSCWAMPLITUDE	22	41	830	n/a	7.8125
S23-D41	NIRSCWAMPLITUDE	23	41	830	n/a	7.8125
S24-D41	NIRSCWAMPLITUDE	24	41	830	n/a	7.8125
S26-D41	NIRSCWAMPLITUDE	26	41	830	n/a	7.8125
S27-D41	NIRSCWAMPLITUDE	27	41	830	n/a	7.8125
S28-D41	NIRSCWAMPLITUDE	28	41	830	n/a	7.8125
S29-D41	NIRSCWAMPLITUDE	29	41	830	n/a	7.8125
S30-D41	NIRSCWAMPLITUDE	30	41	830	n/a	7.8125
S31-D41	NIRSCWAMPLITUDE	31	41	830	n/a	7.8125
S32-D41	NIRSCWAMPLITUDE	32	41	830	n/a	7.8125
S33-D41	NIRSCWAMPLITUDE	33	41	830	n/a	7.8125
S34-D41	NIRSCWAMPLITUDE	34	41	830	n/a	7.8125
S35-D41	NIRSCWAMPLITUDE	35	41	830	n/a	7.8125
S36-D41	NIRSCWAMPLITUDE	36	41	830	n/a	7.8125
S37-D41	NIRSCWAMPLITUDE	37	41	830	n/a	7.8125
S38-D41	NIRSCWAMPLITUDE	38	41	830	n/a	7.8125
S39-D41	NIRSCWAMPLITUDE	39	41	830	n/a	7.8125
S40-D41	NIRSCWAMPLITUDE	40	41	830	n/a	7.8125
S41-D41	NIRSCWAMPLITUDE	41	41	830	n/a	7.8125
S42-D41	NIRSCWAMPLITUDE	42	41	830	n/a	7.8125
S43-D41	NIRSCWAMPLITUDE	43	41	830	n/a	7.8125
S44-D41	NIRSCWAMPLITUDE	44	41	830	n/a	7.8125
S45-D41	NIRSCWAMPLITUDE	45	41	830	n/a	7.8125
S46-D41	NIRSCWAMPLITUDE	46	41	830	n/a	7.8125
S47-D41	NIRSCWAMPLITUDE	47	41	830	n/a	7.8125
S48-D41	NIRSCWAMPLITUDE	48	41	830	n/a	7.8125
S49-D41	NIRSCWAMPLITUDE	49	41	830	n/a	7.8125
S50-D41	NIRSCWAMPLITUDE	50	41	830	n/a	7.8125
S51-D41	NIRSCWAMPLITUDE	51	41	830	n/a	7.8125
S52-D41	NIRSCWAMPLITUDE	52	41	830	n/a	7.8125
S53-D41	NIRSCWAMPLITUDE	53	41	830	n/a	7.8125
S54-D41	NIRSCWAMPLITUDE	54	41	830	n/a	7.8125
S56-D41	NIRSCWAMPLITUDE	56	41	830	n/a	7.8125
S57-D41	NIRSCWAMPLITUDE	57	41	830	n/a	7.8125
S58-D41	NIRSCWAMPLITUDE	58	41	830	n/a	7.8125
S59-D41	NIRSCWAMPLITUDE	59	41	830	n/a	7.8125
S60-D41	NIRSCWAMPLITUDE	60	41	830	n/a	7.8125
S64-D41	NIRSCWAMPLITUDE	64	41	830	n/a	7.8125
S65-D41	NIRSCWAMPLITUDE	65	41	830	n/a	7.8125
S195-D41	NIRSCWAMPLITUDE	195	41	830	n/a	7.8125
S196-D41	NIRSCWAMPLITUDE	196	41	830	n/a	7.8125
S197-D41	NIRSCWAMPLITUDE	197	41	830	n/a	7.8125
S22-D42	NIRSCWAMPLITUDE	22	42	830	n/a	7.8125
S23-D42	NIRSCWAMPLITUDE	23	42	830	n/a	7.8125
S24-D42	NIRSCWAMPLITUDE	24	42	830	n/a	7.8125
S27-D42	NIRSCWAMPLITUDE	27	42	830	n/a	7.8125
S28-D42	NIRSCWAMPLITUDE	28	42	830	n/a	7.8125
S29-D42	NIRSCWAMPLITUDE	29	42	830	n/a	7.8125
S30-D42	NIRSCWAMPLITUDE	30	42	830	n/a	7.8125
S32-D42	NIRSCWAMPLITUDE	32	42	830	n/a	7.8125
S33-D42	NIRSCWAMPLITUDE	33	42	830	n/a	7.8125
S34-D42	NIRSCWAMPLITUDE	34	42	830	n/a	7.8125
S35-D42	NIRSCWAMPLITUDE	35	42	830	n/a	7.8125
S36-D42	NIRSCWAMPLITUDE	36	42	830	n/a	7.8125
S38-D42	NIRSCWAMPLITUDE	38	42	830	n/a	7.8125
S39-D42	NIRSCWAMPLITUDE	39	42	830	n/a	7.8125
S40-D42	NIRSCWAMPLITUDE	40	42	830	n/a	7.8125
S41-D42	NIRSCWAMPLITUDE	41	42	830	n/a	7.8125
S42-D42	NIRSCWAMPLITUDE	42	42	830	n/a	7.8125
S44-D42	NIRSCWAMPLITUDE	44	42	830	n/a	7.8125
S45-D42	NIRSCWAMPLITUDE	45	42	830	n/a	7.8125
S46-D42	NIRSCWAMPLITUDE	46	42	830	n/a	7.8125
S47-D42	NIRSCWAMPLITUDE	47	42	830	n/a	7.8125
S48-D42	NIRSCWAMPLITUDE	48	42	830	n/a	7.8125
S50-D42	NIRSCWAMPLITUDE	50	42	830	n/a	7.8125
S51-D42	NIRSCWAMPLITUDE	51	42	830	n/a	7.8125
S52-D42	NIRSCWAMPLITUDE	52	42	830	n/a	7.8125
S53-D42	NIRSCWAMPLITUDE	53	42	830	n/a	7.8125
S54-D42	NIRSCWAMPLITUDE	54	42	830	n/a	7.8125
S57-D42	NIRSCWAMPLITUDE	57	42	830	n/a	7.8125
S58-D42	NIRSCWAMPLITUDE	58	42	830	n/a	7.8125
S59-D42	NIRSCWAMPLITUDE	59	42	830	n/a	7.8125
S60-D42	NIRSCWAMPLITUDE	60	42	830	n/a	7.8125
S65-D42	NIRSCWAMPLITUDE	65	42	830	n/a	7.8125
S194-D42	NIRSCWAMPLITUDE	194	42	830	n/a	7.8125
S195-D42	NIRSCWAMPLITUDE	195	42	830	n/a	7.8125
S196-D42	NIRSCWAMPLITUDE	196	42	830	n/a	7.8125
S197-D42	NIRSCWAMPLITUDE	197	42	830	n/a	7.8125
S200-D42	NIRSCWAMPLITUDE	200	42	830	n/a	7.8125
S201-D42	NIRSCWAMPLITUDE	201	42	830	n/a	7.8125
S202-D42	NIRSCWAMPLITUDE	202	42	830	n/a	7.8125
S203-D42	NIRSCWAMPLITUDE	203	42	830	n/a	7.8125
S204-D42	NIRSCWAMPLITUDE	204	42	830	n/a	7.8125
S205-D42	NIRSCWAMPLITUDE	205	42	830	n/a	7.8125
S25-D43	NIRSCWAMPLITUDE	25	43	830	n/a	7.8125
S26-D43	NIRSCWAMPLITUDE	26	43	830	n/a	7.8125
S31-D43	NIRSCWAMPLITUDE	31	43	830	n/a	7.8125
S32-D43	NIRSCWAMPLITUDE	32	43	830	n/a	7.8125
S33-D43	NIRSCWAMPLITUDE	33	43	830	n/a	7.8125
S37-D43	NIRSCWAMPLITUDE	37	43	830	n/a	7.8125
S38-D43	NIRSCWAMPLITUDE	38	43	830	n/a	7.8125
S39-D43	NIRSCWAMPLITUDE	39	43	830	n/a	7.8125
S40-D43	NIRSCWAMPLITUDE	40	43	830	n/a	7.8125
S43-D43	NIRSCWAMPLITUDE	43	43	830	n/a	7.8125
S44-D43	NIRSCWAMPLITUDE	44	43	830	n/a	7.8125
S45-D43	NIRSCWAMPLITUDE	45	43	830	n/a	7.8125
S46-D43	NIRSCWAMPLITUDE	46	43	830	n/a	7.8125
S49-D43	NIRSCWAMPLITUDE	49	43	830	n/a	7.8125
S50-D43	NIRSCWAMPLITUDE	50	43	830	n/a	7.8125
S51-D43	NIRSCWAMPLITUDE	51	43	830	n/a	7.8125
S52-D43	NIRSCWAMPLITUDE	52	43	830	n/a	7.8125
S55-D43	NIRSCWAMPLITUDE	55	43	830	n/a	7.8125
S56-D43	NIRSCWAMPLITUDE	56	43	830	n/a	7.8125
S57-D43	NIRSCWAMPLITUDE	57	43	830	n/a	7.8125
S58-D43	NIRSCWAMPLITUDE	58	43	830	n/a	7.8125
S61-D43	NIRSCWAMPLITUDE	61	43	830	n/a	7.8125
S62-D43	NIRSCWAMPLITUDE	62	43	830	n/a	7.8125
S63-D43	NIRSCWAMPLITUDE	63	43	830	n/a	7.8125
S64-D43	NIRSCWAMPLITUDE	64	43	830	n/a	7.8125
S65-D43	NIRSCWAMPLITUDE	65	43	830	n/a	7.8125
S66-D43	NIRSCWAMPLITUDE	66	43	830	n/a	7.8125
S67-D43	NIRSCWAMPLITUDE	67	43	830	n/a	7.8125
S68-D43	NIRSCWAMPLITUDE	68	43	830	n/a	7.8125
S25-D44	NIRSCWAMPLITUDE	25	44	830	n/a	7.8125
S26-D44	NIRSCWAMPLITUDE	26	44	830	n/a	7.8125
S27-D44	NIRSCWAMPLITUDE	27	44	830	n/a	7.8125
S31-D44	NIRSCWAMPLITUDE	31	44	830	n/a	7.8125
S32-D44	NIRSCWAMPLITUDE	32	44	830	n/a	7.8125
S33-D44	NIRSCWAMPLITUDE	33	44	830	n/a	7.8125
S34-D44	NIRSCWAMPLITUDE	34	44	830	n/a	7.8125
S37-D44	NIRSCWAMPLITUDE	37	44	830	n/a	7.8125
S38-D44	NIRSCWAMPLITUDE	38	44	830	n/a	7.8125
S39-D44	NIRSCWAMPLITUDE	39	44	830	n/a	7.8125
S40-D44	NIRSCWAMPLITUDE	40	44	830	n/a	7.8125
S41-D44	NIRSCWAMPLITUDE	41	44	830	n/a	7.8125
S43-D44	NIRSCWAMPLITUDE	43	44	830	n/a	7.8125
S44-D44	NIRSCWAMPLITUDE	44	44	830	n/a	7.8125
S45-D44	NIRSCWAMPLITUDE	45	44	830	n/a	7.8125
S46-D44	NIRSCWAMPLITUDE	46	44	830	n/a	7.8125
S47-D44	NIRSCWAMPLITUDE	47	44	830	n/a	7.8125
S49-D44	NIRSCWAMPLITUDE	49	44	830	n/a	7.8125
S50-D44	NIRSCWAMPLITUDE	50	44	830	n/a	7.8125
S51-D44	NIRSCWAMPLITUDE	51	44	830	n/a	7.8125
S52-D44	NIRSCWAMPLITUDE	52	44	830	n/a	7.8125
S53-D44	NIRSCWAMPLITUDE	53	44	830	n/a	7.8125
S55-D44	NIRSCWAMPLITUDE	55	44	830	n/a	7.8125
S56-D44	NIRSCWAMPLITUDE	56	44	830	n/a	7.8125
S57-D44	NIRSCWAMPLITUDE	57	44	830	n/a	7.8125
S58-D44	NIRSCWAMPLITUDE	58	44	830	n/a	7.8125
S59-D44	NIRSCWAMPLITUDE	59	44	830	n/a	7.8125
S61-D44	NIRSCWAMPLITUDE	61	44	830	n/a	7.8125
S62-D44	NIRSCWAMPLITUDE	62	44	830	n/a	7.8125
S63-D44	NIRSCWAMPLITUDE	63	44	830	n/a	7.8125
S64-D44	NIRSCWAMPLITUDE	64	44	830	n/a	7.8125
S65-D44	NIRSCWAMPLITUDE	65	44	830	n/a	7.8125
S66-D44	NIRSCWAMPLITUDE	66	44	830	n/a	7.8125
S67-D44	NIRSCWAMPLITUDE	67	44	830	n/a	7.8125
S68-D44	NIRSCWAMPLITUDE	68	44	830	n/a	7.8125
S69-D44	NIRSCWAMPLITUDE	69	44	830	n/a	7.8125
S25-D45	NIRSCWAMPLITUDE	25	45	830	n/a	7.8125
S26-D45	NIRSCWAMPLITUDE	26	45	830	n/a	7.8125
S27-D45	NIRSCWAMPLITUDE	27	45	830	n/a	7.8125
S28-D45	NIRSCWAMPLITUDE	28	45	830	n/a	7.8125
S31-D45	NIRSCWAMPLITUDE	31	45	830	n/a	7.8125
S32-D45	NIRSCWAMPLITUDE	32	45	830	n/a	7.8125
S33-D45	NIRSCWAMPLITUDE	33	45	830	n/a	7.8125
S34-D45	NIRSCWAMPLITUDE	34	45	830	n/a	7.8125
S35-D45	NIRSCWAMPLITUDE	35	45	830	n/a	7.8125
S36-D45	NIRSCWAMPLITUDE	36	45	830	n/a	7.8125
S37-D45	NIRSCWAMPLITUDE	37	45	830	n/a	7.8125
S38-D45	NIRSCWAMPLITUDE	38	45	830	n/a	7.8125
S39-D45	NIRSCWAMPLITUDE	39	45	830	n/a	7.8125
S40-D45	NIRSCWAMPLITUDE	40	45	830	n/a	7.8125
S41-D45	NIRSCWAMPLITUDE	41	45	830	n/a	7.8125
S42-D45	NIRSCWAMPLITUDE	42	45	830	n/a	7.8125
S43-D45	NIRSCWAMPLITUDE	43	45	830	n/a	7.8125
S44-D45	NIRSCWAMPLITUDE	44	45	830	n/a	7.8125
S45-D45	NIRSCWAMPLITUDE	45	45	830	n/a	7.8125
S46-D45	NIRSCWAMPLITUDE	46	45	830	n/a	7.8125
S47-D45	NIRSCWAMPLITUDE	47	45	830	n/a	7.8125
S48-D45	NIRSCWAMPLITUDE	48	45	830	n/a	7.8125
S49-D45	NIRSCWAMPLITUDE	49	45	830	n/a	7.8125
S50-D45	NIRSCWAMPLITUDE	50	45	830	n/a	7.8125
S51-D45	NIRSCWAMPLITUDE	51	45	830	n/a	7.8125
S52-D45	NIRSCWAMPLITUDE	52	45	830	n/a	7.8125
S53-D45	NIRSCWAMPLITUDE	53	45	830	n/a	7.8125
S54-D45	NIRSCWAMPLITUDE	54	45	830	n/a	7.8125
S55-D45	NIRSCWAMPLITUDE	55	45	830	n/a	7.8125
S56-D45	NIRSCWAMPLITUDE	56	45	830	n/a	7.8125
S57-D45	NIRSCWAMPLITUDE	57	45	830	n/a	7.8125
S58-D45	NIRSCWAMPLITUDE	58	45	830	n/a	7.8125
S59-D45	NIRSCWAMPLITUDE	59	45	830	n/a	7.8125
S60-D45	NIRSCWAMPLITUDE	60	45	830	n/a	7.8125
S61-D45	NIRSCWAMPLITUDE	61	45	830	n/a	7.8125
S62-D45	NIRSCWAMPLITUDE	62	45	830	n/a	7.8125
S63-D45	NIRSCWAMPLITUDE	63	45	830	n/a	7.8125
S64-D45	NIRSCWAMPLITUDE	64	45	830	n/a	7.8125
S65-D45	NIRSCWAMPLITUDE	65	45	830	n/a	7.8125
S67-D45	NIRSCWAMPLITUDE	67	45	830	n/a	7.8125
S68-D45	NIRSCWAMPLITUDE	68	45	830	n/a	7.8125
S69-D45	NIRSCWAMPLITUDE	69	45	830	n/a	7.8125
S70-D45	NIRSCWAMPLITUDE	70	45	830	n/a	7.8125
S26-D46	NIRSCWAMPLITUDE	26	46	830	n/a	7.8125
S27-D46	NIRSCWAMPLITUDE	27	46	830	n/a	7.8125
S28-D46	NIRSCWAMPLITUDE	28	46	830	n/a	7.8125
S29-D46	NIRSCWAMPLITUDE	29	46	830	n/a	7.8125
S31-D46	NIRSCWAMPLITUDE	31	46	830	n/a	7.8125
S32-D46	NIRSCWAMPLITUDE	32	46	830	n/a	7.8125
S33-D46	NIRSCWAMPLITUDE	33	46	830	n/a	7.8125
S34-D46	NIRSCWAMPLITUDE	34	46	830	n/a	7.8125
S35-D46	NIRSCWAMPLITUDE	35	46	830	n/a	7.8125
S36-D46	NIRSCWAMPLITUDE	36	46	830	n/a	7.8125
S37-D46	NIRSCWAMPLITUDE	37	46	830	n/a	7.8125
S38-D46	NIRSCWAMPLITUDE	38	46	830	n/a	7.8125
S39-D46	NIRSCWAMPLITUDE	39	46	830	n/a	7.8125
S40-D46	NIRSCWAMPLITUDE	40	46	830	n/a	7.8125
S41-D46	NIRSCWAMPLITUDE	41	46	830	n/a	7.8125
S42-D46	NIRSCWAMPLITUDE	42	46	830	n/a	7.8125
S43-D46	NIRSCWAMPLITUDE	43	46	830	n/a	7.8125
S44-D46	NIRSCWAMPLITUDE	44	46	830	n/a	7.8125
S45-D46	NIRSCWAMPLITUDE	45	46	830	n/a	7.8125
S46-D46	NIRSCWAMPLITUDE	46	46	830	n/a	7.8125
S47-D46	NIRSCWAMPLITUDE	47	46	830	n/a	7.8125
S48-D46	NIRSCWAMPLITUDE	48	46	830	n/a	7.8125
S49-D46	NIRSCWAMPLITUDE	49	46	830	n/a	7.8125
S50-D46	NIRSCWAMPLITUDE	50	46	830	n/a	7.8125
S51-D46	NIRSCWAMPLITUDE	51	46	830	n/a	7.8125
S52-D46	NIRSCWAMPLITUDE	52	46	830	n/a	7.8125
S53-D46	NIRSCWAMPLITUDE	53	46	830	n/a	7.8125
S54-D46	NIRSCWAMPLITUDE	54	46	830	n/a	7.8125
S55-D46	NIRSCWAMPLITUDE	55	46	830	n/a	7.8125
S56-D46	NIRSCWAMPLITUDE	56	46	830	n/a	7.8125
S57-D46	NIRSCWAMPLITUDE	57	46	830	n/a	7.8125
S58-D46	NIRSCWAMPLITUDE	58	46	830	n/a	7.8125
S59-D46	NIRSCWAMPLITUDE	59	46	830	n/a	7.8125
S60-D46	NIRSCWAMPLITUDE	60	46	830	n/a	7.8125
S62-D46	NIRSCWAMPLITUDE	62	46	830	n/a	7.8125
S63-D46	NIRSCWAMPLITUDE	63	46	830	n/a	7.8125
S64-D46	NIRSCWAMPLITUDE	64	46	830	n/a	7.8125
S65-D46	NIRSCWAMPLITUDE	65	46	830	n/a	7.8125
S68-D46	NIRSCWAMPLITUDE	68	46	830	n/a	7.8125
S69-D46	NIRSCWAMPLITUDE	69	46	830	n/a	7.8125
S70-D46	NIRSCWAMPLITUDE	70	46	830	n/a	7.8125
S195-D46	NIRSCWAMPLITUDE	195	46	830	n/a	7.8125
S196-D46	NIRSCWAMPLITUDE	196	46	830	n/a	7.8125
S27-D47	NIRSCWAMPLITUDE	27	47	830	n/a	7.8125
S28-D47	NIRSCWAMPLITUDE	28	47	830	n/a	7.8125
S29-D47	NIRSCWAMPLITUDE	29	47	830	n/a	7.8125
S30-D47	NIRSCWAMPLITUDE	30	47	830	n/a	7.8125
S31-D47	NIRSCWAMPLITUDE	31	47	830	n/a	7.8125
S32-D47	NIRSCWAMPLITUDE	32	47	830	n/a	7.8125
S33-D47	NIRSCWAMPLITUDE	33	47	830	n/a	7.8125
S34-D47	NIRSCWAMPLITUDE	34	47	830	n/a	7.8125
S35-D47	NIRSCWAMPLITUDE	35	47	830	n/a	7.8125
S36-D47	NIRSCWAMPLITUDE	36	47	830	n/a	7.8125
S37-D47	NIRSCWAMPLITUDE	37	47	830	n/a	7.8125
S38-D47	NIRSCWAMPLITUDE	38	47	830	n/a	7.8125
S39-D47	NIRSCWAMPLITUDE	39	47	830	n/a	7.8125
S40-D47	NIRSCWAMPLITUDE	40	47	830	n/a	7.8125
S41-D47	NIRSCWAMPLITUDE	41	47	830	n/a	7.8125
S42-D47	NIRSCWAMPLITUDE	42	47	830	n/a	7.8125
S43-D47	NIRSCWAMPLITUDE	43	47	830	n/a	7.8125
S44-D47	NIRSCWAMPLITUDE	44	47	830	n/a	7.8125
S45-D47	NIRSCWAMPLITUDE	45	47	830	n/a	7.8125
S46-D47	NIRSCWAMPLITUDE	46	47	830	n/a	7.8125
S47-D47	NIRSCWAMPLITUDE	47	47	830	n/a	7.8125
S48-D47	NIRSCWAMPLITUDE	48	47	830	n/a	7.8125
S49-D47	NIRSCWAMPLITUDE	49	47	830	n/a	7.8125
S50-D47	NIRSCWAMPLITUDE	50	47	830	n/a	7.8125
S51-D47	NIRSCWAMPLITUDE	51	47	830	n/a	7.8125
S52-D47	NIRSCWAMPLITUDE	52	47	830	n/a	7.8125
S53-D47	NIRSCWAMPLITUDE	53	47	830	n/a	7.8125
S54-D47	NIRSCWAMPLITUDE	54	47	830	n/a	7.8125
S55-D47	NIRSCWAMPLITUDE	55	47	830	n/a	7.8125
S56-D47	NIRSCWAMPLITUDE	56	47	830	n/a	7.8125
S57-D47	NIRSCWAMPLITUDE	57	47	830	n/a	7.8125
S58-D47	NIRSCWAMPLITUDE	58	47	830	n/a	7.8125
S59-D47	NIRSCWAMPLITUDE	59	47	830	n/a	7.8125
S60-D47	NIRSCWAMPLITUDE	60	47	830	n/a	7.8125
S63-D47	NIRSCWAMPLITUDE	63	47	830	n/a	7.8125
S64-D47	NIRSCWAMPLITUDE	64	47	830	n/a	7.8125
S65-D47	NIRSCWAMPLITUDE	65	47	830	n/a	7.8125
S69-D47	NIRSCWAMPLITUDE	69	47	830	n/a	7.8125
S70-D47	NIRSCWAMPLITUDE	70	47	830	n/a	7.8125
S194-D47	NIRSCWAMPLITUDE	194	47	830	n/a	7.8125
S195-D47	NIRSCWAMPLITUDE	195	47	830	n/a	7.8125
S196-D47	NIRSCWAMPLITUDE	196	47	830	n/a	7.8125
S197-D47	NIRSCWAMPLITUDE	197	47	830	n/a	7.8125
S28-D48	NIRSCWAMPLITUDE	28	48	830	n/a	7.8125
S29-D48	NIRSCWAMPLITUDE	29	48	830	n/a	7.8125
S30-D48	NIRSCWAMPLITUDE	30	48	830	n/a	7.8125
S33-D48	NIRSCWAMPLITUDE	33	48	830	n/a	7.8125
S34-D48	NIRSCWAMPLITUDE	34	48	830	n/a	7.8125
S35-D48	NIRSCWAMPLITUDE	35	48	830	n/a	7.8125
S36-D48	NIRSCWAMPLITUDE	36	48	830	n/a	7.8125
S38-D48	NIRSCWAMPLITUDE	38	48	830	n/a	7.8125
S39-D48	NIRSCWAMPLITUDE	39	48	830	n/a	7.8125
S40-D48	NIRSCWAMPLITUDE	40	48	830	n/a	7.8125
S41-D48	NIRSCWAMPLITUDE	41	48	830	n/a	7.8125
S42-D48	NIRSCWAMPLITUDE	42	48	830	n/a	7.8125
S44-D48	NIRSCWAMPLITUDE	44	48	830	n/a	7.8125
S45-D48	NIRSCWAMPLITUDE	45	48	830	n/a	7.8125
S46-D48	NIRSCWAMPLITUDE	46	48	830	n/a	7.8125
S47-D48	NIRSCWAMPLITUDE	47	48	830	n/a	7.8125
S48-D48	NIRSCWAMPLITUDE	48	48	830	n/a	7.8125
S50-D48	NIRSCWAMPLITUDE	50	48	830	n/a	7.8125
S51-D48	NIRSCWAMPLITUDE	51	48	830	n/a	7.8125
S52-D48	NIRSCWAMPLITUDE	52	48	830	n/a	7.8125
S53-D48	NIRSCWAMPLITUDE	53	48	830	n/a	7.8125
S54-D48	NIRSCWAMPLITUDE	54	48	830	n/a	7.8125
S56-D48	NIRSCWAMPLITUDE	56	48	830	n/a	7.8125
S57-D48	NIRSCWAMPLITUDE	57	48	830	n/a	7.8125
S58-D48	NIRSCWAMPLITUDE	58	48	830	n/a	7.8125
S59-D48	NIRSCWAMPLITUDE	59	48	830	n/a	7.8125
S60-D48	NIRSCWAMPLITUDE	60	48	830	n/a	7.8125
S64-D48	NIRSCWAMPLITUDE	64	48	830	n/a	7.8125
S65-D48	NIRSCWAMPLITUDE	65	48	830	n/a	7.8125
S70-D48	NIRSCWAMPLITUDE	70	48	830	n/a	7.8125
S194-D48	NIRSCWAMPLITUDE	194	48	830	n/a	7.8125
S195-D48	NIRSCWAMPLITUDE	195	48	830	n/a	7.8125
S196-D48	NIRSCWAMPLITUDE	196	48	830	n/a	7.8125
S197-D48	NIRSCWAMPLITUDE	197	48	830	n/a	7.8125
S198-D48	NIRSCWAMPLITUDE	198	48	830	n/a	7.8125
S199-D48	NIRSCWAMPLITUDE	199	48	830	n/a	7.8125
S200-D48	NIRSCWAMPLITUDE	200	48	830	n/a	7.8125
S201-D48	NIRSCWAMPLITUDE	201	48	830	n/a	7.8125
S202-D48	NIRSCWAMPLITUDE	202	48	830	n/a	7.8125
S203-D48	NIRSCWAMPLITUDE	203	48	830	n/a	7.8125
S204-D48	NIRSCWAMPLITUDE	204	48	830	n/a	7.8125
S31-D49	NIRSCWAMPLITUDE	31	49	830	n/a	7.8125
S32-D49	NIRSCWAMPLITUDE	32	49	830	n/a	7.8125
S37-D49	NIRSCWAMPLITUDE	37	49	830	n/a	7.8125
S38-D49	NIRSCWAMPLITUDE	38	49	830	n/a	7.8125
S39-D49	NIRSCWAMPLITUDE	39	49	830	n/a	7.8125
S43-D49	NIRSCWAMPLITUDE	43	49	830	n/a	7.8125
S44-D49	NIRSCWAMPLITUDE	44	49	830	n/a	7.8125
S45-D49	NIRSCWAMPLITUDE	45	49	830	n/a	7.8125
S46-D49	NIRSCWAMPLITUDE	46	49	830	n/a	7.8125
S49-D49	NIRSCWAMPLITUDE	49	49	830	n/a	7.8125
S50-D49	NIRSCWAMPLITUDE	50	49	830	n/a	7.8125
S51-D49	NIRSCWAMPLITUDE	51	49	830	n/a	7.8125
S52-D49	NIRSCWAMPLITUDE	52	49	830	n/a	7.8125
S55-D49	NIRSCWAMPLITUDE	55	49	830	n/a	7.8125
S56-D49	NIRSCWAMPLITUDE	56	49	830	n/a	7.8125
S57-D49	NIRSCWAMPLITUDE	57	49	830	n/a	7.8125
S58-D49	NIRSCWAMPLITUDE	58	49	830	n/a	7.8125
S61-D49	NIRSCWAMPLITUDE	61	49	830	n/a	7.8125
S62-D49	NIRSCWAMPLITUDE	62	49	830	n/a	7.8125
S63-D49	NIRSCWAMPLITUDE	63	49	830	n/a	7.8125
S64-D49	NIRSCWAMPLITUDE	64	49	830	n/a	7.8125
S65-D49	NIRSCWAMPLITUDE	65	49	830	n/a	7.8125
S66-D49	NIRSCWAMPLITUDE	66	49	830	n/a	7.8125
S67-D49	NIRSCWAMPLITUDE	67	49	830	n/a	7.8125
S68-D49	NIRSCWAMPLITUDE	68	49	830	n/a	7.8125
S69-D49	NIRSCWAMPLITUDE	69	49	830	n/a	7.8125
S70-D49	NIRSCWAMPLITUDE	70	49	830	n/a	7.8125
S71-D49	NIRSCWAMPLITUDE	71	49	830	n/a	7.8125
S72-D49	NIRSCWAMPLITUDE	72	49	830	n/a	7.8125
S73-D49	NIRSCWAMPLITUDE	73	49	830	n/a	7.8125
S74-D49	NIRSCWAMPLITUDE	74	49	830	n/a	7.8125
S31-D50	NIRSCWAMPLITUDE	31	50	830	n/a	7.8125
S32-D50	NIRSCWAMPLITUDE	32	50	830	n/a	7.8125
S33-D50	NIRSCWAMPLITUDE	33	50	830	n/a	7.8125
S37-D50	NIRSCWAMPLITUDE	37	50	830	n/a	7.8125
S38-D50	NIRSCWAMPLITUDE	38	50	830	n/a	7.8125
S39-D50	NIRSCWAMPLITUDE	39	50	830	n/a	7.8125
S40-D50	NIRSCWAMPLITUDE	40	50	830	n/a	7.8125
S43-D50	NIRSCWAMPLITUDE	43	50	830	n/a	7.8125
S44-D50	NIRSCWAMPLITUDE	44	50	830	n/a	7.8125
S45-D50	NIRSCWAMPLITUDE	45	50	830	n/a	7.8125
S46-D50	NIRSCWAMPLITUDE	46	50	830	n/a	7.8125
S47-D50	NIRSCWAMPLITUDE	47	50	830	n/a	7.8125
S49-D50	NIRSCWAMPLITUDE	49	50	830	n/a	7.8125
S50-D50	NIRSCWAMPLITUDE	50	50	830	n/a	7.8125
S51-D50	NIRSCWAMPLITUDE	51	50	830	n/a	7.8125
S52-D50	NIRSCWAMPLITUDE	52	50	830	n/a	7.8125
S53-D50	NIRSCWAMPLITUDE	53	50	830	n/a	7.8125
S55-D50	NIRSCWAMPLITUDE	55	50	830	n/a	7.8125
S56-D50	NIRSCWAMPLITUDE	56	50	830	n/a	7.8125
S57-D50	NIRSCWAMPLITUDE	57	50	830	n/a	7.8125
S58-D50	NIRSCWAMPLITUDE	58	50	830	n/a	7.8125
S59-D50	NIRSCWAMPLITUDE	59	50	830	n/a	7.8125
S61-D50	NIRSCWAMPLITUDE	61	50	830	n/a	7.8125
S62-D50	NIRSCWAMPLITUDE	62	50	830	n/a	7.8125
S63-D50	NIRSCWAMPLITUDE	63	50	830	n/a	7.8125
S64-D50	NIRSCWAMPLITUDE	64	50	830	n/a	7.8125
S65-D50	NIRSCWAMPLITUDE	65	50	830	n/a	7.8125
S66-D50	NIRSCWAMPLITUDE	66	50	830	n/a	7.8125
S67-D50	NIRSCWAMPLITUDE	67	50	830	n/a	7.8125
S68-D50	NIRSCWAMPLITUDE	68	50	830	n/a	7.8125
S69-D50	NIRSCWAMPLITUDE	69	50	830	n/a	7.8125
S70-D50	NIRSCWAMPLITUDE	70	50	830	n/a	7.8125
S71-D50	NIRSCWAMPLITUDE	71	50	830	n/a	7.8125
S72-D50	NIRSCWAMPLITUDE	72	50	830	n/a	7.8125
S73-D50	NIRSCWAMPLITUDE	73	50	830	n/a	7.8125
S74-D50	NIRSCWAMPLITUDE	74	50	830	n/a	7.8125
S75-D50	NIRSCWAMPLITUDE	75	50	830	n/a	7.8125
S31-D51	NIRSCWAMPLITUDE	31	51	830	n/a	7.8125
S32-D51	NIRSCWAMPLITUDE	32	51	830	n/a	7.8125
S33-D51	NIRSCWAMPLITUDE	33	51	830	n/a	7.8125
S34-D51	NIRSCWAMPLITUDE	34	51	830	n/a	7.8125
S37-D51	NIRSCWAMPLITUDE	37	51	830	n/a	7.8125
S38-D51	NIRSCWAMPLITUDE	38	51	830	n/a	7.8125
S39-D51	NIRSCWAMPLITUDE	39	51	830	n/a	7.8125
S40-D51	NIRSCWAMPLITUDE	40	51	830	n/a	7.8125
S41-D51	NIRSCWAMPLITUDE	41	51	830	n/a	7.8125
S43-D51	NIRSCWAMPLITUDE	43	51	830	n/a	7.8125
S44-D51	NIRSCWAMPLITUDE	44	51	830	n/a	7.8125
S45-D51	NIRSCWAMPLITUDE	45	51	830	n/a	7.8125
S46-D51	NIRSCWAMPLITUDE	46	51	830	n/a	7.8125
S47-D51	NIRSCWAMPLITUDE	47	51	830	n/a	7.8125
S48-D51	NIRSCWAMPLITUDE	48	51	830	n/a	7.8125
S49-D51	NIRSCWAMPLITUDE	49	51	830	n/a	7.8125
S50-D51	NIRSCWAMPLITUDE	50	51	830	n/a	7.8125
S51-D51	NIRSCWAMPLITUDE	51	51	830	n/a	7.8125
S52-D51	NIRSCWAMPLITUDE	52	51	830	n/a	7.8125
S53-D51	NIRSCWAMPLITUDE	53	51	830	n/a	7.8125
S54-D51	NIRSCWAMPLITUDE	54	51	830	n/a	7.8125
S55-D51	NIRSCWAMPLITUDE	55	51	830	n/a	7.8125
S56-D51	NIRSCWAMPLITUDE	56	51	830	n/a	7.8125
S57-D51	NIRSCWAMPLITUDE	57	51	830	n/a	7.8125
S58-D51	NIRSCWAMPLITUDE	58	51	830	n/a	7.8125
S59-D51	NIRSCWAMPLITUDE	59	51	830	n/a	7.8125
S60-D51	NIRSCWAMPLITUDE	60	51	830	n/a	7.8125
S61-D51	NIRSCWAMPLITUDE	61	51	830	n/a	7.8125
S62-D51	NIRSCWAMPLITUDE	62	51	830	n/a	7.8125
S63-D51	NIRSCWAMPLITUDE	63	51	830	n/a	7.8125
S64-D51	NIRSCWAMPLITUDE	64	51	830	n/a	7.8125
S65-D51	NIRSCWAMPLITUDE	65	51	830	n/a	7.8125
S66-D51	NIRSCWAMPLITUDE	66	51	830	n/a	7.8125
S67-D51	NIRSCWAMPLITUDE	67	51	830	n/a	7.8125
S68-D51	NIRSCWAMPLITUDE	68	51	830	n/a	7.8125
S69-D51	NIRSCWAMPLITUDE	69	51	830	n/a	7.8125
S70-D51	NIRSCWAMPLITUDE	70	51	830	n/a	7.8125
S72-D51	NIRSCWAMPLITUDE	72	51	830	n/a	7.8125
S73-D51	NIRSCWAMPLITUDE	73	51	830	n/a	7.8125
S74-D51	NIRSCWAMPLITUDE	74	51	830	n/a	7.8125
S75-D51	NIRSCWAMPLITUDE	75	51	830	n/a	7.8125
S32-D52	NIRSCWAMPLITUDE	32	52	830	n/a	7.8125
S33-D52	NIRSCWAMPLITUDE	33	52	830	n/a	7.8125
S34-D52	NIRSCWAMPLITUDE	34	52	830	n/a	7.8125
S35-D52	NIRSCWAMPLITUDE	35	52	830	n/a	7.8125
S37-D52	NIRSCWAMPLITUDE	37	52	830	n/a	7.8125
S38-D52	NIRSCWAMPLITUDE	38	52	830	n/a	7.8125
S39-D52	NIRSCWAMPLITUDE	39	52	830	n/a	7.8125
S40-D52	NIRSCWAMPLITUDE	40	52	830	n/a	7.8125
S41-D52	NIRSCWAMPLITUDE	41	52	830	n/a	7.8125
S42-D52	NIRSCWAMPLITUDE	42	52	830	n/a	7.8125
S43-D52	NIRSCWAMPLITUDE	43	52	830	n/a	7.8125
S44-D52	NIRSCWAMPLITUDE	44	52	830	n/a	7.8125
S45-D52	NIRSCWAMPLITUDE	45	52	830	n/a	7.8125
S46-D52	NIRSCWAMPLITUDE	46	52	830	n/a	7.8125
S47-D52	NIRSCWAMPLITUDE	47	52	830	n/a	7.8125
S48-D52	NIRSCWAMPLITUDE	48	52	830	n/a	7.8125
S49-D52	NIRSCWAMPLITUDE	49	52	830	n/a	7.8125
S50-D52	NIRSCWAMPLITUDE	50	52	830	n/a	7.8125
S51-D52	NIRSCWAMPLITUDE	51	52	830	n/a	7.8125
S52-D52	NIRSCWAMPLITUDE	52	52	830	n/a	7.8125
S53-D52	NIRSCWAMPLITUDE	53	52	830	n/a	7.8125
S54-D52	NIRSCWAMPLITUDE	54	52	830	n/a	7.8125
S55-D52	NIRSCWAMPLITUDE	55	52	830	n/a	7.8125
S56-D52	NIRSCWAMPLITUDE	56	52	830	n/a	7.8125
S57-D52	NIRSCWAMPLITUDE	57	52	830	n/a	7.8125
S58-D52	NIRSCWAMPLITUDE	58	52	830	n/a	7.8125
S59-D52	NIRSCWAMPLITUDE	59	52	830	n/a	7.8125
S60-D52	NIRSCWAMPLITUDE	60	52	830	n/a	7.8125
S61-D52	NIRSCWAMPLITUDE	61	52	830	n/a	7.8125
S62-D52	NIRSCWAMPLITUDE	62	52	830	n/a	7.8125
S63-D52	NIRSCWAMPLITUDE	63	52	830	n/a	7.8125
S64-D52	NIRSCWAMPLITUDE	64	52	830	n/a	7.8125
S65-D52	NIRSCWAMPLITUDE	65	52	830	n/a	7.8125
S67-D52	NIRSCWAMPLITUDE	67	52	830	n/a	7.8125
S68-D52	NIRSCWAMPLITUDE	68	52	830	n/a	7.8125
S69-D52	NIRSCWAMPLITUDE	69	52	830	n/a	7.8125
S70-D52	NIRSCWAMPLITUDE	70	52	830	n/a	7.8125
S73-D52	NIRSCWAMPLITUDE	73	52	830	n/a	7.8125
S74-D52	NIRSCWAMPLITUDE	74	52	830	n/a	7.8125
S75-D52	NIRSCWAMPLITUDE	75	52	830	n/a	7.8125
S194-D52	NIRSCWAMPLITUDE	194	52	830	n/a	7.8125
S195-D52	NIRSCWAMPLITUDE	195	52	830	n/a	7.8125
S196-D52	NIRSCWAMPLITUDE	196	52	830	n/a	7.8125
S33-D53	NIRSCWAMPLITUDE	33	53	830	n/a	7.8125
S34-D53	NIRSCWAMPLITUDE	34	53	830	n/a	7.8125
S35-D53	NIRSCWAMPLITUDE	35	53	830	n/a	7.8125
S36-D53	NIRSCWAMPLITUDE	36	53	830	n/a	7.8125
S37-D53	NIRSCWAMPLITUDE	37	53	830	n/a	7.8125
S38-D53	NIRSCWAMPLITUDE	38	53	830	n/a	7.8125
S39-D53	NIRSCWAMPLITUDE	39	53	830	n/a	7.8125
S40-D53	NIRSCWAMPLITUDE	40	53	830	n/a	7.8125
S41-D53	NIRSCWAMPLITUDE	41	53	830	n/a	7.8125
S42-D53	NIRSCWAMPLITUDE	42	53	830	n/a	7.8125
S43-D53	NIRSCWAMPLITUDE	43	53	830	n/a	7.8125
S44-D53	NIRSCWAMPLITUDE	44	53	830	n/a	7.8125
S45-D53	NIRSCWAMPLITUDE	45	53	830	n/a	7.8125
S46-D53	NIRSCWAMPLITUDE	46	53	830	n/a	7.8125
S47-D53	NIRSCWAMPLITUDE	47	53	830	n/a	7.8125
S48-D53	NIRSCWAMPLITUDE	48	53	830	n/a	7.8125
S49-D53	NIRSCWAMPLITUDE	49	53	830	n/a	7.8125
S50-D53	NIRSCWAMPLITUDE	50	53	830	n/a	7.8125
S51-D53	NIRSCWAMPLITUDE	51	53	830	n/a	7.8125
S52-D53	NIRSCWAMPLITUDE	52	53	830	n/a	7.8125
S53-D53	NIRSCWAMPLITUDE	53	53	830	n/a	7.8125
S54-D53	NIRSCWAMPLITUDE	54	53	830	n/a	7.8125
S55-D53	NIRSCWAMPLITUDE	55	53	830	n/a	7.8125
S56-D53	NIRSCWAMPLITUDE	56	53	830	n/a	7.8125
S57-D53	NIRSCWAMPLITUDE	57	53	830	n/a	7.8125
S58-D53	NIRSCWAMPLITUDE	58	53	830	n/a	7.8125
S59-D53	NIRSCWAMPLITUDE	59	53	830	n/a	7.8125
S60-D53	NIRSCWAMPLITUDE	60	53	830	n/a	7.8125
S62-D53	NIRSCWAMPLITUDE	62	53	830	n/a	7.8125
S63-D53	NIRSCWAMPLITUDE	63	53	830	n/a	7.8125
S64-D53	NIRSCWAMPLITUDE	64	53	830	n/a	7.8125
S65-D53	NIRSCWAMPLITUDE	65	53	830	n/a	7.8125
S68-D53	NIRSCWAMPLITUDE	68	53	830	n/a	7.8125
S69-D53	NIRSCWAMPLITUDE	69	53	830	n/a	7.8125
S70-D53	NIRSCWAMPLITUDE	70	53	830	n/a	7.8125
S74-D53	NIRSCWAMPLITUDE	74	53	830	n/a	7.8125
S75-D53	NIRSCWAMPLITUDE	75	53	830	n/a	7.8125
S81-D53	NIRSCWAMPLITUDE	81	53	830	n/a	7.8125
S194-D53	NIRSCWAMPLITUDE	194	53	830	n/a	7.8125
S195-D53	NIRSCWAMPLITUDE	195	53	830	n/a	7.8125
S196-D53	NIRSCWAMPLITUDE	196	53	830	n/a	7.8125
S197-D53	NIRSCWAMPLITUDE	197	53	830	n/a	7.8125
S198-D53	NIRSCWAMPLITUDE	198	53	830	n/a	7.8125
S199-D53	NIRSCWAMPLITUDE	199	53	830	n/a	7.8125
S200-D53	NIRSCWAMPLITUDE	200	53	830	n/a	7.8125
S201-D53	NIRSCWAMPLITUDE	201	53	830	n/a	7.8125
S34-D54	NIRSCWAMPLITUDE	34	54	830	n/a	7.8125
S35-D54	NIRSCWAMPLITUDE	35	54	830	n/a	7.8125
S36-D54	NIRSCWAMPLITUDE	36	54	830	n/a	7.8125
S39-D54	NIRSCWAMPLITUDE	39	54	830	n/a	7.8125
S40-D54	NIRSCWAMPLITUDE	40	54	830	n/a	7.8125
S41-D54	NIRSCWAMPLITUDE	41	54	830	n/a	7.8125
S42-D54	NIRSCWAMPLITUDE	42	54	830	n/a	7.8125
S44-D54	NIRSCWAMPLITUDE	44	54	830	n/a	7.8125
S45-D54	NIRSCWAMPLITUDE	45	54	830	n/a	7.8125
S46-D54	NIRSCWAMPLITUDE	46	54	830	n/a	7.8125
S47-D54	NIRSCWAMPLITUDE	47	54	830	n/a	7.8125
S48-D54	NIRSCWAMPLITUDE	48	54	830	n/a	7.8125
S50-D54	NIRSCWAMPLITUDE	50	54	830	n/a	7.8125
S51-D54	NIRSCWAMPLITUDE	51	54	830	n/a	7.8125
S52-D54	NIRSCWAMPLITUDE	52	54	830	n/a	7.8125
S53-D54	NIRSCWAMPLITUDE	53	54	830	n/a	7.8125
S54-D54	NIRSCWAMPLITUDE	54	54	830	n/a	7.8125
S56-D54	NIRSCWAMPLITUDE	56	54	830	n/a	7.8125
S57-D54	NIRSCWAMPLITUDE	57	54	830	n/a	7.8125
S58-D54	NIRSCWAMPLITUDE	58	54	830	n/a	7.8125
S59-D54	NIRSCWAMPLITUDE	59	54	830	n/a	7.8125
S60-D54	NIRSCWAMPLITUDE	60	54	830	n/a	7.8125
S63-D54	NIRSCWAMPLITUDE	63	54	830	n/a	7.8125
S64-D54	NIRSCWAMPLITUDE	64	54	830	n/a	7.8125
S65-D54	NIRSCWAMPLITUDE	65	54	830	n/a	7.8125
S69-D54	NIRSCWAMPLITUDE	69	54	830	n/a	7.8125
S70-D54	NIRSCWAMPLITUDE	70	54	830	n/a	7.8125
S75-D54	NIRSCWAMPLITUDE	75	54	830	n/a	7.8125
S81-D54	NIRSCWAMPLITUDE	81	54	830	n/a	7.8125
S194-D54	NIRSCWAMPLITUDE	194	54	830	n/a	7.8125
S195-D54	NIRSCWAMPLITUDE	195	54	830	n/a	7.8125
S196-D54	NIRSCWAMPLITUDE	196	54	830	n/a	7.8125
S197-D54	NIRSCWAMPLITUDE	197	54	830	n/a	7.8125
S198-D54	NIRSCWAMPLITUDE	198	54	830	n/a	7.8125
S199-D54	NIRSCWAMPLITUDE	199	54	830	n/a	7.8125
S200-D54	NIRSCWAMPLITUDE	200	54	830	n/a	7.8125
S201-D54	NIRSCWAMPLITUDE	201	54	830	n/a	7.8125
S202-D54	NIRSCWAMPLITUDE	202	54	830	n/a	7.8125
S203-D54	NIRSCWAMPLITUDE	203	54	830	n/a	7.8125
S209-D54	NIRSCWAMPLITUDE	209	54	830	n/a	7.8125
S210-D54	NIRSCWAMPLITUDE	210	54	830	n/a	7.8125
S37-D55	NIRSCWAMPLITUDE	37	55	830	n/a	7.8125
S38-D55	NIRSCWAMPLITUDE	38	55	830	n/a	7.8125
S43-D55	NIRSCWAMPLITUDE	43	55	830	n/a	7.8125
S44-D55	NIRSCWAMPLITUDE	44	55	830	n/a	7.8125
S45-D55	NIRSCWAMPLITUDE	45	55	830	n/a	7.8125
S49-D55	NIRSCWAMPLITUDE	49	55	830	n/a	7.8125
S50-D55	NIRSCWAMPLITUDE	50	55	830	n/a	7.8125
S51-D55	NIRSCWAMPLITUDE	51	55	830	n/a	7.8125
S52-D55	NIRSCWAMPLITUDE	52	55	830	n/a	7.8125
S55-D55	NIRSCWAMPLITUDE	55	55	830	n/a	7.8125
S56-D55	NIRSCWAMPLITUDE	56	55	830	n/a	7.8125
S57-D55	NIRSCWAMPLITUDE	57	55	830	n/a	7.8125
S58-D55	NIRSCWAMPLITUDE	58	55	830	n/a	7.8125
S61-D55	NIRSCWAMPLITUDE	61	55	830	n/a	7.8125
S62-D55	NIRSCWAMPLITUDE	62	55	830	n/a	7.8125
S63-D55	NIRSCWAMPLITUDE	63	55	830	n/a	7.8125
S64-D55	NIRSCWAMPLITUDE	64	55	830	n/a	7.8125
S65-D55	NIRSCWAMPLITUDE	65	55	830	n/a	7.8125
S66-D55	NIRSCWAMPLITUDE	66	55	830	n/a	7.8125
S67-D55	NIRSCWAMPLITUDE	67	55	830	n/a	7.8125
S68-D55	NIRSCWAMPLITUDE	68	55	830	n/a	7.8125
S69-D55	NIRSCWAMPLITUDE	69	55	830	n/a	7.8125
S70-D55	NIRSCWAMPLITUDE	70	55	830	n/a	7.8125
S71-D55	NIRSCWAMPLITUDE	71	55	830	n/a	7.8125
S72-D55	NIRSCWAMPLITUDE	72	55	830	n/a	7.8125
S73-D55	NIRSCWAMPLITUDE	73	55	830	n/a	7.8125
S74-D55	NIRSCWAMPLITUDE	74	55	830	n/a	7.8125
S75-D55	NIRSCWAMPLITUDE	75	55	830	n/a	7.8125
S76-D55	NIRSCWAMPLITUDE	76	55	830	n/a	7.8125
S77-D55	NIRSCWAMPLITUDE	77	55	830	n/a	7.8125
S78-D55	NIRSCWAMPLITUDE	78	55	830	n/a	7.8125
S79-D55	NIRSCWAMPLITUDE	79	55	830	n/a	7.8125
S37-D56	NIRSCWAMPLITUDE	37	56	830	n/a	7.8125
S38-D56	NIRSCWAMPLITUDE	38	56	830	n/a	7.8125
S39-D56	NIRSCWAMPLITUDE	39	56	830	n/a	7.8125
S43-D56	NIRSCWAMPLITUDE	43	56	830	n/a	7.8125
S44-D56	NIRSCWAMPLITUDE	44	56	830	n/a	7.8125
S45-D56	NIRSCWAMPLITUDE	45	56	830	n/a	7.8125
S46-D56	NIRSCWAMPLITUDE	46	56	830	n/a	7.8125
S49-D56	NIRSCWAMPLITUDE	49	56	830	n/a	7.8125
S50-D56	NIRSCWAMPLITUDE	50	56	830	n/a	7.8125
S51-D56	NIRSCWAMPLITUDE	51	56	830	n/a	7.8125
S52-D56	NIRSCWAMPLITUDE	52	56	830	n/a	7.8125
S53-D56	NIRSCWAMPLITUDE	53	56	830	n/a	7.8125
S55-D56	NIRSCWAMPLITUDE	55	56	830	n/a	7.8125
S56-D56	NIRSCWAMPLITUDE	56	56	830	n/a	7.8125
S57-D56	NIRSCWAMPLITUDE	57	56	830	n/a	7.8125
S58-D56	NIRSCWAMPLITUDE	58	56	830	n/a	7.8125
S59-D56	NIRSCWAMPLITUDE	59	56	830	n/a	7.8125
S61-D56	NIRSCWAMPLITUDE	61	56	830	n/a	7.8125
S62-D56	NIRSCWAMPLITUDE	62	56	830	n/a	7.8125
S63-D56	NIRSCWAMPLITUDE	63	56	830	n/a	7.8125
S64-D56	NIRSCWAMPLITUDE	64	56	830	n/a	7.8125
S65-D56	NIRSCWAMPLITUDE	65	56	830	n/a	7.8125
S66-D56	NIRSCWAMPLITUDE	66	56	830	n/a	7.8125
S67-D56	NIRSCWAMPLITUDE	67	56	830	n/a	7.8125
S68-D56	NIRSCWAMPLITUDE	68	56	830	n/a	7.8125
S69-D56	NIRSCWAMPLITUDE	69	56	830	n/a	7.8125
S70-D56	NIRSCWAMPLITUDE	70	56	830	n/a	7.8125
S71-D56	NIRSCWAMPLITUDE	71	56	830	n/a	7.8125
S72-D56	NIRSCWAMPLITUDE	72	56	830	n/a	7.8125
S73-D56	NIRSCWAMPLITUDE	73	56	830	n/a	7.8125
S74-D56	NIRSCWAMPLITUDE	74	56	830	n/a	7.8125
S75-D56	NIRSCWAMPLITUDE	75	56	830	n/a	7.8125
S76-D56	NIRSCWAMPLITUDE	76	56	830	n/a	7.8125
S77-D56	NIRSCWAMPLITUDE	77	56	830	n/a	7.8125
S78-D56	NIRSCWAMPLITUDE	78	56	830	n/a	7.8125
S79-D56	NIRSCWAMPLITUDE	79	56	830	n/a	7.8125
S80-D56	NIRSCWAMPLITUDE	80	56	830	n/a	7.8125
S37-D57	NIRSCWAMPLITUDE	37	57	830	n/a	7.8125
S38-D57	NIRSCWAMPLITUDE	38	57	830	n/a	7.8125
S39-D57	NIRSCWAMPLITUDE	39	57	830	n/a	7.8125
S40-D57	NIRSCWAMPLITUDE	40	57	830	n/a	7.8125
S43-D57	NIRSCWAMPLITUDE	43	57	830	n/a	7.8125
S44-D57	NIRSCWAMPLITUDE	44	57	830	n/a	7.8125
S45-D57	NIRSCWAMPLITUDE	45	57	830	n/a	7.8125
S46-D57	NIRSCWAMPLITUDE	46	57	830	n/a	7.8125
S47-D57	NIRSCWAMPLITUDE	47	57	830	n/a	7.8125
S49-D57	NIRSCWAMPLITUDE	49	57	830	n/a	7.8125
S50-D57	NIRSCWAMPLITUDE	50	57	830	n/a	7.8125
S51-D57	NIRSCWAMPLITUDE	51	57	830	n/a	7.8125
S52-D57	NIRSCWAMPLITUDE	52	57	830	n/a	7.8125
S53-D57	NIRSCWAMPLITUDE	53	57	830	n/a	7.8125
S54-D57	NIRSCWAMPLITUDE	54	57	830	n/a	7.8125
S55-D57	NIRSCWAMPLITUDE	55	57	830	n/a	7.8125
S56-D57	NIRSCWAMPLITUDE	56	57	830	n/a	7.8125
S57-D57	NIRSCWAMPLITUDE	57	57	830	n/a	7.8125
S58-D57	NIRSCWAMPLITUDE	58	57	830	n/a	7.8125
S59-D57	NIRSCWAMPLITUDE	59	57	830	n/a	7.8125
S60-D57	NIRSCWAMPLITUDE	60	57	830	n/a	7.8125
S61-D57	NIRSCWAMPLITUDE	61	57	830	n/a	7.8125
S62-D57	NIRSCWAMPLITUDE	62	57	830	n/a	7.8125
S63-D57	NIRSCWAMPLITUDE	63	57	830	n/a	7.8125
S64-D57	NIRSCWAMPLITUDE	64	57	830	n/a	7.8125
S65-D57	NIRSCWAMPLITUDE	65	57	830	n/a	7.8125
S66-D57	NIRSCWAMPLITUDE	66	57	830	n/a	7.8125
S67-D57	NIRSCWAMPLITUDE	67	57	830	n/a	7.8125
S68-D57	NIRSCWAMPLITUDE	68	57	830	n/a	7.8125
S69-D57	NIRSCWAMPLITUDE	69	57	830	n/a	7.8125
S70-D57	NIRSCWAMPLITUDE	70	57	830	n/a	7.8125
S71-D57	NIRSCWAMPLITUDE	71	57	830	n/a	7.8125
S72-D57	NIRSCWAMPLITUDE	72	57	830	n/a	7.8125
S73-D57	NIRSCWAMPLITUDE	73	57	830	n/a	7.8125
S74-D57	NIRSCWAMPLITUDE	74	57	830	n/a	7.8125
S75-D57	NIRSCWAMPLITUDE	75	57	830	n/a	7.8125
S77-D57	NIRSCWAMPLITUDE	77	57	830	n/a	7.8125
S78-D57	NIRSCWAMPLITUDE	78	57	830	n/a	7.8125
S79-D57	NIRSCWAMPLITUDE	79	57	830	n/a	7.8125
S80-D57	NIRSCWAMPLITUDE	80	57	830	n/a	7.8125
S81-D57	NIRSCWAMPLITUDE	81	57	830	n/a	7.8125
S38-D58	NIRSCWAMPLITUDE	38	58	830	n/a	7.8125
S39-D58	NIRSCWAMPLITUDE	39	58	830	n/a	7.8125
S40-D58	NIRSCWAMPLITUDE	40	58	830	n/a	7.8125
S41-D58	NIRSCWAMPLITUDE	41	58	830	n/a	7.8125
S43-D58	NIRSCWAMPLITUDE	43	58	830	n/a	7.8125
S44-D58	NIRSCWAMPLITUDE	44	58	830	n/a	7.8125
S45-D58	NIRSCWAMPLITUDE	45	58	830	n/a	7.8125
S46-D58	NIRSCWAMPLITUDE	46	58	830	n/a	7.8125
S47-D58	NIRSCWAMPLITUDE	47	58	830	n/a	7.8125
S48-D58	NIRSCWAMPLITUDE	48	58	830	n/a	7.8125
S49-D58	NIRSCWAMPLITUDE	49	58	830	n/a	7.8125
S50-D58	NIRSCWAMPLITUDE	50	58	830	n/a	7.8125
S51-D58	NIRSCWAMPLITUDE	51	58	830	n/a	7.8125
S52-D58	NIRSCWAMPLITUDE	52	58	830	n/a	7.8125
S53-D58	NIRSCWAMPLITUDE	53	58	830	n/a	7.8125
S54-D58	NIRSCWAMPLITUDE	54	58	830	n/a	7.8125
S55-D58	NIRSCWAMPLITUDE	55	58	830	n/a	7.8125
S56-D58	NIRSCWAMPLITUDE	56	58	830	n/a	7.8125
S57-D58	NIRSCWAMPLITUDE	57	58	830	n/a	7.8125
S58-D58	NIRSCWAMPLITUDE	58	58	830	n/a	7.8125
S59-D58	NIRSCWAMPLITUDE	59	58	830	n/a	7.8125
S60-D58	NIRSCWAMPLITUDE	60	58	830	n/a	7.8125
S61-D58	NIRSCWAMPLITUDE	61	58	830	n/a	7.8125
S62-D58	NIRSCWAMPLITUDE	62	58	830	n/a	7.8125
S63-D58	NIRSCWAMPLITUDE	63	58	830	n/a	7.8125
S64-D58	NIRSCWAMPLITUDE	64	58	830	n/a	7.8125
S65-D58	NIRSCWAMPLITUDE	65	58	830	n/a	7.8125
S66-D58	NIRSCWAMPLITUDE	66	58	830	n/a	7.8125
S67-D58	NIRSCWAMPLITUDE	67	58	830	n/a	7.8125
S68-D58	NIRSCWAMPLITUDE	68	58	830	n/a	7.8125
S69-D58	NIRSCWAMPLITUDE	69	58	830	n/a	7.8125
S70-D58	NIRSCWAMPLITUDE	70	58	830	n/a	7.8125
S72-D58	NIRSCWAMPLITUDE	72	58	830	n/a	7.8125
S73-D58	NIRSCWAMPLITUDE	73	58	830	n/a	7.8125
S74-D58	NIRSCWAMPLITUDE	74	58	830	n/a	7.8125
S75-D58	NIRSCWAMPLITUDE	75	58	830	n/a	7.8125
S78-D58	NIRSCWAMPLITUDE	78	58	830	n/a	7.8125
S79-D58	NIRSCWAMPLITUDE	79	58	830	n/a	7.8125
S80-D58	NIRSCWAMPLITUDE	80	58	830	n/a	7.8125
S81-D58	NIRSCWAMPLITUDE	81	58	830	n/a	7.8125
S194-D58	NIRSCWAMPLITUDE	194	58	830	n/a	7.8125
S195-D58	NIRSCWAMPLITUDE	195	58	830	n/a	7.8125
S39-D59	NIRSCWAMPLITUDE	39	59	830	n/a	7.8125
S40-D59	NIRSCWAMPLITUDE	40	59	830	n/a	7.8125
S41-D59	NIRSCWAMPLITUDE	41	59	830	n/a	7.8125
S42-D59	NIRSCWAMPLITUDE	42	59	830	n/a	7.8125
S43-D59	NIRSCWAMPLITUDE	43	59	830	n/a	7.8125
S44-D59	NIRSCWAMPLITUDE	44	59	830	n/a	7.8125
S45-D59	NIRSCWAMPLITUDE	45	59	830	n/a	7.8125
S46-D59	NIRSCWAMPLITUDE	46	59	830	n/a	7.8125
S47-D59	NIRSCWAMPLITUDE	47	59	830	n/a	7.8125
S48-D59	NIRSCWAMPLITUDE	48	59	830	n/a	7.8125
S49-D59	NIRSCWAMPLITUDE	49	59	830	n/a	7.8125
S50-D59	NIRSCWAMPLITUDE	50	59	830	n/a	7.8125
S51-D59	NIRSCWAMPLITUDE	51	59	830	n/a	7.8125
S52-D59	NIRSCWAMPLITUDE	52	59	830	n/a	7.8125
S53-D59	NIRSCWAMPLITUDE	53	59	830	n/a	7.8125
S54-D59	NIRSCWAMPLITUDE	54	59	830	n/a	7.8125
S55-D59	NIRSCWAMPLITUDE	55	59	830	n/a	7.8125
S56-D59	NIRSCWAMPLITUDE	56	59	830	n/a	7.8125
S57-D59	NIRSCWAMPLITUDE	57	59	830	n/a	7.8125
S58-D59	NIRSCWAMPLITUDE	58	59	830	n/a	7.8125
S59-D59	NIRSCWAMPLITUDE	59	59	830	n/a	7.8125
S60-D59	NIRSCWAMPLITUDE	60	59	830	n/a	7.8125
S62-D59	NIRSCWAMPLITUDE	62	59	830	n/a	7.8125
S63-D59	NIRSCWAMPLITUDE	63	59	830	n/a	7.8125
S64-D59	NIRSCWAMPLITUDE	64	59	830	n/a	7.8125
S65-D59	NIRSCWAMPLITUDE	65	59	830	n/a	7.8125
S67-D59	NIRSCWAMPLITUDE	67	59	830	n/a	7.8125
S68-D59	NIRSCWAMPLITUDE	68	59	830	n/a	7.8125
S69-D59	NIRSCWAMPLITUDE	69	59	830	n/a	7.8125
S70-D59	NIRSCWAMPLITUDE	70	59	830	n/a	7.8125
S73-D59	NIRSCWAMPLITUDE	73	59	830	n/a	7.8125
S74-D59	NIRSCWAMPLITUDE	74	59	830	n/a	7.8125
S75-D59	NIRSCWAMPLITUDE	75	59	830	n/a	7.8125
S79-D59	NIRSCWAMPLITUDE	79	59	830	n/a	7.8125
S80-D59	NIRSCWAMPLITUDE	80	59	830	n/a	7.8125
S81-D59	NIRSCWAMPLITUDE	81	59	830	n/a	7.8125
S87-D59	NIRSCWAMPLITUDE	87	59	830	n/a	7.8125
S194-D59	NIRSCWAMPLITUDE	194	59	830	n/a	7.8125
S195-D59	NIRSCWAMPLITUDE	195	59	830	n/a	7.8125
S196-D59	NIRSCWAMPLITUDE	196	59	830	n/a	7.8125
S197-D59	NIRSCWAMPLITUDE	197	59	830	n/a	7.8125
S198-D59	NIRSCWAMPLITUDE	198	59	830	n/a	7.8125
S199-D59	NIRSCWAMPLITUDE	199	59	830	n/a	7.8125
S200-D59	NIRSCWAMPLITUDE	200	59	830	n/a	7.8125
S40-D60	NIRSCWAMPLITUDE	40	60	830	n/a	7.8125
S41-D60	NIRSCWAMPLITUDE	41	60	830	n/a	7.8125
S42-D60	NIRSCWAMPLITUDE	42	60	830	n/a	7.8125
S44-D60	NIRSCWAMPLITUDE	44	60	830	n/a	7.8125
S45-D60	NIRSCWAMPLITUDE	45	60	830	n/a	7.8125
S46-D60	NIRSCWAMPLITUDE	46	60	830	n/a	7.8125
S47-D60	NIRSCWAMPLITUDE	47	60	830	n/a	7.8125
S48-D60	NIRSCWAMPLITUDE	48	60	830	n/a	7.8125
S50-D60	NIRSCWAMPLITUDE	50	60	830	n/a	7.8125
S51-D60	NIRSCWAMPLITUDE	51	60	830	n/a	7.8125
S52-D60	NIRSCWAMPLITUDE	52	60	830	n/a	7.8125
S53-D60	NIRSCWAMPLITUDE	53	60	830	n/a	7.8125
S54-D60	NIRSCWAMPLITUDE	54	60	830	n/a	7.8125
S56-D60	NIRSCWAMPLITUDE	56	60	830	n/a	7.8125
S57-D60	NIRSCWAMPLITUDE	57	60	830	n/a	7.8125
S58-D60	NIRSCWAMPLITUDE	58	60	830	n/a	7.8125
S59-D60	NIRSCWAMPLITUDE	59	60	830	n/a	7.8125
S60-D60	NIRSCWAMPLITUDE	60	60	830	n/a	7.8125
S63-D60	NIRSCWAMPLITUDE	63	60	830	n/a	7.8125
S64-D60	NIRSCWAMPLITUDE	64	60	830	n/a	7.8125
S65-D60	NIRSCWAMPLITUDE	65	60	830	n/a	7.8125
S68-D60	NIRSCWAMPLITUDE	68	60	830	n/a	7.8125
S69-D60	NIRSCWAMPLITUDE	69	60	830	n/a	7.8125
S70-D60	NIRSCWAMPLITUDE	70	60	830	n/a	7.8125
S74-D60	NIRSCWAMPLITUDE	74	60	830	n/a	7.8125
S75-D60	NIRSCWAMPLITUDE	75	60	830	n/a	7.8125
S79-D60	NIRSCWAMPLITUDE	79	60	830	n/a	7.8125
S80-D60	NIRSCWAMPLITUDE	80	60	830	n/a	7.8125
S81-D60	NIRSCWAMPLITUDE	81	60	830	n/a	7.8125
S87-D60	NIRSCWAMPLITUDE	87	60	830	n/a	7.8125
S193-D60	NIRSCWAMPLITUDE	193	60	830	n/a	7.8125
S194-D60	NIRSCWAMPLITUDE	194	60	830	n/a	7.8125
S195-D60	NIRSCWAMPLITUDE	195	60	830	n/a	7.8125
S196-D60	NIRSCWAMPLITUDE	196	60	830	n/a	7.8125
S197-D60	NIRSCWAMPLITUDE	197	60	830	n/a	7.8125
S198-D60	NIRSCWAMPLITUDE	198	60	830	n/a	7.8125
S199-D60	NIRSCWAMPLITUDE	199	60	830	n/a	7.8125
S200-D60	NIRSCWAMPLITUDE	200	60	830	n/a	7.8125
S201-D60	NIRSCWAMPLITUDE	201	60	830	n/a	7.8125
S202-D60	NIRSCWAMPLITUDE	202	60	830	n/a	7.8125
S208-D60	NIRSCWAMPLITUDE	208	60	830	n/a	7.8125
S209-D60	NIRSCWAMPLITUDE	209	60	830	n/a	7.8125
S210-D60	NIRSCWAMPLITUDE	210	60	830	n/a	7.8125
S43-D61	NIRSCWAMPLITUDE	43	61	830	n/a	7.8125
S49-D61	NIRSCWAMPLITUDE	49	61	830	n/a	7.8125
S50-D61	NIRSCWAMPLITUDE	50	61	830	n/a	7.8125
S55-D61	NIRSCWAMPLITUDE	55	61	830	n/a	7.8125
S56-D61	NIRSCWAMPLITUDE	56	61	830	n/a	7.8125
S57-D61	NIRSCWAMPLITUDE	57	61	830	n/a	7.8125
S61-D61	NIRSCWAMPLITUDE	61	61	830	n/a	7.8125
S62-D61	NIRSCWAMPLITUDE	62	61	830	n/a	7.8125
S63-D61	NIRSCWAMPLITUDE	63	61	830	n/a	7.8125
S64-D61	NIRSCWAMPLITUDE	64	61	830	n/a	7.8125
S66-D61	NIRSCWAMPLITUDE	66	61	830	n/a	7.8125
S67-D61	NIRSCWAMPLITUDE	67	61	830	n/a	7.8125
S68-D61	NIRSCWAMPLITUDE	68	61	830	n/a	7.8125
S69-D61	NIRSCWAMPLITUDE	69	61	830	n/a	7.8125
S71-D61	NIRSCWAMPLITUDE	71	61	830	n/a	7.8125
S72-D61	NIRSCWAMPLITUDE	72	61	830	n/a	7.8125
S73-D61	NIRSCWAMPLITUDE	73	61	830	n/a	7.8125
S74-D61	NIRSCWAMPLITUDE	74	61	830	n/a	7.8125
S76-D61	NIRSCWAMPLITUDE	76	61	830	n/a	7.8125
S77-D61	NIRSCWAMPLITUDE	77	61	830	n/a	7.8125
S78-D61	NIRSCWAMPLITUDE	78	61	830	n/a	7.8125
S79-D61	NIRSCWAMPLITUDE	79	61	830	n/a	7.8125
S82-D61	NIRSCWAMPLITUDE	82	61	830	n/a	7.8125
S83-D61	NIRSCWAMPLITUDE	83	61	830	n/a	7.8125
S84-D61	NIRSCWAMPLITUDE	84	61	830	n/a	7.8125
S43-D62	NIRSCWAMPLITUDE	43	62	830	n/a	7.8125
S44-D62	NIRSCWAMPLITUDE	44	62	830	n/a	7.8125
S49-D62	NIRSCWAMPLITUDE	49	62	830	n/a	7.8125
S50-D62	NIRSCWAMPLITUDE	50	62	830	n/a	7.8125
S51-D62	NIRSCWAMPLITUDE	51	62	830	n/a	7.8125
S55-D62	NIRSCWAMPLITUDE	55	62	830	n/a	7.8125
S56-D62	NIRSCWAMPLITUDE	56	62	830	n/a	7.8125
S57-D62	NIRSCWAMPLITUDE	57	62	830	n/a	7.8125
S58-D62	NIRSCWAMPLITUDE	58	62	830	n/a	7.8125
S61-D62	NIRSCWAMPLITUDE	61	62	830	n/a	7.8125
S62-D62	NIRSCWAMPLITUDE	62	62	830	n/a	7.8125
S63-D62	NIRSCWAMPLITUDE	63	62	830	n/a	7.8125
S64-D62	NIRSCWAMPLITUDE	64	62	830	n/a	7.8125
S65-D62	NIRSCWAMPLITUDE	65	62	830	n/a	7.8125
S66-D62	NIRSCWAMPLITUDE	66	62	830	n/a	7.8125
S67-D62	NIRSCWAMPLITUDE	67	62	830	n/a	7.8125
S68-D62	NIRSCWAMPLITUDE	68	62	830	n/a	7.8125
S69-D62	NIRSCWAMPLITUDE	69	62	830	n/a	7.8125
S70-D62	NIRSCWAMPLITUDE	70	62	830	n/a	7.8125
S71-D62	NIRSCWAMPLITUDE	71	62	830	n/a	7.8125
S72-D62	NIRSCWAMPLITUDE	72	62	830	n/a	7.8125
S73-D62	NIRSCWAMPLITUDE	73	62	830	n/a	7.8125
S74-D62	NIRSCWAMPLITUDE	74	62	830	n/a	7.8125
S75-D62	NIRSCWAMPLITUDE	75	62	830	n/a	7.8125
S76-D62	NIRSCWAMPLITUDE	76	62	830	n/a	7.8125
S77-D62	NIRSCWAMPLITUDE	77	62	830	n/a	7.8125
S78-D62	NIRSCWAMPLITUDE	78	62	830	n/a	7.8125
S79-D62	NIRSCWAMPLITUDE	79	62	830	n/a	7.8125
S80-D62	NIRSCWAMPLITUDE	80	62	830	n/a	7.8125
S82-D62	NIRSCWAMPLITUDE	82	62	830	n/a	7.8125
S83-D62	NIRSCWAMPLITUDE	83	62	830	n/a	7.8125
S84-D62	NIRSCWAMPLITUDE	84	62	830	n/a	7.8125
S85-D62	NIRSCWAMPLITUDE	85	62	830	n/a	7.8125
S43-D63	NIRSCWAMPLITUDE	43	63	830	n/a	7.8125
S44-D63	NIRSCWAMPLITUDE	44	63	830	n/a	7.8125
S45-D63	NIRSCWAMPLITUDE	45	63	830	n/a	7.8125
S49-D63	NIRSCWAMPLITUDE	49	63	830	n/a	7.8125
S50-D63	NIRSCWAMPLITUDE	50	63	830	n/a	7.8125
S51-D63	NIRSCWAMPLITUDE	51	63	830	n/a	7.8125
S52-D63	NIRSCWAMPLITUDE	52	63	830	n/a	7.8125
S55-D63	NIRSCWAMPLITUDE	55	63	830	n/a	7.8125
S56-D63	NIRSCWAMPLITUDE	56	63	830	n/a	7.8125
S57-D63	NIRSCWAMPLITUDE	57	63	830	n/a	7.8125
S58-D63	NIRSCWAMPLITUDE	58	63	830	n/a	7.8125
S59-D63	NIRSCWAMPLITUDE	59	63	830	n/a	7.8125
S61-D63	NIRSCWAMPLITUDE	61	63	830	n/a	7.8125
S62-D63	NIRSCWAMPLITUDE	62	63	830	n/a	7.8125
S63-D63	NIRSCWAMPLITUDE	63	63	830	n/a	7.8125
S64-D63	NIRSCWAMPLITUDE	64	63	830	n/a	7.8125
S65-D63	NIRSCWAMPLITUDE	65	63	830	n/a	7.8125
S66-D63	NIRSCWAMPLITUDE	66	63	830	n/a	7.8125
S67-D63	NIRSCWAMPLITUDE	67	63	830	n/a	7.8125
S68-D63	NIRSCWAMPLITUDE	68	63	830	n/a	7.8125
S69-D63	NIRSCWAMPLITUDE	69	63	830	n/a	7.8125
S70-D63	NIRSCWAMPLITUDE	70	63	830	n/a	7.8125
S71-D63	NIRSCWAMPLITUDE	71	63	830	n/a	7.8125
S72-D63	NIRSCWAMPLITUDE	72	63	830	n/a	7.8125
S73-D63	NIRSCWAMPLITUDE	73	63	830	n/a	7.8125
S74-D63	NIRSCWAMPLITUDE	74	63	830	n/a	7.8125
S75-D63	NIRSCWAMPLITUDE	75	63	830	n/a	7.8125
S76-D63	NIRSCWAMPLITUDE	76	63	830	n/a	7.8125
S77-D63	NIRSCWAMPLITUDE	77	63	830	n/a	7.8125
S78-D63	NIRSCWAMPLITUDE	78	63	830	n/a	7.8125
S79-D63	NIRSCWAMPLITUDE	79	63	830	n/a	7.8125
S80-D63	NIRSCWAMPLITUDE	80	63	830	n/a	7.8125
S81-D63	NIRSCWAMPLITUDE	81	63	830	n/a	7.8125
S82-D63	NIRSCWAMPLITUDE	82	63	830	n/a	7.8125
S83-D63	NIRSCWAMPLITUDE	83	63	830	n/a	7.8125
S84-D63	NIRSCWAMPLITUDE	84	63	830	n/a	7.8125
S85-D63	NIRSCWAMPLITUDE	85	63	830	n/a	7.8125
S86-D63	NIRSCWAMPLITUDE	86	63	830	n/a	7.8125
S43-D64	NIRSCWAMPLITUDE	43	64	830	n/a	7.8125
S44-D64	NIRSCWAMPLITUDE	44	64	830	n/a	7.8125
S45-D64	NIRSCWAMPLITUDE	45	64	830	n/a	7.8125
S46-D64	NIRSCWAMPLITUDE	46	64	830	n/a	7.8125
S49-D64	NIRSCWAMPLITUDE	49	64	830	n/a	7.8125
S50-D64	NIRSCWAMPLITUDE	50	64	830	n/a	7.8125
S51-D64	NIRSCWAMPLITUDE	51	64	830	n/a	7.8125
S52-D64	NIRSCWAMPLITUDE	52	64	830	n/a	7.8125
S53-D64	NIRSCWAMPLITUDE	53	64	830	n/a	7.8125
S55-D64	NIRSCWAMPLITUDE	55	64	830	n/a	7.8125
S56-D64	NIRSCWAMPLITUDE	56	64	830	n/a	7.8125
S57-D64	NIRSCWAMPLITUDE	57	64	830	n/a	7.8125
S58-D64	NIRSCWAMPLITUDE	58	64	830	n/a	7.8125
S59-D64	NIRSCWAMPLITUDE	59	64	830	n/a	7.8125
S60-D64	NIRSCWAMPLITUDE	60	64	830	n/a	7.8125
S61-D64	NIRSCWAMPLITUDE	61	64	830	n/a	7.8125
S62-D64	NIRSCWAMPLITUDE	62	64	830	n/a	7.8125
S63-D64	NIRSCWAMPLITUDE	63	64	830	n/a	7.8125
S64-D64	NIRSCWAMPLITUDE	64	64	830	n/a	7.8125
S65-D64	NIRSCWAMPLITUDE	65	64	830	n/a	7.8125
S66-D64	NIRSCWAMPLITUDE	66	64	830	n/a	7.8125
S67-D64	NIRSCWAMPLITUDE	67	64	830	n/a	7.8125
S68-D64	NIRSCWAMPLITUDE	68	64	830	n/a	7.8125
S69-D64	NIRSCWAMPLITUDE	69	64	830	n/a	7.8125
S70-D64	NIRSCWAMPLITUDE	70	64	830	n/a	7.8125
S71-D64	NIRSCWAMPLITUDE	71	64	830	n/a	7.8125
S72-D64	NIRSCWAMPLITUDE	72	64	830	n/a	7.8125
S73-D64	NIRSCWAMPLITUDE	73	64	830	n/a	7.8125
S74-D64	NIRSCWAMPLITUDE	74	64	830	n/a	7.8125
S75-D64	NIRSCWAMPLITUDE	75	64	830	n/a	7.8125
S76-D64	NIRSCWAMPLITUDE	76	64	830	n/a	7.8125
S77-D64	NIRSCWAMPLITUDE	77	64	830	n/a	7.8125
S78-D64	NIRSCWAMPLITUDE	78	64	830	n/a	7.8125
S79-D64	NIRSCWAMPLITUDE	79	64	830	n/a	7.8125
S80-D64	NIRSCWAMPLITUDE	80	64	830	n/a	7.8125
S81-D64	NIRSCWAMPLITUDE	81	64	830	n/a	7.8125
S83-D64	NIRSCWAMPLITUDE	83	64	830	n/a	7.8125
S84-D64	NIRSCWAMPLITUDE	84	64	830	n/a	7.8125
S85-D64	NIRSCWAMPLITUDE	85	64	830	n/a	7.8125
S86-D64	NIRSCWAMPLITUDE	86	64	830	n/a	7.8125
S87-D64	NIRSCWAMPLITUDE	87	64	830	n/a	7.8125
S44-D65	NIRSCWAMPLITUDE	44	65	830	n/a	7.8125
S45-D65	NIRSCWAMPLITUDE	45	65	830	n/a	7.8125
S46-D65	NIRSCWAMPLITUDE	46	65	830	n/a	7.8125
S47-D65	NIRSCWAMPLITUDE	47	65	830	n/a	7.8125
S49-D65	NIRSCWAMPLITUDE	49	65	830	n/a	7.8125
S50-D65	NIRSCWAMPLITUDE	50	65	830	n/a	7.8125
S51-D65	NIRSCWAMPLITUDE	51	65	830	n/a	7.8125
S52-D65	NIRSCWAMPLITUDE	52	65	830	n/a	7.8125
S53-D65	NIRSCWAMPLITUDE	53	65	830	n/a	7.8125
S54-D65	NIRSCWAMPLITUDE	54	65	830	n/a	7.8125
S55-D65	NIRSCWAMPLITUDE	55	65	830	n/a	7.8125
S56-D65	NIRSCWAMPLITUDE	56	65	830	n/a	7.8125
S57-D65	NIRSCWAMPLITUDE	57	65	830	n/a	7.8125
S58-D65	NIRSCWAMPLITUDE	58	65	830	n/a	7.8125
S59-D65	NIRSCWAMPLITUDE	59	65	830	n/a	7.8125
S60-D65	NIRSCWAMPLITUDE	60	65	830	n/a	7.8125
S61-D65	NIRSCWAMPLITUDE	61	65	830	n/a	7.8125
S62-D65	NIRSCWAMPLITUDE	62	65	830	n/a	7.8125
S63-D65	NIRSCWAMPLITUDE	63	65	830	n/a	7.8125
S64-D65	NIRSCWAMPLITUDE	64	65	830	n/a	7.8125
S65-D65	NIRSCWAMPLITUDE	65	65	830	n/a	7.8125
S66-D65	NIRSCWAMPLITUDE	66	65	830	n/a	7.8125
S67-D65	NIRSCWAMPLITUDE	67	65	830	n/a	7.8125
S68-D65	NIRSCWAMPLITUDE	68	65	830	n/a	7.8125
S69-D65	NIRSCWAMPLITUDE	69	65	830	n/a	7.8125
S70-D65	NIRSCWAMPLITUDE	70	65	830	n/a	7.8125
S71-D65	NIRSCWAMPLITUDE	71	65	830	n/a	7.8125
S72-D65	NIRSCWAMPLITUDE	72	65	830	n/a	7.8125
S73-D65	NIRSCWAMPLITUDE	73	65	830	n/a	7.8125
S74-D65	NIRSCWAMPLITUDE	74	65	830	n/a	7.8125
S75-D65	NIRSCWAMPLITUDE	75	65	830	n/a	7.8125
S77-D65	NIRSCWAMPLITUDE	77	65	830	n/a	7.8125
S78-D65	NIRSCWAMPLITUDE	78	65	830	n/a	7.8125
S79-D65	NIRSCWAMPLITUDE	79	65	830	n/a	7.8125
S80-D65	NIRSCWAMPLITUDE	80	65	830	n/a	7.8125
S81-D65	NIRSCWAMPLITUDE	81	65	830	n/a	7.8125
S84-D65	NIRSCWAMPLITUDE	84	65	830	n/a	7.8125
S85-D65	NIRSCWAMPLITUDE	85	65	830	n/a	7.8125
S86-D65	NIRSCWAMPLITUDE	86	65	830	n/a	7.8125
S87-D65	NIRSCWAMPLITUDE	87	65	830	n/a	7.8125
S194-D65	NIRSCWAMPLITUDE	194	65	830	n/a	7.8125
S195-D65	NIRSCWAMPLITUDE	195	65	830	n/a	7.8125
S198-D65	NIRSCWAMPLITUDE	198	65	830	n/a	7.8125
S49-D66	NIRSCWAMPLITUDE	49	66	830	n/a	7.8125
S55-D66	NIRSCWAMPLITUDE	55	66	830	n/a	7.8125
S56-D66	NIRSCWAMPLITUDE	56	66	830	n/a	7.8125
S61-D66	NIRSCWAMPLITUDE	61	66	830	n/a	7.8125
S62-D66	NIRSCWAMPLITUDE	62	66	830	n/a	7.8125
S63-D66	NIRSCWAMPLITUDE	63	66	830	n/a	7.8125
S64-D66	NIRSCWAMPLITUDE	64	66	830	n/a	7.8125
S66-D66	NIRSCWAMPLITUDE	66	66	830	n/a	7.8125
S67-D66	NIRSCWAMPLITUDE	67	66	830	n/a	7.8125
S68-D66	NIRSCWAMPLITUDE	68	66	830	n/a	7.8125
S69-D66	NIRSCWAMPLITUDE	69	66	830	n/a	7.8125
S71-D66	NIRSCWAMPLITUDE	71	66	830	n/a	7.8125
S72-D66	NIRSCWAMPLITUDE	72	66	830	n/a	7.8125
S73-D66	NIRSCWAMPLITUDE	73	66	830	n/a	7.8125
S74-D66	NIRSCWAMPLITUDE	74	66	830	n/a	7.8125
S76-D66	NIRSCWAMPLITUDE	76	66	830	n/a	7.8125
S77-D66	NIRSCWAMPLITUDE	77	66	830	n/a	7.8125
S78-D66	NIRSCWAMPLITUDE	78	66	830	n/a	7.8125
S79-D66	NIRSCWAMPLITUDE	79	66	830	n/a	7.8125
S82-D66	NIRSCWAMPLITUDE	82	66	830	n/a	7.8125
S83-D66	NIRSCWAMPLITUDE	83	66	830	n/a	7.8125
S84-D66	NIRSCWAMPLITUDE	84	66	830	n/a	7.8125
S85-D66	NIRSCWAMPLITUDE	85	66	830	n/a	7.8125
S88-D66	NIRSCWAMPLITUDE	88	66	830	n/a	7.8125
S89-D66	NIRSCWAMPLITUDE	89	66	830	n/a	7.8125
S49-D67	NIRSCWAMPLITUDE	49	67	830	n/a	7.8125
S50-D67	NIRSCWAMPLITUDE	50	67	830	n/a	7.8125
S55-D67	NIRSCWAMPLITUDE	55	67	830	n/a	7.8125
S56-D67	NIRSCWAMPLITUDE	56	67	830	n/a	7.8125
S57-D67	NIRSCWAMPLITUDE	57	67	830	n/a	7.8125
S61-D67	NIRSCWAMPLITUDE	61	67	830	n/a	7.8125
S62-D67	NIRSCWAMPLITUDE	62	67	830	n/a	7.8125
S63-D67	NIRSCWAMPLITUDE	63	67	830	n/a	7.8125
S64-D67	NIRSCWAMPLITUDE	64	67	830	n/a	7.8125
S65-D67	NIRSCWAMPLITUDE	65	67	830	n/a	7.8125
S66-D67	NIRSCWAMPLITUDE	66	67	830	n/a	7.8125
S67-D67	NIRSCWAMPLITUDE	67	67	830	n/a	7.8125
S68-D67	NIRSCWAMPLITUDE	68	67	830	n/a	7.8125
S69-D67	NIRSCWAMPLITUDE	69	67	830	n/a	7.8125
S70-D67	NIRSCWAMPLITUDE	70	67	830	n/a	7.8125
S71-D67	NIRSCWAMPLITUDE	71	67	830	n/a	7.8125
S72-D67	NIRSCWAMPLITUDE	72	67	830	n/a	7.8125
S73-D67	NIRSCWAMPLITUDE	73	67	830	n/a	7.8125
S74-D67	NIRSCWAMPLITUDE	74	67	830	n/a	7.8125
S75-D67	NIRSCWAMPLITUDE	75	67	830	n/a	7.8125
S76-D67	NIRSCWAMPLITUDE	76	67	830	n/a	7.8125
S77-D67	NIRSCWAMPLITUDE	77	67	830	n/a	7.8125
S78-D67	NIRSCWAMPLITUDE	78	67	830	n/a	7.8125
S79-D67	NIRSCWAMPLITUDE	79	67	830	n/a	7.8125
S80-D67	NIRSCWAMPLITUDE	80	67	830	n/a	7.8125
S82-D67	NIRSCWAMPLITUDE	82	67	830	n/a	7.8125
S83-D67	NIRSCWAMPLITUDE	83	67	830	n/a	7.8125
S84-D67	NIRSCWAMPLITUDE	84	67	830	n/a	7.8125
S85-D67	NIRSCWAMPLITUDE	85	67	830	n/a	7.8125
S86-D67	NIRSCWAMPLITUDE	86	67	830	n/a	7.8125
S88-D67	NIRSCWAMPLITUDE	88	67	830	n/a	7.8125
S89-D67	NIRSCWAMPLITUDE	89	67	830	n/a	7.8125
S90-D67	NIRSCWAMPLITUDE	90	67	830	n/a	7.8125
S91-D67	NIRSCWAMPLITUDE	91	67	830	n/a	7.8125
S49-D68	NIRSCWAMPLITUDE	49	68	830	n/a	7.8125
S50-D68	NIRSCWAMPLITUDE	50	68	830	n/a	7.8125
S51-D68	NIRSCWAMPLITUDE	51	68	830	n/a	7.8125
S55-D68	NIRSCWAMPLITUDE	55	68	830	n/a	7.8125
S56-D68	NIRSCWAMPLITUDE	56	68	830	n/a	7.8125
S57-D68	NIRSCWAMPLITUDE	57	68	830	n/a	7.8125
S58-D68	NIRSCWAMPLITUDE	58	68	830	n/a	7.8125
S61-D68	NIRSCWAMPLITUDE	61	68	830	n/a	7.8125
S62-D68	NIRSCWAMPLITUDE	62	68	830	n/a	7.8125
S63-D68	NIRSCWAMPLITUDE	63	68	830	n/a	7.8125
S64-D68	NIRSCWAMPLITUDE	64	68	830	n/a	7.8125
S65-D68	NIRSCWAMPLITUDE	65	68	830	n/a	7.8125
S66-D68	NIRSCWAMPLITUDE	66	68	830	n/a	7.8125
S67-D68	NIRSCWAMPLITUDE	67	68	830	n/a	7.8125
S68-D68	NIRSCWAMPLITUDE	68	68	830	n/a	7.8125
S69-D68	NIRSCWAMPLITUDE	69	68	830	n/a	7.8125
S70-D68	NIRSCWAMPLITUDE	70	68	830	n/a	7.8125
S71-D68	NIRSCWAMPLITUDE	71	68	830	n/a	7.8125
S72-D68	NIRSCWAMPLITUDE	72	68	830	n/a	7.8125
S73-D68	NIRSCWAMPLITUDE	73	68	830	n/a	7.8125
S74-D68	NIRSCWAMPLITUDE	74	68	830	n/a	7.8125
S75-D68	NIRSCWAMPLITUDE	75	68	830	n/a	7.8125
S76-D68	NIRSCWAMPLITUDE	76	68	830	n/a	7.8125
S77-D68	NIRSCWAMPLITUDE	77	68	830	n/a	7.8125
S78-D68	NIRSCWAMPLITUDE	78	68	830	n/a	7.8125
S79-D68	NIRSCWAMPLITUDE	79	68	830	n/a	7.8125
S80-D68	NIRSCWAMPLITUDE	80	68	830	n/a	7.8125
S81-D68	NIRSCWAMPLITUDE	81	68	830	n/a	7.8125
S82-D68	NIRSCWAMPLITUDE	82	68	830	n/a	7.8125
S83-D68	NIRSCWAMPLITUDE	83	68	830	n/a	7.8125
S84-D68	NIRSCWAMPLITUDE	84	68	830	n/a	7.8125
S85-D68	NIRSCWAMPLITUDE	85	68	830	n/a	7.8125
S86-D68	NIRSCWAMPLITUDE	86	68	830	n/a	7.8125
S87-D68	NIRSCWAMPLITUDE	87	68	830	n/a	7.8125
S88-D68	NIRSCWAMPLITUDE	88	68	830	n/a	7.8125
S89-D68	NIRSCWAMPLITUDE	89	68	830	n/a	7.8125
S90-D68	NIRSCWAMPLITUDE	90	68	830	n/a	7.8125
S91-D68	NIRSCWAMPLITUDE	91	68	830	n/a	7.8125
S92-D68	NIRSCWAMPLITUDE	92	68	830	n/a	7.8125
S49-D69	NIRSCWAMPLITUDE	49	69	830	n/a	7.8125
S50-D69	NIRSCWAMPLITUDE	50	69	830	n/a	7.8125
S51-D69	NIRSCWAMPLITUDE	51	69	830	n/a	7.8125
S52-D69	NIRSCWAMPLITUDE	52	69	830	n/a	7.8125
S55-D69	NIRSCWAMPLITUDE	55	69	830	n/a	7.8125
S56-D69	NIRSCWAMPLITUDE	56	69	830	n/a	7.8125
S57-D69	NIRSCWAMPLITUDE	57	69	830	n/a	7.8125
S58-D69	NIRSCWAMPLITUDE	58	69	830	n/a	7.8125
S59-D69	NIRSCWAMPLITUDE	59	69	830	n/a	7.8125
S61-D69	NIRSCWAMPLITUDE	61	69	830	n/a	7.8125
S62-D69	NIRSCWAMPLITUDE	62	69	830	n/a	7.8125
S63-D69	NIRSCWAMPLITUDE	63	69	830	n/a	7.8125
S64-D69	NIRSCWAMPLITUDE	64	69	830	n/a	7.8125
S65-D69	NIRSCWAMPLITUDE	65	69	830	n/a	7.8125
S66-D69	NIRSCWAMPLITUDE	66	69	830	n/a	7.8125
S67-D69	NIRSCWAMPLITUDE	67	69	830	n/a	7.8125
S68-D69	NIRSCWAMPLITUDE	68	69	830	n/a	7.8125
S69-D69	NIRSCWAMPLITUDE	69	69	830	n/a	7.8125
S70-D69	NIRSCWAMPLITUDE	70	69	830	n/a	7.8125
S71-D69	NIRSCWAMPLITUDE	71	69	830	n/a	7.8125
S72-D69	NIRSCWAMPLITUDE	72	69	830	n/a	7.8125
S73-D69	NIRSCWAMPLITUDE	73	69	830	n/a	7.8125
S74-D69	NIRSCWAMPLITUDE	74	69	830	n/a	7.8125
S75-D69	NIRSCWAMPLITUDE	75	69	830	n/a	7.8125
S76-D69	NIRSCWAMPLITUDE	76	69	830	n/a	7.8125
S77-D69	NIRSCWAMPLITUDE	77	69	830	n/a	7.8125
S78-D69	NIRSCWAMPLITUDE	78	69	830	n/a	7.8125
S79-D69	NIRSCWAMPLITUDE	79	69	830	n/a	7.8125
S80-D69	NIRSCWAMPLITUDE	80	69	830	n/a	7.8125
S81-D69	NIRSCWAMPLITUDE	81	69	830	n/a	7.8125
S82-D69	NIRSCWAMPLITUDE	82	69	830	n/a	7.8125
S83-D69	NIRSCWAMPLITUDE	83	69	830	n/a	7.8125
S84-D69	NIRSCWAMPLITUDE	84	69	830	n/a	7.8125
S85-D69	NIRSCWAMPLITUDE	85	69	830	n/a	7.8125
S86-D69	NIRSCWAMPLITUDE	86	69	830	n/a	7.8125
S87-D69	NIRSCWAMPLITUDE	87	69	830	n/a	7.8125
S89-D69	NIRSCWAMPLITUDE	89	69	830	n/a	7.8125
S90-D69	NIRSCWAMPLITUDE	90	69	830	n/a	7.8125
S91-D69	NIRSCWAMPLITUDE	91	69	830	n/a	7.8125
S92-D69	NIRSCWAMPLITUDE	92	69	830	n/a	7.8125
S93-D69	NIRSCWAMPLITUDE	93	69	830	n/a	7.8125
S49-D70	NIRSCWAMPLITUDE	49	70	830	n/a	7.8125
S50-D70	NIRSCWAMPLITUDE	50	70	830	n/a	7.8125
S51-D70	NIRSCWAMPLITUDE	51	70	830	n/a	7.8125
S52-D70	NIRSCWAMPLITUDE	52	70	830	n/a	7.8125
S53-D70	NIRSCWAMPLITUDE	53	70	830	n/a	7.8125
S54-D70	NIRSCWAMPLITUDE	54	70	830	n/a	7.8125
S55-D70	NIRSCWAMPLITUDE	55	70	830	n/a	7.8125
S56-D70	NIRSCWAMPLITUDE	56	70	830	n/a	7.8125
S57-D70	NIRSCWAMPLITUDE	57	70	830	n/a	7.8125
S58-D70	NIRSCWAMPLITUDE	58	70	830	n/a	7.8125
S59-D70	NIRSCWAMPLITUDE	59	70	830	n/a	7.8125
S60-D70	NIRSCWAMPLITUDE	60	70	830	n/a	7.8125
S61-D70	NIRSCWAMPLITUDE	61	70	830	n/a	7.8125
S62-D70	NIRSCWAMPLITUDE	62	70	830	n/a	7.8125
S63-D70	NIRSCWAMPLITUDE	63	70	830	n/a	7.8125
S64-D70	NIRSCWAMPLITUDE	64	70	830	n/a	7.8125
S65-D70	NIRSCWAMPLITUDE	65	70	830	n/a	7.8125
S66-D70	NIRSCWAMPLITUDE	66	70	830	n/a	7.8125
S67-D70	NIRSCWAMPLITUDE	67	70	830	n/a	7.8125
S68-D70	NIRSCWAMPLITUDE	68	70	830	n/a	7.8125
S69-D70	NIRSCWAMPLITUDE	69	70	830	n/a	7.8125
S70-D70	NIRSCWAMPLITUDE	70	70	830	n/a	7.8125
S71-D70	NIRSCWAMPLITUDE	71	70	830	n/a	7.8125
S72-D70	NIRSCWAMPLITUDE	72	70	830	n/a	7.8125
S73-D70	NIRSCWAMPLITUDE	73	70	830	n/a	7.8125
S74-D70	NIRSCWAMPLITUDE	74	70	830	n/a	7.8125
S75-D70	NIRSCWAMPLITUDE	75	70	830	n/a	7.8125
S76-D70	NIRSCWAMPLITUDE	76	70	830	n/a	7.8125
S77-D70	NIRSCWAMPLITUDE	77	70	830	n/a	7.8125
S78-D70	NIRSCWAMPLITUDE	78	70	830	n/a	7.8125
S79-D70	NIRSCWAMPLITUDE	79	70	830	n/a	7.8125
S80-D70	NIRSCWAMPLITUDE	80	70	830	n/a	7.8125
S81-D70	NIRSCWAMPLITUDE	81	70	830	n/a	7.8125
S83-D70	NIRSCWAMPLITUDE	83	70	830	n/a	7.8125
S84-D70	NIRSCWAMPLITUDE	84	70	830	n/a	7.8125
S85-D70	NIRSCWAMPLITUDE	85	70	830	n/a	7.8125
S86-D70	NIRSCWAMPLITUDE	86	70	830	n/a	7.8125
S87-D70	NIRSCWAMPLITUDE	87	70	830	n/a	7.8125
S90-D70	NIRSCWAMPLITUDE	90	70	830	n/a	7.8125
S91-D70	NIRSCWAMPLITUDE	91	70	830	n/a	7.8125
S92-D70	NIRSCWAMPLITUDE	92	70	830	n/a	7.8125
S93-D70	NIRSCWAMPLITUDE	93	70	830	n/a	7.8125
S99-D70	NIRSCWAMPLITUDE	99	70	830	n/a	7.8125
S193-D70	NIRSCWAMPLITUDE	193	70	830	n/a	7.8125
S194-D70	NIRSCWAMPLITUDE	194	70	830	n/a	7.8125
S198-D70	NIRSCWAMPLITUDE	198	70	830	n/a	7.8125
S55-D71	NIRSCWAMPLITUDE	55	71	830	n/a	7.8125
S61-D71	NIRSCWAMPLITUDE	61	71	830	n/a	7.8125
S62-D71	NIRSCWAMPLITUDE	62	71	830	n/a	7.8125
S63-D71	NIRSCWAMPLITUDE	63	71	830	n/a	7.8125
S66-D71	NIRSCWAMPLITUDE	66	71	830	n/a	7.8125
S67-D71	NIRSCWAMPLITUDE	67	71	830	n/a	7.8125
S68-D71	NIRSCWAMPLITUDE	68	71	830	n/a	7.8125
S69-D71	NIRSCWAMPLITUDE	69	71	830	n/a	7.8125
S71-D71	NIRSCWAMPLITUDE	71	71	830	n/a	7.8125
S72-D71	NIRSCWAMPLITUDE	72	71	830	n/a	7.8125
S73-D71	NIRSCWAMPLITUDE	73	71	830	n/a	7.8125
S74-D71	NIRSCWAMPLITUDE	74	71	830	n/a	7.8125
S76-D71	NIRSCWAMPLITUDE	76	71	830	n/a	7.8125
S77-D71	NIRSCWAMPLITUDE	77	71	830	n/a	7.8125
S78-D71	NIRSCWAMPLITUDE	78	71	830	n/a	7.8125
S79-D71	NIRSCWAMPLITUDE	79	71	830	n/a	7.8125
S82-D71	NIRSCWAMPLITUDE	82	71	830	n/a	7.8125
S83-D71	NIRSCWAMPLITUDE	83	71	830	n/a	7.8125
S84-D71	NIRSCWAMPLITUDE	84	71	830	n/a	7.8125
S85-D71	NIRSCWAMPLITUDE	85	71	830	n/a	7.8125
S88-D71	NIRSCWAMPLITUDE	88	71	830	n/a	7.8125
S89-D71	NIRSCWAMPLITUDE	89	71	830	n/a	7.8125
S90-D71	NIRSCWAMPLITUDE	90	71	830	n/a	7.8125
S91-D71	NIRSCWAMPLITUDE	91	71	830	n/a	7.8125
S94-D71	NIRSCWAMPLITUDE	94	71	830	n/a	7.8125
S95-D71	NIRSCWAMPLITUDE	95	71	830	n/a	7.8125
S55-D72	NIRSCWAMPLITUDE	55	72	830	n/a	7.8125
S56-D72	NIRSCWAMPLITUDE	56	72	830	n/a	7.8125
S61-D72	NIRSCWAMPLITUDE	61	72	830	n/a	7.8125
S62-D72	NIRSCWAMPLITUDE	62	72	830	n/a	7.8125
S63-D72	NIRSCWAMPLITUDE	63	72	830	n/a	7.8125
S64-D72	NIRSCWAMPLITUDE	64	72	830	n/a	7.8125
S66-D72	NIRSCWAMPLITUDE	66	72	830	n/a	7.8125
S67-D72	NIRSCWAMPLITUDE	67	72	830	n/a	7.8125
S68-D72	NIRSCWAMPLITUDE	68	72	830	n/a	7.8125
S69-D72	NIRSCWAMPLITUDE	69	72	830	n/a	7.8125
S70-D72	NIRSCWAMPLITUDE	70	72	830	n/a	7.8125
S71-D72	NIRSCWAMPLITUDE	71	72	830	n/a	7.8125
S72-D72	NIRSCWAMPLITUDE	72	72	830	n/a	7.8125
S73-D72	NIRSCWAMPLITUDE	73	72	830	n/a	7.8125
S74-D72	NIRSCWAMPLITUDE	74	72	830	n/a	7.8125
S75-D72	NIRSCWAMPLITUDE	75	72	830	n/a	7.8125
S76-D72	NIRSCWAMPLITUDE	76	72	830	n/a	7.8125
S77-D72	NIRSCWAMPLITUDE	77	72	830	n/a	7.8125
S78-D72	NIRSCWAMPLITUDE	78	72	830	n/a	7.8125
S79-D72	NIRSCWAMPLITUDE	79	72	830	n/a	7.8125
S80-D72	NIRSCWAMPLITUDE	80	72	830	n/a	7.8125
S82-D72	NIRSCWAMPLITUDE	82	72	830	n/a	7.8125
S83-D72	NIRSCWAMPLITUDE	83	72	830	n/a	7.8125
S84-D72	NIRSCWAMPLITUDE	84	72	830	n/a	7.8125
S85-D72	NIRSCWAMPLITUDE	85	72	830	n/a	7.8125
S86-D72	NIRSCWAMPLITUDE	86	72	830	n/a	7.8125
S88-D72	NIRSCWAMPLITUDE	88	72	830	n/a	7.8125
S89-D72	NIRSCWAMPLITUDE	89	72	830	n/a	7.8125
S90-D72	NIRSCWAMPLITUDE	90	72	830	n/a	7.8125
S91-D72	NIRSCWAMPLITUDE	91	72	830	n/a	7.8125
S92-D72	NIRSCWAMPLITUDE	92	72	830	n/a	7.8125
S94-D72	NIRSCWAMPLITUDE	94	72	830	n/a	7.8125
S95-D72	NIRSCWAMPLITUDE	95	72	830	n/a	7.8125
S96-D72	NIRSCWAMPLITUDE	96	72	830	n/a	7.8125
S97-D72	NIRSCWAMPLITUDE	97	72	830	n/a	7.8125
S55-D73	NIRSCWAMPLITUDE	55	73	830	n/a	7.8125
S56-D73	NIRSCWAMPLITUDE	56	73	830	n/a	7.8125
S57-D73	NIRSCWAMPLITUDE	57	73	830	n/a	7.8125
S61-D73	NIRSCWAMPLITUDE	61	73	830	n/a	7.8125
S62-D73	NIRSCWAMPLITUDE	62	73	830	n/a	7.8125
S63-D73	NIRSCWAMPLITUDE	63	73	830	n/a	7.8125
S64-D73	NIRSCWAMPLITUDE	64	73	830	n/a	7.8125
S65-D73	NIRSCWAMPLITUDE	65	73	830	n/a	7.8125
S66-D73	NIRSCWAMPLITUDE	66	73	830	n/a	7.8125
S67-D73	NIRSCWAMPLITUDE	67	73	830	n/a	7.8125
S68-D73	NIRSCWAMPLITUDE	68	73	830	n/a	7.8125
S69-D73	NIRSCWAMPLITUDE	69	73	830	n/a	7.8125
S70-D73	NIRSCWAMPLITUDE	70	73	830	n/a	7.8125
S71-D73	NIRSCWAMPLITUDE	71	73	830	n/a	7.8125
S72-D73	NIRSCWAMPLITUDE	72	73	830	n/a	7.8125
S73-D73	NIRSCWAMPLITUDE	73	73	830	n/a	7.8125
S74-D73	NIRSCWAMPLITUDE	74	73	830	n/a	7.8125
S75-D73	NIRSCWAMPLITUDE	75	73	830	n/a	7.8125
S76-D73	NIRSCWAMPLITUDE	76	73	830	n/a	7.8125
S77-D73	NIRSCWAMPLITUDE	77	73	830	n/a	7.8125
S78-D73	NIRSCWAMPLITUDE	78	73	830	n/a	7.8125
S79-D73	NIRSCWAMPLITUDE	79	73	830	n/a	7.8125
S80-D73	NIRSCWAMPLITUDE	80	73	830	n/a	7.8125
S81-D73	NIRSCWAMPLITUDE	81	73	830	n/a	7.8125
S82-D73	NIRSCWAMPLITUDE	82	73	830	n/a	7.8125
S83-D73	NIRSCWAMPLITUDE	83	73	830	n/a	7.8125
S84-D73	NIRSCWAMPLITUDE	84	73	830	n/a	7.8125
S85-D73	NIRSCWAMPLITUDE	85	73	830	n/a	7.8125
S86-D73	NIRSCWAMPLITUDE	86	73	830	n/a	7.8125
S87-D73	NIRSCWAMPLITUDE	87	73	830	n/a	7.8125
S88-D73	NIRSCWAMPLITUDE	88	73	830	n/a	7.8125
S89-D73	NIRSCWAMPLITUDE	89	73	830	n/a	7.8125
S90-D73	NIRSCWAMPLITUDE	90	73	830	n/a	7.8125
S91-D73	NIRSCWAMPLITUDE	91	73	830	n/a	7.8125
S92-D73	NIRSCWAMPLITUDE	92	73	830	n/a	7.8125
S93-D73	NIRSCWAMPLITUDE	93	73	830	n/a	7.8125
S94-D73	NIRSCWAMPLITUDE	94	73	830	n/a	7.8125
S95-D73	NIRSCWAMPLITUDE	95	73	830	n/a	7.8125
S96-D73	NIRSCWAMPLITUDE	96	73	830	n/a	7.8125
S97-D73	NIRSCWAMPLITUDE	97	73	830	n/a	7.8125
S98-D73	NIRSCWAMPLITUDE	98	73	830	n/a	7.8125
S55-D74	NIRSCWAMPLITUDE	55	74	830	n/a	7.8125
S56-D74	NIRSCWAMPLITUDE	56	74	830	n/a	7.8125
S57-D74	NIRSCWAMPLITUDE	57	74	830	n/a	7.8125
S58-D74	NIRSCWAMPLITUDE	58	74	830	n/a	7.8125
S61-D74	NIRSCWAMPLITUDE	61	74	830	n/a	7.8125
S62-D74	NIRSCWAMPLITUDE	62	74	830	n/a	7.8125
S63-D74	NIRSCWAMPLITUDE	63	74	830	n/a	7.8125
S64-D74	NIRSCWAMPLITUDE	64	74	830	n/a	7.8125
S65-D74	NIRSCWAMPLITUDE	65	74	830	n/a	7.8125
S66-D74	NIRSCWAMPLITUDE	66	74	830	n/a	7.8125
S67-D74	NIRSCWAMPLITUDE	67	74	830	n/a	7.8125
S68-D74	NIRSCWAMPLITUDE	68	74	830	n/a	7.8125
S69-D74	NIRSCWAMPLITUDE	69	74	830	n/a	7.8125
S70-D74	NIRSCWAMPLITUDE	70	74	830	n/a	7.8125
S71-D74	NIRSCWAMPLITUDE	71	74	830	n/a	7.8125
S72-D74	NIRSCWAMPLITUDE	72	74	830	n/a	7.8125
S73-D74	NIRSCWAMPLITUDE	73	74	830	n/a	7.8125
S74-D74	NIRSCWAMPLITUDE	74	74	830	n/a	7.8125
S75-D74	NIRSCWAMPLITUDE	75	74	830	n/a	7.8125
S76-D74	NIRSCWAMPLITUDE	76	74	830	n/a	7.8125
S77-D74	NIRSCWAMPLITUDE	77	74	830	n/a	7.8125
S78-D74	NIRSCWAMPLITUDE	78	74	830	n/a	7.8125
S79-D74	NIRSCWAMPLITUDE	79	74	830	n/a	7.8125
S80-D74	NIRSCWAMPLITUDE	80	74	830	n/a	7.8125
S81-D74	NIRSCWAMPLITUDE	81	74	830	n/a	7.8125
S82-D74	NIRSCWAMPLITUDE	82	74	830	n/a	7.8125
S83-D74	NIRSCWAMPLITUDE	83	74	830	n/a	7.8125
S84-D74	NIRSCWAMPLITUDE	84	74	830	n/a	7.8125
S85-D74	NIRSCWAMPLITUDE	85	74	830	n/a	7.8125
S86-D74	NIRSCWAMPLITUDE	86	74	830	n/a	7.8125
S87-D74	NIRSCWAMPLITUDE	87	74	830	n/a	7.8125
S88-D74	NIRSCWAMPLITUDE	88	74	830	n/a	7.8125
S89-D74	NIRSCWAMPLITUDE	89	74	830	n/a	7.8125
S90-D74	NIRSCWAMPLITUDE	90	74	830	n/a	7.8125
S91-D74	NIRSCWAMPLITUDE	91	74	830	n/a	7.8125
S92-D74	NIRSCWAMPLITUDE	92	74	830	n/a	7.8125
S93-D74	NIRSCWAMPLITUDE	93	74	830	n/a	7.8125
S95-D74	NIRSCWAMPLITUDE	95	74	830	n/a	7.8125
S96-D74	NIRSCWAMPLITUDE	96	74	830	n/a	7.8125
S97-D74	NIRSCWAMPLITUDE	97	74	830	n/a	7.8125
S98-D74	NIRSCWAMPLITUDE	98	74	830	n/a	7.8125
S99-D74	NIRSCWAMPLITUDE	99	74	830	n/a	7.8125
S55-D75	NIRSCWAMPLITUDE	55	75	830	n/a	7.8125
S56-D75	NIRSCWAMPLITUDE	56	75	830	n/a	7.8125
S57-D75	NIRSCWAMPLITUDE	57	75	830	n/a	7.8125
S58-D75	NIRSCWAMPLITUDE	58	75	830	n/a	7.8125
S59-D75	NIRSCWAMPLITUDE	59	75	830	n/a	7.8125
S60-D75	NIRSCWAMPLITUDE	60	75	830	n/a	7.8125
S61-D75	NIRSCWAMPLITUDE	61	75	830	n/a	7.8125
S62-D75	NIRSCWAMPLITUDE	62	75	830	n/a	7.8125
S63-D75	NIRSCWAMPLITUDE	63	75	830	n/a	7.8125
S64-D75	NIRSCWAMPLITUDE	64	75	830	n/a	7.8125
S65-D75	NIRSCWAMPLITUDE	65	75	830	n/a	7.8125
S66-D75	NIRSCWAMPLITUDE	66	75	830	n/a	7.8125
S67-D75	NIRSCWAMPLITUDE	67	75	830	n/a	7.8125
S68-D75	NIRSCWAMPLITUDE	68	75	830	n/a	7.8125
S69-D75	NIRSCWAMPLITUDE	69	75	830	n/a	7.8125
S70-D75	NIRSCWAMPLITUDE	70	75	830	n/a	7.8125
S71-D75	NIRSCWAMPLITUDE	71	75	830	n/a	7.8125
S72-D75	NIRSCWAMPLITUDE	72	75	830	n/a	7.8125
S73-D75	NIRSCWAMPLITUDE	73	75	830	n/a	7.8125
S74-D75	NIRSCWAMPLITUDE	74	75	830	n/a	7.8125
S75-D75	NIRSCWAMPLITUDE	75	75	830	n/a	7.8125
S76-D75	NIRSCWAMPLITUDE	76	75	830	n/a	7.8125
S77-D75	NIRSCWAMPLITUDE	77	75	830	n/a	7.8125
S78-D75	NIRSCWAMPLITUDE	78	75	830	n/a	7.8125
S79-D75	NIRSCWAMPLITUDE	79	75	830	n/a	7.8125
S80-D75	NIRSCWAMPLITUDE	80	75	830	n/a	7.8125
S81-D75	NIRSCWAMPLITUDE	81	75	830	n/a	7.8125
S82-D75	NIRSCWAMPLITUDE	82	75	830	n/a	7.8125
S83-D75	NIRSCWAMPLITUDE	83	75	830	n/a	7.8125
S84-D75	NIRSCWAMPLITUDE	84	75	830	n/a	7.8125
S85-D75	NIRSCWAMPLITUDE	85	75	830	n/a	7.8125
S86-D75	NIRSCWAMPLITUDE	86	75	830	n/a	7.8125
S87-D75	NIRSCWAMPLITUDE	87	75	830	n/a	7.8125
S89-D75	NIRSCWAMPLITUDE	89	75	830	n/a	7.8125
S90-D75	NIRSCWAMPLITUDE	90	75	830	n/a	7.8125
S91-D75	NIRSCWAMPLITUDE	91	75	830	n/a	7.8125
S92-D75	NIRSCWAMPLITUDE	92	75	830	n/a	7.8125
S93-D75	NIRSCWAMPLITUDE	93	75	830	n/a	7.8125
S96-D75	NIRSCWAMPLITUDE	96	75	830	n/a	7.8125
S97-D75	NIRSCWAMPLITUDE	97	75	830	n/a	7.8125
S98-D75	NIRSCWAMPLITUDE	98	75	830	n/a	7.8125
S99-D75	NIRSCWAMPLITUDE	99	75	830	n/a	7.8125
S105-D75	NIRSCWAMPLITUDE	105	75	830	n/a	7.8125
S193-D75	NIRSCWAMPLITUDE	193	75	830	n/a	7.8125
S194-D75	NIRSCWAMPLITUDE	194	75	830	n/a	7.8125
S198-D75	NIRSCWAMPLITUDE	198	75	830	n/a	7.8125
S208-D75	NIRSCWAMPLITUDE	208	75	830	n/a	7.8125
S56-D76	NIRSCWAMPLITUDE	56	76	830	n/a	7.8125
S57-D76	NIRSCWAMPLITUDE	57	76	830	n/a	7.8125
S58-D76	NIRSCWAMPLITUDE	58	76	830	n/a	7.8125
S59-D76	NIRSCWAMPLITUDE	59	76	830	n/a	7.8125
S60-D76	NIRSCWAMPLITUDE	60	76	830	n/a	7.8125
S62-D76	NIRSCWAMPLITUDE	62	76	830	n/a	7.8125
S63-D76	NIRSCWAMPLITUDE	63	76	830	n/a	7.8125
S64-D76	NIRSCWAMPLITUDE	64	76	830	n/a	7.8125
S65-D76	NIRSCWAMPLITUDE	65	76	830	n/a	7.8125
S67-D76	NIRSCWAMPLITUDE	67	76	830	n/a	7.8125
S68-D76	NIRSCWAMPLITUDE	68	76	830	n/a	7.8125
S69-D76	NIRSCWAMPLITUDE	69	76	830	n/a	7.8125
S70-D76	NIRSCWAMPLITUDE	70	76	830	n/a	7.8125
S72-D76	NIRSCWAMPLITUDE	72	76	830	n/a	7.8125
S73-D76	NIRSCWAMPLITUDE	73	76	830	n/a	7.8125
S74-D76	NIRSCWAMPLITUDE	74	76	830	n/a	7.8125
S75-D76	NIRSCWAMPLITUDE	75	76	830	n/a	7.8125
S77-D76	NIRSCWAMPLITUDE	77	76	830	n/a	7.8125
S78-D76	NIRSCWAMPLITUDE	78	76	830	n/a	7.8125
S79-D76	NIRSCWAMPLITUDE	79	76	830	n/a	7.8125
S80-D76	NIRSCWAMPLITUDE	80	76	830	n/a	7.8125
S81-D76	NIRSCWAMPLITUDE	81	76	830	n/a	7.8125
S83-D76	NIRSCWAMPLITUDE	83	76	830	n/a	7.8125
S84-D76	NIRSCWAMPLITUDE	84	76	830	n/a	7.8125
S85-D76	NIRSCWAMPLITUDE	85	76	830	n/a	7.8125
S86-D76	NIRSCWAMPLITUDE	86	76	830	n/a	7.8125
S87-D76	NIRSCWAMPLITUDE	87	76	830	n/a	7.8125
S90-D76	NIRSCWAMPLITUDE	90	76	830	n/a	7.8125
S91-D76	NIRSCWAMPLITUDE	91	76	830	n/a	7.8125
S92-D76	NIRSCWAMPLITUDE	92	76	830	n/a	7.8125
S93-D76	NIRSCWAMPLITUDE	93	76	830	n/a	7.8125
S97-D76	NIRSCWAMPLITUDE	97	76	830	n/a	7.8125
S98-D76	NIRSCWAMPLITUDE	98	76	830	n/a	7.8125
S99-D76	NIRSCWAMPLITUDE	99	76	830	n/a	7.8125
S104-D76	NIRSCWAMPLITUDE	104	76	830	n/a	7.8125
S105-D76	NIRSCWAMPLITUDE	105	76	830	n/a	7.8125
S193-D76	NIRSCWAMPLITUDE	193	76	830	n/a	7.8125
S194-D76	NIRSCWAMPLITUDE	194	76	830	n/a	7.8125
S195-D76	NIRSCWAMPLITUDE	195	76	830	n/a	7.8125
S198-D76	NIRSCWAMPLITUDE	198	76	830	n/a	7.8125
S199-D76	NIRSCWAMPLITUDE	199	76	830	n/a	7.8125
S208-D76	NIRSCWAMPLITUDE	208	76	830	n/a	7.8125
S209-D76	NIRSCWAMPLITUDE	209	76	830	n/a	7.8125
S219-D76	NIRSCWAMPLITUDE	219	76	830	n/a	7.8125
S220-D76	NIRSCWAMPLITUDE	220	76	830	n/a	7.8125
S61-D77	NIRSCWAMPLITUDE	61	77	830	n/a	7.8125
S62-D77	NIRSCWAMPLITUDE	62	77	830	n/a	7.8125
S66-D77	NIRSCWAMPLITUDE	66	77	830	n/a	7.8125
S67-D77	NIRSCWAMPLITUDE	67	77	830	n/a	7.8125
S68-D77	NIRSCWAMPLITUDE	68	77	830	n/a	7.8125
S71-D77	NIRSCWAMPLITUDE	71	77	830	n/a	7.8125
S72-D77	NIRSCWAMPLITUDE	72	77	830	n/a	7.8125
S73-D77	NIRSCWAMPLITUDE	73	77	830	n/a	7.8125
S74-D77	NIRSCWAMPLITUDE	74	77	830	n/a	7.8125
S76-D77	NIRSCWAMPLITUDE	76	77	830	n/a	7.8125
S77-D77	NIRSCWAMPLITUDE	77	77	830	n/a	7.8125
S78-D77	NIRSCWAMPLITUDE	78	77	830	n/a	7.8125
S79-D77	NIRSCWAMPLITUDE	79	77	830	n/a	7.8125
S82-D77	NIRSCWAMPLITUDE	82	77	830	n/a	7.8125
S83-D77	NIRSCWAMPLITUDE	83	77	830	n/a	7.8125
S84-D77	NIRSCWAMPLITUDE	84	77	830	n/a	7.8125
S85-D77	NIRSCWAMPLITUDE	85	77	830	n/a	7.8125
S88-D77	NIRSCWAMPLITUDE	88	77	830	n/a	7.8125
S89-D77	NIRSCWAMPLITUDE	89	77	830	n/a	7.8125
S90-D77	NIRSCWAMPLITUDE	90	77	830	n/a	7.8125
S91-D77	NIRSCWAMPLITUDE	91	77	830	n/a	7.8125
S94-D77	NIRSCWAMPLITUDE	94	77	830	n/a	7.8125
S95-D77	NIRSCWAMPLITUDE	95	77	830	n/a	7.8125
S96-D77	NIRSCWAMPLITUDE	96	77	830	n/a	7.8125
S97-D77	NIRSCWAMPLITUDE	97	77	830	n/a	7.8125
S100-D77	NIRSCWAMPLITUDE	100	77	830	n/a	7.8125
S101-D77	NIRSCWAMPLITUDE	101	77	830	n/a	7.8125
S61-D78	NIRSCWAMPLITUDE	61	78	830	n/a	7.8125
S62-D78	NIRSCWAMPLITUDE	62	78	830	n/a	7.8125
S63-D78	NIRSCWAMPLITUDE	63	78	830	n/a	7.8125
S66-D78	NIRSCWAMPLITUDE	66	78	830	n/a	7.8125
S67-D78	NIRSCWAMPLITUDE	67	78	830	n/a	7.8125
S68-D78	NIRSCWAMPLITUDE	68	78	830	n/a	7.8125
S69-D78	NIRSCWAMPLITUDE	69	78	830	n/a	7.8125
S71-D78	NIRSCWAMPLITUDE	71	78	830	n/a	7.8125
S72-D78	NIRSCWAMPLITUDE	72	78	830	n/a	7.8125
S73-D78	NIRSCWAMPLITUDE	73	78	830	n/a	7.8125
S74-D78	NIRSCWAMPLITUDE	74	78	830	n/a	7.8125
S75-D78	NIRSCWAMPLITUDE	75	78	830	n/a	7.8125
S76-D78	NIRSCWAMPLITUDE	76	78	830	n/a	7.8125
S77-D78	NIRSCWAMPLITUDE	77	78	830	n/a	7.8125
S78-D78	NIRSCWAMPLITUDE	78	78	830	n/a	7.8125
S79-D78	NIRSCWAMPLITUDE	79	78	830	n/a	7.8125
S80-D78	NIRSCWAMPLITUDE	80	78	830	n/a	7.8125
S82-D78	NIRSCWAMPLITUDE	82	78	830	n/a	7.8125
S83-D78	NIRSCWAMPLITUDE	83	78	830	n/a	7.8125
S84-D78	NIRSCWAMPLITUDE	84	78	830	n/a	7.8125
S85-D78	NIRSCWAMPLITUDE	85	78	830	n/a	7.8125
S86-D78	NIRSCWAMPLITUDE	86	78	830	n/a	7.8125
S88-D78	NIRSCWAMPLITUDE	88	78	830	n/a	7.8125
S89-D78	NIRSCWAMPLITUDE	89	78	830	n/a	7.8125
S90-D78	NIRSCWAMPLITUDE	90	78	830	n/a	7.8125
S91-D78	NIRSCWAMPLITUDE	91	78	830	n/a	7.8125
S92-D78	NIRSCWAMPLITUDE	92	78	830	n/a	7.8125
S94-D78	NIRSCWAMPLITUDE	94	78	830	n/a	7.8125
S95-D78	NIRSCWAMPLITUDE	95	78	830	n/a	7.8125
S96-D78	NIRSCWAMPLITUDE	96	78	830	n/a	7.8125
S97-D78	NIRSCWAMPLITUDE	97	78	830	n/a	7.8125
S98-D78	NIRSCWAMPLITUDE	98	78	830	n/a	7.8125
S100-D78	NIRSCWAMPLITUDE	100	78	830	n/a	7.8125
S101-D78	NIRSCWAMPLITUDE	101	78	830	n/a	7.8125
S102-D78	NIRSCWAMPLITUDE	102	78	830	n/a	7.8125
S61-D79	NIRSCWAMPLITUDE	61	79	830	n/a	7.8125
S62-D79	NIRSCWAMPLITUDE	62	79	830	n/a	7.8125
S63-D79	NIRSCWAMPLITUDE	63	79	830	n/a	7.8125
S64-D79	NIRSCWAMPLITUDE	64	79	830	n/a	7.8125
S66-D79	NIRSCWAMPLITUDE	66	79	830	n/a	7.8125
S67-D79	NIRSCWAMPLITUDE	67	79	830	n/a	7.8125
S68-D79	NIRSCWAMPLITUDE	68	79	830	n/a	7.8125
S69-D79	NIRSCWAMPLITUDE	69	79	830	n/a	7.8125
S70-D79	NIRSCWAMPLITUDE	70	79	830	n/a	7.8125
S71-D79	NIRSCWAMPLITUDE	71	79	830	n/a	7.8125
S72-D79	NIRSCWAMPLITUDE	72	79	830	n/a	7.8125
S73-D79	NIRSCWAMPLITUDE	73	79	830	n/a	7.8125
S74-D79	NIRSCWAMPLITUDE	74	79	830	n/a	7.8125
S75-D79	NIRSCWAMPLITUDE	75	79	830	n/a	7.8125
S76-D79	NIRSCWAMPLITUDE	76	79	830	n/a	7.8125
S77-D79	NIRSCWAMPLITUDE	77	79	830	n/a	7.8125
S78-D79	NIRSCWAMPLITUDE	78	79	830	n/a	7.8125
S79-D79	NIRSCWAMPLITUDE	79	79	830	n/a	7.8125
S80-D79	NIRSCWAMPLITUDE	80	79	830	n/a	7.8125
S81-D79	NIRSCWAMPLITUDE	81	79	830	n/a	7.8125
S82-D79	NIRSCWAMPLITUDE	82	79	830	n/a	7.8125
S83-D79	NIRSCWAMPLITUDE	83	79	830	n/a	7.8125
S84-D79	NIRSCWAMPLITUDE	84	79	830	n/a	7.8125
S85-D79	NIRSCWAMPLITUDE	85	79	830	n/a	7.8125
S86-D79	NIRSCWAMPLITUDE	86	79	830	n/a	7.8125
S87-D79	NIRSCWAMPLITUDE	87	79	830	n/a	7.8125
S88-D79	NIRSCWAMPLITUDE	88	79	830	n/a	7.8125
S89-D79	NIRSCWAMPLITUDE	89	79	830	n/a	7.8125
S90-D79	NIRSCWAMPLITUDE	90	79	830	n/a	7.8125
S91-D79	NIRSCWAMPLITUDE	91	79	830	n/a	7.8125
S92-D79	NIRSCWAMPLITUDE	92	79	830	n/a	7.8125
S93-D79	NIRSCWAMPLITUDE	93	79	830	n/a	7.8125
S94-D79	NIRSCWAMPLITUDE	94	79	830	n/a	7.8125
S95-D79	NIRSCWAMPLITUDE	95	79	830	n/a	7.8125
S96-D79	NIRSCWAMPLITUDE	96	79	830	n/a	7.8125
S97-D79	NIRSCWAMPLITUDE	97	79	830	n/a	7.8125
S98-D79	NIRSCWAMPLITUDE	98	79	830	n/a	7.8125
S99-D79	NIRSCWAMPLITUDE	99	79	830	n/a	7.8125
S100-D79	NIRSCWAMPLITUDE	100	79	830	n/a	7.8125
S101-D79	NIRSCWAMPLITUDE	101	79	830	n/a	7.8125
S102-D79	NIRSCWAMPLITUDE	102	79	830	n/a	7.8125
S103-D79	NIRSCWAMPLITUDE	103	79	830	n/a	7.8125
S104-D79	NIRSCWAMPLITUDE	104	79	830	n/a	7.8125
S61-D80	NIRSCWAMPLITUDE	61	80	830	n/a	7.8125
S62-D80	NIRSCWAMPLITUDE	62	80	830	n/a	7.8125
S63-D80	NIRSCWAMPLITUDE	63	80	830	n/a	7.8125
S64-D80	NIRSCWAMPLITUDE	64	80	830	n/a	7.8125
S65-D80	NIRSCWAMPLITUDE	65	80	830	n/a	7.8125
S66-D80	NIRSCWAMPLITUDE	66	80	830	n/a	7.8125
S67-D80	NIRSCWAMPLITUDE	67	80	830	n/a	7.8125
S68-D80	NIRSCWAMPLITUDE	68	80	830	n/a	7.8125
S69-D80	NIRSCWAMPLITUDE	69	80	830	n/a	7.8125
S70-D80	NIRSCWAMPLITUDE	70	80	830	n/a	7.8125
S71-D80	NIRSCWAMPLITUDE	71	80	830	n/a	7.8125
S72-D80	NIRSCWAMPLITUDE	72	80	830	n/a	7.8125
S73-D80	NIRSCWAMPLITUDE	73	80	830	n/a	7.8125
S74-D80	NIRSCWAMPLITUDE	74	80	830	n/a	7.8125
S75-D80	NIRSCWAMPLITUDE	75	80	830	n/a	7.8125
S76-D80	NIRSCWAMPLITUDE	76	80	830	n/a	7.8125
S77-D80	NIRSCWAMPLITUDE	77	80	830	n/a	7.8125
S78-D80	NIRSCWAMPLITUDE	78	80	830	n/a	7.8125
S79-D80	NIRSCWAMPLITUDE	79	80	830	n/a	7.8125
S80-D80	NIRSCWAMPLITUDE	80	80	830	n/a	7.8125
S81-D80	NIRSCWAMPLITUDE	81	80	830	n/a	7.8125
S82-D80	NIRSCWAMPLITUDE	82	80	830	n/a	7.8125
S83-D80	NIRSCWAMPLITUDE	83	80	830	n/a	7.8125
S84-D80	NIRSCWAMPLITUDE	84	80	830	n/a	7.8125
S85-D80	NIRSCWAMPLITUDE	85	80	830	n/a	7.8125
S86-D80	NIRSCWAMPLITUDE	86	80	830	n/a	7.8125
S87-D80	NIRSCWAMPLITUDE	87	80	830	n/a	7.8125
S88-D80	NIRSCWAMPLITUDE	88	80	830	n/a	7.8125
S89-D80	NIRSCWAMPLITUDE	89	80	830	n/a	7.8125
S90-D80	NIRSCWAMPLITUDE	90	80	830	n/a	7.8125
S91-D80	NIRSCWAMPLITUDE	91	80	830	n/a	7.8125
S92-D80	NIRSCWAMPLITUDE	92	80	830	n/a	7.8125
S93-D80	NIRSCWAMPLITUDE	93	80	830	n/a	7.8125
S94-D80	NIRSCWAMPLITUDE	94	80	830	n/a	7.8125
S95-D80	NIRSCWAMPLITUDE	95	80	830	n/a	7.8125
S96-D80	NIRSCWAMPLITUDE	96	80	830	n/a	7.8125
S97-D80	NIRSCWAMPLITUDE	97	80	830	n/a	7.8125
S98-D80	NIRSCWAMPLITUDE	98	80	830	n/a	7.8125
S99-D80	NIRSCWAMPLITUDE	99	80	830	n/a	7.8125
S101-D80	NIRSCWAMPLITUDE	101	80	830	n/a	7.8125
S102-D80	NIRSCWAMPLITUDE	102	80	830	n/a	7.8125
S103-D80	NIRSCWAMPLITUDE	103	80	830	n/a	7.8125
S104-D80	NIRSCWAMPLITUDE	104	80	830	n/a	7.8125
S105-D80	NIRSCWAMPLITUDE	105	80	830	n/a	7.8125
S193-D80	NIRSCWAMPLITUDE	193	80	830	n/a	7.8125
S62-D81	NIRSCWAMPLITUDE	62	81	830	n/a	7.8125
S63-D81	NIRSCWAMPLITUDE	63	81	830	n/a	7.8125
S64-D81	NIRSCWAMPLITUDE	64	81	830	n/a	7.8125
S65-D81	NIRSCWAMPLITUDE	65	81	830	n/a	7.8125
S66-D81	NIRSCWAMPLITUDE	66	81	830	n/a	7.8125
S67-D81	NIRSCWAMPLITUDE	67	81	830	n/a	7.8125
S68-D81	NIRSCWAMPLITUDE	68	81	830	n/a	7.8125
S69-D81	NIRSCWAMPLITUDE	69	81	830	n/a	7.8125
S70-D81	NIRSCWAMPLITUDE	70	81	830	n/a	7.8125
S71-D81	NIRSCWAMPLITUDE	71	81	830	n/a	7.8125
S72-D81	NIRSCWAMPLITUDE	72	81	830	n/a	7.8125
S73-D81	NIRSCWAMPLITUDE	73	81	830	n/a	7.8125
S74-D81	NIRSCWAMPLITUDE	74	81	830	n/a	7.8125
S75-D81	NIRSCWAMPLITUDE	75	81	830	n/a	7.8125
S76-D81	NIRSCWAMPLITUDE	76	81	830	n/a	7.8125
S77-D81	NIRSCWAMPLITUDE	77	81	830	n/a	7.8125
S78-D81	NIRSCWAMPLITUDE	78	81	830	n/a	7.8125
S79-D81	NIRSCWAMPLITUDE	79	81	830	n/a	7.8125
S80-D81	NIRSCWAMPLITUDE	80	81	830	n/a	7.8125
S81-D81	NIRSCWAMPLITUDE	81	81	830	n/a	7.8125
S82-D81	NIRSCWAMPLITUDE	82	81	830	n/a	7.8125
S83-D81	NIRSCWAMPLITUDE	83	81	830	n/a	7.8125
S84-D81	NIRSCWAMPLITUDE	84	81	830	n/a	7.8125
S85-D81	NIRSCWAMPLITUDE	85	81	830	n/a	7.8125
S86-D81	NIRSCWAMPLITUDE	86	81	830	n/a	7.8125
S87-D81	NIRSCWAMPLITUDE	87	81	830	n/a	7.8125
S88-D81	NIRSCWAMPLITUDE	88	81	830	n/a	7.8125
S89-D81	NIRSCWAMPLITUDE	89	81	830	n/a	7.8125
S90-D81	NIRSCWAMPLITUDE	90	81	830	n/a	7.8125
S91-D81	NIRSCWAMPLITUDE	91	81	830	n/a	7.8125
S92-D81	NIRSCWAMPLITUDE	92	81	830	n/a	7.8125
S93-D81	NIRSCWAMPLITUDE	93	81	830	n/a	7.8125
S95-D81	NIRSCWAMPLITUDE	95	81	830	n/a	7.8125
S96-D81	NIRSCWAMPLITUDE	96	81	830	n/a	7.8125
S97-D81	NIRSCWAMPLITUDE	97	81	830	n/a	7.8125
S98-D81	NIRSCWAMPLITUDE	98	81	830	n/a	7.8125
S99-D81	NIRSCWAMPLITUDE	99	81	830	n/a	7.8125
S102-D81	NIRSCWAMPLITUDE	102	81	830	n/a	7.8125
S103-D81	NIRSCWAMPLITUDE	103	81	830	n/a	7.8125
S104-D81	NIRSCWAMPLITUDE	104	81	830	n/a	7.8125
S105-D81	NIRSCWAMPLITUDE	105	81	830	n/a	7.8125
S111-D81	NIRSCWAMPLITUDE	111	81	830	n/a	7.8125
S193-D81	NIRSCWAMPLITUDE	193	81	830	n/a	7.8125
S198-D81	NIRSCWAMPLITUDE	198	81	830	n/a	7.8125
S208-D81	NIRSCWAMPLITUDE	208	81	830	n/a	7.8125
S219-D81	NIRSCWAMPLITUDE	219	81	830	n/a	7.8125
S59-D82	NIRSCWAMPLITUDE	59	82	830	n/a	7.8125
S60-D82	NIRSCWAMPLITUDE	60	82	830	n/a	7.8125
S63-D82	NIRSCWAMPLITUDE	63	82	830	n/a	7.8125
S64-D82	NIRSCWAMPLITUDE	64	82	830	n/a	7.8125
S65-D82	NIRSCWAMPLITUDE	65	82	830	n/a	7.8125
S67-D82	NIRSCWAMPLITUDE	67	82	830	n/a	7.8125
S68-D82	NIRSCWAMPLITUDE	68	82	830	n/a	7.8125
S69-D82	NIRSCWAMPLITUDE	69	82	830	n/a	7.8125
S70-D82	NIRSCWAMPLITUDE	70	82	830	n/a	7.8125
S72-D82	NIRSCWAMPLITUDE	72	82	830	n/a	7.8125
S73-D82	NIRSCWAMPLITUDE	73	82	830	n/a	7.8125
S74-D82	NIRSCWAMPLITUDE	74	82	830	n/a	7.8125
S75-D82	NIRSCWAMPLITUDE	75	82	830	n/a	7.8125
S77-D82	NIRSCWAMPLITUDE	77	82	830	n/a	7.8125
S78-D82	NIRSCWAMPLITUDE	78	82	830	n/a	7.8125
S79-D82	NIRSCWAMPLITUDE	79	82	830	n/a	7.8125
S80-D82	NIRSCWAMPLITUDE	80	82	830	n/a	7.8125
S81-D82	NIRSCWAMPLITUDE	81	82	830	n/a	7.8125
S83-D82	NIRSCWAMPLITUDE	83	82	830	n/a	7.8125
S84-D82	NIRSCWAMPLITUDE	84	82	830	n/a	7.8125
S85-D82	NIRSCWAMPLITUDE	85	82	830	n/a	7.8125
S86-D82	NIRSCWAMPLITUDE	86	82	830	n/a	7.8125
S87-D82	NIRSCWAMPLITUDE	87	82	830	n/a	7.8125
S89-D82	NIRSCWAMPLITUDE	89	82	830	n/a	7.8125
S90-D82	NIRSCWAMPLITUDE	90	82	830	n/a	7.8125
S91-D82	NIRSCWAMPLITUDE	91	82	830	n/a	7.8125
S92-D82	NIRSCWAMPLITUDE	92	82	830	n/a	7.8125
S93-D82	NIRSCWAMPLITUDE	93	82	830	n/a	7.8125
S95-D82	NIRSCWAMPLITUDE	95	82	830	n/a	7.8125
S96-D82	NIRSCWAMPLITUDE	96	82	830	n/a	7.8125
S97-D82	NIRSCWAMPLITUDE	97	82	830	n/a	7.8125
S98-D82	NIRSCWAMPLITUDE	98	82	830	n/a	7.8125
S99-D82	NIRSCWAMPLITUDE	99	82	830	n/a	7.8125
S102-D82	NIRSCWAMPLITUDE	102	82	830	n/a	7.8125
S103-D82	NIRSCWAMPLITUDE	103	82	830	n/a	7.8125
S104-D82	NIRSCWAMPLITUDE	104	82	830	n/a	7.8125
S105-D82	NIRSCWAMPLITUDE	105	82	830	n/a	7.8125
S110-D82	NIRSCWAMPLITUDE	110	82	830	n/a	7.8125
S111-D82	NIRSCWAMPLITUDE	111	82	830	n/a	7.8125
S193-D82	NIRSCWAMPLITUDE	193	82	830	n/a	7.8125
S194-D82	NIRSCWAMPLITUDE	194	82	830	n/a	7.8125
S198-D82	NIRSCWAMPLITUDE	198	82	830	n/a	7.8125
S199-D82	NIRSCWAMPLITUDE	199	82	830	n/a	7.8125
S208-D82	NIRSCWAMPLITUDE	208	82	830	n/a	7.8125
S209-D82	NIRSCWAMPLITUDE	209	82	830	n/a	7.8125
S219-D82	NIRSCWAMPLITUDE	219	82	830	n/a	7.8125
S220-D82	NIRSCWAMPLITUDE	220	82	830	n/a	7.8125
S251-D82	NIRSCWAMPLITUDE	251	82	830	n/a	7.8125
S66-D83	NIRSCWAMPLITUDE	66	83	830	n/a	7.8125
S67-D83	NIRSCWAMPLITUDE	67	83	830	n/a	7.8125
S71-D83	NIRSCWAMPLITUDE	71	83	830	n/a	7.8125
S72-D83	NIRSCWAMPLITUDE	72	83	830	n/a	7.8125
S73-D83	NIRSCWAMPLITUDE	73	83	830	n/a	7.8125
S76-D83	NIRSCWAMPLITUDE	76	83	830	n/a	7.8125
S77-D83	NIRSCWAMPLITUDE	77	83	830	n/a	7.8125
S78-D83	NIRSCWAMPLITUDE	78	83	830	n/a	7.8125
S79-D83	NIRSCWAMPLITUDE	79	83	830	n/a	7.8125
S82-D83	NIRSCWAMPLITUDE	82	83	830	n/a	7.8125
S83-D83	NIRSCWAMPLITUDE	83	83	830	n/a	7.8125
S84-D83	NIRSCWAMPLITUDE	84	83	830	n/a	7.8125
S85-D83	NIRSCWAMPLITUDE	85	83	830	n/a	7.8125
S88-D83	NIRSCWAMPLITUDE	88	83	830	n/a	7.8125
S89-D83	NIRSCWAMPLITUDE	89	83	830	n/a	7.8125
S90-D83	NIRSCWAMPLITUDE	90	83	830	n/a	7.8125
S91-D83	NIRSCWAMPLITUDE	91	83	830	n/a	7.8125
S94-D83	NIRSCWAMPLITUDE	94	83	830	n/a	7.8125
S95-D83	NIRSCWAMPLITUDE	95	83	830	n/a	7.8125
S96-D83	NIRSCWAMPLITUDE	96	83	830	n/a	7.8125
S97-D83	NIRSCWAMPLITUDE	97	83	830	n/a	7.8125
S100-D83	NIRSCWAMPLITUDE	100	83	830	n/a	7.8125
S101-D83	NIRSCWAMPLITUDE	101	83	830	n/a	7.8125
S102-D83	NIRSCWAMPLITUDE	102	83	830	n/a	7.8125
S106-D83	NIRSCWAMPLITUDE	106	83	830	n/a	7.8125
S107-D83	NIRSCWAMPLITUDE	107	83	830	n/a	7.8125
S66-D84	NIRSCWAMPLITUDE	66	84	830	n/a	7.8125
S67-D84	NIRSCWAMPLITUDE	67	84	830	n/a	7.8125
S68-D84	NIRSCWAMPLITUDE	68	84	830	n/a	7.8125
S71-D84	NIRSCWAMPLITUDE	71	84	830	n/a	7.8125
S72-D84	NIRSCWAMPLITUDE	72	84	830	n/a	7.8125
S73-D84	NIRSCWAMPLITUDE	73	84	830	n/a	7.8125
S74-D84	NIRSCWAMPLITUDE	74	84	830	n/a	7.8125
S76-D84	NIRSCWAMPLITUDE	76	84	830	n/a	7.8125
S77-D84	NIRSCWAMPLITUDE	77	84	830	n/a	7.8125
S78-D84	NIRSCWAMPLITUDE	78	84	830	n/a	7.8125
S79-D84	NIRSCWAMPLITUDE	79	84	830	n/a	7.8125
S80-D84	NIRSCWAMPLITUDE	80	84	830	n/a	7.8125
S82-D84	NIRSCWAMPLITUDE	82	84	830	n/a	7.8125
S83-D84	NIRSCWAMPLITUDE	83	84	830	n/a	7.8125
S84-D84	NIRSCWAMPLITUDE	84	84	830	n/a	7.8125
S85-D84	NIRSCWAMPLITUDE	85	84	830	n/a	7.8125
S86-D84	NIRSCWAMPLITUDE	86	84	830	n/a	7.8125
S88-D84	NIRSCWAMPLITUDE	88	84	830	n/a	7.8125
S89-D84	NIRSCWAMPLITUDE	89	84	830	n/a	7.8125
S90-D84	NIRSCWAMPLITUDE	90	84	830	n/a	7.8125
S91-D84	NIRSCWAMPLITUDE	91	84	830	n/a	7.8125
S92-D84	NIRSCWAMPLITUDE	92	84	830	n/a	7.8125
S94-D84	NIRSCWAMPLITUDE	94	84	830	n/a	7.8125
S95-D84	NIRSCWAMPLITUDE	95	84	830	n/a	7.8125
S96-D84	NIRSCWAMPLITUDE	96	84	830	n/a	7.8125
S97-D84	NIRSCWAMPLITUDE	97	84	830	n/a	7.8125
S98-D84	NIRSCWAMPLITUDE	98	84	830	n/a	7.8125
S100-D84	NIRSCWAMPLITUDE	100	84	830	n/a	7.8125
S101-D84	NIRSCWAMPLITUDE	101	84	830	n/a	7.8125
S102-D84	NIRSCWAMPLITUDE	102	84	830	n/a	7.8125
S103-D84	NIRSCWAMPLITUDE	103	84	830	n/a	7.8125
S104-D84	NIRSCWAMPLITUDE	104	84	830	n/a	7.8125
S106-D84	NIRSCWAMPLITUDE	106	84	830	n/a	7.8125
S107-D84	NIRSCWAMPLITUDE	107	84	830	n/a	7.8125
S108-D84	NIRSCWAMPLITUDE	108	84	830	n/a	7.8125
S66-D85	NIRSCWAMPLITUDE	66	85	830	n/a	7.8125
S67-D85	NIRSCWAMPLITUDE	67	85	830	n/a	7.8125
S68-D85	NIRSCWAMPLITUDE	68	85	830	n/a	7.8125
S69-D85	NIRSCWAMPLITUDE	69	85	830	n/a	7.8125
S71-D85	NIRSCWAMPLITUDE	71	85	830	n/a	7.8125
S72-D85	NIRSCWAMPLITUDE	72	85	830	n/a	7.8125
S73-D85	NIRSCWAMPLITUDE	73	85	830	n/a	7.8125
S74-D85	NIRSCWAMPLITUDE	74	85	830	n/a	7.8125
S75-D85	NIRSCWAMPLITUDE	75	85	830	n/a	7.8125
S76-D85	NIRSCWAMPLITUDE	76	85	830	n/a	7.8125
S77-D85	NIRSCWAMPLITUDE	77	85	830	n/a	7.8125
S78-D85	NIRSCWAMPLITUDE	78	85	830	n/a	7.8125
S79-D85	NIRSCWAMPLITUDE	79	85	830	n/a	7.8125
S80-D85	NIRSCWAMPLITUDE	80	85	830	n/a	7.8125
S81-D85	NIRSCWAMPLITUDE	81	85	830	n/a	7.8125
S82-D85	NIRSCWAMPLITUDE	82	85	830	n/a	7.8125
S83-D85	NIRSCWAMPLITUDE	83	85	830	n/a	7.8125
S84-D85	NIRSCWAMPLITUDE	84	85	830	n/a	7.8125
S85-D85	NIRSCWAMPLITUDE	85	85	830	n/a	7.8125
S86-D85	NIRSCWAMPLITUDE	86	85	830	n/a	7.8125
S87-D85	NIRSCWAMPLITUDE	87	85	830	n/a	7.8125
S88-D85	NIRSCWAMPLITUDE	88	85	830	n/a	7.8125
S89-D85	NIRSCWAMPLITUDE	89	85	830	n/a	7.8125
S90-D85	NIRSCWAMPLITUDE	90	85	830	n/a	7.8125
S91-D85	NIRSCWAMPLITUDE	91	85	830	n/a	7.8125
S92-D85	NIRSCWAMPLITUDE	92	85	830	n/a	7.8125
S93-D85	NIRSCWAMPLITUDE	93	85	830	n/a	7.8125
S94-D85	NIRSCWAMPLITUDE	94	85	830	n/a	7.8125
S95-D85	NIRSCWAMPLITUDE	95	85	830	n/a	7.8125
S96-D85	NIRSCWAMPLITUDE	96	85	830	n/a	7.8125
S97-D85	NIRSCWAMPLITUDE	97	85	830	n/a	7.8125
S98-D85	NIRSCWAMPLITUDE	98	85	830	n/a	7.8125
S99-D85	NIRSCWAMPLITUDE	99	85	830	n/a	7.8125
S100-D85	NIRSCWAMPLITUDE	100	85	830	n/a	7.8125
S101-D85	NIRSCWAMPLITUDE	101	85	830	n/a	7.8125
S102-D85	NIRSCWAMPLITUDE	102	85	830	n/a	7.8125
S103-D85	NIRSCWAMPLITUDE	103	85	830	n/a	7.8125
S104-D85	NIRSCWAMPLITUDE	104	85	830	n/a	7.8125
S105-D85	NIRSCWAMPLITUDE	105	85	830	n/a	7.8125
S106-D85	NIRSCWAMPLITUDE	106	85	830	n/a	7.8125
S107-D85	NIRSCWAMPLITUDE	107	85	830	n/a	7.8125
S108-D85	NIRSCWAMPLITUDE	108	85	830	n/a	7.8125
S109-D85	NIRSCWAMPLITUDE	109	85	830	n/a	7.8125
S66-D86	NIRSCWAMPLITUDE	66	86	830	n/a	7.8125
S67-D86	NIRSCWAMPLITUDE	67	86	830	n/a	7.8125
S68-D86	NIRSCWAMPLITUDE	68	86	830	n/a	7.8125
S69-D86	NIRSCWAMPLITUDE	69	86	830	n/a	7.8125
S70-D86	NIRSCWAMPLITUDE	70	86	830	n/a	7.8125
S71-D86	NIRSCWAMPLITUDE	71	86	830	n/a	7.8125
S72-D86	NIRSCWAMPLITUDE	72	86	830	n/a	7.8125
S73-D86	NIRSCWAMPLITUDE	73	86	830	n/a	7.8125
S74-D86	NIRSCWAMPLITUDE	74	86	830	n/a	7.8125
S75-D86	NIRSCWAMPLITUDE	75	86	830	n/a	7.8125
S76-D86	NIRSCWAMPLITUDE	76	86	830	n/a	7.8125
S77-D86	NIRSCWAMPLITUDE	77	86	830	n/a	7.8125
S78-D86	NIRSCWAMPLITUDE	78	86	830	n/a	7.8125
S79-D86	NIRSCWAMPLITUDE	79	86	830	n/a	7.8125
S80-D86	NIRSCWAMPLITUDE	80	86	830	n/a	7.8125
S81-D86	NIRSCWAMPLITUDE	81	86	830	n/a	7.8125
S82-D86	NIRSCWAMPLITUDE	82	86	830	n/a	7.8125
S83-D86	NIRSCWAMPLITUDE	83	86	830	n/a	7.8125
S84-D86	NIRSCWAMPLITUDE	84	86	830	n/a	7.8125
S85-D86	NIRSCWAMPLITUDE	85	86	830	n/a	7.8125
S86-D86	NIRSCWAMPLITUDE	86	86	830	n/a	7.8125
S87-D86	NIRSCWAMPLITUDE	87	86	830	n/a	7.8125
S88-D86	NIRSCWAMPLITUDE	88	86	830	n/a	7.8125
S89-D86	NIRSCWAMPLITUDE	89	86	830	n/a	7.8125
S90-D86	NIRSCWAMPLITUDE	90	86	830	n/a	7.8125
S91-D86	NIRSCWAMPLITUDE	91	86	830	n/a	7.8125
S92-D86	NIRSCWAMPLITUDE	92	86	830	n/a	7.8125
S93-D86	NIRSCWAMPLITUDE	93	86	830	n/a	7.8125
S94-D86	NIRSCWAMPLITUDE	94	86	830	n/a	7.8125
S95-D86	NIRSCWAMPLITUDE	95	86	830	n/a	7.8125
S96-D86	NIRSCWAMPLITUDE	96	86	830	n/a	7.8125
S97-D86	NIRSCWAMPLITUDE	97	86	830	n/a	7.8125
S98-D86	NIRSCWAMPLITUDE	98	86	830	n/a	7.8125
S99-D86	NIRSCWAMPLITUDE	99	86	830	n/a	7.8125
S100-D86	NIRSCWAMPLITUDE	100	86	830	n/a	7.8125
S101-D86	NIRSCWAMPLITUDE	101	86	830	n/a	7.8125
S102-D86	NIRSCWAMPLITUDE	102	86	830	n/a	7.8125
S103-D86	NIRSCWAMPLITUDE	103	86	830	n/a	7.8125
S104-D86	NIRSCWAMPLITUDE	104	86	830	n/a	7.8125
S105-D86	NIRSCWAMPLITUDE	105	86	830	n/a	7.8125
S107-D86	NIRSCWAMPLITUDE	107	86	830	n/a	7.8125
S108-D86	NIRSCWAMPLITUDE	108	86	830	n/a	7.8125
S109-D86	NIRSCWAMPLITUDE	109	86	830	n/a	7.8125
S110-D86	NIRSCWAMPLITUDE	110	86	830	n/a	7.8125
S111-D86	NIRSCWAMPLITUDE	111	86	830	n/a	7.8125
S193-D86	NIRSCWAMPLITUDE	193	86	830	n/a	7.8125
S67-D87	NIRSCWAMPLITUDE	67	87	830	n/a	7.8125
S68-D87	NIRSCWAMPLITUDE	68	87	830	n/a	7.8125
S69-D87	NIRSCWAMPLITUDE	69	87	830	n/a	7.8125
S70-D87	NIRSCWAMPLITUDE	70	87	830	n/a	7.8125
S71-D87	NIRSCWAMPLITUDE	71	87	830	n/a	7.8125
S72-D87	NIRSCWAMPLITUDE	72	87	830	n/a	7.8125
S73-D87	NIRSCWAMPLITUDE	73	87	830	n/a	7.8125
S74-D87	NIRSCWAMPLITUDE	74	87	830	n/a	7.8125
S75-D87	NIRSCWAMPLITUDE	75	87	830	n/a	7.8125
S76-D87	NIRSCWAMPLITUDE	76	87	830	n/a	7.8125
S77-D87	NIRSCWAMPLITUDE	77	87	830	n/a	7.8125
S78-D87	NIRSCWAMPLITUDE	78	87	830	n/a	7.8125
S79-D87	NIRSCWAMPLITUDE	79	87	830	n/a	7.8125
S80-D87	NIRSCWAMPLITUDE	80	87	830	n/a	7.8125
S81-D87	NIRSCWAMPLITUDE	81	87	830	n/a	7.8125
S82-D87	NIRSCWAMPLITUDE	82	87	830	n/a	7.8125
S83-D87	NIRSCWAMPLITUDE	83	87	830	n/a	7.8125
S84-D87	NIRSCWAMPLITUDE	84	87	830	n/a	7.8125
S85-D87	NIRSCWAMPLITUDE	85	87	830	n/a	7.8125
S86-D87	NIRSCWAMPLITUDE	86	87	830	n/a	7.8125
S87-D87	NIRSCWAMPLITUDE	87	87	830	n/a	7.8125
S88-D87	NIRSCWAMPLITUDE	88	87	830	n/a	7.8125
S89-D87	NIRSCWAMPLITUDE	89	87	830	n/a	7.8125
S90-D87	NIRSCWAMPLITUDE	90	87	830	n/a	7.8125
S91-D87	NIRSCWAMPLITUDE	91	87	830	n/a	7.8125
S92-D87	NIRSCWAMPLITUDE	92	87	830	n/a	7.8125
S93-D87	NIRSCWAMPLITUDE	93	87	830	n/a	7.8125
S94-D87	NIRSCWAMPLITUDE	94	87	830	n/a	7.8125
S95-D87	NIRSCWAMPLITUDE	95	87	830	n/a	7.8125
S96-D87	NIRSCWAMPLITUDE	96	87	830	n/a	7.8125
S97-D87	NIRSCWAMPLITUDE	97	87	830	n/a	7.8125
S98-D87	NIRSCWAMPLITUDE	98	87	830	n/a	7.8125
S99-D87	NIRSCWAMPLITUDE	99	87	830	n/a	7.8125
S101-D87	NIRSCWAMPLITUDE	101	87	830	n/a	7.8125
S102-D87	NIRSCWAMPLITUDE	102	87	830	n/a	7.8125
S103-D87	NIRSCWAMPLITUDE	103	87	830	n/a	7.8125
S104-D87	NIRSCWAMPLITUDE	104	87	830	n/a	7.8125
S105-D87	NIRSCWAMPLITUDE	105	87	830	n/a	7.8125
S108-D87	NIRSCWAMPLITUDE	108	87	830	n/a	7.8125
S109-D87	NIRSCWAMPLITUDE	109	87	830	n/a	7.8125
S110-D87	NIRSCWAMPLITUDE	110	87	830	n/a	7.8125
S111-D87	NIRSCWAMPLITUDE	111	87	830	n/a	7.8125
S193-D87	NIRSCWAMPLITUDE	193	87	830	n/a	7.8125
S198-D87	NIRSCWAMPLITUDE	198	87	830	n/a	7.8125
S208-D87	NIRSCWAMPLITUDE	208	87	830	n/a	7.8125
S219-D87	NIRSCWAMPLITUDE	219	87	830	n/a	7.8125
S251-D87	NIRSCWAMPLITUDE	251	87	830	n/a	7.8125
S68-D88	NIRSCWAMPLITUDE	68	88	830	n/a	7.8125
S69-D88	NIRSCWAMPLITUDE	69	88	830	n/a	7.8125
S70-D88	NIRSCWAMPLITUDE	70	88	830	n/a	7.8125
S72-D88	NIRSCWAMPLITUDE	72	88	830	n/a	7.8125
S73-D88	NIRSCWAMPLITUDE	73	88	830	n/a	7.8125
S74-D88	NIRSCWAMPLITUDE	74	88	830	n/a	7.8125
S75-D88	NIRSCWAMPLITUDE	75	88	830	n/a	7.8125
S77-D88	NIRSCWAMPLITUDE	77	88	830	n/a	7.8125
S78-D88	NIRSCWAMPLITUDE	78	88	830	n/a	7.8125
S79-D88	NIRSCWAMPLITUDE	79	88	830	n/a	7.8125
S80-D88	NIRSCWAMPLITUDE	80	88	830	n/a	7.8125
S81-D88	NIRSCWAMPLITUDE	81	88	830	n/a	7.8125
S83-D88	NIRSCWAMPLITUDE	83	88	830	n/a	7.8125
S84-D88	NIRSCWAMPLITUDE	84	88	830	n/a	7.8125
S85-D88	NIRSCWAMPLITUDE	85	88	830	n/a	7.8125
S86-D88	NIRSCWAMPLITUDE	86	88	830	n/a	7.8125
S87-D88	NIRSCWAMPLITUDE	87	88	830	n/a	7.8125
S89-D88	NIRSCWAMPLITUDE	89	88	830	n/a	7.8125
S90-D88	NIRSCWAMPLITUDE	90	88	830	n/a	7.8125
S91-D88	NIRSCWAMPLITUDE	91	88	830	n/a	7.8125
S92-D88	NIRSCWAMPLITUDE	92	88	830	n/a	7.8125
S93-D88	NIRSCWAMPLITUDE	93	88	830	n/a	7.8125
S95-D88	NIRSCWAMPLITUDE	95	88	830	n/a	7.8125
S96-D88	NIRSCWAMPLITUDE	96	88	830	n/a	7.8125
S97-D88	NIRSCWAMPLITUDE	97	88	830	n/a	7.8125
S98-D88	NIRSCWAMPLITUDE	98	88	830	n/a	7.8125
S99-D88	NIRSCWAMPLITUDE	99	88	830	n/a	7.8125
S101-D88	NIRSCWAMPLITUDE	101	88	830	n/a	7.8125
S102-D88	NIRSCWAMPLITUDE	102	88	830	n/a	7.8125
S103-D88	NIRSCWAMPLITUDE	103	88	830	n/a	7.8125
S104-D88	NIRSCWAMPLITUDE	104	88	830	n/a	7.8125
S105-D88	NIRSCWAMPLITUDE	105	88	830	n/a	7.8125
S108-D88	NIRSCWAMPLITUDE	108	88	830	n/a	7.8125
S109-D88	NIRSCWAMPLITUDE	109	88	830	n/a	7.8125
S110-D88	NIRSCWAMPLITUDE	110	88	830	n/a	7.8125
S111-D88	NIRSCWAMPLITUDE	111	88	830	n/a	7.8125
S116-D88	NIRSCWAMPLITUDE	116	88	830	n/a	7.8125
S117-D88	NIRSCWAMPLITUDE	117	88	830	n/a	7.8125
S193-D88	NIRSCWAMPLITUDE	193	88	830	n/a	7.8125
S198-D88	NIRSCWAMPLITUDE	198	88	830	n/a	7.8125
S199-D88	NIRSCWAMPLITUDE	199	88	830	n/a	7.8125
S208-D88	NIRSCWAMPLITUDE	208	88	830	n/a	7.8125
S219-D88	NIRSCWAMPLITUDE	219	88	830	n/a	7.8125
S220-D88	NIRSCWAMPLITUDE	220	88	830	n/a	7.8125
S230-D88	NIRSCWAMPLITUDE	230	88	830	n/a	7.8125
S251-D88	NIRSCWAMPLITUDE	251	88	830	n/a	7.8125
S71-D89	NIRSCWAMPLITUDE	71	89	830	n/a	7.8125
S72-D89	NIRSCWAMPLITUDE	72	89	830	n/a	7.8125
S76-D89	NIRSCWAMPLITUDE	76	89	830	n/a	7.8125
S77-D89	NIRSCWAMPLITUDE	77	89	830	n/a	7.8125
S78-D89	NIRSCWAMPLITUDE	78	89	830	n/a	7.8125
S82-D89	NIRSCWAMPLITUDE	82	89	830	n/a	7.8125
S83-D89	NIRSCWAMPLITUDE	83	89	830	n/a	7.8125
S84-D89	NIRSCWAMPLITUDE	84	89	830	n/a	7.8125
S85-D89	NIRSCWAMPLITUDE	85	89	830	n/a	7.8125
S88-D89	NIRSCWAMPLITUDE	88	89	830	n/a	7.8125
S89-D89	NIRSCWAMPLITUDE	89	89	830	n/a	7.8125
S90-D89	NIRSCWAMPLITUDE	90	89	830	n/a	7.8125
S91-D89	NIRSCWAMPLITUDE	91	89	830	n/a	7.8125
S94-D89	NIRSCWAMPLITUDE	94	89	830	n/a	7.8125
S95-D89	NIRSCWAMPLITUDE	95	89	830	n/a	7.8125
S96-D89	NIRSCWAMPLITUDE	96	89	830	n/a	7.8125
S97-D89	NIRSCWAMPLITUDE	97	89	830	n/a	7.8125
S100-D89	NIRSCWAMPLITUDE	100	89	830	n/a	7.8125
S101-D89	NIRSCWAMPLITUDE	101	89	830	n/a	7.8125
S102-D89	NIRSCWAMPLITUDE	102	89	830	n/a	7.8125
S103-D89	NIRSCWAMPLITUDE	103	89	830	n/a	7.8125
S106-D89	NIRSCWAMPLITUDE	106	89	830	n/a	7.8125
S107-D89	NIRSCWAMPLITUDE	107	89	830	n/a	7.8125
S108-D89	NIRSCWAMPLITUDE	108	89	830	n/a	7.8125
S112-D89	NIRSCWAMPLITUDE	112	89	830	n/a	7.8125
S113-D89	NIRSCWAMPLITUDE	113	89	830	n/a	7.8125
S71-D90	NIRSCWAMPLITUDE	71	90	830	n/a	7.8125
S72-D90	NIRSCWAMPLITUDE	72	90	830	n/a	7.8125
S73-D90	NIRSCWAMPLITUDE	73	90	830	n/a	7.8125
S76-D90	NIRSCWAMPLITUDE	76	90	830	n/a	7.8125
S77-D90	NIRSCWAMPLITUDE	77	90	830	n/a	7.8125
S78-D90	NIRSCWAMPLITUDE	78	90	830	n/a	7.8125
S79-D90	NIRSCWAMPLITUDE	79	90	830	n/a	7.8125
S82-D90	NIRSCWAMPLITUDE	82	90	830	n/a	7.8125
S83-D90	NIRSCWAMPLITUDE	83	90	830	n/a	7.8125
S84-D90	NIRSCWAMPLITUDE	84	90	830	n/a	7.8125
S85-D90	NIRSCWAMPLITUDE	85	90	830	n/a	7.8125
S86-D90	NIRSCWAMPLITUDE	86	90	830	n/a	7.8125
S88-D90	NIRSCWAMPLITUDE	88	90	830	n/a	7.8125
S89-D90	NIRSCWAMPLITUDE	89	90	830	n/a	7.8125
S90-D90	NIRSCWAMPLITUDE	90	90	830	n/a	7.8125
S91-D90	NIRSCWAMPLITUDE	91	90	830	n/a	7.8125
S92-D90	NIRSCWAMPLITUDE	92	90	830	n/a	7.8125
S94-D90	NIRSCWAMPLITUDE	94	90	830	n/a	7.8125
S95-D90	NIRSCWAMPLITUDE	95	90	830	n/a	7.8125
S96-D90	NIRSCWAMPLITUDE	96	90	830	n/a	7.8125
S97-D90	NIRSCWAMPLITUDE	97	90	830	n/a	7.8125
S98-D90	NIRSCWAMPLITUDE	98	90	830	n/a	7.8125
S100-D90	NIRSCWAMPLITUDE	100	90	830	n/a	7.8125
S101-D90	NIRSCWAMPLITUDE	101	90	830	n/a	7.8125
S102-D90	NIRSCWAMPLITUDE	102	90	830	n/a	7.8125
S103-D90	NIRSCWAMPLITUDE	103	90	830	n/a	7.8125
S104-D90	NIRSCWAMPLITUDE	104	90	830	n/a	7.8125
S106-D90	NIRSCWAMPLITUDE	106	90	830	n/a	7.8125
S107-D90	NIRSCWAMPLITUDE	107	90	830	n/a	7.8125
S108-D90	NIRSCWAMPLITUDE	108	90	830	n/a	7.8125
S109-D90	NIRSCWAMPLITUDE	109	90	830	n/a	7.8125
S112-D90	NIRSCWAMPLITUDE	112	90	830	n/a	7.8125
S113-D90	NIRSCWAMPLITUDE	113	90	830	n/a	7.8125
S114-D90	NIRSCWAMPLITUDE	114	90	830	n/a	7.8125
S71-D91	NIRSCWAMPLITUDE	71	91	830	n/a	7.8125
S72-D91	NIRSCWAMPLITUDE	72	91	830	n/a	7.8125
S73-D91	NIRSCWAMPLITUDE	73	91	830	n/a	7.8125
S74-D91	NIRSCWAMPLITUDE	74	91	830	n/a	7.8125
S76-D91	NIRSCWAMPLITUDE	76	91	830	n/a	7.8125
S77-D91	NIRSCWAMPLITUDE	77	91	830	n/a	7.8125
S78-D91	NIRSCWAMPLITUDE	78	91	830	n/a	7.8125
S79-D91	NIRSCWAMPLITUDE	79	91	830	n/a	7.8125
S80-D91	NIRSCWAMPLITUDE	80	91	830	n/a	7.8125
S81-D91	NIRSCWAMPLITUDE	81	91	830	n/a	7.8125
S82-D91	NIRSCWAMPLITUDE	82	91	830	n/a	7.8125
S83-D91	NIRSCWAMPLITUDE	83	91	830	n/a	7.8125
S84-D91	NIRSCWAMPLITUDE	84	91	830	n/a	7.8125
S85-D91	NIRSCWAMPLITUDE	85	91	830	n/a	7.8125
S86-D91	NIRSCWAMPLITUDE	86	91	830	n/a	7.8125
S87-D91	NIRSCWAMPLITUDE	87	91	830	n/a	7.8125
S88-D91	NIRSCWAMPLITUDE	88	91	830	n/a	7.8125
S89-D91	NIRSCWAMPLITUDE	89	91	830	n/a	7.8125
S90-D91	NIRSCWAMPLITUDE	90	91	830	n/a	7.8125
S91-D91	NIRSCWAMPLITUDE	91	91	830	n/a	7.8125
S92-D91	NIRSCWAMPLITUDE	92	91	830	n/a	7.8125
S93-D91	NIRSCWAMPLITUDE	93	91	830	n/a	7.8125
S94-D91	NIRSCWAMPLITUDE	94	91	830	n/a	7.8125
S95-D91	NIRSCWAMPLITUDE	95	91	830	n/a	7.8125
S96-D91	NIRSCWAMPLITUDE	96	91	830	n/a	7.8125
S97-D91	NIRSCWAMPLITUDE	97	91	830	n/a	7.8125
S98-D91	NIRSCWAMPLITUDE	98	91	830	n/a	7.8125
S99-D91	NIRSCWAMPLITUDE	99	91	830	n/a	7.8125
S100-D91	NIRSCWAMPLITUDE	100	91	830	n/a	7.8125
S101-D91	NIRSCWAMPLITUDE	101	91	830	n/a	7.8125
S102-D91	NIRSCWAMPLITUDE	102	91	830	n/a	7.8125
S103-D91	NIRSCWAMPLITUDE	103	91	830	n/a	7.8125
S104-D91	NIRSCWAMPLITUDE	104	91	830	n/a	7.8125
S105-D91	NIRSCWAMPLITUDE	105	91	830	n/a	7.8125
S106-D91	NIRSCWAMPLITUDE	106	91	830	n/a	7.8125
S107-D91	NIRSCWAMPLITUDE	107	91	830	n/a	7.8125
S108-D91	NIRSCWAMPLITUDE	108	91	830	n/a	7.8125
S109-D91	NIRSCWAMPLITUDE	109	91	830	n/a	7.8125
S110-D91	NIRSCWAMPLITUDE	110	91	830	n/a	7.8125
S111-D91	NIRSCWAMPLITUDE	111	91	830	n/a	7.8125
S112-D91	NIRSCWAMPLITUDE	112	91	830	n/a	7.8125
S113-D91	NIRSCWAMPLITUDE	113	91	830	n/a	7.8125
S114-D91	NIRSCWAMPLITUDE	114	91	830	n/a	7.8125
S115-D91	NIRSCWAMPLITUDE	115	91	830	n/a	7.8125
S71-D92	NIRSCWAMPLITUDE	71	92	830	n/a	7.8125
S72-D92	NIRSCWAMPLITUDE	72	92	830	n/a	7.8125
S73-D92	NIRSCWAMPLITUDE	73	92	830	n/a	7.8125
S74-D92	NIRSCWAMPLITUDE	74	92	830	n/a	7.8125
S75-D92	NIRSCWAMPLITUDE	75	92	830	n/a	7.8125
S76-D92	NIRSCWAMPLITUDE	76	92	830	n/a	7.8125
S77-D92	NIRSCWAMPLITUDE	77	92	830	n/a	7.8125
S78-D92	NIRSCWAMPLITUDE	78	92	830	n/a	7.8125
S79-D92	NIRSCWAMPLITUDE	79	92	830	n/a	7.8125
S80-D92	NIRSCWAMPLITUDE	80	92	830	n/a	7.8125
S81-D92	NIRSCWAMPLITUDE	81	92	830	n/a	7.8125
S82-D92	NIRSCWAMPLITUDE	82	92	830	n/a	7.8125
S83-D92	NIRSCWAMPLITUDE	83	92	830	n/a	7.8125
S84-D92	NIRSCWAMPLITUDE	84	92	830	n/a	7.8125
S85-D92	NIRSCWAMPLITUDE	85	92	830	n/a	7.8125
S86-D92	NIRSCWAMPLITUDE	86	92	830	n/a	7.8125
S87-D92	NIRSCWAMPLITUDE	87	92	830	n/a	7.8125
S88-D92	NIRSCWAMPLITUDE	88	92	830	n/a	7.8125
S89-D92	NIRSCWAMPLITUDE	89	92	830	n/a	7.8125
S90-D92	NIRSCWAMPLITUDE	90	92	830	n/a	7.8125
S91-D92	NIRSCWAMPLITUDE	91	92	830	n/a	7.8125
S92-D92	NIRSCWAMPLITUDE	92	92	830	n/a	7.8125
S93-D92	NIRSCWAMPLITUDE	93	92	830	n/a	7.8125
S94-D92	NIRSCWAMPLITUDE	94	92	830	n/a	7.8125
S95-D92	NIRSCWAMPLITUDE	95	92	830	n/a	7.8125
S96-D92	NIRSCWAMPLITUDE	96	92	830	n/a	7.8125
S97-D92	NIRSCWAMPLITUDE	97	92	830	n/a	7.8125
S98-D92	NIRSCWAMPLITUDE	98	92	830	n/a	7.8125
S99-D92	NIRSCWAMPLITUDE	99	92	830	n/a	7.8125
S100-D92	NIRSCWAMPLITUDE	100	92	830	n/a	7.8125
S101-D92	NIRSCWAMPLITUDE	101	92	830	n/a	7.8125
S102-D92	NIRSCWAMPLITUDE	102	92	830	n/a	7.8125
S103-D92	NIRSCWAMPLITUDE	103	92	830	n/a	7.8125
S104-D92	NIRSCWAMPLITUDE	104	92	830	n/a	7.8125
S105-D92	NIRSCWAMPLITUDE	105	92	830	n/a	7.8125
S106-D92	NIRSCWAMPLITUDE	106	92	830	n/a	7.8125
S107-D92	NIRSCWAMPLITUDE	107	92	830	n/a	7.8125
S108-D92	NIRSCWAMPLITUDE	108	92	830	n/a	7.8125
S109-D92	NIRSCWAMPLITUDE	109	92	830	n/a	7.8125
S110-D92	NIRSCWAMPLITUDE	110	92	830	n/a	7.8125
S111-D92	NIRSCWAMPLITUDE	111	92	830	n/a	7.8125
S113-D92	NIRSCWAMPLITUDE	113	92	830	n/a	7.8125
S114-D92	NIRSCWAMPLITUDE	114	92	830	n/a	7.8125
S115-D92	NIRSCWAMPLITUDE	115	92	830	n/a	7.8125
S116-D92	NIRSCWAMPLITUDE	116	92	830	n/a	7.8125
S117-D92	NIRSCWAMPLITUDE	117	92	830	n/a	7.8125
S193-D92	NIRSCWAMPLITUDE	193	92	830	n/a	7.8125
S72-D93	NIRSCWAMPLITUDE	72	93	830	n/a	7.8125
S73-D93	NIRSCWAMPLITUDE	73	93	830	n/a	7.8125
S74-D93	NIRSCWAMPLITUDE	74	93	830	n/a	7.8125
S75-D93	NIRSCWAMPLITUDE	75	93	830	n/a	7.8125
S76-D93	NIRSCWAMPLITUDE	76	93	830	n/a	7.8125
S77-D93	NIRSCWAMPLITUDE	77	93	830	n/a	7.8125
S78-D93	NIRSCWAMPLITUDE	78	93	830	n/a	7.8125
S79-D93	NIRSCWAMPLITUDE	79	93	830	n/a	7.8125
S80-D93	NIRSCWAMPLITUDE	80	93	830	n/a	7.8125
S81-D93	NIRSCWAMPLITUDE	81	93	830	n/a	7.8125
S82-D93	NIRSCWAMPLITUDE	82	93	830	n/a	7.8125
S83-D93	NIRSCWAMPLITUDE	83	93	830	n/a	7.8125
S84-D93	NIRSCWAMPLITUDE	84	93	830	n/a	7.8125
S85-D93	NIRSCWAMPLITUDE	85	93	830	n/a	7.8125
S86-D93	NIRSCWAMPLITUDE	86	93	830	n/a	7.8125
S87-D93	NIRSCWAMPLITUDE	87	93	830	n/a	7.8125
S88-D93	NIRSCWAMPLITUDE	88	93	830	n/a	7.8125
S89-D93	NIRSCWAMPLITUDE	89	93	830	n/a	7.8125
S90-D93	NIRSCWAMPLITUDE	90	93	830	n/a	7.8125
S91-D93	NIRSCWAMPLITUDE	91	93	830	n/a	7.8125
S92-D93	NIRSCWAMPLITUDE	92	93	830	n/a	7.8125
S93-D93	NIRSCWAMPLITUDE	93	93	830	n/a	7.8125
S94-D93	NIRSCWAMPLITUDE	94	93	830	n/a	7.8125
S95-D93	NIRSCWAMPLITUDE	95	93	830	n/a	7.8125
S96-D93	NIRSCWAMPLITUDE	96	93	830	n/a	7.8125
S97-D93	NIRSCWAMPLITUDE	97	93	830	n/a	7.8125
S98-D93	NIRSCWAMPLITUDE	98	93	830	n/a	7.8125
S99-D93	NIRSCWAMPLITUDE	99	93	830	n/a	7.8125
S100-D93	NIRSCWAMPLITUDE	100	93	830	n/a	7.8125
S101-D93	NIRSCWAMPLITUDE	101	93	830	n/a	7.8125
S102-D93	NIRSCWAMPLITUDE	102	93	830	n/a	7.8125
S103-D93	NIRSCWAMPLITUDE	103	93	830	n/a	7.8125
S104-D93	NIRSCWAMPLITUDE	104	93	830	n/a	7.8125
S105-D93	NIRSCWAMPLITUDE	105	93	830	n/a	7.8125
S106-D93	NIRSCWAMPLITUDE	106	93	830	n/a	7.8125
S107-D93	NIRSCWAMPLITUDE	107	93	830	n/a	7.8125
S108-D93	NIRSCWAMPLITUDE	108	93	830	n/a	7.8125
S109-D93	NIRSCWAMPLITUDE	109	93	830	n/a	7.8125
S110-D93	NIRSCWAMPLITUDE	110	93	830	n/a	7.8125
S111-D93	NIRSCWAMPLITUDE	111	93	830	n/a	7.8125
S113-D93	NIRSCWAMPLITUDE	113	93	830	n/a	7.8125
S114-D93	NIRSCWAMPLITUDE	114	93	830	n/a	7.8125
S115-D93	NIRSCWAMPLITUDE	115	93	830	n/a	7.8125
S116-D93	NIRSCWAMPLITUDE	116	93	830	n/a	7.8125
S117-D93	NIRSCWAMPLITUDE	117	93	830	n/a	7.8125
S193-D93	NIRSCWAMPLITUDE	193	93	830	n/a	7.8125
S219-D93	NIRSCWAMPLITUDE	219	93	830	n/a	7.8125
S251-D93	NIRSCWAMPLITUDE	251	93	830	n/a	7.8125
S73-D94	NIRSCWAMPLITUDE	73	94	830	n/a	7.8125
S74-D94	NIRSCWAMPLITUDE	74	94	830	n/a	7.8125
S75-D94	NIRSCWAMPLITUDE	75	94	830	n/a	7.8125
S77-D94	NIRSCWAMPLITUDE	77	94	830	n/a	7.8125
S78-D94	NIRSCWAMPLITUDE	78	94	830	n/a	7.8125
S79-D94	NIRSCWAMPLITUDE	79	94	830	n/a	7.8125
S80-D94	NIRSCWAMPLITUDE	80	94	830	n/a	7.8125
S81-D94	NIRSCWAMPLITUDE	81	94	830	n/a	7.8125
S83-D94	NIRSCWAMPLITUDE	83	94	830	n/a	7.8125
S84-D94	NIRSCWAMPLITUDE	84	94	830	n/a	7.8125
S85-D94	NIRSCWAMPLITUDE	85	94	830	n/a	7.8125
S86-D94	NIRSCWAMPLITUDE	86	94	830	n/a	7.8125
S87-D94	NIRSCWAMPLITUDE	87	94	830	n/a	7.8125
S89-D94	NIRSCWAMPLITUDE	89	94	830	n/a	7.8125
S90-D94	NIRSCWAMPLITUDE	90	94	830	n/a	7.8125
S91-D94	NIRSCWAMPLITUDE	91	94	830	n/a	7.8125
S92-D94	NIRSCWAMPLITUDE	92	94	830	n/a	7.8125
S93-D94	NIRSCWAMPLITUDE	93	94	830	n/a	7.8125
S95-D94	NIRSCWAMPLITUDE	95	94	830	n/a	7.8125
S96-D94	NIRSCWAMPLITUDE	96	94	830	n/a	7.8125
S97-D94	NIRSCWAMPLITUDE	97	94	830	n/a	7.8125
S98-D94	NIRSCWAMPLITUDE	98	94	830	n/a	7.8125
S99-D94	NIRSCWAMPLITUDE	99	94	830	n/a	7.8125
S101-D94	NIRSCWAMPLITUDE	101	94	830	n/a	7.8125
S102-D94	NIRSCWAMPLITUDE	102	94	830	n/a	7.8125
S103-D94	NIRSCWAMPLITUDE	103	94	830	n/a	7.8125
S104-D94	NIRSCWAMPLITUDE	104	94	830	n/a	7.8125
S105-D94	NIRSCWAMPLITUDE	105	94	830	n/a	7.8125
S107-D94	NIRSCWAMPLITUDE	107	94	830	n/a	7.8125
S108-D94	NIRSCWAMPLITUDE	108	94	830	n/a	7.8125
S109-D94	NIRSCWAMPLITUDE	109	94	830	n/a	7.8125
S110-D94	NIRSCWAMPLITUDE	110	94	830	n/a	7.8125
S111-D94	NIRSCWAMPLITUDE	111	94	830	n/a	7.8125
S114-D94	NIRSCWAMPLITUDE	114	94	830	n/a	7.8125
S115-D94	NIRSCWAMPLITUDE	115	94	830	n/a	7.8125
S116-D94	NIRSCWAMPLITUDE	116	94	830	n/a	7.8125
S117-D94	NIRSCWAMPLITUDE	117	94	830	n/a	7.8125
S122-D94	NIRSCWAMPLITUDE	122	94	830	n/a	7.8125
S193-D94	NIRSCWAMPLITUDE	193	94	830	n/a	7.8125
S198-D94	NIRSCWAMPLITUDE	198	94	830	n/a	7.8125
S208-D94	NIRSCWAMPLITUDE	208	94	830	n/a	7.8125
S219-D94	NIRSCWAMPLITUDE	219	94	830	n/a	7.8125
S220-D94	NIRSCWAMPLITUDE	220	94	830	n/a	7.8125
S230-D94	NIRSCWAMPLITUDE	230	94	830	n/a	7.8125
S251-D94	NIRSCWAMPLITUDE	251	94	830	n/a	7.8125
S76-D95	NIRSCWAMPLITUDE	76	95	830	n/a	7.8125
S77-D95	NIRSCWAMPLITUDE	77	95	830	n/a	7.8125
S82-D95	NIRSCWAMPLITUDE	82	95	830	n/a	7.8125
S83-D95	NIRSCWAMPLITUDE	83	95	830	n/a	7.8125
S84-D95	NIRSCWAMPLITUDE	84	95	830	n/a	7.8125
S88-D95	NIRSCWAMPLITUDE	88	95	830	n/a	7.8125
S89-D95	NIRSCWAMPLITUDE	89	95	830	n/a	7.8125
S90-D95	NIRSCWAMPLITUDE	90	95	830	n/a	7.8125
S91-D95	NIRSCWAMPLITUDE	91	95	830	n/a	7.8125
S94-D95	NIRSCWAMPLITUDE	94	95	830	n/a	7.8125
S95-D95	NIRSCWAMPLITUDE	95	95	830	n/a	7.8125
S96-D95	NIRSCWAMPLITUDE	96	95	830	n/a	7.8125
S97-D95	NIRSCWAMPLITUDE	97	95	830	n/a	7.8125
S100-D95	NIRSCWAMPLITUDE	100	95	830	n/a	7.8125
S101-D95	NIRSCWAMPLITUDE	101	95	830	n/a	7.8125
S102-D95	NIRSCWAMPLITUDE	102	95	830	n/a	7.8125
S103-D95	NIRSCWAMPLITUDE	103	95	830	n/a	7.8125
S106-D95	NIRSCWAMPLITUDE	106	95	830	n/a	7.8125
S107-D95	NIRSCWAMPLITUDE	107	95	830	n/a	7.8125
S108-D95	NIRSCWAMPLITUDE	108	95	830	n/a	7.8125
S109-D95	NIRSCWAMPLITUDE	109	95	830	n/a	7.8125
S112-D95	NIRSCWAMPLITUDE	112	95	830	n/a	7.8125
S113-D95	NIRSCWAMPLITUDE	113	95	830	n/a	7.8125
S114-D95	NIRSCWAMPLITUDE	114	95	830	n/a	7.8125
S118-D95	NIRSCWAMPLITUDE	118	95	830	n/a	7.8125
S119-D95	NIRSCWAMPLITUDE	119	95	830	n/a	7.8125
S76-D96	NIRSCWAMPLITUDE	76	96	830	n/a	7.8125
S77-D96	NIRSCWAMPLITUDE	77	96	830	n/a	7.8125
S78-D96	NIRSCWAMPLITUDE	78	96	830	n/a	7.8125
S82-D96	NIRSCWAMPLITUDE	82	96	830	n/a	7.8125
S83-D96	NIRSCWAMPLITUDE	83	96	830	n/a	7.8125
S84-D96	NIRSCWAMPLITUDE	84	96	830	n/a	7.8125
S85-D96	NIRSCWAMPLITUDE	85	96	830	n/a	7.8125
S86-D96	NIRSCWAMPLITUDE	86	96	830	n/a	7.8125
S88-D96	NIRSCWAMPLITUDE	88	96	830	n/a	7.8125
S89-D96	NIRSCWAMPLITUDE	89	96	830	n/a	7.8125
S90-D96	NIRSCWAMPLITUDE	90	96	830	n/a	7.8125
S91-D96	NIRSCWAMPLITUDE	91	96	830	n/a	7.8125
S92-D96	NIRSCWAMPLITUDE	92	96	830	n/a	7.8125
S94-D96	NIRSCWAMPLITUDE	94	96	830	n/a	7.8125
S95-D96	NIRSCWAMPLITUDE	95	96	830	n/a	7.8125
S96-D96	NIRSCWAMPLITUDE	96	96	830	n/a	7.8125
S97-D96	NIRSCWAMPLITUDE	97	96	830	n/a	7.8125
S98-D96	NIRSCWAMPLITUDE	98	96	830	n/a	7.8125
S100-D96	NIRSCWAMPLITUDE	100	96	830	n/a	7.8125
S101-D96	NIRSCWAMPLITUDE	101	96	830	n/a	7.8125
S102-D96	NIRSCWAMPLITUDE	102	96	830	n/a	7.8125
S103-D96	NIRSCWAMPLITUDE	103	96	830	n/a	7.8125
S104-D96	NIRSCWAMPLITUDE	104	96	830	n/a	7.8125
S106-D96	NIRSCWAMPLITUDE	106	96	830	n/a	7.8125
S107-D96	NIRSCWAMPLITUDE	107	96	830	n/a	7.8125
S108-D96	NIRSCWAMPLITUDE	108	96	830	n/a	7.8125
S109-D96	NIRSCWAMPLITUDE	109	96	830	n/a	7.8125
S110-D96	NIRSCWAMPLITUDE	110	96	830	n/a	7.8125
S112-D96	NIRSCWAMPLITUDE	112	96	830	n/a	7.8125
S113-D96	NIRSCWAMPLITUDE	113	96	830	n/a	7.8125
S114-D96	NIRSCWAMPLITUDE	114	96	830	n/a	7.8125
S115-D96	NIRSCWAMPLITUDE	115	96	830	n/a	7.8125
S118-D96	NIRSCWAMPLITUDE	118	96	830	n/a	7.8125
S119-D96	NIRSCWAMPLITUDE	119	96	830	n/a	7.8125
S120-D96	NIRSCWAMPLITUDE	120	96	830	n/a	7.8125
S76-D97	NIRSCWAMPLITUDE	76	97	830	n/a	7.8125
S77-D97	NIRSCWAMPLITUDE	77	97	830	n/a	7.8125
S78-D97	NIRSCWAMPLITUDE	78	97	830	n/a	7.8125
S79-D97	NIRSCWAMPLITUDE	79	97	830	n/a	7.8125
S82-D97	NIRSCWAMPLITUDE	82	97	830	n/a	7.8125
S83-D97	NIRSCWAMPLITUDE	83	97	830	n/a	7.8125
S84-D97	NIRSCWAMPLITUDE	84	97	830	n/a	7.8125
S85-D97	NIRSCWAMPLITUDE	85	97	830	n/a	7.8125
S86-D97	NIRSCWAMPLITUDE	86	97	830	n/a	7.8125
S87-D97	NIRSCWAMPLITUDE	87	97	830	n/a	7.8125
S88-D97	NIRSCWAMPLITUDE	88	97	830	n/a	7.8125
S89-D97	NIRSCWAMPLITUDE	89	97	830	n/a	7.8125
S90-D97	NIRSCWAMPLITUDE	90	97	830	n/a	7.8125
S91-D97	NIRSCWAMPLITUDE	91	97	830	n/a	7.8125
S92-D97	NIRSCWAMPLITUDE	92	97	830	n/a	7.8125
S93-D97	NIRSCWAMPLITUDE	93	97	830	n/a	7.8125
S94-D97	NIRSCWAMPLITUDE	94	97	830	n/a	7.8125
S95-D97	NIRSCWAMPLITUDE	95	97	830	n/a	7.8125
S96-D97	NIRSCWAMPLITUDE	96	97	830	n/a	7.8125
S97-D97	NIRSCWAMPLITUDE	97	97	830	n/a	7.8125
S98-D97	NIRSCWAMPLITUDE	98	97	830	n/a	7.8125
S99-D97	NIRSCWAMPLITUDE	99	97	830	n/a	7.8125
S100-D97	NIRSCWAMPLITUDE	100	97	830	n/a	7.8125
S101-D97	NIRSCWAMPLITUDE	101	97	830	n/a	7.8125
S102-D97	NIRSCWAMPLITUDE	102	97	830	n/a	7.8125
S103-D97	NIRSCWAMPLITUDE	103	97	830	n/a	7.8125
S104-D97	NIRSCWAMPLITUDE	104	97	830	n/a	7.8125
S105-D97	NIRSCWAMPLITUDE	105	97	830	n/a	7.8125
S106-D97	NIRSCWAMPLITUDE	106	97	830	n/a	7.8125
S107-D97	NIRSCWAMPLITUDE	107	97	830	n/a	7.8125
S108-D97	NIRSCWAMPLITUDE	108	97	830	n/a	7.8125
S109-D97	NIRSCWAMPLITUDE	109	97	830	n/a	7.8125
S110-D97	NIRSCWAMPLITUDE	110	97	830	n/a	7.8125
S111-D97	NIRSCWAMPLITUDE	111	97	830	n/a	7.8125
S112-D97	NIRSCWAMPLITUDE	112	97	830	n/a	7.8125
S113-D97	NIRSCWAMPLITUDE	113	97	830	n/a	7.8125
S114-D97	NIRSCWAMPLITUDE	114	97	830	n/a	7.8125
S115-D97	NIRSCWAMPLITUDE	115	97	830	n/a	7.8125
S116-D97	NIRSCWAMPLITUDE	116	97	830	n/a	7.8125
S118-D97	NIRSCWAMPLITUDE	118	97	830	n/a	7.8125
S119-D97	NIRSCWAMPLITUDE	119	97	830	n/a	7.8125
S120-D97	NIRSCWAMPLITUDE	120	97	830	n/a	7.8125
S121-D97	NIRSCWAMPLITUDE	121	97	830	n/a	7.8125
S77-D98	NIRSCWAMPLITUDE	77	98	830	n/a	7.8125
S78-D98	NIRSCWAMPLITUDE	78	98	830	n/a	7.8125
S79-D98	NIRSCWAMPLITUDE	79	98	830	n/a	7.8125
S80-D98	NIRSCWAMPLITUDE	80	98	830	n/a	7.8125
S81-D98	NIRSCWAMPLITUDE	81	98	830	n/a	7.8125
S82-D98	NIRSCWAMPLITUDE	82	98	830	n/a	7.8125
S83-D98	NIRSCWAMPLITUDE	83	98	830	n/a	7.8125
S84-D98	NIRSCWAMPLITUDE	84	98	830	n/a	7.8125
S85-D98	NIRSCWAMPLITUDE	85	98	830	n/a	7.8125
S86-D98	NIRSCWAMPLITUDE	86	98	830	n/a	7.8125
S87-D98	NIRSCWAMPLITUDE	87	98	830	n/a	7.8125
S88-D98	NIRSCWAMPLITUDE	88	98	830	n/a	7.8125
S89-D98	NIRSCWAMPLITUDE	89	98	830	n/a	7.8125
S90-D98	NIRSCWAMPLITUDE	90	98	830	n/a	7.8125
S91-D98	NIRSCWAMPLITUDE	91	98	830	n/a	7.8125
S92-D98	NIRSCWAMPLITUDE	92	98	830	n/a	7.8125
S93-D98	NIRSCWAMPLITUDE	93	98	830	n/a	7.8125
S94-D98	NIRSCWAMPLITUDE	94	98	830	n/a	7.8125
S95-D98	NIRSCWAMPLITUDE	95	98	830	n/a	7.8125
S96-D98	NIRSCWAMPLITUDE	96	98	830	n/a	7.8125
S97-D98	NIRSCWAMPLITUDE	97	98	830	n/a	7.8125
S98-D98	NIRSCWAMPLITUDE	98	98	830	n/a	7.8125
S99-D98	NIRSCWAMPLITUDE	99	98	830	n/a	7.8125
S100-D98	NIRSCWAMPLITUDE	100	98	830	n/a	7.8125
S101-D98	NIRSCWAMPLITUDE	101	98	830	n/a	7.8125
S102-D98	NIRSCWAMPLITUDE	102	98	830	n/a	7.8125
S103-D98	NIRSCWAMPLITUDE	103	98	830	n/a	7.8125
S104-D98	NIRSCWAMPLITUDE	104	98	830	n/a	7.8125
S105-D98	NIRSCWAMPLITUDE	105	98	830	n/a	7.8125
S106-D98	NIRSCWAMPLITUDE	106	98	830	n/a	7.8125
S107-D98	NIRSCWAMPLITUDE	107	98	830	n/a	7.8125
S108-D98	NIRSCWAMPLITUDE	108	98	830	n/a	7.8125
S109-D98	NIRSCWAMPLITUDE	109	98	830	n/a	7.8125
S110-D98	NIRSCWAMPLITUDE	110	98	830	n/a	7.8125
S111-D98	NIRSCWAMPLITUDE	111	98	830	n/a	7.8125
S112-D98	NIRSCWAMPLITUDE	112	98	830	n/a	7.8125
S113-D98	NIRSCWAMPLITUDE	113	98	830	n/a	7.8125
S114-D98	NIRSCWAMPLITUDE	114	98	830	n/a	7.8125
S115-D98	NIRSCWAMPLITUDE	115	98	830	n/a	7.8125
S116-D98	NIRSCWAMPLITUDE	116	98	830	n/a	7.8125
S117-D98	NIRSCWAMPLITUDE	117	98	830	n/a	7.8125
S119-D98	NIRSCWAMPLITUDE	119	98	830	n/a	7.8125
S120-D98	NIRSCWAMPLITUDE	120	98	830	n/a	7.8125
S121-D98	NIRSCWAMPLITUDE	121	98	830	n/a	7.8125
S122-D98	NIRSCWAMPLITUDE	122	98	830	n/a	7.8125
S219-D98	NIRSCWAMPLITUDE	219	98	830	n/a	7.8125
S77-D99	NIRSCWAMPLITUDE	77	99	830	n/a	7.8125
S78-D99	NIRSCWAMPLITUDE	78	99	830	n/a	7.8125
S79-D99	NIRSCWAMPLITUDE	79	99	830	n/a	7.8125
S80-D99	NIRSCWAMPLITUDE	80	99	830	n/a	7.8125
S81-D99	NIRSCWAMPLITUDE	81	99	830	n/a	7.8125
S82-D99	NIRSCWAMPLITUDE	82	99	830	n/a	7.8125
S83-D99	NIRSCWAMPLITUDE	83	99	830	n/a	7.8125
S84-D99	NIRSCWAMPLITUDE	84	99	830	n/a	7.8125
S85-D99	NIRSCWAMPLITUDE	85	99	830	n/a	7.8125
S86-D99	NIRSCWAMPLITUDE	86	99	830	n/a	7.8125
S87-D99	NIRSCWAMPLITUDE	87	99	830	n/a	7.8125
S88-D99	NIRSCWAMPLITUDE	88	99	830	n/a	7.8125
S89-D99	NIRSCWAMPLITUDE	89	99	830	n/a	7.8125
S90-D99	NIRSCWAMPLITUDE	90	99	830	n/a	7.8125
S91-D99	NIRSCWAMPLITUDE	91	99	830	n/a	7.8125
S92-D99	NIRSCWAMPLITUDE	92	99	830	n/a	7.8125
S93-D99	NIRSCWAMPLITUDE	93	99	830	n/a	7.8125
S94-D99	NIRSCWAMPLITUDE	94	99	830	n/a	7.8125
S95-D99	NIRSCWAMPLITUDE	95	99	830	n/a	7.8125
S96-D99	NIRSCWAMPLITUDE	96	99	830	n/a	7.8125
S97-D99	NIRSCWAMPLITUDE	97	99	830	n/a	7.8125
S98-D99	NIRSCWAMPLITUDE	98	99	830	n/a	7.8125
S99-D99	NIRSCWAMPLITUDE	99	99	830	n/a	7.8125
S100-D99	NIRSCWAMPLITUDE	100	99	830	n/a	7.8125
S101-D99	NIRSCWAMPLITUDE	101	99	830	n/a	7.8125
S102-D99	NIRSCWAMPLITUDE	102	99	830	n/a	7.8125
S103-D99	NIRSCWAMPLITUDE	103	99	830	n/a	7.8125
S104-D99	NIRSCWAMPLITUDE	104	99	830	n/a	7.8125
S105-D99	NIRSCWAMPLITUDE	105	99	830	n/a	7.8125
S106-D99	NIRSCWAMPLITUDE	106	99	830	n/a	7.8125
S107-D99	NIRSCWAMPLITUDE	107	99	830	n/a	7.8125
S108-D99	NIRSCWAMPLITUDE	108	99	830	n/a	7.8125
S109-D99	NIRSCWAMPLITUDE	109	99	830	n/a	7.8125
S110-D99	NIRSCWAMPLITUDE	110	99	830	n/a	7.8125
S111-D99	NIRSCWAMPLITUDE	111	99	830	n/a	7.8125
S112-D99	NIRSCWAMPLITUDE	112	99	830	n/a	7.8125
S113-D99	NIRSCWAMPLITUDE	113	99	830	n/a	7.8125
S114-D99	NIRSCWAMPLITUDE	114	99	830	n/a	7.8125
S115-D99	NIRSCWAMPLITUDE	115	99	830	n/a	7.8125
S116-D99	NIRSCWAMPLITUDE	116	99	830	n/a	7.8125
S117-D99	NIRSCWAMPLITUDE	117	99	830	n/a	7.8125
S119-D99	NIRSCWAMPLITUDE	119	99	830	n/a	7.8125
S120-D99	NIRSCWAMPLITUDE	120	99	830	n/a	7.8125
S121-D99	NIRSCWAMPLITUDE	121	99	830	n/a	7.8125
S122-D99	NIRSCWAMPLITUDE	122	99	830	n/a	7.8125
S193-D99	NIRSCWAMPLITUDE	193	99	830	n/a	7.8125
S219-D99	NIRSCWAMPLITUDE	219	99	830	n/a	7.8125
S251-D99	NIRSCWAMPLITUDE	251	99	830	n/a	7.8125
S75-D100	NIRSCWAMPLITUDE	75	100	830	n/a	7.8125
S78-D100	NIRSCWAMPLITUDE	78	100	830	n/a	7.8125
S79-D100	NIRSCWAMPLITUDE	79	100	830	n/a	7.8125
S80-D100	NIRSCWAMPLITUDE	80	100	830	n/a	7.8125
S81-D100	NIRSCWAMPLITUDE	81	100	830	n/a	7.8125
S83-D100	NIRSCWAMPLITUDE	83	100	830	n/a	7.8125
S84-D100	NIRSCWAMPLITUDE	84	100	830	n/a	7.8125
S85-D100	NIRSCWAMPLITUDE	85	100	830	n/a	7.8125
S86-D100	NIRSCWAMPLITUDE	86	100	830	n/a	7.8125
S87-D100	NIRSCWAMPLITUDE	87	100	830	n/a	7.8125
S89-D100	NIRSCWAMPLITUDE	89	100	830	n/a	7.8125
S90-D100	NIRSCWAMPLITUDE	90	100	830	n/a	7.8125
S91-D100	NIRSCWAMPLITUDE	91	100	830	n/a	7.8125
S92-D100	NIRSCWAMPLITUDE	92	100	830	n/a	7.8125
S93-D100	NIRSCWAMPLITUDE	93	100	830	n/a	7.8125
S95-D100	NIRSCWAMPLITUDE	95	100	830	n/a	7.8125
S96-D100	NIRSCWAMPLITUDE	96	100	830	n/a	7.8125
S97-D100	NIRSCWAMPLITUDE	97	100	830	n/a	7.8125
S98-D100	NIRSCWAMPLITUDE	98	100	830	n/a	7.8125
S99-D100	NIRSCWAMPLITUDE	99	100	830	n/a	7.8125
S101-D100	NIRSCWAMPLITUDE	101	100	830	n/a	7.8125
S102-D100	NIRSCWAMPLITUDE	102	100	830	n/a	7.8125
S103-D100	NIRSCWAMPLITUDE	103	100	830	n/a	7.8125
S104-D100	NIRSCWAMPLITUDE	104	100	830	n/a	7.8125
S105-D100	NIRSCWAMPLITUDE	105	100	830	n/a	7.8125
S107-D100	NIRSCWAMPLITUDE	107	100	830	n/a	7.8125
S108-D100	NIRSCWAMPLITUDE	108	100	830	n/a	7.8125
S109-D100	NIRSCWAMPLITUDE	109	100	830	n/a	7.8125
S110-D100	NIRSCWAMPLITUDE	110	100	830	n/a	7.8125
S111-D100	NIRSCWAMPLITUDE	111	100	830	n/a	7.8125
S113-D100	NIRSCWAMPLITUDE	113	100	830	n/a	7.8125
S114-D100	NIRSCWAMPLITUDE	114	100	830	n/a	7.8125
S115-D100	NIRSCWAMPLITUDE	115	100	830	n/a	7.8125
S116-D100	NIRSCWAMPLITUDE	116	100	830	n/a	7.8125
S117-D100	NIRSCWAMPLITUDE	117	100	830	n/a	7.8125
S120-D100	NIRSCWAMPLITUDE	120	100	830	n/a	7.8125
S121-D100	NIRSCWAMPLITUDE	121	100	830	n/a	7.8125
S122-D100	NIRSCWAMPLITUDE	122	100	830	n/a	7.8125
S193-D100	NIRSCWAMPLITUDE	193	100	830	n/a	7.8125
S198-D100	NIRSCWAMPLITUDE	198	100	830	n/a	7.8125
S208-D100	NIRSCWAMPLITUDE	208	100	830	n/a	7.8125
S219-D100	NIRSCWAMPLITUDE	219	100	830	n/a	7.8125
S220-D100	NIRSCWAMPLITUDE	220	100	830	n/a	7.8125
S230-D100	NIRSCWAMPLITUDE	230	100	830	n/a	7.8125
S241-D100	NIRSCWAMPLITUDE	241	100	830	n/a	7.8125
S251-D100	NIRSCWAMPLITUDE	251	100	830	n/a	7.8125
S82-D101	NIRSCWAMPLITUDE	82	101	830	n/a	7.8125
S83-D101	NIRSCWAMPLITUDE	83	101	830	n/a	7.8125
S88-D101	NIRSCWAMPLITUDE	88	101	830	n/a	7.8125
S89-D101	NIRSCWAMPLITUDE	89	101	830	n/a	7.8125
S90-D101	NIRSCWAMPLITUDE	90	101	830	n/a	7.8125
S94-D101	NIRSCWAMPLITUDE	94	101	830	n/a	7.8125
S95-D101	NIRSCWAMPLITUDE	95	101	830	n/a	7.8125
S96-D101	NIRSCWAMPLITUDE	96	101	830	n/a	7.8125
S97-D101	NIRSCWAMPLITUDE	97	101	830	n/a	7.8125
S100-D101	NIRSCWAMPLITUDE	100	101	830	n/a	7.8125
S101-D101	NIRSCWAMPLITUDE	101	101	830	n/a	7.8125
S102-D101	NIRSCWAMPLITUDE	102	101	830	n/a	7.8125
S103-D101	NIRSCWAMPLITUDE	103	101	830	n/a	7.8125
S106-D101	NIRSCWAMPLITUDE	106	101	830	n/a	7.8125
S107-D101	NIRSCWAMPLITUDE	107	101	830	n/a	7.8125
S108-D101	NIRSCWAMPLITUDE	108	101	830	n/a	7.8125
S109-D101	NIRSCWAMPLITUDE	109	101	830	n/a	7.8125
S112-D101	NIRSCWAMPLITUDE	112	101	830	n/a	7.8125
S113-D101	NIRSCWAMPLITUDE	113	101	830	n/a	7.8125
S114-D101	NIRSCWAMPLITUDE	114	101	830	n/a	7.8125
S115-D101	NIRSCWAMPLITUDE	115	101	830	n/a	7.8125
S118-D101	NIRSCWAMPLITUDE	118	101	830	n/a	7.8125
S119-D101	NIRSCWAMPLITUDE	119	101	830	n/a	7.8125
S120-D101	NIRSCWAMPLITUDE	120	101	830	n/a	7.8125
S123-D101	NIRSCWAMPLITUDE	123	101	830	n/a	7.8125
S124-D101	NIRSCWAMPLITUDE	124	101	830	n/a	7.8125
S82-D102	NIRSCWAMPLITUDE	82	102	830	n/a	7.8125
S83-D102	NIRSCWAMPLITUDE	83	102	830	n/a	7.8125
S84-D102	NIRSCWAMPLITUDE	84	102	830	n/a	7.8125
S88-D102	NIRSCWAMPLITUDE	88	102	830	n/a	7.8125
S89-D102	NIRSCWAMPLITUDE	89	102	830	n/a	7.8125
S90-D102	NIRSCWAMPLITUDE	90	102	830	n/a	7.8125
S91-D102	NIRSCWAMPLITUDE	91	102	830	n/a	7.8125
S92-D102	NIRSCWAMPLITUDE	92	102	830	n/a	7.8125
S94-D102	NIRSCWAMPLITUDE	94	102	830	n/a	7.8125
S95-D102	NIRSCWAMPLITUDE	95	102	830	n/a	7.8125
S96-D102	NIRSCWAMPLITUDE	96	102	830	n/a	7.8125
S97-D102	NIRSCWAMPLITUDE	97	102	830	n/a	7.8125
S98-D102	NIRSCWAMPLITUDE	98	102	830	n/a	7.8125
S100-D102	NIRSCWAMPLITUDE	100	102	830	n/a	7.8125
S101-D102	NIRSCWAMPLITUDE	101	102	830	n/a	7.8125
S102-D102	NIRSCWAMPLITUDE	102	102	830	n/a	7.8125
S103-D102	NIRSCWAMPLITUDE	103	102	830	n/a	7.8125
S104-D102	NIRSCWAMPLITUDE	104	102	830	n/a	7.8125
S106-D102	NIRSCWAMPLITUDE	106	102	830	n/a	7.8125
S107-D102	NIRSCWAMPLITUDE	107	102	830	n/a	7.8125
S108-D102	NIRSCWAMPLITUDE	108	102	830	n/a	7.8125
S109-D102	NIRSCWAMPLITUDE	109	102	830	n/a	7.8125
S110-D102	NIRSCWAMPLITUDE	110	102	830	n/a	7.8125
S112-D102	NIRSCWAMPLITUDE	112	102	830	n/a	7.8125
S113-D102	NIRSCWAMPLITUDE	113	102	830	n/a	7.8125
S114-D102	NIRSCWAMPLITUDE	114	102	830	n/a	7.8125
S115-D102	NIRSCWAMPLITUDE	115	102	830	n/a	7.8125
S116-D102	NIRSCWAMPLITUDE	116	102	830	n/a	7.8125
S118-D102	NIRSCWAMPLITUDE	118	102	830	n/a	7.8125
S119-D102	NIRSCWAMPLITUDE	119	102	830	n/a	7.8125
S120-D102	NIRSCWAMPLITUDE	120	102	830	n/a	7.8125
S121-D102	NIRSCWAMPLITUDE	121	102	830	n/a	7.8125
S123-D102	NIRSCWAMPLITUDE	123	102	830	n/a	7.8125
S124-D102	NIRSCWAMPLITUDE	124	102	830	n/a	7.8125
S125-D102	NIRSCWAMPLITUDE	125	102	830	n/a	7.8125
S82-D103	NIRSCWAMPLITUDE	82	103	830	n/a	7.8125
S83-D103	NIRSCWAMPLITUDE	83	103	830	n/a	7.8125
S84-D103	NIRSCWAMPLITUDE	84	103	830	n/a	7.8125
S85-D103	NIRSCWAMPLITUDE	85	103	830	n/a	7.8125
S86-D103	NIRSCWAMPLITUDE	86	103	830	n/a	7.8125
S88-D103	NIRSCWAMPLITUDE	88	103	830	n/a	7.8125
S89-D103	NIRSCWAMPLITUDE	89	103	830	n/a	7.8125
S90-D103	NIRSCWAMPLITUDE	90	103	830	n/a	7.8125
S91-D103	NIRSCWAMPLITUDE	91	103	830	n/a	7.8125
S92-D103	NIRSCWAMPLITUDE	92	103	830	n/a	7.8125
S93-D103	NIRSCWAMPLITUDE	93	103	830	n/a	7.8125
S94-D103	NIRSCWAMPLITUDE	94	103	830	n/a	7.8125
S95-D103	NIRSCWAMPLITUDE	95	103	830	n/a	7.8125
S96-D103	NIRSCWAMPLITUDE	96	103	830	n/a	7.8125
S97-D103	NIRSCWAMPLITUDE	97	103	830	n/a	7.8125
S98-D103	NIRSCWAMPLITUDE	98	103	830	n/a	7.8125
S99-D103	NIRSCWAMPLITUDE	99	103	830	n/a	7.8125
S100-D103	NIRSCWAMPLITUDE	100	103	830	n/a	7.8125
S101-D103	NIRSCWAMPLITUDE	101	103	830	n/a	7.8125
S102-D103	NIRSCWAMPLITUDE	102	103	830	n/a	7.8125
S103-D103	NIRSCWAMPLITUDE	103	103	830	n/a	7.8125
S104-D103	NIRSCWAMPLITUDE	104	103	830	n/a	7.8125
S105-D103	NIRSCWAMPLITUDE	105	103	830	n/a	7.8125
S106-D103	NIRSCWAMPLITUDE	106	103	830	n/a	7.8125
S107-D103	NIRSCWAMPLITUDE	107	103	830	n/a	7.8125
S108-D103	NIRSCWAMPLITUDE	108	103	830	n/a	7.8125
S109-D103	NIRSCWAMPLITUDE	109	103	830	n/a	7.8125
S110-D103	NIRSCWAMPLITUDE	110	103	830	n/a	7.8125
S111-D103	NIRSCWAMPLITUDE	111	103	830	n/a	7.8125
S112-D103	NIRSCWAMPLITUDE	112	103	830	n/a	7.8125
S113-D103	NIRSCWAMPLITUDE	113	103	830	n/a	7.8125
S114-D103	NIRSCWAMPLITUDE	114	103	830	n/a	7.8125
S115-D103	NIRSCWAMPLITUDE	115	103	830	n/a	7.8125
S116-D103	NIRSCWAMPLITUDE	116	103	830	n/a	7.8125
S117-D103	NIRSCWAMPLITUDE	117	103	830	n/a	7.8125
S118-D103	NIRSCWAMPLITUDE	118	103	830	n/a	7.8125
S119-D103	NIRSCWAMPLITUDE	119	103	830	n/a	7.8125
S120-D103	NIRSCWAMPLITUDE	120	103	830	n/a	7.8125
S121-D103	NIRSCWAMPLITUDE	121	103	830	n/a	7.8125
S122-D103	NIRSCWAMPLITUDE	122	103	830	n/a	7.8125
S123-D103	NIRSCWAMPLITUDE	123	103	830	n/a	7.8125
S124-D103	NIRSCWAMPLITUDE	124	103	830	n/a	7.8125
S125-D103	NIRSCWAMPLITUDE	125	103	830	n/a	7.8125
S126-D103	NIRSCWAMPLITUDE	126	103	830	n/a	7.8125
S83-D104	NIRSCWAMPLITUDE	83	104	830	n/a	7.8125
S84-D104	NIRSCWAMPLITUDE	84	104	830	n/a	7.8125
S85-D104	NIRSCWAMPLITUDE	85	104	830	n/a	7.8125
S86-D104	NIRSCWAMPLITUDE	86	104	830	n/a	7.8125
S87-D104	NIRSCWAMPLITUDE	87	104	830	n/a	7.8125
S88-D104	NIRSCWAMPLITUDE	88	104	830	n/a	7.8125
S89-D104	NIRSCWAMPLITUDE	89	104	830	n/a	7.8125
S90-D104	NIRSCWAMPLITUDE	90	104	830	n/a	7.8125
S91-D104	NIRSCWAMPLITUDE	91	104	830	n/a	7.8125
S92-D104	NIRSCWAMPLITUDE	92	104	830	n/a	7.8125
S93-D104	NIRSCWAMPLITUDE	93	104	830	n/a	7.8125
S94-D104	NIRSCWAMPLITUDE	94	104	830	n/a	7.8125
S95-D104	NIRSCWAMPLITUDE	95	104	830	n/a	7.8125
S96-D104	NIRSCWAMPLITUDE	96	104	830	n/a	7.8125
S97-D104	NIRSCWAMPLITUDE	97	104	830	n/a	7.8125
S98-D104	NIRSCWAMPLITUDE	98	104	830	n/a	7.8125
S99-D104	NIRSCWAMPLITUDE	99	104	830	n/a	7.8125
S100-D104	NIRSCWAMPLITUDE	100	104	830	n/a	7.8125
S101-D104	NIRSCWAMPLITUDE	101	104	830	n/a	7.8125
S102-D104	NIRSCWAMPLITUDE	102	104	830	n/a	7.8125
S103-D104	NIRSCWAMPLITUDE	103	104	830	n/a	7.8125
S104-D104	NIRSCWAMPLITUDE	104	104	830	n/a	7.8125
S105-D104	NIRSCWAMPLITUDE	105	104	830	n/a	7.8125
S106-D104	NIRSCWAMPLITUDE	106	104	830	n/a	7.8125
S107-D104	NIRSCWAMPLITUDE	107	104	830	n/a	7.8125
S108-D104	NIRSCWAMPLITUDE	108	104	830	n/a	7.8125
S109-D104	NIRSCWAMPLITUDE	109	104	830	n/a	7.8125
S110-D104	NIRSCWAMPLITUDE	110	104	830	n/a	7.8125
S111-D104	NIRSCWAMPLITUDE	111	104	830	n/a	7.8125
S112-D104	NIRSCWAMPLITUDE	112	104	830	n/a	7.8125
S113-D104	NIRSCWAMPLITUDE	113	104	830	n/a	7.8125
S114-D104	NIRSCWAMPLITUDE	114	104	830	n/a	7.8125
S115-D104	NIRSCWAMPLITUDE	115	104	830	n/a	7.8125
S116-D104	NIRSCWAMPLITUDE	116	104	830	n/a	7.8125
S117-D104	NIRSCWAMPLITUDE	117	104	830	n/a	7.8125
S118-D104	NIRSCWAMPLITUDE	118	104	830	n/a	7.8125
S119-D104	NIRSCWAMPLITUDE	119	104	830	n/a	7.8125
S120-D104	NIRSCWAMPLITUDE	120	104	830	n/a	7.8125
S121-D104	NIRSCWAMPLITUDE	121	104	830	n/a	7.8125
S122-D104	NIRSCWAMPLITUDE	122	104	830	n/a	7.8125
S123-D104	NIRSCWAMPLITUDE	123	104	830	n/a	7.8125
S124-D104	NIRSCWAMPLITUDE	124	104	830	n/a	7.8125
S125-D104	NIRSCWAMPLITUDE	125	104	830	n/a	7.8125
S126-D104	NIRSCWAMPLITUDE	126	104	830	n/a	7.8125
S127-D104	NIRSCWAMPLITUDE	127	104	830	n/a	7.8125
S251-D104	NIRSCWAMPLITUDE	251	104	830	n/a	7.8125
S84-D105	NIRSCWAMPLITUDE	84	105	830	n/a	7.8125
S85-D105	NIRSCWAMPLITUDE	85	105	830	n/a	7.8125
S86-D105	NIRSCWAMPLITUDE	86	105	830	n/a	7.8125
S87-D105	NIRSCWAMPLITUDE	87	105	830	n/a	7.8125
S89-D105	NIRSCWAMPLITUDE	89	105	830	n/a	7.8125
S90-D105	NIRSCWAMPLITUDE	90	105	830	n/a	7.8125
S91-D105	NIRSCWAMPLITUDE	91	105	830	n/a	7.8125
S92-D105	NIRSCWAMPLITUDE	92	105	830	n/a	7.8125
S93-D105	NIRSCWAMPLITUDE	93	105	830	n/a	7.8125
S94-D105	NIRSCWAMPLITUDE	94	105	830	n/a	7.8125
S95-D105	NIRSCWAMPLITUDE	95	105	830	n/a	7.8125
S96-D105	NIRSCWAMPLITUDE	96	105	830	n/a	7.8125
S97-D105	NIRSCWAMPLITUDE	97	105	830	n/a	7.8125
S98-D105	NIRSCWAMPLITUDE	98	105	830	n/a	7.8125
S99-D105	NIRSCWAMPLITUDE	99	105	830	n/a	7.8125
S100-D105	NIRSCWAMPLITUDE	100	105	830	n/a	7.8125
S101-D105	NIRSCWAMPLITUDE	101	105	830	n/a	7.8125
S102-D105	NIRSCWAMPLITUDE	102	105	830	n/a	7.8125
S103-D105	NIRSCWAMPLITUDE	103	105	830	n/a	7.8125
S104-D105	NIRSCWAMPLITUDE	104	105	830	n/a	7.8125
S105-D105	NIRSCWAMPLITUDE	105	105	830	n/a	7.8125
S106-D105	NIRSCWAMPLITUDE	106	105	830	n/a	7.8125
S107-D105	NIRSCWAMPLITUDE	107	105	830	n/a	7.8125
S108-D105	NIRSCWAMPLITUDE	108	105	830	n/a	7.8125
S109-D105	NIRSCWAMPLITUDE	109	105	830	n/a	7.8125
S110-D105	NIRSCWAMPLITUDE	110	105	830	n/a	7.8125
S111-D105	NIRSCWAMPLITUDE	111	105	830	n/a	7.8125
S112-D105	NIRSCWAMPLITUDE	112	105	830	n/a	7.8125
S113-D105	NIRSCWAMPLITUDE	113	105	830	n/a	7.8125
S114-D105	NIRSCWAMPLITUDE	114	105	830	n/a	7.8125
S115-D105	NIRSCWAMPLITUDE	115	105	830	n/a	7.8125
S116-D105	NIRSCWAMPLITUDE	116	105	830	n/a	7.8125
S117-D105	NIRSCWAMPLITUDE	117	105	830	n/a	7.8125
S118-D105	NIRSCWAMPLITUDE	118	105	830	n/a	7.8125
S119-D105	NIRSCWAMPLITUDE	119	105	830	n/a	7.8125
S120-D105	NIRSCWAMPLITUDE	120	105	830	n/a	7.8125
S121-D105	NIRSCWAMPLITUDE	121	105	830	n/a	7.8125
S122-D105	NIRSCWAMPLITUDE	122	105	830	n/a	7.8125
S124-D105	NIRSCWAMPLITUDE	124	105	830	n/a	7.8125
S125-D105	NIRSCWAMPLITUDE	125	105	830	n/a	7.8125
S126-D105	NIRSCWAMPLITUDE	126	105	830	n/a	7.8125
S127-D105	NIRSCWAMPLITUDE	127	105	830	n/a	7.8125
S193-D105	NIRSCWAMPLITUDE	193	105	830	n/a	7.8125
S219-D105	NIRSCWAMPLITUDE	219	105	830	n/a	7.8125
S230-D105	NIRSCWAMPLITUDE	230	105	830	n/a	7.8125
S241-D105	NIRSCWAMPLITUDE	241	105	830	n/a	7.8125
S251-D105	NIRSCWAMPLITUDE	251	105	830	n/a	7.8125
S80-D106	NIRSCWAMPLITUDE	80	106	830	n/a	7.8125
S81-D106	NIRSCWAMPLITUDE	81	106	830	n/a	7.8125
S84-D106	NIRSCWAMPLITUDE	84	106	830	n/a	7.8125
S85-D106	NIRSCWAMPLITUDE	85	106	830	n/a	7.8125
S86-D106	NIRSCWAMPLITUDE	86	106	830	n/a	7.8125
S87-D106	NIRSCWAMPLITUDE	87	106	830	n/a	7.8125
S89-D106	NIRSCWAMPLITUDE	89	106	830	n/a	7.8125
S90-D106	NIRSCWAMPLITUDE	90	106	830	n/a	7.8125
S91-D106	NIRSCWAMPLITUDE	91	106	830	n/a	7.8125
S92-D106	NIRSCWAMPLITUDE	92	106	830	n/a	7.8125
S93-D106	NIRSCWAMPLITUDE	93	106	830	n/a	7.8125
S95-D106	NIRSCWAMPLITUDE	95	106	830	n/a	7.8125
S96-D106	NIRSCWAMPLITUDE	96	106	830	n/a	7.8125
S97-D106	NIRSCWAMPLITUDE	97	106	830	n/a	7.8125
S98-D106	NIRSCWAMPLITUDE	98	106	830	n/a	7.8125
S99-D106	NIRSCWAMPLITUDE	99	106	830	n/a	7.8125
S101-D106	NIRSCWAMPLITUDE	101	106	830	n/a	7.8125
S102-D106	NIRSCWAMPLITUDE	102	106	830	n/a	7.8125
S103-D106	NIRSCWAMPLITUDE	103	106	830	n/a	7.8125
S104-D106	NIRSCWAMPLITUDE	104	106	830	n/a	7.8125
S105-D106	NIRSCWAMPLITUDE	105	106	830	n/a	7.8125
S107-D106	NIRSCWAMPLITUDE	107	106	830	n/a	7.8125
S108-D106	NIRSCWAMPLITUDE	108	106	830	n/a	7.8125
S109-D106	NIRSCWAMPLITUDE	109	106	830	n/a	7.8125
S110-D106	NIRSCWAMPLITUDE	110	106	830	n/a	7.8125
S111-D106	NIRSCWAMPLITUDE	111	106	830	n/a	7.8125
S113-D106	NIRSCWAMPLITUDE	113	106	830	n/a	7.8125
S114-D106	NIRSCWAMPLITUDE	114	106	830	n/a	7.8125
S115-D106	NIRSCWAMPLITUDE	115	106	830	n/a	7.8125
S116-D106	NIRSCWAMPLITUDE	116	106	830	n/a	7.8125
S117-D106	NIRSCWAMPLITUDE	117	106	830	n/a	7.8125
S119-D106	NIRSCWAMPLITUDE	119	106	830	n/a	7.8125
S120-D106	NIRSCWAMPLITUDE	120	106	830	n/a	7.8125
S121-D106	NIRSCWAMPLITUDE	121	106	830	n/a	7.8125
S122-D106	NIRSCWAMPLITUDE	122	106	830	n/a	7.8125
S125-D106	NIRSCWAMPLITUDE	125	106	830	n/a	7.8125
S126-D106	NIRSCWAMPLITUDE	126	106	830	n/a	7.8125
S127-D106	NIRSCWAMPLITUDE	127	106	830	n/a	7.8125
S193-D106	NIRSCWAMPLITUDE	193	106	830	n/a	7.8125
S208-D106	NIRSCWAMPLITUDE	208	106	830	n/a	7.8125
S219-D106	NIRSCWAMPLITUDE	219	106	830	n/a	7.8125
S220-D106	NIRSCWAMPLITUDE	220	106	830	n/a	7.8125
S230-D106	NIRSCWAMPLITUDE	230	106	830	n/a	7.8125
S231-D106	NIRSCWAMPLITUDE	231	106	830	n/a	7.8125
S241-D106	NIRSCWAMPLITUDE	241	106	830	n/a	7.8125
S242-D106	NIRSCWAMPLITUDE	242	106	830	n/a	7.8125
S251-D106	NIRSCWAMPLITUDE	251	106	830	n/a	7.8125
S88-D107	NIRSCWAMPLITUDE	88	107	830	n/a	7.8125
S89-D107	NIRSCWAMPLITUDE	89	107	830	n/a	7.8125
S94-D107	NIRSCWAMPLITUDE	94	107	830	n/a	7.8125
S95-D107	NIRSCWAMPLITUDE	95	107	830	n/a	7.8125
S96-D107	NIRSCWAMPLITUDE	96	107	830	n/a	7.8125
S97-D107	NIRSCWAMPLITUDE	97	107	830	n/a	7.8125
S100-D107	NIRSCWAMPLITUDE	100	107	830	n/a	7.8125
S101-D107	NIRSCWAMPLITUDE	101	107	830	n/a	7.8125
S102-D107	NIRSCWAMPLITUDE	102	107	830	n/a	7.8125
S103-D107	NIRSCWAMPLITUDE	103	107	830	n/a	7.8125
S106-D107	NIRSCWAMPLITUDE	106	107	830	n/a	7.8125
S107-D107	NIRSCWAMPLITUDE	107	107	830	n/a	7.8125
S108-D107	NIRSCWAMPLITUDE	108	107	830	n/a	7.8125
S109-D107	NIRSCWAMPLITUDE	109	107	830	n/a	7.8125
S112-D107	NIRSCWAMPLITUDE	112	107	830	n/a	7.8125
S113-D107	NIRSCWAMPLITUDE	113	107	830	n/a	7.8125
S114-D107	NIRSCWAMPLITUDE	114	107	830	n/a	7.8125
S115-D107	NIRSCWAMPLITUDE	115	107	830	n/a	7.8125
S118-D107	NIRSCWAMPLITUDE	118	107	830	n/a	7.8125
S119-D107	NIRSCWAMPLITUDE	119	107	830	n/a	7.8125
S120-D107	NIRSCWAMPLITUDE	120	107	830	n/a	7.8125
S121-D107	NIRSCWAMPLITUDE	121	107	830	n/a	7.8125
S123-D107	NIRSCWAMPLITUDE	123	107	830	n/a	7.8125
S124-D107	NIRSCWAMPLITUDE	124	107	830	n/a	7.8125
S125-D107	NIRSCWAMPLITUDE	125	107	830	n/a	7.8125
S128-D107	NIRSCWAMPLITUDE	128	107	830	n/a	7.8125
S129-D107	NIRSCWAMPLITUDE	129	107	830	n/a	7.8125
S88-D108	NIRSCWAMPLITUDE	88	108	830	n/a	7.8125
S89-D108	NIRSCWAMPLITUDE	89	108	830	n/a	7.8125
S90-D108	NIRSCWAMPLITUDE	90	108	830	n/a	7.8125
S94-D108	NIRSCWAMPLITUDE	94	108	830	n/a	7.8125
S95-D108	NIRSCWAMPLITUDE	95	108	830	n/a	7.8125
S96-D108	NIRSCWAMPLITUDE	96	108	830	n/a	7.8125
S97-D108	NIRSCWAMPLITUDE	97	108	830	n/a	7.8125
S98-D108	NIRSCWAMPLITUDE	98	108	830	n/a	7.8125
S100-D108	NIRSCWAMPLITUDE	100	108	830	n/a	7.8125
S101-D108	NIRSCWAMPLITUDE	101	108	830	n/a	7.8125
S102-D108	NIRSCWAMPLITUDE	102	108	830	n/a	7.8125
S103-D108	NIRSCWAMPLITUDE	103	108	830	n/a	7.8125
S104-D108	NIRSCWAMPLITUDE	104	108	830	n/a	7.8125
S106-D108	NIRSCWAMPLITUDE	106	108	830	n/a	7.8125
S107-D108	NIRSCWAMPLITUDE	107	108	830	n/a	7.8125
S108-D108	NIRSCWAMPLITUDE	108	108	830	n/a	7.8125
S109-D108	NIRSCWAMPLITUDE	109	108	830	n/a	7.8125
S110-D108	NIRSCWAMPLITUDE	110	108	830	n/a	7.8125
S112-D108	NIRSCWAMPLITUDE	112	108	830	n/a	7.8125
S113-D108	NIRSCWAMPLITUDE	113	108	830	n/a	7.8125
S114-D108	NIRSCWAMPLITUDE	114	108	830	n/a	7.8125
S115-D108	NIRSCWAMPLITUDE	115	108	830	n/a	7.8125
S116-D108	NIRSCWAMPLITUDE	116	108	830	n/a	7.8125
S118-D108	NIRSCWAMPLITUDE	118	108	830	n/a	7.8125
S119-D108	NIRSCWAMPLITUDE	119	108	830	n/a	7.8125
S120-D108	NIRSCWAMPLITUDE	120	108	830	n/a	7.8125
S121-D108	NIRSCWAMPLITUDE	121	108	830	n/a	7.8125
S122-D108	NIRSCWAMPLITUDE	122	108	830	n/a	7.8125
S123-D108	NIRSCWAMPLITUDE	123	108	830	n/a	7.8125
S124-D108	NIRSCWAMPLITUDE	124	108	830	n/a	7.8125
S125-D108	NIRSCWAMPLITUDE	125	108	830	n/a	7.8125
S126-D108	NIRSCWAMPLITUDE	126	108	830	n/a	7.8125
S128-D108	NIRSCWAMPLITUDE	128	108	830	n/a	7.8125
S129-D108	NIRSCWAMPLITUDE	129	108	830	n/a	7.8125
S130-D108	NIRSCWAMPLITUDE	130	108	830	n/a	7.8125
S88-D109	NIRSCWAMPLITUDE	88	109	830	n/a	7.8125
S89-D109	NIRSCWAMPLITUDE	89	109	830	n/a	7.8125
S90-D109	NIRSCWAMPLITUDE	90	109	830	n/a	7.8125
S91-D109	NIRSCWAMPLITUDE	91	109	830	n/a	7.8125
S92-D109	NIRSCWAMPLITUDE	92	109	830	n/a	7.8125
S94-D109	NIRSCWAMPLITUDE	94	109	830	n/a	7.8125
S95-D109	NIRSCWAMPLITUDE	95	109	830	n/a	7.8125
S96-D109	NIRSCWAMPLITUDE	96	109	830	n/a	7.8125
S97-D109	NIRSCWAMPLITUDE	97	109	830	n/a	7.8125
S98-D109	NIRSCWAMPLITUDE	98	109	830	n/a	7.8125
S99-D109	NIRSCWAMPLITUDE	99	109	830	n/a	7.8125
S100-D109	NIRSCWAMPLITUDE	100	109	830	n/a	7.8125
S101-D109	NIRSCWAMPLITUDE	101	109	830	n/a	7.8125
S102-D109	NIRSCWAMPLITUDE	102	109	830	n/a	7.8125
S103-D109	NIRSCWAMPLITUDE	103	109	830	n/a	7.8125
S104-D109	NIRSCWAMPLITUDE	104	109	830	n/a	7.8125
S105-D109	NIRSCWAMPLITUDE	105	109	830	n/a	7.8125
S106-D109	NIRSCWAMPLITUDE	106	109	830	n/a	7.8125
S107-D109	NIRSCWAMPLITUDE	107	109	830	n/a	7.8125
S108-D109	NIRSCWAMPLITUDE	108	109	830	n/a	7.8125
S109-D109	NIRSCWAMPLITUDE	109	109	830	n/a	7.8125
S110-D109	NIRSCWAMPLITUDE	110	109	830	n/a	7.8125
S111-D109	NIRSCWAMPLITUDE	111	109	830	n/a	7.8125
S112-D109	NIRSCWAMPLITUDE	112	109	830	n/a	7.8125
S113-D109	NIRSCWAMPLITUDE	113	109	830	n/a	7.8125
S114-D109	NIRSCWAMPLITUDE	114	109	830	n/a	7.8125
S115-D109	NIRSCWAMPLITUDE	115	109	830	n/a	7.8125
S116-D109	NIRSCWAMPLITUDE	116	109	830	n/a	7.8125
S117-D109	NIRSCWAMPLITUDE	117	109	830	n/a	7.8125
S118-D109	NIRSCWAMPLITUDE	118	109	830	n/a	7.8125
S119-D109	NIRSCWAMPLITUDE	119	109	830	n/a	7.8125
S120-D109	NIRSCWAMPLITUDE	120	109	830	n/a	7.8125
S121-D109	NIRSCWAMPLITUDE	121	109	830	n/a	7.8125
S122-D109	NIRSCWAMPLITUDE	122	109	830	n/a	7.8125
S123-D109	NIRSCWAMPLITUDE	123	109	830	n/a	7.8125
S124-D109	NIRSCWAMPLITUDE	124	109	830	n/a	7.8125
S125-D109	NIRSCWAMPLITUDE	125	109	830	n/a	7.8125
S126-D109	NIRSCWAMPLITUDE	126	109	830	n/a	7.8125
S127-D109	NIRSCWAMPLITUDE	127	109	830	n/a	7.8125
S128-D109	NIRSCWAMPLITUDE	128	109	830	n/a	7.8125
S129-D109	NIRSCWAMPLITUDE	129	109	830	n/a	7.8125
S130-D109	NIRSCWAMPLITUDE	130	109	830	n/a	7.8125
S131-D109	NIRSCWAMPLITUDE	131	109	830	n/a	7.8125
S89-D110	NIRSCWAMPLITUDE	89	110	830	n/a	7.8125
S90-D110	NIRSCWAMPLITUDE	90	110	830	n/a	7.8125
S91-D110	NIRSCWAMPLITUDE	91	110	830	n/a	7.8125
S92-D110	NIRSCWAMPLITUDE	92	110	830	n/a	7.8125
S93-D110	NIRSCWAMPLITUDE	93	110	830	n/a	7.8125
S94-D110	NIRSCWAMPLITUDE	94	110	830	n/a	7.8125
S95-D110	NIRSCWAMPLITUDE	95	110	830	n/a	7.8125
S96-D110	NIRSCWAMPLITUDE	96	110	830	n/a	7.8125
S97-D110	NIRSCWAMPLITUDE	97	110	830	n/a	7.8125
S98-D110	NIRSCWAMPLITUDE	98	110	830	n/a	7.8125
S99-D110	NIRSCWAMPLITUDE	99	110	830	n/a	7.8125
S100-D110	NIRSCWAMPLITUDE	100	110	830	n/a	7.8125
S101-D110	NIRSCWAMPLITUDE	101	110	830	n/a	7.8125
S102-D110	NIRSCWAMPLITUDE	102	110	830	n/a	7.8125
S103-D110	NIRSCWAMPLITUDE	103	110	830	n/a	7.8125
S104-D110	NIRSCWAMPLITUDE	104	110	830	n/a	7.8125
S105-D110	NIRSCWAMPLITUDE	105	110	830	n/a	7.8125
S106-D110	NIRSCWAMPLITUDE	106	110	830	n/a	7.8125
S107-D110	NIRSCWAMPLITUDE	107	110	830	n/a	7.8125
S108-D110	NIRSCWAMPLITUDE	108	110	830	n/a	7.8125
S109-D110	NIRSCWAMPLITUDE	109	110	830	n/a	7.8125
S110-D110	NIRSCWAMPLITUDE	110	110	830	n/a	7.8125
S111-D110	NIRSCWAMPLITUDE	111	110	830	n/a	7.8125
S112-D110	NIRSCWAMPLITUDE	112	110	830	n/a	7.8125
S113-D110	NIRSCWAMPLITUDE	113	110	830	n/a	7.8125
S114-D110	NIRSCWAMPLITUDE	114	110	830	n/a	7.8125
S115-D110	NIRSCWAMPLITUDE	115	110	830	n/a	7.8125
S116-D110	NIRSCWAMPLITUDE	116	110	830	n/a	7.8125
S117-D110	NIRSCWAMPLITUDE	117	110	830	n/a	7.8125
S118-D110	NIRSCWAMPLITUDE	118	110	830	n/a	7.8125
S119-D110	NIRSCWAMPLITUDE	119	110	830	n/a	7.8125
S120-D110	NIRSCWAMPLITUDE	120	110	830	n/a	7.8125
S121-D110	NIRSCWAMPLITUDE	121	110	830	n/a	7.8125
S122-D110	NIRSCWAMPLITUDE	122	110	830	n/a	7.8125
S123-D110	NIRSCWAMPLITUDE	123	110	830	n/a	7.8125
S124-D110	NIRSCWAMPLITUDE	124	110	830	n/a	7.8125
S125-D110	NIRSCWAMPLITUDE	125	110	830	n/a	7.8125
S126-D110	NIRSCWAMPLITUDE	126	110	830	n/a	7.8125
S127-D110	NIRSCWAMPLITUDE	127	110	830	n/a	7.8125
S128-D110	NIRSCWAMPLITUDE	128	110	830	n/a	7.8125
S129-D110	NIRSCWAMPLITUDE	129	110	830	n/a	7.8125
S130-D110	NIRSCWAMPLITUDE	130	110	830	n/a	7.8125
S131-D110	NIRSCWAMPLITUDE	131	110	830	n/a	7.8125
S132-D110	NIRSCWAMPLITUDE	132	110	830	n/a	7.8125
S251-D110	NIRSCWAMPLITUDE	251	110	830	n/a	7.8125
S86-D111	NIRSCWAMPLITUDE	86	111	830	n/a	7.8125
S87-D111	NIRSCWAMPLITUDE	87	111	830	n/a	7.8125
S90-D111	NIRSCWAMPLITUDE	90	111	830	n/a	7.8125
S91-D111	NIRSCWAMPLITUDE	91	111	830	n/a	7.8125
S92-D111	NIRSCWAMPLITUDE	92	111	830	n/a	7.8125
S93-D111	NIRSCWAMPLITUDE	93	111	830	n/a	7.8125
S95-D111	NIRSCWAMPLITUDE	95	111	830	n/a	7.8125
S96-D111	NIRSCWAMPLITUDE	96	111	830	n/a	7.8125
S97-D111	NIRSCWAMPLITUDE	97	111	830	n/a	7.8125
S98-D111	NIRSCWAMPLITUDE	98	111	830	n/a	7.8125
S99-D111	NIRSCWAMPLITUDE	99	111	830	n/a	7.8125
S100-D111	NIRSCWAMPLITUDE	100	111	830	n/a	7.8125
S101-D111	NIRSCWAMPLITUDE	101	111	830	n/a	7.8125
S102-D111	NIRSCWAMPLITUDE	102	111	830	n/a	7.8125
S103-D111	NIRSCWAMPLITUDE	103	111	830	n/a	7.8125
S104-D111	NIRSCWAMPLITUDE	104	111	830	n/a	7.8125
S105-D111	NIRSCWAMPLITUDE	105	111	830	n/a	7.8125
S106-D111	NIRSCWAMPLITUDE	106	111	830	n/a	7.8125
S107-D111	NIRSCWAMPLITUDE	107	111	830	n/a	7.8125
S108-D111	NIRSCWAMPLITUDE	108	111	830	n/a	7.8125
S109-D111	NIRSCWAMPLITUDE	109	111	830	n/a	7.8125
S110-D111	NIRSCWAMPLITUDE	110	111	830	n/a	7.8125
S111-D111	NIRSCWAMPLITUDE	111	111	830	n/a	7.8125
S112-D111	NIRSCWAMPLITUDE	112	111	830	n/a	7.8125
S113-D111	NIRSCWAMPLITUDE	113	111	830	n/a	7.8125
S114-D111	NIRSCWAMPLITUDE	114	111	830	n/a	7.8125
S115-D111	NIRSCWAMPLITUDE	115	111	830	n/a	7.8125
S116-D111	NIRSCWAMPLITUDE	116	111	830	n/a	7.8125
S117-D111	NIRSCWAMPLITUDE	117	111	830	n/a	7.8125
S118-D111	NIRSCWAMPLITUDE	118	111	830	n/a	7.8125
S119-D111	NIRSCWAMPLITUDE	119	111	830	n/a	7.8125
S120-D111	NIRSCWAMPLITUDE	120	111	830	n/a	7.8125
S121-D111	NIRSCWAMPLITUDE	121	111	830	n/a	7.8125
S122-D111	NIRSCWAMPLITUDE	122	111	830	n/a	7.8125
S123-D111	NIRSCWAMPLITUDE	123	111	830	n/a	7.8125
S124-D111	NIRSCWAMPLITUDE	124	111	830	n/a	7.8125
S125-D111	NIRSCWAMPLITUDE	125	111	830	n/a	7.8125
S126-D111	NIRSCWAMPLITUDE	126	111	830	n/a	7.8125
S127-D111	NIRSCWAMPLITUDE	127	111	830	n/a	7.8125
S129-D111	NIRSCWAMPLITUDE	129	111	830	n/a	7.8125
S130-D111	NIRSCWAMPLITUDE	130	111	830	n/a	7.8125
S131-D111	NIRSCWAMPLITUDE	131	111	830	n/a	7.8125
S132-D111	NIRSCWAMPLITUDE	132	111	830	n/a	7.8125
S219-D111	NIRSCWAMPLITUDE	219	111	830	n/a	7.8125
S230-D111	NIRSCWAMPLITUDE	230	111	830	n/a	7.8125
S241-D111	NIRSCWAMPLITUDE	241	111	830	n/a	7.8125
S251-D111	NIRSCWAMPLITUDE	251	111	830	n/a	7.8125
S86-D112	NIRSCWAMPLITUDE	86	112	830	n/a	7.8125
S87-D112	NIRSCWAMPLITUDE	87	112	830	n/a	7.8125
S91-D112	NIRSCWAMPLITUDE	91	112	830	n/a	7.8125
S92-D112	NIRSCWAMPLITUDE	92	112	830	n/a	7.8125
S93-D112	NIRSCWAMPLITUDE	93	112	830	n/a	7.8125
S96-D112	NIRSCWAMPLITUDE	96	112	830	n/a	7.8125
S97-D112	NIRSCWAMPLITUDE	97	112	830	n/a	7.8125
S98-D112	NIRSCWAMPLITUDE	98	112	830	n/a	7.8125
S99-D112	NIRSCWAMPLITUDE	99	112	830	n/a	7.8125
S101-D112	NIRSCWAMPLITUDE	101	112	830	n/a	7.8125
S102-D112	NIRSCWAMPLITUDE	102	112	830	n/a	7.8125
S103-D112	NIRSCWAMPLITUDE	103	112	830	n/a	7.8125
S104-D112	NIRSCWAMPLITUDE	104	112	830	n/a	7.8125
S105-D112	NIRSCWAMPLITUDE	105	112	830	n/a	7.8125
S107-D112	NIRSCWAMPLITUDE	107	112	830	n/a	7.8125
S108-D112	NIRSCWAMPLITUDE	108	112	830	n/a	7.8125
S109-D112	NIRSCWAMPLITUDE	109	112	830	n/a	7.8125
S110-D112	NIRSCWAMPLITUDE	110	112	830	n/a	7.8125
S111-D112	NIRSCWAMPLITUDE	111	112	830	n/a	7.8125
S113-D112	NIRSCWAMPLITUDE	113	112	830	n/a	7.8125
S114-D112	NIRSCWAMPLITUDE	114	112	830	n/a	7.8125
S115-D112	NIRSCWAMPLITUDE	115	112	830	n/a	7.8125
S116-D112	NIRSCWAMPLITUDE	116	112	830	n/a	7.8125
S117-D112	NIRSCWAMPLITUDE	117	112	830	n/a	7.8125
S119-D112	NIRSCWAMPLITUDE	119	112	830	n/a	7.8125
S120-D112	NIRSCWAMPLITUDE	120	112	830	n/a	7.8125
S121-D112	NIRSCWAMPLITUDE	121	112	830	n/a	7.8125
S122-D112	NIRSCWAMPLITUDE	122	112	830	n/a	7.8125
S124-D112	NIRSCWAMPLITUDE	124	112	830	n/a	7.8125
S125-D112	NIRSCWAMPLITUDE	125	112	830	n/a	7.8125
S126-D112	NIRSCWAMPLITUDE	126	112	830	n/a	7.8125
S127-D112	NIRSCWAMPLITUDE	127	112	830	n/a	7.8125
S130-D112	NIRSCWAMPLITUDE	130	112	830	n/a	7.8125
S131-D112	NIRSCWAMPLITUDE	131	112	830	n/a	7.8125
S132-D112	NIRSCWAMPLITUDE	132	112	830	n/a	7.8125
S137-D112	NIRSCWAMPLITUDE	137	112	830	n/a	7.8125
S193-D112	NIRSCWAMPLITUDE	193	112	830	n/a	7.8125
S208-D112	NIRSCWAMPLITUDE	208	112	830	n/a	7.8125
S219-D112	NIRSCWAMPLITUDE	219	112	830	n/a	7.8125
S220-D112	NIRSCWAMPLITUDE	220	112	830	n/a	7.8125
S230-D112	NIRSCWAMPLITUDE	230	112	830	n/a	7.8125
S231-D112	NIRSCWAMPLITUDE	231	112	830	n/a	7.8125
S241-D112	NIRSCWAMPLITUDE	241	112	830	n/a	7.8125
S242-D112	NIRSCWAMPLITUDE	242	112	830	n/a	7.8125
S251-D112	NIRSCWAMPLITUDE	251	112	830	n/a	7.8125
S252-D112	NIRSCWAMPLITUDE	252	112	830	n/a	7.8125
S94-D113	NIRSCWAMPLITUDE	94	113	830	n/a	7.8125
S95-D113	NIRSCWAMPLITUDE	95	113	830	n/a	7.8125
S100-D113	NIRSCWAMPLITUDE	100	113	830	n/a	7.8125
S101-D113	NIRSCWAMPLITUDE	101	113	830	n/a	7.8125
S102-D113	NIRSCWAMPLITUDE	102	113	830	n/a	7.8125
S103-D113	NIRSCWAMPLITUDE	103	113	830	n/a	7.8125
S106-D113	NIRSCWAMPLITUDE	106	113	830	n/a	7.8125
S107-D113	NIRSCWAMPLITUDE	107	113	830	n/a	7.8125
S108-D113	NIRSCWAMPLITUDE	108	113	830	n/a	7.8125
S109-D113	NIRSCWAMPLITUDE	109	113	830	n/a	7.8125
S112-D113	NIRSCWAMPLITUDE	112	113	830	n/a	7.8125
S113-D113	NIRSCWAMPLITUDE	113	113	830	n/a	7.8125
S114-D113	NIRSCWAMPLITUDE	114	113	830	n/a	7.8125
S115-D113	NIRSCWAMPLITUDE	115	113	830	n/a	7.8125
S118-D113	NIRSCWAMPLITUDE	118	113	830	n/a	7.8125
S119-D113	NIRSCWAMPLITUDE	119	113	830	n/a	7.8125
S120-D113	NIRSCWAMPLITUDE	120	113	830	n/a	7.8125
S121-D113	NIRSCWAMPLITUDE	121	113	830	n/a	7.8125
S123-D113	NIRSCWAMPLITUDE	123	113	830	n/a	7.8125
S124-D113	NIRSCWAMPLITUDE	124	113	830	n/a	7.8125
S125-D113	NIRSCWAMPLITUDE	125	113	830	n/a	7.8125
S126-D113	NIRSCWAMPLITUDE	126	113	830	n/a	7.8125
S128-D113	NIRSCWAMPLITUDE	128	113	830	n/a	7.8125
S129-D113	NIRSCWAMPLITUDE	129	113	830	n/a	7.8125
S130-D113	NIRSCWAMPLITUDE	130	113	830	n/a	7.8125
S133-D113	NIRSCWAMPLITUDE	133	113	830	n/a	7.8125
S94-D114	NIRSCWAMPLITUDE	94	114	830	n/a	7.8125
S95-D114	NIRSCWAMPLITUDE	95	114	830	n/a	7.8125
S96-D114	NIRSCWAMPLITUDE	96	114	830	n/a	7.8125
S97-D114	NIRSCWAMPLITUDE	97	114	830	n/a	7.8125
S100-D114	NIRSCWAMPLITUDE	100	114	830	n/a	7.8125
S101-D114	NIRSCWAMPLITUDE	101	114	830	n/a	7.8125
S102-D114	NIRSCWAMPLITUDE	102	114	830	n/a	7.8125
S103-D114	NIRSCWAMPLITUDE	103	114	830	n/a	7.8125
S104-D114	NIRSCWAMPLITUDE	104	114	830	n/a	7.8125
S106-D114	NIRSCWAMPLITUDE	106	114	830	n/a	7.8125
S107-D114	NIRSCWAMPLITUDE	107	114	830	n/a	7.8125
S108-D114	NIRSCWAMPLITUDE	108	114	830	n/a	7.8125
S109-D114	NIRSCWAMPLITUDE	109	114	830	n/a	7.8125
S110-D114	NIRSCWAMPLITUDE	110	114	830	n/a	7.8125
S112-D114	NIRSCWAMPLITUDE	112	114	830	n/a	7.8125
S113-D114	NIRSCWAMPLITUDE	113	114	830	n/a	7.8125
S114-D114	NIRSCWAMPLITUDE	114	114	830	n/a	7.8125
S115-D114	NIRSCWAMPLITUDE	115	114	830	n/a	7.8125
S116-D114	NIRSCWAMPLITUDE	116	114	830	n/a	7.8125
S118-D114	NIRSCWAMPLITUDE	118	114	830	n/a	7.8125
S119-D114	NIRSCWAMPLITUDE	119	114	830	n/a	7.8125
S120-D114	NIRSCWAMPLITUDE	120	114	830	n/a	7.8125
S121-D114	NIRSCWAMPLITUDE	121	114	830	n/a	7.8125
S122-D114	NIRSCWAMPLITUDE	122	114	830	n/a	7.8125
S123-D114	NIRSCWAMPLITUDE	123	114	830	n/a	7.8125
S124-D114	NIRSCWAMPLITUDE	124	114	830	n/a	7.8125
S125-D114	NIRSCWAMPLITUDE	125	114	830	n/a	7.8125
S126-D114	NIRSCWAMPLITUDE	126	114	830	n/a	7.8125
S127-D114	NIRSCWAMPLITUDE	127	114	830	n/a	7.8125
S128-D114	NIRSCWAMPLITUDE	128	114	830	n/a	7.8125
S129-D114	NIRSCWAMPLITUDE	129	114	830	n/a	7.8125
S130-D114	NIRSCWAMPLITUDE	130	114	830	n/a	7.8125
S131-D114	NIRSCWAMPLITUDE	131	114	830	n/a	7.8125
S133-D114	NIRSCWAMPLITUDE	133	114	830	n/a	7.8125
S134-D114	NIRSCWAMPLITUDE	134	114	830	n/a	7.8125
S94-D115	NIRSCWAMPLITUDE	94	115	830	n/a	7.8125
S95-D115	NIRSCWAMPLITUDE	95	115	830	n/a	7.8125
S96-D115	NIRSCWAMPLITUDE	96	115	830	n/a	7.8125
S97-D115	NIRSCWAMPLITUDE	97	115	830	n/a	7.8125
S98-D115	NIRSCWAMPLITUDE	98	115	830	n/a	7.8125
S100-D115	NIRSCWAMPLITUDE	100	115	830	n/a	7.8125
S101-D115	NIRSCWAMPLITUDE	101	115	830	n/a	7.8125
S102-D115	NIRSCWAMPLITUDE	102	115	830	n/a	7.8125
S103-D115	NIRSCWAMPLITUDE	103	115	830	n/a	7.8125
S104-D115	NIRSCWAMPLITUDE	104	115	830	n/a	7.8125
S105-D115	NIRSCWAMPLITUDE	105	115	830	n/a	7.8125
S106-D115	NIRSCWAMPLITUDE	106	115	830	n/a	7.8125
S107-D115	NIRSCWAMPLITUDE	107	115	830	n/a	7.8125
S108-D115	NIRSCWAMPLITUDE	108	115	830	n/a	7.8125
S109-D115	NIRSCWAMPLITUDE	109	115	830	n/a	7.8125
S110-D115	NIRSCWAMPLITUDE	110	115	830	n/a	7.8125
S111-D115	NIRSCWAMPLITUDE	111	115	830	n/a	7.8125
S112-D115	NIRSCWAMPLITUDE	112	115	830	n/a	7.8125
S113-D115	NIRSCWAMPLITUDE	113	115	830	n/a	7.8125
S114-D115	NIRSCWAMPLITUDE	114	115	830	n/a	7.8125
S115-D115	NIRSCWAMPLITUDE	115	115	830	n/a	7.8125
S116-D115	NIRSCWAMPLITUDE	116	115	830	n/a	7.8125
S117-D115	NIRSCWAMPLITUDE	117	115	830	n/a	7.8125
S118-D115	NIRSCWAMPLITUDE	118	115	830	n/a	7.8125
S119-D115	NIRSCWAMPLITUDE	119	115	830	n/a	7.8125
S120-D115	NIRSCWAMPLITUDE	120	115	830	n/a	7.8125
S121-D115	NIRSCWAMPLITUDE	121	115	830	n/a	7.8125
S122-D115	NIRSCWAMPLITUDE	122	115	830	n/a	7.8125
S123-D115	NIRSCWAMPLITUDE	123	115	830	n/a	7.8125
S124-D115	NIRSCWAMPLITUDE	124	115	830	n/a	7.8125
S125-D115	NIRSCWAMPLITUDE	125	115	830	n/a	7.8125
S126-D115	NIRSCWAMPLITUDE	126	115	830	n/a	7.8125
S127-D115	NIRSCWAMPLITUDE	127	115	830	n/a	7.8125
S128-D115	NIRSCWAMPLITUDE	128	115	830	n/a	7.8125
S129-D115	NIRSCWAMPLITUDE	129	115	830	n/a	7.8125
S130-D115	NIRSCWAMPLITUDE	130	115	830	n/a	7.8125
S131-D115	NIRSCWAMPLITUDE	131	115	830	n/a	7.8125
S132-D115	NIRSCWAMPLITUDE	132	115	830	n/a	7.8125
S133-D115	NIRSCWAMPLITUDE	133	115	830	n/a	7.8125
S134-D115	NIRSCWAMPLITUDE	134	115	830	n/a	7.8125
S135-D115	NIRSCWAMPLITUDE	135	115	830	n/a	7.8125
S95-D116	NIRSCWAMPLITUDE	95	116	830	n/a	7.8125
S96-D116	NIRSCWAMPLITUDE	96	116	830	n/a	7.8125
S97-D116	NIRSCWAMPLITUDE	97	116	830	n/a	7.8125
S98-D116	NIRSCWAMPLITUDE	98	116	830	n/a	7.8125
S99-D116	NIRSCWAMPLITUDE	99	116	830	n/a	7.8125
S100-D116	NIRSCWAMPLITUDE	100	116	830	n/a	7.8125
S101-D116	NIRSCWAMPLITUDE	101	116	830	n/a	7.8125
S102-D116	NIRSCWAMPLITUDE	102	116	830	n/a	7.8125
S103-D116	NIRSCWAMPLITUDE	103	116	830	n/a	7.8125
S104-D116	NIRSCWAMPLITUDE	104	116	830	n/a	7.8125
S105-D116	NIRSCWAMPLITUDE	105	116	830	n/a	7.8125
S106-D116	NIRSCWAMPLITUDE	106	116	830	n/a	7.8125
S107-D116	NIRSCWAMPLITUDE	107	116	830	n/a	7.8125
S108-D116	NIRSCWAMPLITUDE	108	116	830	n/a	7.8125
S109-D116	NIRSCWAMPLITUDE	109	116	830	n/a	7.8125
S110-D116	NIRSCWAMPLITUDE	110	116	830	n/a	7.8125
S111-D116	NIRSCWAMPLITUDE	111	116	830	n/a	7.8125
S112-D116	NIRSCWAMPLITUDE	112	116	830	n/a	7.8125
S113-D116	NIRSCWAMPLITUDE	113	116	830	n/a	7.8125
S114-D116	NIRSCWAMPLITUDE	114	116	830	n/a	7.8125
S115-D116	NIRSCWAMPLITUDE	115	116	830	n/a	7.8125
S116-D116	NIRSCWAMPLITUDE	116	116	830	n/a	7.8125
S117-D116	NIRSCWAMPLITUDE	117	116	830	n/a	7.8125
S118-D116	NIRSCWAMPLITUDE	118	116	830	n/a	7.8125
S119-D116	NIRSCWAMPLITUDE	119	116	830	n/a	7.8125
S120-D116	NIRSCWAMPLITUDE	120	116	830	n/a	7.8125
S121-D116	NIRSCWAMPLITUDE	121	116	830	n/a	7.8125
S122-D116	NIRSCWAMPLITUDE	122	116	830	n/a	7.8125
S123-D116	NIRSCWAMPLITUDE	123	116	830	n/a	7.8125
S124-D116	NIRSCWAMPLITUDE	124	116	830	n/a	7.8125
S125-D116	NIRSCWAMPLITUDE	125	116	830	n/a	7.8125
S126-D116	NIRSCWAMPLITUDE	126	116	830	n/a	7.8125
S127-D116	NIRSCWAMPLITUDE	127	116	830	n/a	7.8125
S128-D116	NIRSCWAMPLITUDE	128	116	830	n/a	7.8125
S129-D116	NIRSCWAMPLITUDE	129	116	830	n/a	7.8125
S130-D116	NIRSCWAMPLITUDE	130	116	830	n/a	7.8125
S131-D116	NIRSCWAMPLITUDE	131	116	830	n/a	7.8125
S132-D116	NIRSCWAMPLITUDE	132	116	830	n/a	7.8125
S133-D116	NIRSCWAMPLITUDE	133	116	830	n/a	7.8125
S134-D116	NIRSCWAMPLITUDE	134	116	830	n/a	7.8125
S135-D116	NIRSCWAMPLITUDE	135	116	830	n/a	7.8125
S136-D116	NIRSCWAMPLITUDE	136	116	830	n/a	7.8125
S251-D116	NIRSCWAMPLITUDE	251	116	830	n/a	7.8125
S93-D117	NIRSCWAMPLITUDE	93	117	830	n/a	7.8125
S96-D117	NIRSCWAMPLITUDE	96	117	830	n/a	7.8125
S97-D117	NIRSCWAMPLITUDE	97	117	830	n/a	7.8125
S98-D117	NIRSCWAMPLITUDE	98	117	830	n/a	7.8125
S99-D117	NIRSCWAMPLITUDE	99	117	830	n/a	7.8125
S101-D117	NIRSCWAMPLITUDE	101	117	830	n/a	7.8125
S102-D117	NIRSCWAMPLITUDE	102	117	830	n/a	7.8125
S103-D117	NIRSCWAMPLITUDE	103	117	830	n/a	7.8125
S104-D117	NIRSCWAMPLITUDE	104	117	830	n/a	7.8125
S105-D117	NIRSCWAMPLITUDE	105	117	830	n/a	7.8125
S106-D117	NIRSCWAMPLITUDE	106	117	830	n/a	7.8125
S107-D117	NIRSCWAMPLITUDE	107	117	830	n/a	7.8125
S108-D117	NIRSCWAMPLITUDE	108	117	830	n/a	7.8125
S109-D117	NIRSCWAMPLITUDE	109	117	830	n/a	7.8125
S110-D117	NIRSCWAMPLITUDE	110	117	830	n/a	7.8125
S111-D117	NIRSCWAMPLITUDE	111	117	830	n/a	7.8125
S112-D117	NIRSCWAMPLITUDE	112	117	830	n/a	7.8125
S113-D117	NIRSCWAMPLITUDE	113	117	830	n/a	7.8125
S114-D117	NIRSCWAMPLITUDE	114	117	830	n/a	7.8125
S115-D117	NIRSCWAMPLITUDE	115	117	830	n/a	7.8125
S116-D117	NIRSCWAMPLITUDE	116	117	830	n/a	7.8125
S117-D117	NIRSCWAMPLITUDE	117	117	830	n/a	7.8125
S118-D117	NIRSCWAMPLITUDE	118	117	830	n/a	7.8125
S119-D117	NIRSCWAMPLITUDE	119	117	830	n/a	7.8125
S120-D117	NIRSCWAMPLITUDE	120	117	830	n/a	7.8125
S121-D117	NIRSCWAMPLITUDE	121	117	830	n/a	7.8125
S122-D117	NIRSCWAMPLITUDE	122	117	830	n/a	7.8125
S123-D117	NIRSCWAMPLITUDE	123	117	830	n/a	7.8125
S124-D117	NIRSCWAMPLITUDE	124	117	830	n/a	7.8125
S125-D117	NIRSCWAMPLITUDE	125	117	830	n/a	7.8125
S126-D117	NIRSCWAMPLITUDE	126	117	830	n/a	7.8125
S127-D117	NIRSCWAMPLITUDE	127	117	830	n/a	7.8125
S128-D117	NIRSCWAMPLITUDE	128	117	830	n/a	7.8125
S129-D117	NIRSCWAMPLITUDE	129	117	830	n/a	7.8125
S130-D117	NIRSCWAMPLITUDE	130	117	830	n/a	7.8125
S131-D117	NIRSCWAMPLITUDE	131	117	830	n/a	7.8125
S132-D117	NIRSCWAMPLITUDE	132	117	830	n/a	7.8125
S133-D117	NIRSCWAMPLITUDE	133	117	830	n/a	7.8125
S134-D117	NIRSCWAMPLITUDE	134	117	830	n/a	7.8125
S135-D117	NIRSCWAMPLITUDE	135	117	830	n/a	7.8125
S136-D117	NIRSCWAMPLITUDE	136	117	830	n/a	7.8125
S137-D117	NIRSCWAMPLITUDE	137	117	830	n/a	7.8125
S138-D117	NIRSCWAMPLITUDE	138	117	830	n/a	7.8125
S219-D117	NIRSCWAMPLITUDE	219	117	830	n/a	7.8125
S230-D117	NIRSCWAMPLITUDE	230	117	830	n/a	7.8125
S241-D117	NIRSCWAMPLITUDE	241	117	830	n/a	7.8125
S251-D117	NIRSCWAMPLITUDE	251	117	830	n/a	7.8125
S252-D117	NIRSCWAMPLITUDE	252	117	830	n/a	7.8125
S92-D118	NIRSCWAMPLITUDE	92	118	830	n/a	7.8125
S93-D118	NIRSCWAMPLITUDE	93	118	830	n/a	7.8125
S97-D118	NIRSCWAMPLITUDE	97	118	830	n/a	7.8125
S98-D118	NIRSCWAMPLITUDE	98	118	830	n/a	7.8125
S99-D118	NIRSCWAMPLITUDE	99	118	830	n/a	7.8125
S102-D118	NIRSCWAMPLITUDE	102	118	830	n/a	7.8125
S103-D118	NIRSCWAMPLITUDE	103	118	830	n/a	7.8125
S104-D118	NIRSCWAMPLITUDE	104	118	830	n/a	7.8125
S105-D118	NIRSCWAMPLITUDE	105	118	830	n/a	7.8125
S107-D118	NIRSCWAMPLITUDE	107	118	830	n/a	7.8125
S108-D118	NIRSCWAMPLITUDE	108	118	830	n/a	7.8125
S109-D118	NIRSCWAMPLITUDE	109	118	830	n/a	7.8125
S110-D118	NIRSCWAMPLITUDE	110	118	830	n/a	7.8125
S111-D118	NIRSCWAMPLITUDE	111	118	830	n/a	7.8125
S113-D118	NIRSCWAMPLITUDE	113	118	830	n/a	7.8125
S114-D118	NIRSCWAMPLITUDE	114	118	830	n/a	7.8125
S115-D118	NIRSCWAMPLITUDE	115	118	830	n/a	7.8125
S116-D118	NIRSCWAMPLITUDE	116	118	830	n/a	7.8125
S117-D118	NIRSCWAMPLITUDE	117	118	830	n/a	7.8125
S119-D118	NIRSCWAMPLITUDE	119	118	830	n/a	7.8125
S120-D118	NIRSCWAMPLITUDE	120	118	830	n/a	7.8125
S121-D118	NIRSCWAMPLITUDE	121	118	830	n/a	7.8125
S122-D118	NIRSCWAMPLITUDE	122	118	830	n/a	7.8125
S124-D118	NIRSCWAMPLITUDE	124	118	830	n/a	7.8125
S125-D118	NIRSCWAMPLITUDE	125	118	830	n/a	7.8125
S126-D118	NIRSCWAMPLITUDE	126	118	830	n/a	7.8125
S127-D118	NIRSCWAMPLITUDE	127	118	830	n/a	7.8125
S129-D118	NIRSCWAMPLITUDE	129	118	830	n/a	7.8125
S130-D118	NIRSCWAMPLITUDE	130	118	830	n/a	7.8125
S131-D118	NIRSCWAMPLITUDE	131	118	830	n/a	7.8125
S132-D118	NIRSCWAMPLITUDE	132	118	830	n/a	7.8125
S134-D118	NIRSCWAMPLITUDE	134	118	830	n/a	7.8125
S135-D118	NIRSCWAMPLITUDE	135	118	830	n/a	7.8125
S136-D118	NIRSCWAMPLITUDE	136	118	830	n/a	7.8125
S137-D118	NIRSCWAMPLITUDE	137	118	830	n/a	7.8125
S138-D118	NIRSCWAMPLITUDE	138	118	830	n/a	7.8125
S193-D118	NIRSCWAMPLITUDE	193	118	830	n/a	7.8125
S219-D118	NIRSCWAMPLITUDE	219	118	830	n/a	7.8125
S220-D118	NIRSCWAMPLITUDE	220	118	830	n/a	7.8125
S230-D118	NIRSCWAMPLITUDE	230	118	830	n/a	7.8125
S231-D118	NIRSCWAMPLITUDE	231	118	830	n/a	7.8125
S241-D118	NIRSCWAMPLITUDE	241	118	830	n/a	7.8125
S242-D118	NIRSCWAMPLITUDE	242	118	830	n/a	7.8125
S251-D118	NIRSCWAMPLITUDE	251	118	830	n/a	7.8125
S252-D118	NIRSCWAMPLITUDE	252	118	830	n/a	7.8125
S253-D118	NIRSCWAMPLITUDE	253	118	830	n/a	7.8125
S100-D119	NIRSCWAMPLITUDE	100	119	830	n/a	7.8125
S101-D119	NIRSCWAMPLITUDE	101	119	830	n/a	7.8125
S106-D119	NIRSCWAMPLITUDE	106	119	830	n/a	7.8125
S107-D119	NIRSCWAMPLITUDE	107	119	830	n/a	7.8125
S108-D119	NIRSCWAMPLITUDE	108	119	830	n/a	7.8125
S109-D119	NIRSCWAMPLITUDE	109	119	830	n/a	7.8125
S112-D119	NIRSCWAMPLITUDE	112	119	830	n/a	7.8125
S113-D119	NIRSCWAMPLITUDE	113	119	830	n/a	7.8125
S114-D119	NIRSCWAMPLITUDE	114	119	830	n/a	7.8125
S115-D119	NIRSCWAMPLITUDE	115	119	830	n/a	7.8125
S118-D119	NIRSCWAMPLITUDE	118	119	830	n/a	7.8125
S119-D119	NIRSCWAMPLITUDE	119	119	830	n/a	7.8125
S120-D119	NIRSCWAMPLITUDE	120	119	830	n/a	7.8125
S121-D119	NIRSCWAMPLITUDE	121	119	830	n/a	7.8125
S123-D119	NIRSCWAMPLITUDE	123	119	830	n/a	7.8125
S124-D119	NIRSCWAMPLITUDE	124	119	830	n/a	7.8125
S125-D119	NIRSCWAMPLITUDE	125	119	830	n/a	7.8125
S126-D119	NIRSCWAMPLITUDE	126	119	830	n/a	7.8125
S128-D119	NIRSCWAMPLITUDE	128	119	830	n/a	7.8125
S129-D119	NIRSCWAMPLITUDE	129	119	830	n/a	7.8125
S130-D119	NIRSCWAMPLITUDE	130	119	830	n/a	7.8125
S131-D119	NIRSCWAMPLITUDE	131	119	830	n/a	7.8125
S133-D119	NIRSCWAMPLITUDE	133	119	830	n/a	7.8125
S134-D119	NIRSCWAMPLITUDE	134	119	830	n/a	7.8125
S139-D119	NIRSCWAMPLITUDE	139	119	830	n/a	7.8125
S100-D120	NIRSCWAMPLITUDE	100	120	830	n/a	7.8125
S101-D120	NIRSCWAMPLITUDE	101	120	830	n/a	7.8125
S102-D120	NIRSCWAMPLITUDE	102	120	830	n/a	7.8125
S103-D120	NIRSCWAMPLITUDE	103	120	830	n/a	7.8125
S106-D120	NIRSCWAMPLITUDE	106	120	830	n/a	7.8125
S107-D120	NIRSCWAMPLITUDE	107	120	830	n/a	7.8125
S108-D120	NIRSCWAMPLITUDE	108	120	830	n/a	7.8125
S109-D120	NIRSCWAMPLITUDE	109	120	830	n/a	7.8125
S110-D120	NIRSCWAMPLITUDE	110	120	830	n/a	7.8125
S112-D120	NIRSCWAMPLITUDE	112	120	830	n/a	7.8125
S113-D120	NIRSCWAMPLITUDE	113	120	830	n/a	7.8125
S114-D120	NIRSCWAMPLITUDE	114	120	830	n/a	7.8125
S115-D120	NIRSCWAMPLITUDE	115	120	830	n/a	7.8125
S116-D120	NIRSCWAMPLITUDE	116	120	830	n/a	7.8125
S118-D120	NIRSCWAMPLITUDE	118	120	830	n/a	7.8125
S119-D120	NIRSCWAMPLITUDE	119	120	830	n/a	7.8125
S120-D120	NIRSCWAMPLITUDE	120	120	830	n/a	7.8125
S121-D120	NIRSCWAMPLITUDE	121	120	830	n/a	7.8125
S122-D120	NIRSCWAMPLITUDE	122	120	830	n/a	7.8125
S123-D120	NIRSCWAMPLITUDE	123	120	830	n/a	7.8125
S124-D120	NIRSCWAMPLITUDE	124	120	830	n/a	7.8125
S125-D120	NIRSCWAMPLITUDE	125	120	830	n/a	7.8125
S126-D120	NIRSCWAMPLITUDE	126	120	830	n/a	7.8125
S127-D120	NIRSCWAMPLITUDE	127	120	830	n/a	7.8125
S128-D120	NIRSCWAMPLITUDE	128	120	830	n/a	7.8125
S129-D120	NIRSCWAMPLITUDE	129	120	830	n/a	7.8125
S130-D120	NIRSCWAMPLITUDE	130	120	830	n/a	7.8125
S131-D120	NIRSCWAMPLITUDE	131	120	830	n/a	7.8125
S132-D120	NIRSCWAMPLITUDE	132	120	830	n/a	7.8125
S133-D120	NIRSCWAMPLITUDE	133	120	830	n/a	7.8125
S134-D120	NIRSCWAMPLITUDE	134	120	830	n/a	7.8125
S135-D120	NIRSCWAMPLITUDE	135	120	830	n/a	7.8125
S139-D120	NIRSCWAMPLITUDE	139	120	830	n/a	7.8125
S140-D120	NIRSCWAMPLITUDE	140	120	830	n/a	7.8125
S100-D121	NIRSCWAMPLITUDE	100	121	830	n/a	7.8125
S101-D121	NIRSCWAMPLITUDE	101	121	830	n/a	7.8125
S102-D121	NIRSCWAMPLITUDE	102	121	830	n/a	7.8125
S103-D121	NIRSCWAMPLITUDE	103	121	830	n/a	7.8125
S104-D121	NIRSCWAMPLITUDE	104	121	830	n/a	7.8125
S106-D121	NIRSCWAMPLITUDE	106	121	830	n/a	7.8125
S107-D121	NIRSCWAMPLITUDE	107	121	830	n/a	7.8125
S108-D121	NIRSCWAMPLITUDE	108	121	830	n/a	7.8125
S109-D121	NIRSCWAMPLITUDE	109	121	830	n/a	7.8125
S110-D121	NIRSCWAMPLITUDE	110	121	830	n/a	7.8125
S111-D121	NIRSCWAMPLITUDE	111	121	830	n/a	7.8125
S112-D121	NIRSCWAMPLITUDE	112	121	830	n/a	7.8125
S113-D121	NIRSCWAMPLITUDE	113	121	830	n/a	7.8125
S114-D121	NIRSCWAMPLITUDE	114	121	830	n/a	7.8125
S115-D121	NIRSCWAMPLITUDE	115	121	830	n/a	7.8125
S116-D121	NIRSCWAMPLITUDE	116	121	830	n/a	7.8125
S117-D121	NIRSCWAMPLITUDE	117	121	830	n/a	7.8125
S118-D121	NIRSCWAMPLITUDE	118	121	830	n/a	7.8125
S119-D121	NIRSCWAMPLITUDE	119	121	830	n/a	7.8125
S120-D121	NIRSCWAMPLITUDE	120	121	830	n/a	7.8125
S121-D121	NIRSCWAMPLITUDE	121	121	830	n/a	7.8125
S122-D121	NIRSCWAMPLITUDE	122	121	830	n/a	7.8125
S123-D121	NIRSCWAMPLITUDE	123	121	830	n/a	7.8125
S124-D121	NIRSCWAMPLITUDE	124	121	830	n/a	7.8125
S125-D121	NIRSCWAMPLITUDE	125	121	830	n/a	7.8125
S126-D121	NIRSCWAMPLITUDE	126	121	830	n/a	7.8125
S127-D121	NIRSCWAMPLITUDE	127	121	830	n/a	7.8125
S128-D121	NIRSCWAMPLITUDE	128	121	830	n/a	7.8125
S129-D121	NIRSCWAMPLITUDE	129	121	830	n/a	7.8125
S130-D121	NIRSCWAMPLITUDE	130	121	830	n/a	7.8125
S131-D121	NIRSCWAMPLITUDE	131	121	830	n/a	7.8125
S132-D121	NIRSCWAMPLITUDE	132	121	830	n/a	7.8125
S133-D121	NIRSCWAMPLITUDE	133	121	830	n/a	7.8125
S134-D121	NIRSCWAMPLITUDE	134	121	830	n/a	7.8125
S135-D121	NIRSCWAMPLITUDE	135	121	830	n/a	7.8125
S136-D121	NIRSCWAMPLITUDE	136	121	830	n/a	7.8125
S139-D121	NIRSCWAMPLITUDE	139	121	830	n/a	7.8125
S140-D121	NIRSCWAMPLITUDE	140	121	830	n/a	7.8125
S141-D121	NIRSCWAMPLITUDE	141	121	830	n/a	7.8125
S101-D122	NIRSCWAMPLITUDE	101	122	830	n/a	7.8125
S102-D122	NIRSCWAMPLITUDE	102	122	830	n/a	7.8125
S103-D122	NIRSCWAMPLITUDE	103	122	830	n/a	7.8125
S104-D122	NIRSCWAMPLITUDE	104	122	830	n/a	7.8125
S105-D122	NIRSCWAMPLITUDE	105	122	830	n/a	7.8125
S106-D122	NIRSCWAMPLITUDE	106	122	830	n/a	7.8125
S107-D122	NIRSCWAMPLITUDE	107	122	830	n/a	7.8125
S108-D122	NIRSCWAMPLITUDE	108	122	830	n/a	7.8125
S109-D122	NIRSCWAMPLITUDE	109	122	830	n/a	7.8125
S110-D122	NIRSCWAMPLITUDE	110	122	830	n/a	7.8125
S111-D122	NIRSCWAMPLITUDE	111	122	830	n/a	7.8125
S112-D122	NIRSCWAMPLITUDE	112	122	830	n/a	7.8125
S113-D122	NIRSCWAMPLITUDE	113	122	830	n/a	7.8125
S114-D122	NIRSCWAMPLITUDE	114	122	830	n/a	7.8125
S115-D122	NIRSCWAMPLITUDE	115	122	830	n/a	7.8125
S116-D122	NIRSCWAMPLITUDE	116	122	830	n/a	7.8125
S117-D122	NIRSCWAMPLITUDE	117	122	830	n/a	7.8125
S118-D122	NIRSCWAMPLITUDE	118	122	830	n/a	7.8125
S119-D122	NIRSCWAMPLITUDE	119	122	830	n/a	7.8125
S120-D122	NIRSCWAMPLITUDE	120	122	830	n/a	7.8125
S121-D122	NIRSCWAMPLITUDE	121	122	830	n/a	7.8125
S122-D122	NIRSCWAMPLITUDE	122	122	830	n/a	7.8125
S123-D122	NIRSCWAMPLITUDE	123	122	830	n/a	7.8125
S124-D122	NIRSCWAMPLITUDE	124	122	830	n/a	7.8125
S125-D122	NIRSCWAMPLITUDE	125	122	830	n/a	7.8125
S126-D122	NIRSCWAMPLITUDE	126	122	830	n/a	7.8125
S127-D122	NIRSCWAMPLITUDE	127	122	830	n/a	7.8125
S128-D122	NIRSCWAMPLITUDE	128	122	830	n/a	7.8125
S129-D122	NIRSCWAMPLITUDE	129	122	830	n/a	7.8125
S130-D122	NIRSCWAMPLITUDE	130	122	830	n/a	7.8125
S131-D122	NIRSCWAMPLITUDE	131	122	830	n/a	7.8125
S132-D122	NIRSCWAMPLITUDE	132	122	830	n/a	7.8125
S133-D122	NIRSCWAMPLITUDE	133	122	830	n/a	7.8125
S134-D122	NIRSCWAMPLITUDE	134	122	830	n/a	7.8125
S135-D122	NIRSCWAMPLITUDE	135	122	830	n/a	7.8125
S136-D122	NIRSCWAMPLITUDE	136	122	830	n/a	7.8125
S137-D122	NIRSCWAMPLITUDE	137	122	830	n/a	7.8125
S139-D122	NIRSCWAMPLITUDE	139	122	830	n/a	7.8125
S140-D122	NIRSCWAMPLITUDE	140	122	830	n/a	7.8125
S141-D122	NIRSCWAMPLITUDE	141	122	830	n/a	7.8125
S142-D122	NIRSCWAMPLITUDE	142	122	830	n/a	7.8125
S102-D123	NIRSCWAMPLITUDE	102	123	830	n/a	7.8125
S103-D123	NIRSCWAMPLITUDE	103	123	830	n/a	7.8125
S104-D123	NIRSCWAMPLITUDE	104	123	830	n/a	7.8125
S105-D123	NIRSCWAMPLITUDE	105	123	830	n/a	7.8125
S107-D123	NIRSCWAMPLITUDE	107	123	830	n/a	7.8125
S108-D123	NIRSCWAMPLITUDE	108	123	830	n/a	7.8125
S109-D123	NIRSCWAMPLITUDE	109	123	830	n/a	7.8125
S110-D123	NIRSCWAMPLITUDE	110	123	830	n/a	7.8125
S111-D123	NIRSCWAMPLITUDE	111	123	830	n/a	7.8125
S112-D123	NIRSCWAMPLITUDE	112	123	830	n/a	7.8125
S113-D123	NIRSCWAMPLITUDE	113	123	830	n/a	7.8125
S114-D123	NIRSCWAMPLITUDE	114	123	830	n/a	7.8125
S115-D123	NIRSCWAMPLITUDE	115	123	830	n/a	7.8125
S116-D123	NIRSCWAMPLITUDE	116	123	830	n/a	7.8125
S117-D123	NIRSCWAMPLITUDE	117	123	830	n/a	7.8125
S118-D123	NIRSCWAMPLITUDE	118	123	830	n/a	7.8125
S119-D123	NIRSCWAMPLITUDE	119	123	830	n/a	7.8125
S120-D123	NIRSCWAMPLITUDE	120	123	830	n/a	7.8125
S121-D123	NIRSCWAMPLITUDE	121	123	830	n/a	7.8125
S122-D123	NIRSCWAMPLITUDE	122	123	830	n/a	7.8125
S123-D123	NIRSCWAMPLITUDE	123	123	830	n/a	7.8125
S124-D123	NIRSCWAMPLITUDE	124	123	830	n/a	7.8125
S125-D123	NIRSCWAMPLITUDE	125	123	830	n/a	7.8125
S126-D123	NIRSCWAMPLITUDE	126	123	830	n/a	7.8125
S127-D123	NIRSCWAMPLITUDE	127	123	830	n/a	7.8125
S128-D123	NIRSCWAMPLITUDE	128	123	830	n/a	7.8125
S129-D123	NIRSCWAMPLITUDE	129	123	830	n/a	7.8125
S130-D123	NIRSCWAMPLITUDE	130	123	830	n/a	7.8125
S131-D123	NIRSCWAMPLITUDE	131	123	830	n/a	7.8125
S132-D123	NIRSCWAMPLITUDE	132	123	830	n/a	7.8125
S133-D123	NIRSCWAMPLITUDE	133	123	830	n/a	7.8125
S134-D123	NIRSCWAMPLITUDE	134	123	830	n/a	7.8125
S135-D123	NIRSCWAMPLITUDE	135	123	830	n/a	7.8125
S136-D123	NIRSCWAMPLITUDE	136	123	830	n/a	7.8125
S137-D123	NIRSCWAMPLITUDE	137	123	830	n/a	7.8125
S138-D123	NIRSCWAMPLITUDE	138	123	830	n/a	7.8125
S140-D123	NIRSCWAMPLITUDE	140	123	830	n/a	7.8125
S141-D123	NIRSCWAMPLITUDE	141	123	830	n/a	7.8125
S142-D123	NIRSCWAMPLITUDE	142	123	830	n/a	7.8125
S143-D123	NIRSCWAMPLITUDE	143	123	830	n/a	7.8125
S230-D123	NIRSCWAMPLITUDE	230	123	830	n/a	7.8125
S241-D123	NIRSCWAMPLITUDE	241	123	830	n/a	7.8125
S242-D123	NIRSCWAMPLITUDE	242	123	830	n/a	7.8125
S251-D123	NIRSCWAMPLITUDE	251	123	830	n/a	7.8125
S252-D123	NIRSCWAMPLITUDE	252	123	830	n/a	7.8125
S106-D124	NIRSCWAMPLITUDE	106	124	830	n/a	7.8125
S107-D124	NIRSCWAMPLITUDE	107	124	830	n/a	7.8125
S108-D124	NIRSCWAMPLITUDE	108	124	830	n/a	7.8125
S112-D124	NIRSCWAMPLITUDE	112	124	830	n/a	7.8125
S113-D124	NIRSCWAMPLITUDE	113	124	830	n/a	7.8125
S114-D124	NIRSCWAMPLITUDE	114	124	830	n/a	7.8125
S115-D124	NIRSCWAMPLITUDE	115	124	830	n/a	7.8125
S118-D124	NIRSCWAMPLITUDE	118	124	830	n/a	7.8125
S119-D124	NIRSCWAMPLITUDE	119	124	830	n/a	7.8125
S120-D124	NIRSCWAMPLITUDE	120	124	830	n/a	7.8125
S121-D124	NIRSCWAMPLITUDE	121	124	830	n/a	7.8125
S123-D124	NIRSCWAMPLITUDE	123	124	830	n/a	7.8125
S124-D124	NIRSCWAMPLITUDE	124	124	830	n/a	7.8125
S125-D124	NIRSCWAMPLITUDE	125	124	830	n/a	7.8125
S126-D124	NIRSCWAMPLITUDE	126	124	830	n/a	7.8125
S128-D124	NIRSCWAMPLITUDE	128	124	830	n/a	7.8125
S129-D124	NIRSCWAMPLITUDE	129	124	830	n/a	7.8125
S130-D124	NIRSCWAMPLITUDE	130	124	830	n/a	7.8125
S131-D124	NIRSCWAMPLITUDE	131	124	830	n/a	7.8125
S133-D124	NIRSCWAMPLITUDE	133	124	830	n/a	7.8125
S134-D124	NIRSCWAMPLITUDE	134	124	830	n/a	7.8125
S135-D124	NIRSCWAMPLITUDE	135	124	830	n/a	7.8125
S139-D124	NIRSCWAMPLITUDE	139	124	830	n/a	7.8125
S140-D124	NIRSCWAMPLITUDE	140	124	830	n/a	7.8125
S145-D124	NIRSCWAMPLITUDE	145	124	830	n/a	7.8125
S106-D125	NIRSCWAMPLITUDE	106	125	830	n/a	7.8125
S107-D125	NIRSCWAMPLITUDE	107	125	830	n/a	7.8125
S108-D125	NIRSCWAMPLITUDE	108	125	830	n/a	7.8125
S109-D125	NIRSCWAMPLITUDE	109	125	830	n/a	7.8125
S112-D125	NIRSCWAMPLITUDE	112	125	830	n/a	7.8125
S113-D125	NIRSCWAMPLITUDE	113	125	830	n/a	7.8125
S114-D125	NIRSCWAMPLITUDE	114	125	830	n/a	7.8125
S115-D125	NIRSCWAMPLITUDE	115	125	830	n/a	7.8125
S116-D125	NIRSCWAMPLITUDE	116	125	830	n/a	7.8125
S118-D125	NIRSCWAMPLITUDE	118	125	830	n/a	7.8125
S119-D125	NIRSCWAMPLITUDE	119	125	830	n/a	7.8125
S120-D125	NIRSCWAMPLITUDE	120	125	830	n/a	7.8125
S121-D125	NIRSCWAMPLITUDE	121	125	830	n/a	7.8125
S122-D125	NIRSCWAMPLITUDE	122	125	830	n/a	7.8125
S123-D125	NIRSCWAMPLITUDE	123	125	830	n/a	7.8125
S124-D125	NIRSCWAMPLITUDE	124	125	830	n/a	7.8125
S125-D125	NIRSCWAMPLITUDE	125	125	830	n/a	7.8125
S126-D125	NIRSCWAMPLITUDE	126	125	830	n/a	7.8125
S127-D125	NIRSCWAMPLITUDE	127	125	830	n/a	7.8125
S128-D125	NIRSCWAMPLITUDE	128	125	830	n/a	7.8125
S129-D125	NIRSCWAMPLITUDE	129	125	830	n/a	7.8125
S130-D125	NIRSCWAMPLITUDE	130	125	830	n/a	7.8125
S131-D125	NIRSCWAMPLITUDE	131	125	830	n/a	7.8125
S132-D125	NIRSCWAMPLITUDE	132	125	830	n/a	7.8125
S133-D125	NIRSCWAMPLITUDE	133	125	830	n/a	7.8125
S134-D125	NIRSCWAMPLITUDE	134	125	830	n/a	7.8125
S135-D125	NIRSCWAMPLITUDE	135	125	830	n/a	7.8125
S136-D125	NIRSCWAMPLITUDE	136	125	830	n/a	7.8125
S139-D125	NIRSCWAMPLITUDE	139	125	830	n/a	7.8125
S140-D125	NIRSCWAMPLITUDE	140	125	830	n/a	7.8125
S141-D125	NIRSCWAMPLITUDE	141	125	830	n/a	7.8125
S145-D125	NIRSCWAMPLITUDE	145	125	830	n/a	7.8125
S146-D125	NIRSCWAMPLITUDE	146	125	830	n/a	7.8125
S106-D126	NIRSCWAMPLITUDE	106	126	830	n/a	7.8125
S107-D126	NIRSCWAMPLITUDE	107	126	830	n/a	7.8125
S108-D126	NIRSCWAMPLITUDE	108	126	830	n/a	7.8125
S109-D126	NIRSCWAMPLITUDE	109	126	830	n/a	7.8125
S110-D126	NIRSCWAMPLITUDE	110	126	830	n/a	7.8125
S112-D126	NIRSCWAMPLITUDE	112	126	830	n/a	7.8125
S113-D126	NIRSCWAMPLITUDE	113	126	830	n/a	7.8125
S114-D126	NIRSCWAMPLITUDE	114	126	830	n/a	7.8125
S115-D126	NIRSCWAMPLITUDE	115	126	830	n/a	7.8125
S116-D126	NIRSCWAMPLITUDE	116	126	830	n/a	7.8125
S117-D126	NIRSCWAMPLITUDE	117	126	830	n/a	7.8125
S118-D126	NIRSCWAMPLITUDE	118	126	830	n/a	7.8125
S119-D126	NIRSCWAMPLITUDE	119	126	830	n/a	7.8125
S120-D126	NIRSCWAMPLITUDE	120	126	830	n/a	7.8125
S121-D126	NIRSCWAMPLITUDE	121	126	830	n/a	7.8125
S122-D126	NIRSCWAMPLITUDE	122	126	830	n/a	7.8125
S123-D126	NIRSCWAMPLITUDE	123	126	830	n/a	7.8125
S124-D126	NIRSCWAMPLITUDE	124	126	830	n/a	7.8125
S125-D126	NIRSCWAMPLITUDE	125	126	830	n/a	7.8125
S126-D126	NIRSCWAMPLITUDE	126	126	830	n/a	7.8125
S127-D126	NIRSCWAMPLITUDE	127	126	830	n/a	7.8125
S128-D126	NIRSCWAMPLITUDE	128	126	830	n/a	7.8125
S129-D126	NIRSCWAMPLITUDE	129	126	830	n/a	7.8125
S130-D126	NIRSCWAMPLITUDE	130	126	830	n/a	7.8125
S131-D126	NIRSCWAMPLITUDE	131	126	830	n/a	7.8125
S132-D126	NIRSCWAMPLITUDE	132	126	830	n/a	7.8125
S133-D126	NIRSCWAMPLITUDE	133	126	830	n/a	7.8125
S134-D126	NIRSCWAMPLITUDE	134	126	830	n/a	7.8125
S135-D126	NIRSCWAMPLITUDE	135	126	830	n/a	7.8125
S136-D126	NIRSCWAMPLITUDE	136	126	830	n/a	7.8125
S137-D126	NIRSCWAMPLITUDE	137	126	830	n/a	7.8125
S139-D126	NIRSCWAMPLITUDE	139	126	830	n/a	7.8125
S140-D126	NIRSCWAMPLITUDE	140	126	830	n/a	7.8125
S141-D126	NIRSCWAMPLITUDE	141	126	830	n/a	7.8125
S142-D126	NIRSCWAMPLITUDE	142	126	830	n/a	7.8125
S145-D126	NIRSCWAMPLITUDE	145	126	830	n/a	7.8125
S146-D126	NIRSCWAMPLITUDE	146	126	830	n/a	7.8125
S147-D126	NIRSCWAMPLITUDE	147	126	830	n/a	7.8125
S107-D127	NIRSCWAMPLITUDE	107	127	830	n/a	7.8125
S108-D127	NIRSCWAMPLITUDE	108	127	830	n/a	7.8125
S109-D127	NIRSCWAMPLITUDE	109	127	830	n/a	7.8125
S110-D127	NIRSCWAMPLITUDE	110	127	830	n/a	7.8125
S111-D127	NIRSCWAMPLITUDE	111	127	830	n/a	7.8125
S112-D127	NIRSCWAMPLITUDE	112	127	830	n/a	7.8125
S113-D127	NIRSCWAMPLITUDE	113	127	830	n/a	7.8125
S114-D127	NIRSCWAMPLITUDE	114	127	830	n/a	7.8125
S115-D127	NIRSCWAMPLITUDE	115	127	830	n/a	7.8125
S116-D127	NIRSCWAMPLITUDE	116	127	830	n/a	7.8125
S117-D127	NIRSCWAMPLITUDE	117	127	830	n/a	7.8125
S118-D127	NIRSCWAMPLITUDE	118	127	830	n/a	7.8125
S119-D127	NIRSCWAMPLITUDE	119	127	830	n/a	7.8125
S120-D127	NIRSCWAMPLITUDE	120	127	830	n/a	7.8125
S121-D127	NIRSCWAMPLITUDE	121	127	830	n/a	7.8125
S122-D127	NIRSCWAMPLITUDE	122	127	830	n/a	7.8125
S123-D127	NIRSCWAMPLITUDE	123	127	830	n/a	7.8125
S124-D127	NIRSCWAMPLITUDE	124	127	830	n/a	7.8125
S125-D127	NIRSCWAMPLITUDE	125	127	830	n/a	7.8125
S126-D127	NIRSCWAMPLITUDE	126	127	830	n/a	7.8125
S127-D127	NIRSCWAMPLITUDE	127	127	830	n/a	7.8125
S128-D127	NIRSCWAMPLITUDE	128	127	830	n/a	7.8125
S129-D127	NIRSCWAMPLITUDE	129	127	830	n/a	7.8125
S130-D127	NIRSCWAMPLITUDE	130	127	830	n/a	7.8125
S131-D127	NIRSCWAMPLITUDE	131	127	830	n/a	7.8125
S132-D127	NIRSCWAMPLITUDE	132	127	830	n/a	7.8125
S133-D127	NIRSCWAMPLITUDE	133	127	830	n/a	7.8125
S134-D127	NIRSCWAMPLITUDE	134	127	830	n/a	7.8125
S135-D127	NIRSCWAMPLITUDE	135	127	830	n/a	7.8125
S136-D127	NIRSCWAMPLITUDE	136	127	830	n/a	7.8125
S137-D127	NIRSCWAMPLITUDE	137	127	830	n/a	7.8125
S138-D127	NIRSCWAMPLITUDE	138	127	830	n/a	7.8125
S139-D127	NIRSCWAMPLITUDE	139	127	830	n/a	7.8125
S140-D127	NIRSCWAMPLITUDE	140	127	830	n/a	7.8125
S141-D127	NIRSCWAMPLITUDE	141	127	830	n/a	7.8125
S142-D127	NIRSCWAMPLITUDE	142	127	830	n/a	7.8125
S143-D127	NIRSCWAMPLITUDE	143	127	830	n/a	7.8125
S145-D127	NIRSCWAMPLITUDE	145	127	830	n/a	7.8125
S146-D127	NIRSCWAMPLITUDE	146	127	830	n/a	7.8125
S147-D127	NIRSCWAMPLITUDE	147	127	830	n/a	7.8125
S148-D127	NIRSCWAMPLITUDE	148	127	830	n/a	7.8125
S108-D128	NIRSCWAMPLITUDE	108	128	830	n/a	7.8125
S109-D128	NIRSCWAMPLITUDE	109	128	830	n/a	7.8125
S110-D128	NIRSCWAMPLITUDE	110	128	830	n/a	7.8125
S111-D128	NIRSCWAMPLITUDE	111	128	830	n/a	7.8125
S113-D128	NIRSCWAMPLITUDE	113	128	830	n/a	7.8125
S114-D128	NIRSCWAMPLITUDE	114	128	830	n/a	7.8125
S115-D128	NIRSCWAMPLITUDE	115	128	830	n/a	7.8125
S116-D128	NIRSCWAMPLITUDE	116	128	830	n/a	7.8125
S117-D128	NIRSCWAMPLITUDE	117	128	830	n/a	7.8125
S118-D128	NIRSCWAMPLITUDE	118	128	830	n/a	7.8125
S119-D128	NIRSCWAMPLITUDE	119	128	830	n/a	7.8125
S120-D128	NIRSCWAMPLITUDE	120	128	830	n/a	7.8125
S121-D128	NIRSCWAMPLITUDE	121	128	830	n/a	7.8125
S122-D128	NIRSCWAMPLITUDE	122	128	830	n/a	7.8125
S123-D128	NIRSCWAMPLITUDE	123	128	830	n/a	7.8125
S124-D128	NIRSCWAMPLITUDE	124	128	830	n/a	7.8125
S125-D128	NIRSCWAMPLITUDE	125	128	830	n/a	7.8125
S126-D128	NIRSCWAMPLITUDE	126	128	830	n/a	7.8125
S127-D128	NIRSCWAMPLITUDE	127	128	830	n/a	7.8125
S128-D128	NIRSCWAMPLITUDE	128	128	830	n/a	7.8125
S129-D128	NIRSCWAMPLITUDE	129	128	830	n/a	7.8125
S130-D128	NIRSCWAMPLITUDE	130	128	830	n/a	7.8125
S131-D128	NIRSCWAMPLITUDE	131	128	830	n/a	7.8125
S132-D128	NIRSCWAMPLITUDE	132	128	830	n/a	7.8125
S133-D128	NIRSCWAMPLITUDE	133	128	830	n/a	7.8125
S134-D128	NIRSCWAMPLITUDE	134	128	830	n/a	7.8125
S135-D128	NIRSCWAMPLITUDE	135	128	830	n/a	7.8125
S136-D128	NIRSCWAMPLITUDE	136	128	830	n/a	7.8125
S137-D128	NIRSCWAMPLITUDE	137	128	830	n/a	7.8125
S138-D128	NIRSCWAMPLITUDE	138	128	830	n/a	7.8125
S139-D128	NIRSCWAMPLITUDE	139	128	830	n/a	7.8125
S140-D128	NIRSCWAMPLITUDE	140	128	830	n/a	7.8125
S141-D128	NIRSCWAMPLITUDE	141	128	830	n/a	7.8125
S142-D128	NIRSCWAMPLITUDE	142	128	830	n/a	7.8125
S143-D128	NIRSCWAMPLITUDE	143	128	830	n/a	7.8125
S144-D128	NIRSCWAMPLITUDE	144	128	830	n/a	7.8125
S146-D128	NIRSCWAMPLITUDE	146	128	830	n/a	7.8125
S147-D128	NIRSCWAMPLITUDE	147	128	830	n/a	7.8125
S148-D128	NIRSCWAMPLITUDE	148	128	830	n/a	7.8125
S149-D128	NIRSCWAMPLITUDE	149	128	830	n/a	7.8125
S241-D128	NIRSCWAMPLITUDE	241	128	830	n/a	7.8125
S242-D128	NIRSCWAMPLITUDE	242	128	830	n/a	7.8125
S251-D128	NIRSCWAMPLITUDE	251	128	830	n/a	7.8125
S252-D128	NIRSCWAMPLITUDE	252	128	830	n/a	7.8125
S253-D128	NIRSCWAMPLITUDE	253	128	830	n/a	7.8125
S112-D129	NIRSCWAMPLITUDE	112	129	830	n/a	7.8125
S113-D129	NIRSCWAMPLITUDE	113	129	830	n/a	7.8125
S114-D129	NIRSCWAMPLITUDE	114	129	830	n/a	7.8125
S115-D129	NIRSCWAMPLITUDE	115	129	830	n/a	7.8125
S118-D129	NIRSCWAMPLITUDE	118	129	830	n/a	7.8125
S119-D129	NIRSCWAMPLITUDE	119	129	830	n/a	7.8125
S120-D129	NIRSCWAMPLITUDE	120	129	830	n/a	7.8125
S121-D129	NIRSCWAMPLITUDE	121	129	830	n/a	7.8125
S122-D129	NIRSCWAMPLITUDE	122	129	830	n/a	7.8125
S123-D129	NIRSCWAMPLITUDE	123	129	830	n/a	7.8125
S124-D129	NIRSCWAMPLITUDE	124	129	830	n/a	7.8125
S125-D129	NIRSCWAMPLITUDE	125	129	830	n/a	7.8125
S126-D129	NIRSCWAMPLITUDE	126	129	830	n/a	7.8125
S127-D129	NIRSCWAMPLITUDE	127	129	830	n/a	7.8125
S128-D129	NIRSCWAMPLITUDE	128	129	830	n/a	7.8125
S129-D129	NIRSCWAMPLITUDE	129	129	830	n/a	7.8125
S130-D129	NIRSCWAMPLITUDE	130	129	830	n/a	7.8125
S131-D129	NIRSCWAMPLITUDE	131	129	830	n/a	7.8125
S132-D129	NIRSCWAMPLITUDE	132	129	830	n/a	7.8125
S133-D129	NIRSCWAMPLITUDE	133	129	830	n/a	7.8125
S134-D129	NIRSCWAMPLITUDE	134	129	830	n/a	7.8125
S135-D129	NIRSCWAMPLITUDE	135	129	830	n/a	7.8125
S136-D129	NIRSCWAMPLITUDE	136	129	830	n/a	7.8125
S139-D129	NIRSCWAMPLITUDE	139	129	830	n/a	7.8125
S140-D129	NIRSCWAMPLITUDE	140	129	830	n/a	7.8125
S141-D129	NIRSCWAMPLITUDE	141	129	830	n/a	7.8125
S142-D129	NIRSCWAMPLITUDE	142	129	830	n/a	7.8125
S145-D129	NIRSCWAMPLITUDE	145	129	830	n/a	7.8125
S146-D129	NIRSCWAMPLITUDE	146	129	830	n/a	7.8125
S147-D129	NIRSCWAMPLITUDE	147	129	830	n/a	7.8125
S151-D129	NIRSCWAMPLITUDE	151	129	830	n/a	7.8125
S152-D129	NIRSCWAMPLITUDE	152	129	830	n/a	7.8125
S112-D130	NIRSCWAMPLITUDE	112	130	830	n/a	7.8125
S113-D130	NIRSCWAMPLITUDE	113	130	830	n/a	7.8125
S114-D130	NIRSCWAMPLITUDE	114	130	830	n/a	7.8125
S115-D130	NIRSCWAMPLITUDE	115	130	830	n/a	7.8125
S116-D130	NIRSCWAMPLITUDE	116	130	830	n/a	7.8125
S118-D130	NIRSCWAMPLITUDE	118	130	830	n/a	7.8125
S119-D130	NIRSCWAMPLITUDE	119	130	830	n/a	7.8125
S120-D130	NIRSCWAMPLITUDE	120	130	830	n/a	7.8125
S121-D130	NIRSCWAMPLITUDE	121	130	830	n/a	7.8125
S122-D130	NIRSCWAMPLITUDE	122	130	830	n/a	7.8125
S123-D130	NIRSCWAMPLITUDE	123	130	830	n/a	7.8125
S124-D130	NIRSCWAMPLITUDE	124	130	830	n/a	7.8125
S125-D130	NIRSCWAMPLITUDE	125	130	830	n/a	7.8125
S126-D130	NIRSCWAMPLITUDE	126	130	830	n/a	7.8125
S127-D130	NIRSCWAMPLITUDE	127	130	830	n/a	7.8125
S128-D130	NIRSCWAMPLITUDE	128	130	830	n/a	7.8125
S129-D130	NIRSCWAMPLITUDE	129	130	830	n/a	7.8125
S130-D130	NIRSCWAMPLITUDE	130	130	830	n/a	7.8125
S131-D130	NIRSCWAMPLITUDE	131	130	830	n/a	7.8125
S132-D130	NIRSCWAMPLITUDE	132	130	830	n/a	7.8125
S133-D130	NIRSCWAMPLITUDE	133	130	830	n/a	7.8125
S134-D130	NIRSCWAMPLITUDE	134	130	830	n/a	7.8125
S135-D130	NIRSCWAMPLITUDE	135	130	830	n/a	7.8125
S136-D130	NIRSCWAMPLITUDE	136	130	830	n/a	7.8125
S137-D130	NIRSCWAMPLITUDE	137	130	830	n/a	7.8125
S139-D130	NIRSCWAMPLITUDE	139	130	830	n/a	7.8125
S140-D130	NIRSCWAMPLITUDE	140	130	830	n/a	7.8125
S141-D130	NIRSCWAMPLITUDE	141	130	830	n/a	7.8125
S142-D130	NIRSCWAMPLITUDE	142	130	830	n/a	7.8125
S143-D130	NIRSCWAMPLITUDE	143	130	830	n/a	7.8125
S145-D130	NIRSCWAMPLITUDE	145	130	830	n/a	7.8125
S146-D130	NIRSCWAMPLITUDE	146	130	830	n/a	7.8125
S147-D130	NIRSCWAMPLITUDE	147	130	830	n/a	7.8125
S148-D130	NIRSCWAMPLITUDE	148	130	830	n/a	7.8125
S151-D130	NIRSCWAMPLITUDE	151	130	830	n/a	7.8125
S152-D130	NIRSCWAMPLITUDE	152	130	830	n/a	7.8125
S153-D130	NIRSCWAMPLITUDE	153	130	830	n/a	7.8125
S113-D131	NIRSCWAMPLITUDE	113	131	830	n/a	7.8125
S114-D131	NIRSCWAMPLITUDE	114	131	830	n/a	7.8125
S115-D131	NIRSCWAMPLITUDE	115	131	830	n/a	7.8125
S116-D131	NIRSCWAMPLITUDE	116	131	830	n/a	7.8125
S117-D131	NIRSCWAMPLITUDE	117	131	830	n/a	7.8125
S118-D131	NIRSCWAMPLITUDE	118	131	830	n/a	7.8125
S119-D131	NIRSCWAMPLITUDE	119	131	830	n/a	7.8125
S120-D131	NIRSCWAMPLITUDE	120	131	830	n/a	7.8125
S121-D131	NIRSCWAMPLITUDE	121	131	830	n/a	7.8125
S122-D131	NIRSCWAMPLITUDE	122	131	830	n/a	7.8125
S123-D131	NIRSCWAMPLITUDE	123	131	830	n/a	7.8125
S124-D131	NIRSCWAMPLITUDE	124	131	830	n/a	7.8125
S125-D131	NIRSCWAMPLITUDE	125	131	830	n/a	7.8125
S126-D131	NIRSCWAMPLITUDE	126	131	830	n/a	7.8125
S127-D131	NIRSCWAMPLITUDE	127	131	830	n/a	7.8125
S128-D131	NIRSCWAMPLITUDE	128	131	830	n/a	7.8125
S129-D131	NIRSCWAMPLITUDE	129	131	830	n/a	7.8125
S130-D131	NIRSCWAMPLITUDE	130	131	830	n/a	7.8125
S131-D131	NIRSCWAMPLITUDE	131	131	830	n/a	7.8125
S132-D131	NIRSCWAMPLITUDE	132	131	830	n/a	7.8125
S133-D131	NIRSCWAMPLITUDE	133	131	830	n/a	7.8125
S134-D131	NIRSCWAMPLITUDE	134	131	830	n/a	7.8125
S135-D131	NIRSCWAMPLITUDE	135	131	830	n/a	7.8125
S136-D131	NIRSCWAMPLITUDE	136	131	830	n/a	7.8125
S137-D131	NIRSCWAMPLITUDE	137	131	830	n/a	7.8125
S138-D131	NIRSCWAMPLITUDE	138	131	830	n/a	7.8125
S139-D131	NIRSCWAMPLITUDE	139	131	830	n/a	7.8125
S140-D131	NIRSCWAMPLITUDE	140	131	830	n/a	7.8125
S141-D131	NIRSCWAMPLITUDE	141	131	830	n/a	7.8125
S142-D131	NIRSCWAMPLITUDE	142	131	830	n/a	7.8125
S143-D131	NIRSCWAMPLITUDE	143	131	830	n/a	7.8125
S144-D131	NIRSCWAMPLITUDE	144	131	830	n/a	7.8125
S145-D131	NIRSCWAMPLITUDE	145	131	830	n/a	7.8125
S146-D131	NIRSCWAMPLITUDE	146	131	830	n/a	7.8125
S147-D131	NIRSCWAMPLITUDE	147	131	830	n/a	7.8125
S148-D131	NIRSCWAMPLITUDE	148	131	830	n/a	7.8125
S149-D131	NIRSCWAMPLITUDE	149	131	830	n/a	7.8125
S151-D131	NIRSCWAMPLITUDE	151	131	830	n/a	7.8125
S152-D131	NIRSCWAMPLITUDE	152	131	830	n/a	7.8125
S153-D131	NIRSCWAMPLITUDE	153	131	830	n/a	7.8125
S154-D131	NIRSCWAMPLITUDE	154	131	830	n/a	7.8125
S114-D132	NIRSCWAMPLITUDE	114	132	830	n/a	7.8125
S115-D132	NIRSCWAMPLITUDE	115	132	830	n/a	7.8125
S116-D132	NIRSCWAMPLITUDE	116	132	830	n/a	7.8125
S117-D132	NIRSCWAMPLITUDE	117	132	830	n/a	7.8125
S119-D132	NIRSCWAMPLITUDE	119	132	830	n/a	7.8125
S120-D132	NIRSCWAMPLITUDE	120	132	830	n/a	7.8125
S121-D132	NIRSCWAMPLITUDE	121	132	830	n/a	7.8125
S122-D132	NIRSCWAMPLITUDE	122	132	830	n/a	7.8125
S123-D132	NIRSCWAMPLITUDE	123	132	830	n/a	7.8125
S124-D132	NIRSCWAMPLITUDE	124	132	830	n/a	7.8125
S125-D132	NIRSCWAMPLITUDE	125	132	830	n/a	7.8125
S126-D132	NIRSCWAMPLITUDE	126	132	830	n/a	7.8125
S127-D132	NIRSCWAMPLITUDE	127	132	830	n/a	7.8125
S128-D132	NIRSCWAMPLITUDE	128	132	830	n/a	7.8125
S129-D132	NIRSCWAMPLITUDE	129	132	830	n/a	7.8125
S130-D132	NIRSCWAMPLITUDE	130	132	830	n/a	7.8125
S131-D132	NIRSCWAMPLITUDE	131	132	830	n/a	7.8125
S132-D132	NIRSCWAMPLITUDE	132	132	830	n/a	7.8125
S133-D132	NIRSCWAMPLITUDE	133	132	830	n/a	7.8125
S134-D132	NIRSCWAMPLITUDE	134	132	830	n/a	7.8125
S135-D132	NIRSCWAMPLITUDE	135	132	830	n/a	7.8125
S136-D132	NIRSCWAMPLITUDE	136	132	830	n/a	7.8125
S137-D132	NIRSCWAMPLITUDE	137	132	830	n/a	7.8125
S138-D132	NIRSCWAMPLITUDE	138	132	830	n/a	7.8125
S139-D132	NIRSCWAMPLITUDE	139	132	830	n/a	7.8125
S140-D132	NIRSCWAMPLITUDE	140	132	830	n/a	7.8125
S141-D132	NIRSCWAMPLITUDE	141	132	830	n/a	7.8125
S142-D132	NIRSCWAMPLITUDE	142	132	830	n/a	7.8125
S143-D132	NIRSCWAMPLITUDE	143	132	830	n/a	7.8125
S144-D132	NIRSCWAMPLITUDE	144	132	830	n/a	7.8125
S145-D132	NIRSCWAMPLITUDE	145	132	830	n/a	7.8125
S146-D132	NIRSCWAMPLITUDE	146	132	830	n/a	7.8125
S147-D132	NIRSCWAMPLITUDE	147	132	830	n/a	7.8125
S148-D132	NIRSCWAMPLITUDE	148	132	830	n/a	7.8125
S149-D132	NIRSCWAMPLITUDE	149	132	830	n/a	7.8125
S150-D132	NIRSCWAMPLITUDE	150	132	830	n/a	7.8125
S152-D132	NIRSCWAMPLITUDE	152	132	830	n/a	7.8125
S153-D132	NIRSCWAMPLITUDE	153	132	830	n/a	7.8125
S154-D132	NIRSCWAMPLITUDE	154	132	830	n/a	7.8125
S155-D132	NIRSCWAMPLITUDE	155	132	830	n/a	7.8125
S241-D132	NIRSCWAMPLITUDE	241	132	830	n/a	7.8125
S242-D132	NIRSCWAMPLITUDE	242	132	830	n/a	7.8125
S252-D132	NIRSCWAMPLITUDE	252	132	830	n/a	7.8125
S253-D132	NIRSCWAMPLITUDE	253	132	830	n/a	7.8125
S254-D132	NIRSCWAMPLITUDE	254	132	830	n/a	7.8125
S111-D133	NIRSCWAMPLITUDE	111	133	830	n/a	7.8125
S115-D133	NIRSCWAMPLITUDE	115	133	830	n/a	7.8125
S116-D133	NIRSCWAMPLITUDE	116	133	830	n/a	7.8125
S117-D133	NIRSCWAMPLITUDE	117	133	830	n/a	7.8125
S120-D133	NIRSCWAMPLITUDE	120	133	830	n/a	7.8125
S121-D133	NIRSCWAMPLITUDE	121	133	830	n/a	7.8125
S122-D133	NIRSCWAMPLITUDE	122	133	830	n/a	7.8125
S124-D133	NIRSCWAMPLITUDE	124	133	830	n/a	7.8125
S125-D133	NIRSCWAMPLITUDE	125	133	830	n/a	7.8125
S126-D133	NIRSCWAMPLITUDE	126	133	830	n/a	7.8125
S127-D133	NIRSCWAMPLITUDE	127	133	830	n/a	7.8125
S129-D133	NIRSCWAMPLITUDE	129	133	830	n/a	7.8125
S130-D133	NIRSCWAMPLITUDE	130	133	830	n/a	7.8125
S131-D133	NIRSCWAMPLITUDE	131	133	830	n/a	7.8125
S132-D133	NIRSCWAMPLITUDE	132	133	830	n/a	7.8125
S133-D133	NIRSCWAMPLITUDE	133	133	830	n/a	7.8125
S134-D133	NIRSCWAMPLITUDE	134	133	830	n/a	7.8125
S135-D133	NIRSCWAMPLITUDE	135	133	830	n/a	7.8125
S136-D133	NIRSCWAMPLITUDE	136	133	830	n/a	7.8125
S137-D133	NIRSCWAMPLITUDE	137	133	830	n/a	7.8125
S138-D133	NIRSCWAMPLITUDE	138	133	830	n/a	7.8125
S139-D133	NIRSCWAMPLITUDE	139	133	830	n/a	7.8125
S140-D133	NIRSCWAMPLITUDE	140	133	830	n/a	7.8125
S141-D133	NIRSCWAMPLITUDE	141	133	830	n/a	7.8125
S142-D133	NIRSCWAMPLITUDE	142	133	830	n/a	7.8125
S143-D133	NIRSCWAMPLITUDE	143	133	830	n/a	7.8125
S144-D133	NIRSCWAMPLITUDE	144	133	830	n/a	7.8125
S145-D133	NIRSCWAMPLITUDE	145	133	830	n/a	7.8125
S146-D133	NIRSCWAMPLITUDE	146	133	830	n/a	7.8125
S147-D133	NIRSCWAMPLITUDE	147	133	830	n/a	7.8125
S148-D133	NIRSCWAMPLITUDE	148	133	830	n/a	7.8125
S149-D133	NIRSCWAMPLITUDE	149	133	830	n/a	7.8125
S150-D133	NIRSCWAMPLITUDE	150	133	830	n/a	7.8125
S153-D133	NIRSCWAMPLITUDE	153	133	830	n/a	7.8125
S154-D133	NIRSCWAMPLITUDE	154	133	830	n/a	7.8125
S155-D133	NIRSCWAMPLITUDE	155	133	830	n/a	7.8125
S156-D133	NIRSCWAMPLITUDE	156	133	830	n/a	7.8125
S230-D133	NIRSCWAMPLITUDE	230	133	830	n/a	7.8125
S241-D133	NIRSCWAMPLITUDE	241	133	830	n/a	7.8125
S242-D133	NIRSCWAMPLITUDE	242	133	830	n/a	7.8125
S243-D133	NIRSCWAMPLITUDE	243	133	830	n/a	7.8125
S244-D133	NIRSCWAMPLITUDE	244	133	830	n/a	7.8125
S251-D133	NIRSCWAMPLITUDE	251	133	830	n/a	7.8125
S252-D133	NIRSCWAMPLITUDE	252	133	830	n/a	7.8125
S253-D133	NIRSCWAMPLITUDE	253	133	830	n/a	7.8125
S254-D133	NIRSCWAMPLITUDE	254	133	830	n/a	7.8125
S255-D133	NIRSCWAMPLITUDE	255	133	830	n/a	7.8125
S111-D134	NIRSCWAMPLITUDE	111	134	830	n/a	7.8125
S115-D134	NIRSCWAMPLITUDE	115	134	830	n/a	7.8125
S116-D134	NIRSCWAMPLITUDE	116	134	830	n/a	7.8125
S117-D134	NIRSCWAMPLITUDE	117	134	830	n/a	7.8125
S121-D134	NIRSCWAMPLITUDE	121	134	830	n/a	7.8125
S122-D134	NIRSCWAMPLITUDE	122	134	830	n/a	7.8125
S125-D134	NIRSCWAMPLITUDE	125	134	830	n/a	7.8125
S126-D134	NIRSCWAMPLITUDE	126	134	830	n/a	7.8125
S127-D134	NIRSCWAMPLITUDE	127	134	830	n/a	7.8125
S130-D134	NIRSCWAMPLITUDE	130	134	830	n/a	7.8125
S131-D134	NIRSCWAMPLITUDE	131	134	830	n/a	7.8125
S132-D134	NIRSCWAMPLITUDE	132	134	830	n/a	7.8125
S134-D134	NIRSCWAMPLITUDE	134	134	830	n/a	7.8125
S135-D134	NIRSCWAMPLITUDE	135	134	830	n/a	7.8125
S136-D134	NIRSCWAMPLITUDE	136	134	830	n/a	7.8125
S137-D134	NIRSCWAMPLITUDE	137	134	830	n/a	7.8125
S138-D134	NIRSCWAMPLITUDE	138	134	830	n/a	7.8125
S140-D134	NIRSCWAMPLITUDE	140	134	830	n/a	7.8125
S141-D134	NIRSCWAMPLITUDE	141	134	830	n/a	7.8125
S142-D134	NIRSCWAMPLITUDE	142	134	830	n/a	7.8125
S143-D134	NIRSCWAMPLITUDE	143	134	830	n/a	7.8125
S144-D134	NIRSCWAMPLITUDE	144	134	830	n/a	7.8125
S146-D134	NIRSCWAMPLITUDE	146	134	830	n/a	7.8125
S147-D134	NIRSCWAMPLITUDE	147	134	830	n/a	7.8125
S148-D134	NIRSCWAMPLITUDE	148	134	830	n/a	7.8125
S149-D134	NIRSCWAMPLITUDE	149	134	830	n/a	7.8125
S150-D134	NIRSCWAMPLITUDE	150	134	830	n/a	7.8125
S154-D134	NIRSCWAMPLITUDE	154	134	830	n/a	7.8125
S155-D134	NIRSCWAMPLITUDE	155	134	830	n/a	7.8125
S156-D134	NIRSCWAMPLITUDE	156	134	830	n/a	7.8125
S230-D134	NIRSCWAMPLITUDE	230	134	830	n/a	7.8125
S231-D134	NIRSCWAMPLITUDE	231	134	830	n/a	7.8125
S232-D134	NIRSCWAMPLITUDE	232	134	830	n/a	7.8125
S233-D134	NIRSCWAMPLITUDE	233	134	830	n/a	7.8125
S241-D134	NIRSCWAMPLITUDE	241	134	830	n/a	7.8125
S242-D134	NIRSCWAMPLITUDE	242	134	830	n/a	7.8125
S243-D134	NIRSCWAMPLITUDE	243	134	830	n/a	7.8125
S244-D134	NIRSCWAMPLITUDE	244	134	830	n/a	7.8125
S245-D134	NIRSCWAMPLITUDE	245	134	830	n/a	7.8125
S251-D134	NIRSCWAMPLITUDE	251	134	830	n/a	7.8125
S252-D134	NIRSCWAMPLITUDE	252	134	830	n/a	7.8125
S253-D134	NIRSCWAMPLITUDE	253	134	830	n/a	7.8125
S254-D134	NIRSCWAMPLITUDE	254	134	830	n/a	7.8125
S255-D134	NIRSCWAMPLITUDE	255	134	830	n/a	7.8125
S118-D135	NIRSCWAMPLITUDE	118	135	830	n/a	7.8125
S119-D135	NIRSCWAMPLITUDE	119	135	830	n/a	7.8125
S120-D135	NIRSCWAMPLITUDE	120	135	830	n/a	7.8125
S121-D135	NIRSCWAMPLITUDE	121	135	830	n/a	7.8125
S123-D135	NIRSCWAMPLITUDE	123	135	830	n/a	7.8125
S124-D135	NIRSCWAMPLITUDE	124	135	830	n/a	7.8125
S125-D135	NIRSCWAMPLITUDE	125	135	830	n/a	7.8125
S126-D135	NIRSCWAMPLITUDE	126	135	830	n/a	7.8125
S127-D135	NIRSCWAMPLITUDE	127	135	830	n/a	7.8125
S128-D135	NIRSCWAMPLITUDE	128	135	830	n/a	7.8125
S129-D135	NIRSCWAMPLITUDE	129	135	830	n/a	7.8125
S130-D135	NIRSCWAMPLITUDE	130	135	830	n/a	7.8125
S131-D135	NIRSCWAMPLITUDE	131	135	830	n/a	7.8125
S132-D135	NIRSCWAMPLITUDE	132	135	830	n/a	7.8125
S133-D135	NIRSCWAMPLITUDE	133	135	830	n/a	7.8125
S134-D135	NIRSCWAMPLITUDE	134	135	830	n/a	7.8125
S135-D135	NIRSCWAMPLITUDE	135	135	830	n/a	7.8125
S136-D135	NIRSCWAMPLITUDE	136	135	830	n/a	7.8125
S139-D135	NIRSCWAMPLITUDE	139	135	830	n/a	7.8125
S140-D135	NIRSCWAMPLITUDE	140	135	830	n/a	7.8125
S141-D135	NIRSCWAMPLITUDE	141	135	830	n/a	7.8125
S142-D135	NIRSCWAMPLITUDE	142	135	830	n/a	7.8125
S145-D135	NIRSCWAMPLITUDE	145	135	830	n/a	7.8125
S146-D135	NIRSCWAMPLITUDE	146	135	830	n/a	7.8125
S147-D135	NIRSCWAMPLITUDE	147	135	830	n/a	7.8125
S148-D135	NIRSCWAMPLITUDE	148	135	830	n/a	7.8125
S151-D135	NIRSCWAMPLITUDE	151	135	830	n/a	7.8125
S152-D135	NIRSCWAMPLITUDE	152	135	830	n/a	7.8125
S153-D135	NIRSCWAMPLITUDE	153	135	830	n/a	7.8125
S157-D135	NIRSCWAMPLITUDE	157	135	830	n/a	7.8125
S158-D135	NIRSCWAMPLITUDE	158	135	830	n/a	7.8125
S118-D136	NIRSCWAMPLITUDE	118	136	830	n/a	7.8125
S119-D136	NIRSCWAMPLITUDE	119	136	830	n/a	7.8125
S120-D136	NIRSCWAMPLITUDE	120	136	830	n/a	7.8125
S121-D136	NIRSCWAMPLITUDE	121	136	830	n/a	7.8125
S122-D136	NIRSCWAMPLITUDE	122	136	830	n/a	7.8125
S123-D136	NIRSCWAMPLITUDE	123	136	830	n/a	7.8125
S124-D136	NIRSCWAMPLITUDE	124	136	830	n/a	7.8125
S125-D136	NIRSCWAMPLITUDE	125	136	830	n/a	7.8125
S126-D136	NIRSCWAMPLITUDE	126	136	830	n/a	7.8125
S127-D136	NIRSCWAMPLITUDE	127	136	830	n/a	7.8125
S128-D136	NIRSCWAMPLITUDE	128	136	830	n/a	7.8125
S129-D136	NIRSCWAMPLITUDE	129	136	830	n/a	7.8125
S130-D136	NIRSCWAMPLITUDE	130	136	830	n/a	7.8125
S131-D136	NIRSCWAMPLITUDE	131	136	830	n/a	7.8125
S132-D136	NIRSCWAMPLITUDE	132	136	830	n/a	7.8125
S133-D136	NIRSCWAMPLITUDE	133	136	830	n/a	7.8125
S134-D136	NIRSCWAMPLITUDE	134	136	830	n/a	7.8125
S135-D136	NIRSCWAMPLITUDE	135	136	830	n/a	7.8125
S136-D136	NIRSCWAMPLITUDE	136	136	830	n/a	7.8125
S137-D136	NIRSCWAMPLITUDE	137	136	830	n/a	7.8125
S139-D136	NIRSCWAMPLITUDE	139	136	830	n/a	7.8125
S140-D136	NIRSCWAMPLITUDE	140	136	830	n/a	7.8125
S141-D136	NIRSCWAMPLITUDE	141	136	830	n/a	7.8125
S142-D136	NIRSCWAMPLITUDE	142	136	830	n/a	7.8125
S143-D136	NIRSCWAMPLITUDE	143	136	830	n/a	7.8125
S145-D136	NIRSCWAMPLITUDE	145	136	830	n/a	7.8125
S146-D136	NIRSCWAMPLITUDE	146	136	830	n/a	7.8125
S147-D136	NIRSCWAMPLITUDE	147	136	830	n/a	7.8125
S148-D136	NIRSCWAMPLITUDE	148	136	830	n/a	7.8125
S149-D136	NIRSCWAMPLITUDE	149	136	830	n/a	7.8125
S151-D136	NIRSCWAMPLITUDE	151	136	830	n/a	7.8125
S152-D136	NIRSCWAMPLITUDE	152	136	830	n/a	7.8125
S153-D136	NIRSCWAMPLITUDE	153	136	830	n/a	7.8125
S154-D136	NIRSCWAMPLITUDE	154	136	830	n/a	7.8125
S157-D136	NIRSCWAMPLITUDE	157	136	830	n/a	7.8125
S158-D136	NIRSCWAMPLITUDE	158	136	830	n/a	7.8125
S159-D136	NIRSCWAMPLITUDE	159	136	830	n/a	7.8125
S119-D137	NIRSCWAMPLITUDE	119	137	830	n/a	7.8125
S120-D137	NIRSCWAMPLITUDE	120	137	830	n/a	7.8125
S121-D137	NIRSCWAMPLITUDE	121	137	830	n/a	7.8125
S122-D137	NIRSCWAMPLITUDE	122	137	830	n/a	7.8125
S123-D137	NIRSCWAMPLITUDE	123	137	830	n/a	7.8125
S124-D137	NIRSCWAMPLITUDE	124	137	830	n/a	7.8125
S125-D137	NIRSCWAMPLITUDE	125	137	830	n/a	7.8125
S126-D137	NIRSCWAMPLITUDE	126	137	830	n/a	7.8125
S127-D137	NIRSCWAMPLITUDE	127	137	830	n/a	7.8125
S128-D137	NIRSCWAMPLITUDE	128	137	830	n/a	7.8125
S129-D137	NIRSCWAMPLITUDE	129	137	830	n/a	7.8125
S130-D137	NIRSCWAMPLITUDE	130	137	830	n/a	7.8125
S131-D137	NIRSCWAMPLITUDE	131	137	830	n/a	7.8125
S132-D137	NIRSCWAMPLITUDE	132	137	830	n/a	7.8125
S133-D137	NIRSCWAMPLITUDE	133	137	830	n/a	7.8125
S134-D137	NIRSCWAMPLITUDE	134	137	830	n/a	7.8125
S135-D137	NIRSCWAMPLITUDE	135	137	830	n/a	7.8125
S136-D137	NIRSCWAMPLITUDE	136	137	830	n/a	7.8125
S137-D137	NIRSCWAMPLITUDE	137	137	830	n/a	7.8125
S138-D137	NIRSCWAMPLITUDE	138	137	830	n/a	7.8125
S139-D137	NIRSCWAMPLITUDE	139	137	830	n/a	7.8125
S140-D137	NIRSCWAMPLITUDE	140	137	830	n/a	7.8125
S141-D137	NIRSCWAMPLITUDE	141	137	830	n/a	7.8125
S142-D137	NIRSCWAMPLITUDE	142	137	830	n/a	7.8125
S143-D137	NIRSCWAMPLITUDE	143	137	830	n/a	7.8125
S144-D137	NIRSCWAMPLITUDE	144	137	830	n/a	7.8125
S145-D137	NIRSCWAMPLITUDE	145	137	830	n/a	7.8125
S146-D137	NIRSCWAMPLITUDE	146	137	830	n/a	7.8125
S147-D137	NIRSCWAMPLITUDE	147	137	830	n/a	7.8125
S148-D137	NIRSCWAMPLITUDE	148	137	830	n/a	7.8125
S149-D137	NIRSCWAMPLITUDE	149	137	830	n/a	7.8125
S150-D137	NIRSCWAMPLITUDE	150	137	830	n/a	7.8125
S151-D137	NIRSCWAMPLITUDE	151	137	830	n/a	7.8125
S152-D137	NIRSCWAMPLITUDE	152	137	830	n/a	7.8125
S153-D137	NIRSCWAMPLITUDE	153	137	830	n/a	7.8125
S154-D137	NIRSCWAMPLITUDE	154	137	830	n/a	7.8125
S155-D137	NIRSCWAMPLITUDE	155	137	830	n/a	7.8125
S157-D137	NIRSCWAMPLITUDE	157	137	830	n/a	7.8125
S158-D137	NIRSCWAMPLITUDE	158	137	830	n/a	7.8125
S159-D137	NIRSCWAMPLITUDE	159	137	830	n/a	7.8125
S160-D137	NIRSCWAMPLITUDE	160	137	830	n/a	7.8125
S120-D138	NIRSCWAMPLITUDE	120	138	830	n/a	7.8125
S121-D138	NIRSCWAMPLITUDE	121	138	830	n/a	7.8125
S122-D138	NIRSCWAMPLITUDE	122	138	830	n/a	7.8125
S124-D138	NIRSCWAMPLITUDE	124	138	830	n/a	7.8125
S125-D138	NIRSCWAMPLITUDE	125	138	830	n/a	7.8125
S126-D138	NIRSCWAMPLITUDE	126	138	830	n/a	7.8125
S127-D138	NIRSCWAMPLITUDE	127	138	830	n/a	7.8125
S128-D138	NIRSCWAMPLITUDE	128	138	830	n/a	7.8125
S129-D138	NIRSCWAMPLITUDE	129	138	830	n/a	7.8125
S130-D138	NIRSCWAMPLITUDE	130	138	830	n/a	7.8125
S131-D138	NIRSCWAMPLITUDE	131	138	830	n/a	7.8125
S132-D138	NIRSCWAMPLITUDE	132	138	830	n/a	7.8125
S133-D138	NIRSCWAMPLITUDE	133	138	830	n/a	7.8125
S134-D138	NIRSCWAMPLITUDE	134	138	830	n/a	7.8125
S135-D138	NIRSCWAMPLITUDE	135	138	830	n/a	7.8125
S136-D138	NIRSCWAMPLITUDE	136	138	830	n/a	7.8125
S137-D138	NIRSCWAMPLITUDE	137	138	830	n/a	7.8125
S138-D138	NIRSCWAMPLITUDE	138	138	830	n/a	7.8125
S139-D138	NIRSCWAMPLITUDE	139	138	830	n/a	7.8125
S140-D138	NIRSCWAMPLITUDE	140	138	830	n/a	7.8125
S141-D138	NIRSCWAMPLITUDE	141	138	830	n/a	7.8125
S142-D138	NIRSCWAMPLITUDE	142	138	830	n/a	7.8125
S143-D138	NIRSCWAMPLITUDE	143	138	830	n/a	7.8125
S144-D138	NIRSCWAMPLITUDE	144	138	830	n/a	7.8125
S145-D138	NIRSCWAMPLITUDE	145	138	830	n/a	7.8125
S146-D138	NIRSCWAMPLITUDE	146	138	830	n/a	7.8125
S147-D138	NIRSCWAMPLITUDE	147	138	830	n/a	7.8125
S148-D138	NIRSCWAMPLITUDE	148	138	830	n/a	7.8125
S149-D138	NIRSCWAMPLITUDE	149	138	830	n/a	7.8125
S150-D138	NIRSCWAMPLITUDE	150	138	830	n/a	7.8125
S151-D138	NIRSCWAMPLITUDE	151	138	830	n/a	7.8125
S152-D138	NIRSCWAMPLITUDE	152	138	830	n/a	7.8125
S153-D138	NIRSCWAMPLITUDE	153	138	830	n/a	7.8125
S154-D138	NIRSCWAMPLITUDE	154	138	830	n/a	7.8125
S155-D138	NIRSCWAMPLITUDE	155	138	830	n/a	7.8125
S156-D138	NIRSCWAMPLITUDE	156	138	830	n/a	7.8125
S158-D138	NIRSCWAMPLITUDE	158	138	830	n/a	7.8125
S159-D138	NIRSCWAMPLITUDE	159	138	830	n/a	7.8125
S160-D138	NIRSCWAMPLITUDE	160	138	830	n/a	7.8125
S161-D138	NIRSCWAMPLITUDE	161	138	830	n/a	7.8125
S252-D138	NIRSCWAMPLITUDE	252	138	830	n/a	7.8125
S253-D138	NIRSCWAMPLITUDE	253	138	830	n/a	7.8125
S254-D138	NIRSCWAMPLITUDE	254	138	830	n/a	7.8125
S117-D139	NIRSCWAMPLITUDE	117	139	830	n/a	7.8125
S121-D139	NIRSCWAMPLITUDE	121	139	830	n/a	7.8125
S122-D139	NIRSCWAMPLITUDE	122	139	830	n/a	7.8125
S125-D139	NIRSCWAMPLITUDE	125	139	830	n/a	7.8125
S126-D139	NIRSCWAMPLITUDE	126	139	830	n/a	7.8125
S127-D139	NIRSCWAMPLITUDE	127	139	830	n/a	7.8125
S129-D139	NIRSCWAMPLITUDE	129	139	830	n/a	7.8125
S130-D139	NIRSCWAMPLITUDE	130	139	830	n/a	7.8125
S131-D139	NIRSCWAMPLITUDE	131	139	830	n/a	7.8125
S132-D139	NIRSCWAMPLITUDE	132	139	830	n/a	7.8125
S133-D139	NIRSCWAMPLITUDE	133	139	830	n/a	7.8125
S134-D139	NIRSCWAMPLITUDE	134	139	830	n/a	7.8125
S135-D139	NIRSCWAMPLITUDE	135	139	830	n/a	7.8125
S136-D139	NIRSCWAMPLITUDE	136	139	830	n/a	7.8125
S137-D139	NIRSCWAMPLITUDE	137	139	830	n/a	7.8125
S138-D139	NIRSCWAMPLITUDE	138	139	830	n/a	7.8125
S139-D139	NIRSCWAMPLITUDE	139	139	830	n/a	7.8125
S140-D139	NIRSCWAMPLITUDE	140	139	830	n/a	7.8125
S141-D139	NIRSCWAMPLITUDE	141	139	830	n/a	7.8125
S142-D139	NIRSCWAMPLITUDE	142	139	830	n/a	7.8125
S143-D139	NIRSCWAMPLITUDE	143	139	830	n/a	7.8125
S144-D139	NIRSCWAMPLITUDE	144	139	830	n/a	7.8125
S145-D139	NIRSCWAMPLITUDE	145	139	830	n/a	7.8125
S146-D139	NIRSCWAMPLITUDE	146	139	830	n/a	7.8125
S147-D139	NIRSCWAMPLITUDE	147	139	830	n/a	7.8125
S148-D139	NIRSCWAMPLITUDE	148	139	830	n/a	7.8125
S149-D139	NIRSCWAMPLITUDE	149	139	830	n/a	7.8125
S150-D139	NIRSCWAMPLITUDE	150	139	830	n/a	7.8125
S151-D139	NIRSCWAMPLITUDE	151	139	830	n/a	7.8125
S152-D139	NIRSCWAMPLITUDE	152	139	830	n/a	7.8125
S153-D139	NIRSCWAMPLITUDE	153	139	830	n/a	7.8125
S154-D139	NIRSCWAMPLITUDE	154	139	830	n/a	7.8125
S155-D139	NIRSCWAMPLITUDE	155	139	830	n/a	7.8125
S156-D139	NIRSCWAMPLITUDE	156	139	830	n/a	7.8125
S159-D139	NIRSCWAMPLITUDE	159	139	830	n/a	7.8125
S160-D139	NIRSCWAMPLITUDE	160	139	830	n/a	7.8125
S161-D139	NIRSCWAMPLITUDE	161	139	830	n/a	7.8125
S162-D139	NIRSCWAMPLITUDE	162	139	830	n/a	7.8125
S241-D139	NIRSCWAMPLITUDE	241	139	830	n/a	7.8125
S242-D139	NIRSCWAMPLITUDE	242	139	830	n/a	7.8125
S243-D139	NIRSCWAMPLITUDE	243	139	830	n/a	7.8125
S244-D139	NIRSCWAMPLITUDE	244	139	830	n/a	7.8125
S245-D139	NIRSCWAMPLITUDE	245	139	830	n/a	7.8125
S252-D139	NIRSCWAMPLITUDE	252	139	830	n/a	7.8125
S253-D139	NIRSCWAMPLITUDE	253	139	830	n/a	7.8125
S254-D139	NIRSCWAMPLITUDE	254	139	830	n/a	7.8125
S255-D139	NIRSCWAMPLITUDE	255	139	830	n/a	7.8125
S117-D140	NIRSCWAMPLITUDE	117	140	830	n/a	7.8125
S122-D140	NIRSCWAMPLITUDE	122	140	830	n/a	7.8125
S126-D140	NIRSCWAMPLITUDE	126	140	830	n/a	7.8125
S127-D140	NIRSCWAMPLITUDE	127	140	830	n/a	7.8125
S130-D140	NIRSCWAMPLITUDE	130	140	830	n/a	7.8125
S131-D140	NIRSCWAMPLITUDE	131	140	830	n/a	7.8125
S132-D140	NIRSCWAMPLITUDE	132	140	830	n/a	7.8125
S134-D140	NIRSCWAMPLITUDE	134	140	830	n/a	7.8125
S135-D140	NIRSCWAMPLITUDE	135	140	830	n/a	7.8125
S136-D140	NIRSCWAMPLITUDE	136	140	830	n/a	7.8125
S137-D140	NIRSCWAMPLITUDE	137	140	830	n/a	7.8125
S138-D140	NIRSCWAMPLITUDE	138	140	830	n/a	7.8125
S140-D140	NIRSCWAMPLITUDE	140	140	830	n/a	7.8125
S141-D140	NIRSCWAMPLITUDE	141	140	830	n/a	7.8125
S142-D140	NIRSCWAMPLITUDE	142	140	830	n/a	7.8125
S143-D140	NIRSCWAMPLITUDE	143	140	830	n/a	7.8125
S144-D140	NIRSCWAMPLITUDE	144	140	830	n/a	7.8125
S146-D140	NIRSCWAMPLITUDE	146	140	830	n/a	7.8125
S147-D140	NIRSCWAMPLITUDE	147	140	830	n/a	7.8125
S148-D140	NIRSCWAMPLITUDE	148	140	830	n/a	7.8125
S149-D140	NIRSCWAMPLITUDE	149	140	830	n/a	7.8125
S150-D140	NIRSCWAMPLITUDE	150	140	830	n/a	7.8125
S152-D140	NIRSCWAMPLITUDE	152	140	830	n/a	7.8125
S153-D140	NIRSCWAMPLITUDE	153	140	830	n/a	7.8125
S154-D140	NIRSCWAMPLITUDE	154	140	830	n/a	7.8125
S155-D140	NIRSCWAMPLITUDE	155	140	830	n/a	7.8125
S156-D140	NIRSCWAMPLITUDE	156	140	830	n/a	7.8125
S160-D140	NIRSCWAMPLITUDE	160	140	830	n/a	7.8125
S161-D140	NIRSCWAMPLITUDE	161	140	830	n/a	7.8125
S162-D140	NIRSCWAMPLITUDE	162	140	830	n/a	7.8125
S230-D140	NIRSCWAMPLITUDE	230	140	830	n/a	7.8125
S231-D140	NIRSCWAMPLITUDE	231	140	830	n/a	7.8125
S232-D140	NIRSCWAMPLITUDE	232	140	830	n/a	7.8125
S233-D140	NIRSCWAMPLITUDE	233	140	830	n/a	7.8125
S234-D140	NIRSCWAMPLITUDE	234	140	830	n/a	7.8125
S241-D140	NIRSCWAMPLITUDE	241	140	830	n/a	7.8125
S242-D140	NIRSCWAMPLITUDE	242	140	830	n/a	7.8125
S243-D140	NIRSCWAMPLITUDE	243	140	830	n/a	7.8125
S244-D140	NIRSCWAMPLITUDE	244	140	830	n/a	7.8125
S245-D140	NIRSCWAMPLITUDE	245	140	830	n/a	7.8125
S246-D140	NIRSCWAMPLITUDE	246	140	830	n/a	7.8125
S252-D140	NIRSCWAMPLITUDE	252	140	830	n/a	7.8125
S253-D140	NIRSCWAMPLITUDE	253	140	830	n/a	7.8125
S254-D140	NIRSCWAMPLITUDE	254	140	830	n/a	7.8125
S255-D140	NIRSCWAMPLITUDE	255	140	830	n/a	7.8125
S123-D141	NIRSCWAMPLITUDE	123	141	830	n/a	7.8125
S124-D141	NIRSCWAMPLITUDE	124	141	830	n/a	7.8125
S125-D141	NIRSCWAMPLITUDE	125	141	830	n/a	7.8125
S128-D141	NIRSCWAMPLITUDE	128	141	830	n/a	7.8125
S129-D141	NIRSCWAMPLITUDE	129	141	830	n/a	7.8125
S130-D141	NIRSCWAMPLITUDE	130	141	830	n/a	7.8125
S131-D141	NIRSCWAMPLITUDE	131	141	830	n/a	7.8125
S132-D141	NIRSCWAMPLITUDE	132	141	830	n/a	7.8125
S133-D141	NIRSCWAMPLITUDE	133	141	830	n/a	7.8125
S134-D141	NIRSCWAMPLITUDE	134	141	830	n/a	7.8125
S135-D141	NIRSCWAMPLITUDE	135	141	830	n/a	7.8125
S136-D141	NIRSCWAMPLITUDE	136	141	830	n/a	7.8125
S139-D141	NIRSCWAMPLITUDE	139	141	830	n/a	7.8125
S140-D141	NIRSCWAMPLITUDE	140	141	830	n/a	7.8125
S141-D141	NIRSCWAMPLITUDE	141	141	830	n/a	7.8125
S142-D141	NIRSCWAMPLITUDE	142	141	830	n/a	7.8125
S145-D141	NIRSCWAMPLITUDE	145	141	830	n/a	7.8125
S146-D141	NIRSCWAMPLITUDE	146	141	830	n/a	7.8125
S147-D141	NIRSCWAMPLITUDE	147	141	830	n/a	7.8125
S148-D141	NIRSCWAMPLITUDE	148	141	830	n/a	7.8125
S151-D141	NIRSCWAMPLITUDE	151	141	830	n/a	7.8125
S152-D141	NIRSCWAMPLITUDE	152	141	830	n/a	7.8125
S153-D141	NIRSCWAMPLITUDE	153	141	830	n/a	7.8125
S154-D141	NIRSCWAMPLITUDE	154	141	830	n/a	7.8125
S157-D141	NIRSCWAMPLITUDE	157	141	830	n/a	7.8125
S158-D141	NIRSCWAMPLITUDE	158	141	830	n/a	7.8125
S159-D141	NIRSCWAMPLITUDE	159	141	830	n/a	7.8125
S163-D141	NIRSCWAMPLITUDE	163	141	830	n/a	7.8125
S164-D141	NIRSCWAMPLITUDE	164	141	830	n/a	7.8125
S123-D142	NIRSCWAMPLITUDE	123	142	830	n/a	7.8125
S124-D142	NIRSCWAMPLITUDE	124	142	830	n/a	7.8125
S125-D142	NIRSCWAMPLITUDE	125	142	830	n/a	7.8125
S126-D142	NIRSCWAMPLITUDE	126	142	830	n/a	7.8125
S128-D142	NIRSCWAMPLITUDE	128	142	830	n/a	7.8125
S129-D142	NIRSCWAMPLITUDE	129	142	830	n/a	7.8125
S130-D142	NIRSCWAMPLITUDE	130	142	830	n/a	7.8125
S131-D142	NIRSCWAMPLITUDE	131	142	830	n/a	7.8125
S132-D142	NIRSCWAMPLITUDE	132	142	830	n/a	7.8125
S133-D142	NIRSCWAMPLITUDE	133	142	830	n/a	7.8125
S134-D142	NIRSCWAMPLITUDE	134	142	830	n/a	7.8125
S135-D142	NIRSCWAMPLITUDE	135	142	830	n/a	7.8125
S136-D142	NIRSCWAMPLITUDE	136	142	830	n/a	7.8125
S137-D142	NIRSCWAMPLITUDE	137	142	830	n/a	7.8125
S139-D142	NIRSCWAMPLITUDE	139	142	830	n/a	7.8125
S140-D142	NIRSCWAMPLITUDE	140	142	830	n/a	7.8125
S141-D142	NIRSCWAMPLITUDE	141	142	830	n/a	7.8125
S142-D142	NIRSCWAMPLITUDE	142	142	830	n/a	7.8125
S143-D142	NIRSCWAMPLITUDE	143	142	830	n/a	7.8125
S145-D142	NIRSCWAMPLITUDE	145	142	830	n/a	7.8125
S146-D142	NIRSCWAMPLITUDE	146	142	830	n/a	7.8125
S147-D142	NIRSCWAMPLITUDE	147	142	830	n/a	7.8125
S148-D142	NIRSCWAMPLITUDE	148	142	830	n/a	7.8125
S149-D142	NIRSCWAMPLITUDE	149	142	830	n/a	7.8125
S151-D142	NIRSCWAMPLITUDE	151	142	830	n/a	7.8125
S152-D142	NIRSCWAMPLITUDE	152	142	830	n/a	7.8125
S153-D142	NIRSCWAMPLITUDE	153	142	830	n/a	7.8125
S154-D142	NIRSCWAMPLITUDE	154	142	830	n/a	7.8125
S155-D142	NIRSCWAMPLITUDE	155	142	830	n/a	7.8125
S157-D142	NIRSCWAMPLITUDE	157	142	830	n/a	7.8125
S158-D142	NIRSCWAMPLITUDE	158	142	830	n/a	7.8125
S159-D142	NIRSCWAMPLITUDE	159	142	830	n/a	7.8125
S160-D142	NIRSCWAMPLITUDE	160	142	830	n/a	7.8125
S163-D142	NIRSCWAMPLITUDE	163	142	830	n/a	7.8125
S164-D142	NIRSCWAMPLITUDE	164	142	830	n/a	7.8125
S165-D142	NIRSCWAMPLITUDE	165	142	830	n/a	7.8125
S124-D143	NIRSCWAMPLITUDE	124	143	830	n/a	7.8125
S125-D143	NIRSCWAMPLITUDE	125	143	830	n/a	7.8125
S126-D143	NIRSCWAMPLITUDE	126	143	830	n/a	7.8125
S127-D143	NIRSCWAMPLITUDE	127	143	830	n/a	7.8125
S128-D143	NIRSCWAMPLITUDE	128	143	830	n/a	7.8125
S129-D143	NIRSCWAMPLITUDE	129	143	830	n/a	7.8125
S130-D143	NIRSCWAMPLITUDE	130	143	830	n/a	7.8125
S131-D143	NIRSCWAMPLITUDE	131	143	830	n/a	7.8125
S132-D143	NIRSCWAMPLITUDE	132	143	830	n/a	7.8125
S133-D143	NIRSCWAMPLITUDE	133	143	830	n/a	7.8125
S134-D143	NIRSCWAMPLITUDE	134	143	830	n/a	7.8125
S135-D143	NIRSCWAMPLITUDE	135	143	830	n/a	7.8125
S136-D143	NIRSCWAMPLITUDE	136	143	830	n/a	7.8125
S137-D143	NIRSCWAMPLITUDE	137	143	830	n/a	7.8125
S138-D143	NIRSCWAMPLITUDE	138	143	830	n/a	7.8125
S139-D143	NIRSCWAMPLITUDE	139	143	830	n/a	7.8125
S140-D143	NIRSCWAMPLITUDE	140	143	830	n/a	7.8125
S141-D143	NIRSCWAMPLITUDE	141	143	830	n/a	7.8125
S142-D143	NIRSCWAMPLITUDE	142	143	830	n/a	7.8125
S143-D143	NIRSCWAMPLITUDE	143	143	830	n/a	7.8125
S144-D143	NIRSCWAMPLITUDE	144	143	830	n/a	7.8125
S145-D143	NIRSCWAMPLITUDE	145	143	830	n/a	7.8125
S146-D143	NIRSCWAMPLITUDE	146	143	830	n/a	7.8125
S147-D143	NIRSCWAMPLITUDE	147	143	830	n/a	7.8125
S148-D143	NIRSCWAMPLITUDE	148	143	830	n/a	7.8125
S149-D143	NIRSCWAMPLITUDE	149	143	830	n/a	7.8125
S150-D143	NIRSCWAMPLITUDE	150	143	830	n/a	7.8125
S151-D143	NIRSCWAMPLITUDE	151	143	830	n/a	7.8125
S152-D143	NIRSCWAMPLITUDE	152	143	830	n/a	7.8125
S153-D143	NIRSCWAMPLITUDE	153	143	830	n/a	7.8125
S154-D143	NIRSCWAMPLITUDE	154	143	830	n/a	7.8125
S155-D143	NIRSCWAMPLITUDE	155	143	830	n/a	7.8125
S156-D143	NIRSCWAMPLITUDE	156	143	830	n/a	7.8125
S157-D143	NIRSCWAMPLITUDE	157	143	830	n/a	7.8125
S158-D143	NIRSCWAMPLITUDE	158	143	830	n/a	7.8125
S159-D143	NIRSCWAMPLITUDE	159	143	830	n/a	7.8125
S160-D143	NIRSCWAMPLITUDE	160	143	830	n/a	7.8125
S161-D143	NIRSCWAMPLITUDE	161	143	830	n/a	7.8125
S162-D143	NIRSCWAMPLITUDE	162	143	830	n/a	7.8125
S163-D143	NIRSCWAMPLITUDE	163	143	830	n/a	7.8125
S164-D143	NIRSCWAMPLITUDE	164	143	830	n/a	7.8125
S165-D143	NIRSCWAMPLITUDE	165	143	830	n/a	7.8125
S166-D143	NIRSCWAMPLITUDE	166	143	830	n/a	7.8125
S125-D144	NIRSCWAMPLITUDE	125	144	830	n/a	7.8125
S126-D144	NIRSCWAMPLITUDE	126	144	830	n/a	7.8125
S127-D144	NIRSCWAMPLITUDE	127	144	830	n/a	7.8125
S129-D144	NIRSCWAMPLITUDE	129	144	830	n/a	7.8125
S130-D144	NIRSCWAMPLITUDE	130	144	830	n/a	7.8125
S131-D144	NIRSCWAMPLITUDE	131	144	830	n/a	7.8125
S132-D144	NIRSCWAMPLITUDE	132	144	830	n/a	7.8125
S133-D144	NIRSCWAMPLITUDE	133	144	830	n/a	7.8125
S134-D144	NIRSCWAMPLITUDE	134	144	830	n/a	7.8125
S135-D144	NIRSCWAMPLITUDE	135	144	830	n/a	7.8125
S136-D144	NIRSCWAMPLITUDE	136	144	830	n/a	7.8125
S137-D144	NIRSCWAMPLITUDE	137	144	830	n/a	7.8125
S138-D144	NIRSCWAMPLITUDE	138	144	830	n/a	7.8125
S139-D144	NIRSCWAMPLITUDE	139	144	830	n/a	7.8125
S140-D144	NIRSCWAMPLITUDE	140	144	830	n/a	7.8125
S141-D144	NIRSCWAMPLITUDE	141	144	830	n/a	7.8125
S142-D144	NIRSCWAMPLITUDE	142	144	830	n/a	7.8125
S143-D144	NIRSCWAMPLITUDE	143	144	830	n/a	7.8125
S144-D144	NIRSCWAMPLITUDE	144	144	830	n/a	7.8125
S145-D144	NIRSCWAMPLITUDE	145	144	830	n/a	7.8125
S146-D144	NIRSCWAMPLITUDE	146	144	830	n/a	7.8125
S147-D144	NIRSCWAMPLITUDE	147	144	830	n/a	7.8125
S148-D144	NIRSCWAMPLITUDE	148	144	830	n/a	7.8125
S149-D144	NIRSCWAMPLITUDE	149	144	830	n/a	7.8125
S150-D144	NIRSCWAMPLITUDE	150	144	830	n/a	7.8125
S151-D144	NIRSCWAMPLITUDE	151	144	830	n/a	7.8125
S152-D144	NIRSCWAMPLITUDE	152	144	830	n/a	7.8125
S153-D144	NIRSCWAMPLITUDE	153	144	830	n/a	7.8125
S154-D144	NIRSCWAMPLITUDE	154	144	830	n/a	7.8125
S155-D144	NIRSCWAMPLITUDE	155	144	830	n/a	7.8125
S156-D144	NIRSCWAMPLITUDE	156	144	830	n/a	7.8125
S157-D144	NIRSCWAMPLITUDE	157	144	830	n/a	7.8125
S158-D144	NIRSCWAMPLITUDE	158	144	830	n/a	7.8125
S159-D144	NIRSCWAMPLITUDE	159	144	830	n/a	7.8125
S160-D144	NIRSCWAMPLITUDE	160	144	830	n/a	7.8125
S161-D144	NIRSCWAMPLITUDE	161	144	830	n/a	7.8125
S162-D144	NIRSCWAMPLITUDE	162	144	830	n/a	7.8125
S164-D144	NIRSCWAMPLITUDE	164	144	830	n/a	7.8125
S165-D144	NIRSCWAMPLITUDE	165	144	830	n/a	7.8125
S166-D144	NIRSCWAMPLITUDE	166	144	830	n/a	7.8125
S167-D144	NIRSCWAMPLITUDE	167	144	830	n/a	7.8125
S252-D144	NIRSCWAMPLITUDE	252	144	830	n/a	7.8125
S253-D144	NIRSCWAMPLITUDE	253	144	830	n/a	7.8125
S254-D144	NIRSCWAMPLITUDE	254	144	830	n/a	7.8125
S255-D144	NIRSCWAMPLITUDE	255	144	830	n/a	7.8125
S126-D145	NIRSCWAMPLITUDE	126	145	830	n/a	7.8125
S127-D145	NIRSCWAMPLITUDE	127	145	830	n/a	7.8125
S130-D145	NIRSCWAMPLITUDE	130	145	830	n/a	7.8125
S131-D145	NIRSCWAMPLITUDE	131	145	830	n/a	7.8125
S132-D145	NIRSCWAMPLITUDE	132	145	830	n/a	7.8125
S133-D145	NIRSCWAMPLITUDE	133	145	830	n/a	7.8125
S134-D145	NIRSCWAMPLITUDE	134	145	830	n/a	7.8125
S135-D145	NIRSCWAMPLITUDE	135	145	830	n/a	7.8125
S136-D145	NIRSCWAMPLITUDE	136	145	830	n/a	7.8125
S137-D145	NIRSCWAMPLITUDE	137	145	830	n/a	7.8125
S138-D145	NIRSCWAMPLITUDE	138	145	830	n/a	7.8125
S139-D145	NIRSCWAMPLITUDE	139	145	830	n/a	7.8125
S140-D145	NIRSCWAMPLITUDE	140	145	830	n/a	7.8125
S141-D145	NIRSCWAMPLITUDE	141	145	830	n/a	7.8125
S142-D145	NIRSCWAMPLITUDE	142	145	830	n/a	7.8125
S143-D145	NIRSCWAMPLITUDE	143	145	830	n/a	7.8125
S144-D145	NIRSCWAMPLITUDE	144	145	830	n/a	7.8125
S145-D145	NIRSCWAMPLITUDE	145	145	830	n/a	7.8125
S146-D145	NIRSCWAMPLITUDE	146	145	830	n/a	7.8125
S147-D145	NIRSCWAMPLITUDE	147	145	830	n/a	7.8125
S148-D145	NIRSCWAMPLITUDE	148	145	830	n/a	7.8125
S149-D145	NIRSCWAMPLITUDE	149	145	830	n/a	7.8125
S150-D145	NIRSCWAMPLITUDE	150	145	830	n/a	7.8125
S151-D145	NIRSCWAMPLITUDE	151	145	830	n/a	7.8125
S152-D145	NIRSCWAMPLITUDE	152	145	830	n/a	7.8125
S153-D145	NIRSCWAMPLITUDE	153	145	830	n/a	7.8125
S154-D145	NIRSCWAMPLITUDE	154	145	830	n/a	7.8125
S155-D145	NIRSCWAMPLITUDE	155	145	830	n/a	7.8125
S156-D145	NIRSCWAMPLITUDE	156	145	830	n/a	7.8125
S157-D145	NIRSCWAMPLITUDE	157	145	830	n/a	7.8125
S158-D145	NIRSCWAMPLITUDE	158	145	830	n/a	7.8125
S159-D145	NIRSCWAMPLITUDE	159	145	830	n/a	7.8125
S160-D145	NIRSCWAMPLITUDE	160	145	830	n/a	7.8125
S161-D145	NIRSCWAMPLITUDE	161	145	830	n/a	7.8125
S162-D145	NIRSCWAMPLITUDE	162	145	830	n/a	7.8125
S165-D145	NIRSCWAMPLITUDE	165	145	830	n/a	7.8125
S166-D145	NIRSCWAMPLITUDE	166	145	830	n/a	7.8125
S167-D145	NIRSCWAMPLITUDE	167	145	830	n/a	7.8125
S168-D145	NIRSCWAMPLITUDE	168	145	830	n/a	7.8125
S243-D145	NIRSCWAMPLITUDE	243	145	830	n/a	7.8125
S244-D145	NIRSCWAMPLITUDE	244	145	830	n/a	7.8125
S245-D145	NIRSCWAMPLITUDE	245	145	830	n/a	7.8125
S252-D145	NIRSCWAMPLITUDE	252	145	830	n/a	7.8125
S253-D145	NIRSCWAMPLITUDE	253	145	830	n/a	7.8125
S254-D145	NIRSCWAMPLITUDE	254	145	830	n/a	7.8125
S255-D145	NIRSCWAMPLITUDE	255	145	830	n/a	7.8125
S127-D146	NIRSCWAMPLITUDE	127	146	830	n/a	7.8125
S131-D146	NIRSCWAMPLITUDE	131	146	830	n/a	7.8125
S132-D146	NIRSCWAMPLITUDE	132	146	830	n/a	7.8125
S134-D146	NIRSCWAMPLITUDE	134	146	830	n/a	7.8125
S135-D146	NIRSCWAMPLITUDE	135	146	830	n/a	7.8125
S136-D146	NIRSCWAMPLITUDE	136	146	830	n/a	7.8125
S137-D146	NIRSCWAMPLITUDE	137	146	830	n/a	7.8125
S138-D146	NIRSCWAMPLITUDE	138	146	830	n/a	7.8125
S140-D146	NIRSCWAMPLITUDE	140	146	830	n/a	7.8125
S141-D146	NIRSCWAMPLITUDE	141	146	830	n/a	7.8125
S142-D146	NIRSCWAMPLITUDE	142	146	830	n/a	7.8125
S143-D146	NIRSCWAMPLITUDE	143	146	830	n/a	7.8125
S144-D146	NIRSCWAMPLITUDE	144	146	830	n/a	7.8125
S146-D146	NIRSCWAMPLITUDE	146	146	830	n/a	7.8125
S147-D146	NIRSCWAMPLITUDE	147	146	830	n/a	7.8125
S148-D146	NIRSCWAMPLITUDE	148	146	830	n/a	7.8125
S149-D146	NIRSCWAMPLITUDE	149	146	830	n/a	7.8125
S150-D146	NIRSCWAMPLITUDE	150	146	830	n/a	7.8125
S152-D146	NIRSCWAMPLITUDE	152	146	830	n/a	7.8125
S153-D146	NIRSCWAMPLITUDE	153	146	830	n/a	7.8125
S154-D146	NIRSCWAMPLITUDE	154	146	830	n/a	7.8125
S155-D146	NIRSCWAMPLITUDE	155	146	830	n/a	7.8125
S156-D146	NIRSCWAMPLITUDE	156	146	830	n/a	7.8125
S158-D146	NIRSCWAMPLITUDE	158	146	830	n/a	7.8125
S159-D146	NIRSCWAMPLITUDE	159	146	830	n/a	7.8125
S160-D146	NIRSCWAMPLITUDE	160	146	830	n/a	7.8125
S161-D146	NIRSCWAMPLITUDE	161	146	830	n/a	7.8125
S162-D146	NIRSCWAMPLITUDE	162	146	830	n/a	7.8125
S166-D146	NIRSCWAMPLITUDE	166	146	830	n/a	7.8125
S167-D146	NIRSCWAMPLITUDE	167	146	830	n/a	7.8125
S168-D146	NIRSCWAMPLITUDE	168	146	830	n/a	7.8125
S232-D146	NIRSCWAMPLITUDE	232	146	830	n/a	7.8125
S233-D146	NIRSCWAMPLITUDE	233	146	830	n/a	7.8125
S234-D146	NIRSCWAMPLITUDE	234	146	830	n/a	7.8125
S241-D146	NIRSCWAMPLITUDE	241	146	830	n/a	7.8125
S242-D146	NIRSCWAMPLITUDE	242	146	830	n/a	7.8125
S243-D146	NIRSCWAMPLITUDE	243	146	830	n/a	7.8125
S244-D146	NIRSCWAMPLITUDE	244	146	830	n/a	7.8125
S245-D146	NIRSCWAMPLITUDE	245	146	830	n/a	7.8125
S246-D146	NIRSCWAMPLITUDE	246	146	830	n/a	7.8125
S247-D146	NIRSCWAMPLITUDE	247	146	830	n/a	7.8125
S252-D146	NIRSCWAMPLITUDE	252	146	830	n/a	7.8125
S253-D146	NIRSCWAMPLITUDE	253	146	830	n/a	7.8125
S254-D146	NIRSCWAMPLITUDE	254	146	830	n/a	7.8125
S255-D146	NIRSCWAMPLITUDE	255	146	830	n/a	7.8125
S128-D147	NIRSCWAMPLITUDE	128	147	830	n/a	7.8125
S129-D147	NIRSCWAMPLITUDE	129	147	830	n/a	7.8125
S130-D147	NIRSCWAMPLITUDE	130	147	830	n/a	7.8125
S133-D147	NIRSCWAMPLITUDE	133	147	830	n/a	7.8125
S134-D147	NIRSCWAMPLITUDE	134	147	830	n/a	7.8125
S135-D147	NIRSCWAMPLITUDE	135	147	830	n/a	7.8125
S136-D147	NIRSCWAMPLITUDE	136	147	830	n/a	7.8125
S139-D147	NIRSCWAMPLITUDE	139	147	830	n/a	7.8125
S140-D147	NIRSCWAMPLITUDE	140	147	830	n/a	7.8125
S141-D147	NIRSCWAMPLITUDE	141	147	830	n/a	7.8125
S142-D147	NIRSCWAMPLITUDE	142	147	830	n/a	7.8125
S145-D147	NIRSCWAMPLITUDE	145	147	830	n/a	7.8125
S146-D147	NIRSCWAMPLITUDE	146	147	830	n/a	7.8125
S147-D147	NIRSCWAMPLITUDE	147	147	830	n/a	7.8125
S148-D147	NIRSCWAMPLITUDE	148	147	830	n/a	7.8125
S151-D147	NIRSCWAMPLITUDE	151	147	830	n/a	7.8125
S152-D147	NIRSCWAMPLITUDE	152	147	830	n/a	7.8125
S153-D147	NIRSCWAMPLITUDE	153	147	830	n/a	7.8125
S154-D147	NIRSCWAMPLITUDE	154	147	830	n/a	7.8125
S157-D147	NIRSCWAMPLITUDE	157	147	830	n/a	7.8125
S158-D147	NIRSCWAMPLITUDE	158	147	830	n/a	7.8125
S159-D147	NIRSCWAMPLITUDE	159	147	830	n/a	7.8125
S160-D147	NIRSCWAMPLITUDE	160	147	830	n/a	7.8125
S163-D147	NIRSCWAMPLITUDE	163	147	830	n/a	7.8125
S164-D147	NIRSCWAMPLITUDE	164	147	830	n/a	7.8125
S165-D147	NIRSCWAMPLITUDE	165	147	830	n/a	7.8125
S169-D147	NIRSCWAMPLITUDE	169	147	830	n/a	7.8125
S170-D147	NIRSCWAMPLITUDE	170	147	830	n/a	7.8125
S128-D148	NIRSCWAMPLITUDE	128	148	830	n/a	7.8125
S129-D148	NIRSCWAMPLITUDE	129	148	830	n/a	7.8125
S130-D148	NIRSCWAMPLITUDE	130	148	830	n/a	7.8125
S131-D148	NIRSCWAMPLITUDE	131	148	830	n/a	7.8125
S133-D148	NIRSCWAMPLITUDE	133	148	830	n/a	7.8125
S134-D148	NIRSCWAMPLITUDE	134	148	830	n/a	7.8125
S135-D148	NIRSCWAMPLITUDE	135	148	830	n/a	7.8125
S136-D148	NIRSCWAMPLITUDE	136	148	830	n/a	7.8125
S137-D148	NIRSCWAMPLITUDE	137	148	830	n/a	7.8125
S139-D148	NIRSCWAMPLITUDE	139	148	830	n/a	7.8125
S140-D148	NIRSCWAMPLITUDE	140	148	830	n/a	7.8125
S141-D148	NIRSCWAMPLITUDE	141	148	830	n/a	7.8125
S142-D148	NIRSCWAMPLITUDE	142	148	830	n/a	7.8125
S143-D148	NIRSCWAMPLITUDE	143	148	830	n/a	7.8125
S145-D148	NIRSCWAMPLITUDE	145	148	830	n/a	7.8125
S146-D148	NIRSCWAMPLITUDE	146	148	830	n/a	7.8125
S147-D148	NIRSCWAMPLITUDE	147	148	830	n/a	7.8125
S148-D148	NIRSCWAMPLITUDE	148	148	830	n/a	7.8125
S149-D148	NIRSCWAMPLITUDE	149	148	830	n/a	7.8125
S151-D148	NIRSCWAMPLITUDE	151	148	830	n/a	7.8125
S152-D148	NIRSCWAMPLITUDE	152	148	830	n/a	7.8125
S153-D148	NIRSCWAMPLITUDE	153	148	830	n/a	7.8125
S154-D148	NIRSCWAMPLITUDE	154	148	830	n/a	7.8125
S155-D148	NIRSCWAMPLITUDE	155	148	830	n/a	7.8125
S157-D148	NIRSCWAMPLITUDE	157	148	830	n/a	7.8125
S158-D148	NIRSCWAMPLITUDE	158	148	830	n/a	7.8125
S159-D148	NIRSCWAMPLITUDE	159	148	830	n/a	7.8125
S160-D148	NIRSCWAMPLITUDE	160	148	830	n/a	7.8125
S161-D148	NIRSCWAMPLITUDE	161	148	830	n/a	7.8125
S163-D148	NIRSCWAMPLITUDE	163	148	830	n/a	7.8125
S164-D148	NIRSCWAMPLITUDE	164	148	830	n/a	7.8125
S165-D148	NIRSCWAMPLITUDE	165	148	830	n/a	7.8125
S166-D148	NIRSCWAMPLITUDE	166	148	830	n/a	7.8125
S169-D148	NIRSCWAMPLITUDE	169	148	830	n/a	7.8125
S170-D148	NIRSCWAMPLITUDE	170	148	830	n/a	7.8125
S171-D148	NIRSCWAMPLITUDE	171	148	830	n/a	7.8125
S129-D149	NIRSCWAMPLITUDE	129	149	830	n/a	7.8125
S130-D149	NIRSCWAMPLITUDE	130	149	830	n/a	7.8125
S131-D149	NIRSCWAMPLITUDE	131	149	830	n/a	7.8125
S132-D149	NIRSCWAMPLITUDE	132	149	830	n/a	7.8125
S133-D149	NIRSCWAMPLITUDE	133	149	830	n/a	7.8125
S134-D149	NIRSCWAMPLITUDE	134	149	830	n/a	7.8125
S135-D149	NIRSCWAMPLITUDE	135	149	830	n/a	7.8125
S136-D149	NIRSCWAMPLITUDE	136	149	830	n/a	7.8125
S137-D149	NIRSCWAMPLITUDE	137	149	830	n/a	7.8125
S138-D149	NIRSCWAMPLITUDE	138	149	830	n/a	7.8125
S139-D149	NIRSCWAMPLITUDE	139	149	830	n/a	7.8125
S140-D149	NIRSCWAMPLITUDE	140	149	830	n/a	7.8125
S141-D149	NIRSCWAMPLITUDE	141	149	830	n/a	7.8125
S142-D149	NIRSCWAMPLITUDE	142	149	830	n/a	7.8125
S143-D149	NIRSCWAMPLITUDE	143	149	830	n/a	7.8125
S144-D149	NIRSCWAMPLITUDE	144	149	830	n/a	7.8125
S145-D149	NIRSCWAMPLITUDE	145	149	830	n/a	7.8125
S146-D149	NIRSCWAMPLITUDE	146	149	830	n/a	7.8125
S147-D149	NIRSCWAMPLITUDE	147	149	830	n/a	7.8125
S148-D149	NIRSCWAMPLITUDE	148	149	830	n/a	7.8125
S149-D149	NIRSCWAMPLITUDE	149	149	830	n/a	7.8125
S150-D149	NIRSCWAMPLITUDE	150	149	830	n/a	7.8125
S151-D149	NIRSCWAMPLITUDE	151	149	830	n/a	7.8125
S152-D149	NIRSCWAMPLITUDE	152	149	830	n/a	7.8125
S153-D149	NIRSCWAMPLITUDE	153	149	830	n/a	7.8125
S154-D149	NIRSCWAMPLITUDE	154	149	830	n/a	7.8125
S155-D149	NIRSCWAMPLITUDE	155	149	830	n/a	7.8125
S156-D149	NIRSCWAMPLITUDE	156	149	830	n/a	7.8125
S157-D149	NIRSCWAMPLITUDE	157	149	830	n/a	7.8125
S158-D149	NIRSCWAMPLITUDE	158	149	830	n/a	7.8125
S159-D149	NIRSCWAMPLITUDE	159	149	830	n/a	7.8125
S160-D149	NIRSCWAMPLITUDE	160	149	830	n/a	7.8125
S161-D149	NIRSCWAMPLITUDE	161	149	830	n/a	7.8125
S162-D149	NIRSCWAMPLITUDE	162	149	830	n/a	7.8125
S163-D149	NIRSCWAMPLITUDE	163	149	830	n/a	7.8125
S164-D149	NIRSCWAMPLITUDE	164	149	830	n/a	7.8125
S165-D149	NIRSCWAMPLITUDE	165	149	830	n/a	7.8125
S166-D149	NIRSCWAMPLITUDE	166	149	830	n/a	7.8125
S167-D149	NIRSCWAMPLITUDE	167	149	830	n/a	7.8125
S169-D149	NIRSCWAMPLITUDE	169	149	830	n/a	7.8125
S170-D149	NIRSCWAMPLITUDE	170	149	830	n/a	7.8125
S171-D149	NIRSCWAMPLITUDE	171	149	830	n/a	7.8125
S172-D149	NIRSCWAMPLITUDE	172	149	830	n/a	7.8125
S130-D150	NIRSCWAMPLITUDE	130	150	830	n/a	7.8125
S131-D150	NIRSCWAMPLITUDE	131	150	830	n/a	7.8125
S132-D150	NIRSCWAMPLITUDE	132	150	830	n/a	7.8125
S133-D150	NIRSCWAMPLITUDE	133	150	830	n/a	7.8125
S134-D150	NIRSCWAMPLITUDE	134	150	830	n/a	7.8125
S135-D150	NIRSCWAMPLITUDE	135	150	830	n/a	7.8125
S136-D150	NIRSCWAMPLITUDE	136	150	830	n/a	7.8125
S137-D150	NIRSCWAMPLITUDE	137	150	830	n/a	7.8125
S138-D150	NIRSCWAMPLITUDE	138	150	830	n/a	7.8125
S139-D150	NIRSCWAMPLITUDE	139	150	830	n/a	7.8125
S140-D150	NIRSCWAMPLITUDE	140	150	830	n/a	7.8125
S141-D150	NIRSCWAMPLITUDE	141	150	830	n/a	7.8125
S142-D150	NIRSCWAMPLITUDE	142	150	830	n/a	7.8125
S143-D150	NIRSCWAMPLITUDE	143	150	830	n/a	7.8125
S144-D150	NIRSCWAMPLITUDE	144	150	830	n/a	7.8125
S145-D150	NIRSCWAMPLITUDE	145	150	830	n/a	7.8125
S146-D150	NIRSCWAMPLITUDE	146	150	830	n/a	7.8125
S147-D150	NIRSCWAMPLITUDE	147	150	830	n/a	7.8125
S148-D150	NIRSCWAMPLITUDE	148	150	830	n/a	7.8125
S149-D150	NIRSCWAMPLITUDE	149	150	830	n/a	7.8125
S150-D150	NIRSCWAMPLITUDE	150	150	830	n/a	7.8125
S151-D150	NIRSCWAMPLITUDE	151	150	830	n/a	7.8125
S152-D150	NIRSCWAMPLITUDE	152	150	830	n/a	7.8125
S153-D150	NIRSCWAMPLITUDE	153	150	830	n/a	7.8125
S154-D150	NIRSCWAMPLITUDE	154	150	830	n/a	7.8125
S155-D150	NIRSCWAMPLITUDE	155	150	830	n/a	7.8125
S156-D150	NIRSCWAMPLITUDE	156	150	830	n/a	7.8125
S157-D150	NIRSCWAMPLITUDE	157	150	830	n/a	7.8125
S158-D150	NIRSCWAMPLITUDE	158	150	830	n/a	7.8125
S159-D150	NIRSCWAMPLITUDE	159	150	830	n/a	7.8125
S160-D150	NIRSCWAMPLITUDE	160	150	830	n/a	7.8125
S161-D150	NIRSCWAMPLITUDE	161	150	830	n/a	7.8125
S162-D150	NIRSCWAMPLITUDE	162	150	830	n/a	7.8125
S163-D150	NIRSCWAMPLITUDE	163	150	830	n/a	7.8125
S164-D150	NIRSCWAMPLITUDE	164	150	830	n/a	7.8125
S165-D150	NIRSCWAMPLITUDE	165	150	830	n/a	7.8125
S166-D150	NIRSCWAMPLITUDE	166	150	830	n/a	7.8125
S167-D150	NIRSCWAMPLITUDE	167	150	830	n/a	7.8125
S168-D150	NIRSCWAMPLITUDE	168	150	830	n/a	7.8125
S170-D150	NIRSCWAMPLITUDE	170	150	830	n/a	7.8125
S171-D150	NIRSCWAMPLITUDE	171	150	830	n/a	7.8125
S172-D150	NIRSCWAMPLITUDE	172	150	830	n/a	7.8125
S173-D150	NIRSCWAMPLITUDE	173	150	830	n/a	7.8125
S254-D150	NIRSCWAMPLITUDE	254	150	830	n/a	7.8125
S255-D150	NIRSCWAMPLITUDE	255	150	830	n/a	7.8125
S131-D151	NIRSCWAMPLITUDE	131	151	830	n/a	7.8125
S132-D151	NIRSCWAMPLITUDE	132	151	830	n/a	7.8125
S134-D151	NIRSCWAMPLITUDE	134	151	830	n/a	7.8125
S135-D151	NIRSCWAMPLITUDE	135	151	830	n/a	7.8125
S136-D151	NIRSCWAMPLITUDE	136	151	830	n/a	7.8125
S137-D151	NIRSCWAMPLITUDE	137	151	830	n/a	7.8125
S138-D151	NIRSCWAMPLITUDE	138	151	830	n/a	7.8125
S139-D151	NIRSCWAMPLITUDE	139	151	830	n/a	7.8125
S140-D151	NIRSCWAMPLITUDE	140	151	830	n/a	7.8125
S141-D151	NIRSCWAMPLITUDE	141	151	830	n/a	7.8125
S142-D151	NIRSCWAMPLITUDE	142	151	830	n/a	7.8125
S143-D151	NIRSCWAMPLITUDE	143	151	830	n/a	7.8125
S144-D151	NIRSCWAMPLITUDE	144	151	830	n/a	7.8125
S145-D151	NIRSCWAMPLITUDE	145	151	830	n/a	7.8125
S146-D151	NIRSCWAMPLITUDE	146	151	830	n/a	7.8125
S147-D151	NIRSCWAMPLITUDE	147	151	830	n/a	7.8125
S148-D151	NIRSCWAMPLITUDE	148	151	830	n/a	7.8125
S149-D151	NIRSCWAMPLITUDE	149	151	830	n/a	7.8125
S150-D151	NIRSCWAMPLITUDE	150	151	830	n/a	7.8125
S151-D151	NIRSCWAMPLITUDE	151	151	830	n/a	7.8125
S152-D151	NIRSCWAMPLITUDE	152	151	830	n/a	7.8125
S153-D151	NIRSCWAMPLITUDE	153	151	830	n/a	7.8125
S154-D151	NIRSCWAMPLITUDE	154	151	830	n/a	7.8125
S155-D151	NIRSCWAMPLITUDE	155	151	830	n/a	7.8125
S156-D151	NIRSCWAMPLITUDE	156	151	830	n/a	7.8125
S157-D151	NIRSCWAMPLITUDE	157	151	830	n/a	7.8125
S158-D151	NIRSCWAMPLITUDE	158	151	830	n/a	7.8125
S159-D151	NIRSCWAMPLITUDE	159	151	830	n/a	7.8125
S160-D151	NIRSCWAMPLITUDE	160	151	830	n/a	7.8125
S161-D151	NIRSCWAMPLITUDE	161	151	830	n/a	7.8125
S162-D151	NIRSCWAMPLITUDE	162	151	830	n/a	7.8125
S164-D151	NIRSCWAMPLITUDE	164	151	830	n/a	7.8125
S165-D151	NIRSCWAMPLITUDE	165	151	830	n/a	7.8125
S166-D151	NIRSCWAMPLITUDE	166	151	830	n/a	7.8125
S167-D151	NIRSCWAMPLITUDE	167	151	830	n/a	7.8125
S168-D151	NIRSCWAMPLITUDE	168	151	830	n/a	7.8125
S171-D151	NIRSCWAMPLITUDE	171	151	830	n/a	7.8125
S172-D151	NIRSCWAMPLITUDE	172	151	830	n/a	7.8125
S173-D151	NIRSCWAMPLITUDE	173	151	830	n/a	7.8125
S174-D151	NIRSCWAMPLITUDE	174	151	830	n/a	7.8125
S245-D151	NIRSCWAMPLITUDE	245	151	830	n/a	7.8125
S246-D151	NIRSCWAMPLITUDE	246	151	830	n/a	7.8125
S247-D151	NIRSCWAMPLITUDE	247	151	830	n/a	7.8125
S252-D151	NIRSCWAMPLITUDE	252	151	830	n/a	7.8125
S253-D151	NIRSCWAMPLITUDE	253	151	830	n/a	7.8125
S254-D151	NIRSCWAMPLITUDE	254	151	830	n/a	7.8125
S255-D151	NIRSCWAMPLITUDE	255	151	830	n/a	7.8125
S132-D152	NIRSCWAMPLITUDE	132	152	830	n/a	7.8125
S135-D152	NIRSCWAMPLITUDE	135	152	830	n/a	7.8125
S136-D152	NIRSCWAMPLITUDE	136	152	830	n/a	7.8125
S137-D152	NIRSCWAMPLITUDE	137	152	830	n/a	7.8125
S138-D152	NIRSCWAMPLITUDE	138	152	830	n/a	7.8125
S140-D152	NIRSCWAMPLITUDE	140	152	830	n/a	7.8125
S141-D152	NIRSCWAMPLITUDE	141	152	830	n/a	7.8125
S142-D152	NIRSCWAMPLITUDE	142	152	830	n/a	7.8125
S143-D152	NIRSCWAMPLITUDE	143	152	830	n/a	7.8125
S144-D152	NIRSCWAMPLITUDE	144	152	830	n/a	7.8125
S146-D152	NIRSCWAMPLITUDE	146	152	830	n/a	7.8125
S147-D152	NIRSCWAMPLITUDE	147	152	830	n/a	7.8125
S148-D152	NIRSCWAMPLITUDE	148	152	830	n/a	7.8125
S149-D152	NIRSCWAMPLITUDE	149	152	830	n/a	7.8125
S150-D152	NIRSCWAMPLITUDE	150	152	830	n/a	7.8125
S152-D152	NIRSCWAMPLITUDE	152	152	830	n/a	7.8125
S153-D152	NIRSCWAMPLITUDE	153	152	830	n/a	7.8125
S154-D152	NIRSCWAMPLITUDE	154	152	830	n/a	7.8125
S155-D152	NIRSCWAMPLITUDE	155	152	830	n/a	7.8125
S156-D152	NIRSCWAMPLITUDE	156	152	830	n/a	7.8125
S158-D152	NIRSCWAMPLITUDE	158	152	830	n/a	7.8125
S159-D152	NIRSCWAMPLITUDE	159	152	830	n/a	7.8125
S160-D152	NIRSCWAMPLITUDE	160	152	830	n/a	7.8125
S161-D152	NIRSCWAMPLITUDE	161	152	830	n/a	7.8125
S162-D152	NIRSCWAMPLITUDE	162	152	830	n/a	7.8125
S165-D152	NIRSCWAMPLITUDE	165	152	830	n/a	7.8125
S166-D152	NIRSCWAMPLITUDE	166	152	830	n/a	7.8125
S167-D152	NIRSCWAMPLITUDE	167	152	830	n/a	7.8125
S168-D152	NIRSCWAMPLITUDE	168	152	830	n/a	7.8125
S172-D152	NIRSCWAMPLITUDE	172	152	830	n/a	7.8125
S173-D152	NIRSCWAMPLITUDE	173	152	830	n/a	7.8125
S174-D152	NIRSCWAMPLITUDE	174	152	830	n/a	7.8125
S234-D152	NIRSCWAMPLITUDE	234	152	830	n/a	7.8125
S235-D152	NIRSCWAMPLITUDE	235	152	830	n/a	7.8125
S243-D152	NIRSCWAMPLITUDE	243	152	830	n/a	7.8125
S244-D152	NIRSCWAMPLITUDE	244	152	830	n/a	7.8125
S245-D152	NIRSCWAMPLITUDE	245	152	830	n/a	7.8125
S246-D152	NIRSCWAMPLITUDE	246	152	830	n/a	7.8125
S247-D152	NIRSCWAMPLITUDE	247	152	830	n/a	7.8125
S248-D152	NIRSCWAMPLITUDE	248	152	830	n/a	7.8125
S252-D152	NIRSCWAMPLITUDE	252	152	830	n/a	7.8125
S253-D152	NIRSCWAMPLITUDE	253	152	830	n/a	7.8125
S254-D152	NIRSCWAMPLITUDE	254	152	830	n/a	7.8125
S255-D152	NIRSCWAMPLITUDE	255	152	830	n/a	7.8125
S133-D153	NIRSCWAMPLITUDE	133	153	830	n/a	7.8125
S134-D153	NIRSCWAMPLITUDE	134	153	830	n/a	7.8125
S139-D153	NIRSCWAMPLITUDE	139	153	830	n/a	7.8125
S140-D153	NIRSCWAMPLITUDE	140	153	830	n/a	7.8125
S141-D153	NIRSCWAMPLITUDE	141	153	830	n/a	7.8125
S142-D153	NIRSCWAMPLITUDE	142	153	830	n/a	7.8125
S145-D153	NIRSCWAMPLITUDE	145	153	830	n/a	7.8125
S146-D153	NIRSCWAMPLITUDE	146	153	830	n/a	7.8125
S147-D153	NIRSCWAMPLITUDE	147	153	830	n/a	7.8125
S148-D153	NIRSCWAMPLITUDE	148	153	830	n/a	7.8125
S151-D153	NIRSCWAMPLITUDE	151	153	830	n/a	7.8125
S152-D153	NIRSCWAMPLITUDE	152	153	830	n/a	7.8125
S153-D153	NIRSCWAMPLITUDE	153	153	830	n/a	7.8125
S154-D153	NIRSCWAMPLITUDE	154	153	830	n/a	7.8125
S157-D153	NIRSCWAMPLITUDE	157	153	830	n/a	7.8125
S158-D153	NIRSCWAMPLITUDE	158	153	830	n/a	7.8125
S159-D153	NIRSCWAMPLITUDE	159	153	830	n/a	7.8125
S160-D153	NIRSCWAMPLITUDE	160	153	830	n/a	7.8125
S163-D153	NIRSCWAMPLITUDE	163	153	830	n/a	7.8125
S164-D153	NIRSCWAMPLITUDE	164	153	830	n/a	7.8125
S165-D153	NIRSCWAMPLITUDE	165	153	830	n/a	7.8125
S166-D153	NIRSCWAMPLITUDE	166	153	830	n/a	7.8125
S169-D153	NIRSCWAMPLITUDE	169	153	830	n/a	7.8125
S170-D153	NIRSCWAMPLITUDE	170	153	830	n/a	7.8125
S171-D153	NIRSCWAMPLITUDE	171	153	830	n/a	7.8125
S172-D153	NIRSCWAMPLITUDE	172	153	830	n/a	7.8125
S175-D153	NIRSCWAMPLITUDE	175	153	830	n/a	7.8125
S176-D153	NIRSCWAMPLITUDE	176	153	830	n/a	7.8125
S133-D154	NIRSCWAMPLITUDE	133	154	830	n/a	7.8125
S134-D154	NIRSCWAMPLITUDE	134	154	830	n/a	7.8125
S135-D154	NIRSCWAMPLITUDE	135	154	830	n/a	7.8125
S139-D154	NIRSCWAMPLITUDE	139	154	830	n/a	7.8125
S140-D154	NIRSCWAMPLITUDE	140	154	830	n/a	7.8125
S141-D154	NIRSCWAMPLITUDE	141	154	830	n/a	7.8125
S142-D154	NIRSCWAMPLITUDE	142	154	830	n/a	7.8125
S143-D154	NIRSCWAMPLITUDE	143	154	830	n/a	7.8125
S145-D154	NIRSCWAMPLITUDE	145	154	830	n/a	7.8125
S146-D154	NIRSCWAMPLITUDE	146	154	830	n/a	7.8125
S147-D154	NIRSCWAMPLITUDE	147	154	830	n/a	7.8125
S148-D154	NIRSCWAMPLITUDE	148	154	830	n/a	7.8125
S149-D154	NIRSCWAMPLITUDE	149	154	830	n/a	7.8125
S151-D154	NIRSCWAMPLITUDE	151	154	830	n/a	7.8125
S152-D154	NIRSCWAMPLITUDE	152	154	830	n/a	7.8125
S153-D154	NIRSCWAMPLITUDE	153	154	830	n/a	7.8125
S154-D154	NIRSCWAMPLITUDE	154	154	830	n/a	7.8125
S155-D154	NIRSCWAMPLITUDE	155	154	830	n/a	7.8125
S157-D154	NIRSCWAMPLITUDE	157	154	830	n/a	7.8125
S158-D154	NIRSCWAMPLITUDE	158	154	830	n/a	7.8125
S159-D154	NIRSCWAMPLITUDE	159	154	830	n/a	7.8125
S160-D154	NIRSCWAMPLITUDE	160	154	830	n/a	7.8125
S161-D154	NIRSCWAMPLITUDE	161	154	830	n/a	7.8125
S163-D154	NIRSCWAMPLITUDE	163	154	830	n/a	7.8125
S164-D154	NIRSCWAMPLITUDE	164	154	830	n/a	7.8125
S165-D154	NIRSCWAMPLITUDE	165	154	830	n/a	7.8125
S166-D154	NIRSCWAMPLITUDE	166	154	830	n/a	7.8125
S167-D154	NIRSCWAMPLITUDE	167	154	830	n/a	7.8125
S169-D154	NIRSCWAMPLITUDE	169	154	830	n/a	7.8125
S170-D154	NIRSCWAMPLITUDE	170	154	830	n/a	7.8125
S171-D154	NIRSCWAMPLITUDE	171	154	830	n/a	7.8125
S172-D154	NIRSCWAMPLITUDE	172	154	830	n/a	7.8125
S175-D154	NIRSCWAMPLITUDE	175	154	830	n/a	7.8125
S176-D154	NIRSCWAMPLITUDE	176	154	830	n/a	7.8125
S177-D154	NIRSCWAMPLITUDE	177	154	830	n/a	7.8125
S133-D155	NIRSCWAMPLITUDE	133	155	830	n/a	7.8125
S134-D155	NIRSCWAMPLITUDE	134	155	830	n/a	7.8125
S135-D155	NIRSCWAMPLITUDE	135	155	830	n/a	7.8125
S136-D155	NIRSCWAMPLITUDE	136	155	830	n/a	7.8125
S139-D155	NIRSCWAMPLITUDE	139	155	830	n/a	7.8125
S140-D155	NIRSCWAMPLITUDE	140	155	830	n/a	7.8125
S141-D155	NIRSCWAMPLITUDE	141	155	830	n/a	7.8125
S142-D155	NIRSCWAMPLITUDE	142	155	830	n/a	7.8125
S143-D155	NIRSCWAMPLITUDE	143	155	830	n/a	7.8125
S144-D155	NIRSCWAMPLITUDE	144	155	830	n/a	7.8125
S145-D155	NIRSCWAMPLITUDE	145	155	830	n/a	7.8125
S146-D155	NIRSCWAMPLITUDE	146	155	830	n/a	7.8125
S147-D155	NIRSCWAMPLITUDE	147	155	830	n/a	7.8125
S148-D155	NIRSCWAMPLITUDE	148	155	830	n/a	7.8125
S149-D155	NIRSCWAMPLITUDE	149	155	830	n/a	7.8125
S150-D155	NIRSCWAMPLITUDE	150	155	830	n/a	7.8125
S151-D155	NIRSCWAMPLITUDE	151	155	830	n/a	7.8125
S152-D155	NIRSCWAMPLITUDE	152	155	830	n/a	7.8125
S153-D155	NIRSCWAMPLITUDE	153	155	830	n/a	7.8125
S154-D155	NIRSCWAMPLITUDE	154	155	830	n/a	7.8125
S155-D155	NIRSCWAMPLITUDE	155	155	830	n/a	7.8125
S156-D155	NIRSCWAMPLITUDE	156	155	830	n/a	7.8125
S157-D155	NIRSCWAMPLITUDE	157	155	830	n/a	7.8125
S158-D155	NIRSCWAMPLITUDE	158	155	830	n/a	7.8125
S159-D155	NIRSCWAMPLITUDE	159	155	830	n/a	7.8125
S160-D155	NIRSCWAMPLITUDE	160	155	830	n/a	7.8125
S161-D155	NIRSCWAMPLITUDE	161	155	830	n/a	7.8125
S162-D155	NIRSCWAMPLITUDE	162	155	830	n/a	7.8125
S163-D155	NIRSCWAMPLITUDE	163	155	830	n/a	7.8125
S164-D155	NIRSCWAMPLITUDE	164	155	830	n/a	7.8125
S165-D155	NIRSCWAMPLITUDE	165	155	830	n/a	7.8125
S166-D155	NIRSCWAMPLITUDE	166	155	830	n/a	7.8125
S167-D155	NIRSCWAMPLITUDE	167	155	830	n/a	7.8125
S168-D155	NIRSCWAMPLITUDE	168	155	830	n/a	7.8125
S169-D155	NIRSCWAMPLITUDE	169	155	830	n/a	7.8125
S170-D155	NIRSCWAMPLITUDE	170	155	830	n/a	7.8125
S171-D155	NIRSCWAMPLITUDE	171	155	830	n/a	7.8125
S172-D155	NIRSCWAMPLITUDE	172	155	830	n/a	7.8125
S173-D155	NIRSCWAMPLITUDE	173	155	830	n/a	7.8125
S175-D155	NIRSCWAMPLITUDE	175	155	830	n/a	7.8125
S176-D155	NIRSCWAMPLITUDE	176	155	830	n/a	7.8125
S177-D155	NIRSCWAMPLITUDE	177	155	830	n/a	7.8125
S178-D155	NIRSCWAMPLITUDE	178	155	830	n/a	7.8125
S134-D156	NIRSCWAMPLITUDE	134	156	830	n/a	7.8125
S135-D156	NIRSCWAMPLITUDE	135	156	830	n/a	7.8125
S136-D156	NIRSCWAMPLITUDE	136	156	830	n/a	7.8125
S137-D156	NIRSCWAMPLITUDE	137	156	830	n/a	7.8125
S139-D156	NIRSCWAMPLITUDE	139	156	830	n/a	7.8125
S140-D156	NIRSCWAMPLITUDE	140	156	830	n/a	7.8125
S141-D156	NIRSCWAMPLITUDE	141	156	830	n/a	7.8125
S142-D156	NIRSCWAMPLITUDE	142	156	830	n/a	7.8125
S143-D156	NIRSCWAMPLITUDE	143	156	830	n/a	7.8125
S144-D156	NIRSCWAMPLITUDE	144	156	830	n/a	7.8125
S145-D156	NIRSCWAMPLITUDE	145	156	830	n/a	7.8125
S146-D156	NIRSCWAMPLITUDE	146	156	830	n/a	7.8125
S147-D156	NIRSCWAMPLITUDE	147	156	830	n/a	7.8125
S148-D156	NIRSCWAMPLITUDE	148	156	830	n/a	7.8125
S149-D156	NIRSCWAMPLITUDE	149	156	830	n/a	7.8125
S150-D156	NIRSCWAMPLITUDE	150	156	830	n/a	7.8125
S151-D156	NIRSCWAMPLITUDE	151	156	830	n/a	7.8125
S152-D156	NIRSCWAMPLITUDE	152	156	830	n/a	7.8125
S153-D156	NIRSCWAMPLITUDE	153	156	830	n/a	7.8125
S154-D156	NIRSCWAMPLITUDE	154	156	830	n/a	7.8125
S155-D156	NIRSCWAMPLITUDE	155	156	830	n/a	7.8125
S156-D156	NIRSCWAMPLITUDE	156	156	830	n/a	7.8125
S157-D156	NIRSCWAMPLITUDE	157	156	830	n/a	7.8125
S158-D156	NIRSCWAMPLITUDE	158	156	830	n/a	7.8125
S159-D156	NIRSCWAMPLITUDE	159	156	830	n/a	7.8125
S160-D156	NIRSCWAMPLITUDE	160	156	830	n/a	7.8125
S161-D156	NIRSCWAMPLITUDE	161	156	830	n/a	7.8125
S162-D156	NIRSCWAMPLITUDE	162	156	830	n/a	7.8125
S163-D156	NIRSCWAMPLITUDE	163	156	830	n/a	7.8125
S164-D156	NIRSCWAMPLITUDE	164	156	830	n/a	7.8125
S165-D156	NIRSCWAMPLITUDE	165	156	830	n/a	7.8125
S166-D156	NIRSCWAMPLITUDE	166	156	830	n/a	7.8125
S167-D156	NIRSCWAMPLITUDE	167	156	830	n/a	7.8125
S168-D156	NIRSCWAMPLITUDE	168	156	830	n/a	7.8125
S169-D156	NIRSCWAMPLITUDE	169	156	830	n/a	7.8125
S170-D156	NIRSCWAMPLITUDE	170	156	830	n/a	7.8125
S171-D156	NIRSCWAMPLITUDE	171	156	830	n/a	7.8125
S172-D156	NIRSCWAMPLITUDE	172	156	830	n/a	7.8125
S173-D156	NIRSCWAMPLITUDE	173	156	830	n/a	7.8125
S174-D156	NIRSCWAMPLITUDE	174	156	830	n/a	7.8125
S176-D156	NIRSCWAMPLITUDE	176	156	830	n/a	7.8125
S177-D156	NIRSCWAMPLITUDE	177	156	830	n/a	7.8125
S178-D156	NIRSCWAMPLITUDE	178	156	830	n/a	7.8125
S179-D156	NIRSCWAMPLITUDE	179	156	830	n/a	7.8125
S135-D157	NIRSCWAMPLITUDE	135	157	830	n/a	7.8125
S136-D157	NIRSCWAMPLITUDE	136	157	830	n/a	7.8125
S137-D157	NIRSCWAMPLITUDE	137	157	830	n/a	7.8125
S138-D157	NIRSCWAMPLITUDE	138	157	830	n/a	7.8125
S140-D157	NIRSCWAMPLITUDE	140	157	830	n/a	7.8125
S141-D157	NIRSCWAMPLITUDE	141	157	830	n/a	7.8125
S142-D157	NIRSCWAMPLITUDE	142	157	830	n/a	7.8125
S143-D157	NIRSCWAMPLITUDE	143	157	830	n/a	7.8125
S144-D157	NIRSCWAMPLITUDE	144	157	830	n/a	7.8125
S145-D157	NIRSCWAMPLITUDE	145	157	830	n/a	7.8125
S146-D157	NIRSCWAMPLITUDE	146	157	830	n/a	7.8125
S147-D157	NIRSCWAMPLITUDE	147	157	830	n/a	7.8125
S148-D157	NIRSCWAMPLITUDE	148	157	830	n/a	7.8125
S149-D157	NIRSCWAMPLITUDE	149	157	830	n/a	7.8125
S150-D157	NIRSCWAMPLITUDE	150	157	830	n/a	7.8125
S151-D157	NIRSCWAMPLITUDE	151	157	830	n/a	7.8125
S152-D157	NIRSCWAMPLITUDE	152	157	830	n/a	7.8125
S153-D157	NIRSCWAMPLITUDE	153	157	830	n/a	7.8125
S154-D157	NIRSCWAMPLITUDE	154	157	830	n/a	7.8125
S155-D157	NIRSCWAMPLITUDE	155	157	830	n/a	7.8125
S156-D157	NIRSCWAMPLITUDE	156	157	830	n/a	7.8125
S157-D157	NIRSCWAMPLITUDE	157	157	830	n/a	7.8125
S158-D157	NIRSCWAMPLITUDE	158	157	830	n/a	7.8125
S159-D157	NIRSCWAMPLITUDE	159	157	830	n/a	7.8125
S160-D157	NIRSCWAMPLITUDE	160	157	830	n/a	7.8125
S161-D157	NIRSCWAMPLITUDE	161	157	830	n/a	7.8125
S162-D157	NIRSCWAMPLITUDE	162	157	830	n/a	7.8125
S163-D157	NIRSCWAMPLITUDE	163	157	830	n/a	7.8125
S164-D157	NIRSCWAMPLITUDE	164	157	830	n/a	7.8125
S165-D157	NIRSCWAMPLITUDE	165	157	830	n/a	7.8125
S166-D157	NIRSCWAMPLITUDE	166	157	830	n/a	7.8125
S167-D157	NIRSCWAMPLITUDE	167	157	830	n/a	7.8125
S168-D157	NIRSCWAMPLITUDE	168	157	830	n/a	7.8125
S169-D157	NIRSCWAMPLITUDE	169	157	830	n/a	7.8125
S170-D157	NIRSCWAMPLITUDE	170	157	830	n/a	7.8125
S171-D157	NIRSCWAMPLITUDE	171	157	830	n/a	7.8125
S172-D157	NIRSCWAMPLITUDE	172	157	830	n/a	7.8125
S173-D157	NIRSCWAMPLITUDE	173	157	830	n/a	7.8125
S174-D157	NIRSCWAMPLITUDE	174	157	830	n/a	7.8125
S177-D157	NIRSCWAMPLITUDE	177	157	830	n/a	7.8125
S178-D157	NIRSCWAMPLITUDE	178	157	830	n/a	7.8125
S179-D157	NIRSCWAMPLITUDE	179	157	830	n/a	7.8125
S180-D157	NIRSCWAMPLITUDE	180	157	830	n/a	7.8125
S246-D157	NIRSCWAMPLITUDE	246	157	830	n/a	7.8125
S247-D157	NIRSCWAMPLITUDE	247	157	830	n/a	7.8125
S248-D157	NIRSCWAMPLITUDE	248	157	830	n/a	7.8125
S249-D157	NIRSCWAMPLITUDE	249	157	830	n/a	7.8125
S254-D157	NIRSCWAMPLITUDE	254	157	830	n/a	7.8125
S255-D157	NIRSCWAMPLITUDE	255	157	830	n/a	7.8125
S136-D158	NIRSCWAMPLITUDE	136	158	830	n/a	7.8125
S137-D158	NIRSCWAMPLITUDE	137	158	830	n/a	7.8125
S138-D158	NIRSCWAMPLITUDE	138	158	830	n/a	7.8125
S141-D158	NIRSCWAMPLITUDE	141	158	830	n/a	7.8125
S142-D158	NIRSCWAMPLITUDE	142	158	830	n/a	7.8125
S143-D158	NIRSCWAMPLITUDE	143	158	830	n/a	7.8125
S144-D158	NIRSCWAMPLITUDE	144	158	830	n/a	7.8125
S146-D158	NIRSCWAMPLITUDE	146	158	830	n/a	7.8125
S147-D158	NIRSCWAMPLITUDE	147	158	830	n/a	7.8125
S148-D158	NIRSCWAMPLITUDE	148	158	830	n/a	7.8125
S149-D158	NIRSCWAMPLITUDE	149	158	830	n/a	7.8125
S150-D158	NIRSCWAMPLITUDE	150	158	830	n/a	7.8125
S152-D158	NIRSCWAMPLITUDE	152	158	830	n/a	7.8125
S153-D158	NIRSCWAMPLITUDE	153	158	830	n/a	7.8125
S154-D158	NIRSCWAMPLITUDE	154	158	830	n/a	7.8125
S155-D158	NIRSCWAMPLITUDE	155	158	830	n/a	7.8125
S156-D158	NIRSCWAMPLITUDE	156	158	830	n/a	7.8125
S158-D158	NIRSCWAMPLITUDE	158	158	830	n/a	7.8125
S159-D158	NIRSCWAMPLITUDE	159	158	830	n/a	7.8125
S160-D158	NIRSCWAMPLITUDE	160	158	830	n/a	7.8125
S161-D158	NIRSCWAMPLITUDE	161	158	830	n/a	7.8125
S162-D158	NIRSCWAMPLITUDE	162	158	830	n/a	7.8125
S164-D158	NIRSCWAMPLITUDE	164	158	830	n/a	7.8125
S165-D158	NIRSCWAMPLITUDE	165	158	830	n/a	7.8125
S166-D158	NIRSCWAMPLITUDE	166	158	830	n/a	7.8125
S167-D158	NIRSCWAMPLITUDE	167	158	830	n/a	7.8125
S168-D158	NIRSCWAMPLITUDE	168	158	830	n/a	7.8125
S170-D158	NIRSCWAMPLITUDE	170	158	830	n/a	7.8125
S171-D158	NIRSCWAMPLITUDE	171	158	830	n/a	7.8125
S172-D158	NIRSCWAMPLITUDE	172	158	830	n/a	7.8125
S173-D158	NIRSCWAMPLITUDE	173	158	830	n/a	7.8125
S174-D158	NIRSCWAMPLITUDE	174	158	830	n/a	7.8125
S178-D158	NIRSCWAMPLITUDE	178	158	830	n/a	7.8125
S179-D158	NIRSCWAMPLITUDE	179	158	830	n/a	7.8125
S180-D158	NIRSCWAMPLITUDE	180	158	830	n/a	7.8125
S234-D158	NIRSCWAMPLITUDE	234	158	830	n/a	7.8125
S235-D158	NIRSCWAMPLITUDE	235	158	830	n/a	7.8125
S236-D158	NIRSCWAMPLITUDE	236	158	830	n/a	7.8125
S237-D158	NIRSCWAMPLITUDE	237	158	830	n/a	7.8125
S244-D158	NIRSCWAMPLITUDE	244	158	830	n/a	7.8125
S245-D158	NIRSCWAMPLITUDE	245	158	830	n/a	7.8125
S246-D158	NIRSCWAMPLITUDE	246	158	830	n/a	7.8125
S247-D158	NIRSCWAMPLITUDE	247	158	830	n/a	7.8125
S248-D158	NIRSCWAMPLITUDE	248	158	830	n/a	7.8125
S249-D158	NIRSCWAMPLITUDE	249	158	830	n/a	7.8125
S250-D158	NIRSCWAMPLITUDE	250	158	830	n/a	7.8125
S253-D158	NIRSCWAMPLITUDE	253	158	830	n/a	7.8125
S254-D158	NIRSCWAMPLITUDE	254	158	830	n/a	7.8125
S255-D158	NIRSCWAMPLITUDE	255	158	830	n/a	7.8125
S139-D159	NIRSCWAMPLITUDE	139	159	830	n/a	7.8125
S140-D159	NIRSCWAMPLITUDE	140	159	830	n/a	7.8125
S145-D159	NIRSCWAMPLITUDE	145	159	830	n/a	7.8125
S146-D159	NIRSCWAMPLITUDE	146	159	830	n/a	7.8125
S147-D159	NIRSCWAMPLITUDE	147	159	830	n/a	7.8125
S148-D159	NIRSCWAMPLITUDE	148	159	830	n/a	7.8125
S151-D159	NIRSCWAMPLITUDE	151	159	830	n/a	7.8125
S152-D159	NIRSCWAMPLITUDE	152	159	830	n/a	7.8125
S153-D159	NIRSCWAMPLITUDE	153	159	830	n/a	7.8125
S154-D159	NIRSCWAMPLITUDE	154	159	830	n/a	7.8125
S157-D159	NIRSCWAMPLITUDE	157	159	830	n/a	7.8125
S158-D159	NIRSCWAMPLITUDE	158	159	830	n/a	7.8125
S159-D159	NIRSCWAMPLITUDE	159	159	830	n/a	7.8125
S160-D159	NIRSCWAMPLITUDE	160	159	830	n/a	7.8125
S163-D159	NIRSCWAMPLITUDE	163	159	830	n/a	7.8125
S164-D159	NIRSCWAMPLITUDE	164	159	830	n/a	7.8125
S165-D159	NIRSCWAMPLITUDE	165	159	830	n/a	7.8125
S166-D159	NIRSCWAMPLITUDE	166	159	830	n/a	7.8125
S169-D159	NIRSCWAMPLITUDE	169	159	830	n/a	7.8125
S170-D159	NIRSCWAMPLITUDE	170	159	830	n/a	7.8125
S171-D159	NIRSCWAMPLITUDE	171	159	830	n/a	7.8125
S172-D159	NIRSCWAMPLITUDE	172	159	830	n/a	7.8125
S175-D159	NIRSCWAMPLITUDE	175	159	830	n/a	7.8125
S176-D159	NIRSCWAMPLITUDE	176	159	830	n/a	7.8125
S177-D159	NIRSCWAMPLITUDE	177	159	830	n/a	7.8125
S178-D159	NIRSCWAMPLITUDE	178	159	830	n/a	7.8125
S181-D159	NIRSCWAMPLITUDE	181	159	830	n/a	7.8125
S182-D159	NIRSCWAMPLITUDE	182	159	830	n/a	7.8125
S183-D159	NIRSCWAMPLITUDE	183	159	830	n/a	7.8125
S139-D160	NIRSCWAMPLITUDE	139	160	830	n/a	7.8125
S140-D160	NIRSCWAMPLITUDE	140	160	830	n/a	7.8125
S141-D160	NIRSCWAMPLITUDE	141	160	830	n/a	7.8125
S145-D160	NIRSCWAMPLITUDE	145	160	830	n/a	7.8125
S146-D160	NIRSCWAMPLITUDE	146	160	830	n/a	7.8125
S147-D160	NIRSCWAMPLITUDE	147	160	830	n/a	7.8125
S148-D160	NIRSCWAMPLITUDE	148	160	830	n/a	7.8125
S151-D160	NIRSCWAMPLITUDE	151	160	830	n/a	7.8125
S152-D160	NIRSCWAMPLITUDE	152	160	830	n/a	7.8125
S153-D160	NIRSCWAMPLITUDE	153	160	830	n/a	7.8125
S154-D160	NIRSCWAMPLITUDE	154	160	830	n/a	7.8125
S155-D160	NIRSCWAMPLITUDE	155	160	830	n/a	7.8125
S157-D160	NIRSCWAMPLITUDE	157	160	830	n/a	7.8125
S158-D160	NIRSCWAMPLITUDE	158	160	830	n/a	7.8125
S159-D160	NIRSCWAMPLITUDE	159	160	830	n/a	7.8125
S160-D160	NIRSCWAMPLITUDE	160	160	830	n/a	7.8125
S161-D160	NIRSCWAMPLITUDE	161	160	830	n/a	7.8125
S163-D160	NIRSCWAMPLITUDE	163	160	830	n/a	7.8125
S164-D160	NIRSCWAMPLITUDE	164	160	830	n/a	7.8125
S165-D160	NIRSCWAMPLITUDE	165	160	830	n/a	7.8125
S166-D160	NIRSCWAMPLITUDE	166	160	830	n/a	7.8125
S167-D160	NIRSCWAMPLITUDE	167	160	830	n/a	7.8125
S169-D160	NIRSCWAMPLITUDE	169	160	830	n/a	7.8125
S170-D160	NIRSCWAMPLITUDE	170	160	830	n/a	7.8125
S171-D160	NIRSCWAMPLITUDE	171	160	830	n/a	7.8125
S172-D160	NIRSCWAMPLITUDE	172	160	830	n/a	7.8125
S173-D160	NIRSCWAMPLITUDE	173	160	830	n/a	7.8125
S175-D160	NIRSCWAMPLITUDE	175	160	830	n/a	7.8125
S176-D160	NIRSCWAMPLITUDE	176	160	830	n/a	7.8125
S177-D160	NIRSCWAMPLITUDE	177	160	830	n/a	7.8125
S178-D160	NIRSCWAMPLITUDE	178	160	830	n/a	7.8125
S181-D160	NIRSCWAMPLITUDE	181	160	830	n/a	7.8125
S182-D160	NIRSCWAMPLITUDE	182	160	830	n/a	7.8125
S183-D160	NIRSCWAMPLITUDE	183	160	830	n/a	7.8125
S139-D161	NIRSCWAMPLITUDE	139	161	830	n/a	7.8125
S140-D161	NIRSCWAMPLITUDE	140	161	830	n/a	7.8125
S141-D161	NIRSCWAMPLITUDE	141	161	830	n/a	7.8125
S142-D161	NIRSCWAMPLITUDE	142	161	830	n/a	7.8125
S145-D161	NIRSCWAMPLITUDE	145	161	830	n/a	7.8125
S146-D161	NIRSCWAMPLITUDE	146	161	830	n/a	7.8125
S147-D161	NIRSCWAMPLITUDE	147	161	830	n/a	7.8125
S148-D161	NIRSCWAMPLITUDE	148	161	830	n/a	7.8125
S149-D161	NIRSCWAMPLITUDE	149	161	830	n/a	7.8125
S151-D161	NIRSCWAMPLITUDE	151	161	830	n/a	7.8125
S152-D161	NIRSCWAMPLITUDE	152	161	830	n/a	7.8125
S153-D161	NIRSCWAMPLITUDE	153	161	830	n/a	7.8125
S154-D161	NIRSCWAMPLITUDE	154	161	830	n/a	7.8125
S155-D161	NIRSCWAMPLITUDE	155	161	830	n/a	7.8125
S156-D161	NIRSCWAMPLITUDE	156	161	830	n/a	7.8125
S157-D161	NIRSCWAMPLITUDE	157	161	830	n/a	7.8125
S158-D161	NIRSCWAMPLITUDE	158	161	830	n/a	7.8125
S159-D161	NIRSCWAMPLITUDE	159	161	830	n/a	7.8125
S160-D161	NIRSCWAMPLITUDE	160	161	830	n/a	7.8125
S161-D161	NIRSCWAMPLITUDE	161	161	830	n/a	7.8125
S162-D161	NIRSCWAMPLITUDE	162	161	830	n/a	7.8125
S163-D161	NIRSCWAMPLITUDE	163	161	830	n/a	7.8125
S164-D161	NIRSCWAMPLITUDE	164	161	830	n/a	7.8125
S165-D161	NIRSCWAMPLITUDE	165	161	830	n/a	7.8125
S166-D161	NIRSCWAMPLITUDE	166	161	830	n/a	7.8125
S167-D161	NIRSCWAMPLITUDE	167	161	830	n/a	7.8125
S168-D161	NIRSCWAMPLITUDE	168	161	830	n/a	7.8125
S169-D161	NIRSCWAMPLITUDE	169	161	830	n/a	7.8125
S170-D161	NIRSCWAMPLITUDE	170	161	830	n/a	7.8125
S171-D161	NIRSCWAMPLITUDE	171	161	830	n/a	7.8125
S172-D161	NIRSCWAMPLITUDE	172	161	830	n/a	7.8125
S173-D161	NIRSCWAMPLITUDE	173	161	830	n/a	7.8125
S174-D161	NIRSCWAMPLITUDE	174	161	830	n/a	7.8125
S175-D161	NIRSCWAMPLITUDE	175	161	830	n/a	7.8125
S176-D161	NIRSCWAMPLITUDE	176	161	830	n/a	7.8125
S177-D161	NIRSCWAMPLITUDE	177	161	830	n/a	7.8125
S178-D161	NIRSCWAMPLITUDE	178	161	830	n/a	7.8125
S179-D161	NIRSCWAMPLITUDE	179	161	830	n/a	7.8125
S181-D161	NIRSCWAMPLITUDE	181	161	830	n/a	7.8125
S182-D161	NIRSCWAMPLITUDE	182	161	830	n/a	7.8125
S183-D161	NIRSCWAMPLITUDE	183	161	830	n/a	7.8125
S184-D161	NIRSCWAMPLITUDE	184	161	830	n/a	7.8125
S140-D162	NIRSCWAMPLITUDE	140	162	830	n/a	7.8125
S141-D162	NIRSCWAMPLITUDE	141	162	830	n/a	7.8125
S142-D162	NIRSCWAMPLITUDE	142	162	830	n/a	7.8125
S143-D162	NIRSCWAMPLITUDE	143	162	830	n/a	7.8125
S145-D162	NIRSCWAMPLITUDE	145	162	830	n/a	7.8125
S146-D162	NIRSCWAMPLITUDE	146	162	830	n/a	7.8125
S147-D162	NIRSCWAMPLITUDE	147	162	830	n/a	7.8125
S148-D162	NIRSCWAMPLITUDE	148	162	830	n/a	7.8125
S149-D162	NIRSCWAMPLITUDE	149	162	830	n/a	7.8125
S150-D162	NIRSCWAMPLITUDE	150	162	830	n/a	7.8125
S151-D162	NIRSCWAMPLITUDE	151	162	830	n/a	7.8125
S152-D162	NIRSCWAMPLITUDE	152	162	830	n/a	7.8125
S153-D162	NIRSCWAMPLITUDE	153	162	830	n/a	7.8125
S154-D162	NIRSCWAMPLITUDE	154	162	830	n/a	7.8125
S155-D162	NIRSCWAMPLITUDE	155	162	830	n/a	7.8125
S156-D162	NIRSCWAMPLITUDE	156	162	830	n/a	7.8125
S157-D162	NIRSCWAMPLITUDE	157	162	830	n/a	7.8125
S158-D162	NIRSCWAMPLITUDE	158	162	830	n/a	7.8125
S159-D162	NIRSCWAMPLITUDE	159	162	830	n/a	7.8125
S160-D162	NIRSCWAMPLITUDE	160	162	830	n/a	7.8125
S161-D162	NIRSCWAMPLITUDE	161	162	830	n/a	7.8125
S162-D162	NIRSCWAMPLITUDE	162	162	830	n/a	7.8125
S163-D162	NIRSCWAMPLITUDE	163	162	830	n/a	7.8125
S164-D162	NIRSCWAMPLITUDE	164	162	830	n/a	7.8125
S165-D162	NIRSCWAMPLITUDE	165	162	830	n/a	7.8125
S166-D162	NIRSCWAMPLITUDE	166	162	830	n/a	7.8125
S167-D162	NIRSCWAMPLITUDE	167	162	830	n/a	7.8125
S168-D162	NIRSCWAMPLITUDE	168	162	830	n/a	7.8125
S169-D162	NIRSCWAMPLITUDE	169	162	830	n/a	7.8125
S170-D162	NIRSCWAMPLITUDE	170	162	830	n/a	7.8125
S171-D162	NIRSCWAMPLITUDE	171	162	830	n/a	7.8125
S172-D162	NIRSCWAMPLITUDE	172	162	830	n/a	7.8125
S173-D162	NIRSCWAMPLITUDE	173	162	830	n/a	7.8125
S174-D162	NIRSCWAMPLITUDE	174	162	830	n/a	7.8125
S175-D162	NIRSCWAMPLITUDE	175	162	830	n/a	7.8125
S176-D162	NIRSCWAMPLITUDE	176	162	830	n/a	7.8125
S177-D162	NIRSCWAMPLITUDE	177	162	830	n/a	7.8125
S178-D162	NIRSCWAMPLITUDE	178	162	830	n/a	7.8125
S179-D162	NIRSCWAMPLITUDE	179	162	830	n/a	7.8125
S180-D162	NIRSCWAMPLITUDE	180	162	830	n/a	7.8125
S182-D162	NIRSCWAMPLITUDE	182	162	830	n/a	7.8125
S183-D162	NIRSCWAMPLITUDE	183	162	830	n/a	7.8125
S184-D162	NIRSCWAMPLITUDE	184	162	830	n/a	7.8125
S185-D162	NIRSCWAMPLITUDE	185	162	830	n/a	7.8125
S141-D163	NIRSCWAMPLITUDE	141	163	830	n/a	7.8125
S142-D163	NIRSCWAMPLITUDE	142	163	830	n/a	7.8125
S143-D163	NIRSCWAMPLITUDE	143	163	830	n/a	7.8125
S144-D163	NIRSCWAMPLITUDE	144	163	830	n/a	7.8125
S146-D163	NIRSCWAMPLITUDE	146	163	830	n/a	7.8125
S147-D163	NIRSCWAMPLITUDE	147	163	830	n/a	7.8125
S148-D163	NIRSCWAMPLITUDE	148	163	830	n/a	7.8125
S149-D163	NIRSCWAMPLITUDE	149	163	830	n/a	7.8125
S150-D163	NIRSCWAMPLITUDE	150	163	830	n/a	7.8125
S151-D163	NIRSCWAMPLITUDE	151	163	830	n/a	7.8125
S152-D163	NIRSCWAMPLITUDE	152	163	830	n/a	7.8125
S153-D163	NIRSCWAMPLITUDE	153	163	830	n/a	7.8125
S154-D163	NIRSCWAMPLITUDE	154	163	830	n/a	7.8125
S155-D163	NIRSCWAMPLITUDE	155	163	830	n/a	7.8125
S156-D163	NIRSCWAMPLITUDE	156	163	830	n/a	7.8125
S157-D163	NIRSCWAMPLITUDE	157	163	830	n/a	7.8125
S158-D163	NIRSCWAMPLITUDE	158	163	830	n/a	7.8125
S159-D163	NIRSCWAMPLITUDE	159	163	830	n/a	7.8125
S160-D163	NIRSCWAMPLITUDE	160	163	830	n/a	7.8125
S161-D163	NIRSCWAMPLITUDE	161	163	830	n/a	7.8125
S162-D163	NIRSCWAMPLITUDE	162	163	830	n/a	7.8125
S163-D163	NIRSCWAMPLITUDE	163	163	830	n/a	7.8125
S164-D163	NIRSCWAMPLITUDE	164	163	830	n/a	7.8125
S165-D163	NIRSCWAMPLITUDE	165	163	830	n/a	7.8125
S166-D163	NIRSCWAMPLITUDE	166	163	830	n/a	7.8125
S167-D163	NIRSCWAMPLITUDE	167	163	830	n/a	7.8125
S168-D163	NIRSCWAMPLITUDE	168	163	830	n/a	7.8125
S169-D163	NIRSCWAMPLITUDE	169	163	830	n/a	7.8125
S170-D163	NIRSCWAMPLITUDE	170	163	830	n/a	7.8125
S171-D163	NIRSCWAMPLITUDE	171	163	830	n/a	7.8125
S172-D163	NIRSCWAMPLITUDE	172	163	830	n/a	7.8125
S173-D163	NIRSCWAMPLITUDE	173	163	830	n/a	7.8125
S174-D163	NIRSCWAMPLITUDE	174	163	830	n/a	7.8125
S175-D163	NIRSCWAMPLITUDE	175	163	830	n/a	7.8125
S176-D163	NIRSCWAMPLITUDE	176	163	830	n/a	7.8125
S177-D163	NIRSCWAMPLITUDE	177	163	830	n/a	7.8125
S178-D163	NIRSCWAMPLITUDE	178	163	830	n/a	7.8125
S179-D163	NIRSCWAMPLITUDE	179	163	830	n/a	7.8125
S180-D163	NIRSCWAMPLITUDE	180	163	830	n/a	7.8125
S183-D163	NIRSCWAMPLITUDE	183	163	830	n/a	7.8125
S184-D163	NIRSCWAMPLITUDE	184	163	830	n/a	7.8125
S185-D163	NIRSCWAMPLITUDE	185	163	830	n/a	7.8125
S186-D163	NIRSCWAMPLITUDE	186	163	830	n/a	7.8125
S246-D163	NIRSCWAMPLITUDE	246	163	830	n/a	7.8125
S247-D163	NIRSCWAMPLITUDE	247	163	830	n/a	7.8125
S248-D163	NIRSCWAMPLITUDE	248	163	830	n/a	7.8125
S249-D163	NIRSCWAMPLITUDE	249	163	830	n/a	7.8125
S250-D163	NIRSCWAMPLITUDE	250	163	830	n/a	7.8125
S255-D163	NIRSCWAMPLITUDE	255	163	830	n/a	7.8125
S142-D164	NIRSCWAMPLITUDE	142	164	830	n/a	7.8125
S143-D164	NIRSCWAMPLITUDE	143	164	830	n/a	7.8125
S144-D164	NIRSCWAMPLITUDE	144	164	830	n/a	7.8125
S147-D164	NIRSCWAMPLITUDE	147	164	830	n/a	7.8125
S148-D164	NIRSCWAMPLITUDE	148	164	830	n/a	7.8125
S149-D164	NIRSCWAMPLITUDE	149	164	830	n/a	7.8125
S150-D164	NIRSCWAMPLITUDE	150	164	830	n/a	7.8125
S152-D164	NIRSCWAMPLITUDE	152	164	830	n/a	7.8125
S153-D164	NIRSCWAMPLITUDE	153	164	830	n/a	7.8125
S154-D164	NIRSCWAMPLITUDE	154	164	830	n/a	7.8125
S155-D164	NIRSCWAMPLITUDE	155	164	830	n/a	7.8125
S156-D164	NIRSCWAMPLITUDE	156	164	830	n/a	7.8125
S158-D164	NIRSCWAMPLITUDE	158	164	830	n/a	7.8125
S159-D164	NIRSCWAMPLITUDE	159	164	830	n/a	7.8125
S160-D164	NIRSCWAMPLITUDE	160	164	830	n/a	7.8125
S161-D164	NIRSCWAMPLITUDE	161	164	830	n/a	7.8125
S162-D164	NIRSCWAMPLITUDE	162	164	830	n/a	7.8125
S164-D164	NIRSCWAMPLITUDE	164	164	830	n/a	7.8125
S165-D164	NIRSCWAMPLITUDE	165	164	830	n/a	7.8125
S166-D164	NIRSCWAMPLITUDE	166	164	830	n/a	7.8125
S167-D164	NIRSCWAMPLITUDE	167	164	830	n/a	7.8125
S168-D164	NIRSCWAMPLITUDE	168	164	830	n/a	7.8125
S170-D164	NIRSCWAMPLITUDE	170	164	830	n/a	7.8125
S171-D164	NIRSCWAMPLITUDE	171	164	830	n/a	7.8125
S172-D164	NIRSCWAMPLITUDE	172	164	830	n/a	7.8125
S173-D164	NIRSCWAMPLITUDE	173	164	830	n/a	7.8125
S174-D164	NIRSCWAMPLITUDE	174	164	830	n/a	7.8125
S176-D164	NIRSCWAMPLITUDE	176	164	830	n/a	7.8125
S177-D164	NIRSCWAMPLITUDE	177	164	830	n/a	7.8125
S178-D164	NIRSCWAMPLITUDE	178	164	830	n/a	7.8125
S179-D164	NIRSCWAMPLITUDE	179	164	830	n/a	7.8125
S180-D164	NIRSCWAMPLITUDE	180	164	830	n/a	7.8125
S183-D164	NIRSCWAMPLITUDE	183	164	830	n/a	7.8125
S184-D164	NIRSCWAMPLITUDE	184	164	830	n/a	7.8125
S185-D164	NIRSCWAMPLITUDE	185	164	830	n/a	7.8125
S186-D164	NIRSCWAMPLITUDE	186	164	830	n/a	7.8125
S235-D164	NIRSCWAMPLITUDE	235	164	830	n/a	7.8125
S236-D164	NIRSCWAMPLITUDE	236	164	830	n/a	7.8125
S237-D164	NIRSCWAMPLITUDE	237	164	830	n/a	7.8125
S238-D164	NIRSCWAMPLITUDE	238	164	830	n/a	7.8125
S239-D164	NIRSCWAMPLITUDE	239	164	830	n/a	7.8125
S245-D164	NIRSCWAMPLITUDE	245	164	830	n/a	7.8125
S246-D164	NIRSCWAMPLITUDE	246	164	830	n/a	7.8125
S247-D164	NIRSCWAMPLITUDE	247	164	830	n/a	7.8125
S248-D164	NIRSCWAMPLITUDE	248	164	830	n/a	7.8125
S249-D164	NIRSCWAMPLITUDE	249	164	830	n/a	7.8125
S250-D164	NIRSCWAMPLITUDE	250	164	830	n/a	7.8125
S254-D164	NIRSCWAMPLITUDE	254	164	830	n/a	7.8125
S255-D164	NIRSCWAMPLITUDE	255	164	830	n/a	7.8125
S145-D165	NIRSCWAMPLITUDE	145	165	830	n/a	7.8125
S146-D165	NIRSCWAMPLITUDE	146	165	830	n/a	7.8125
S151-D165	NIRSCWAMPLITUDE	151	165	830	n/a	7.8125
S152-D165	NIRSCWAMPLITUDE	152	165	830	n/a	7.8125
S153-D165	NIRSCWAMPLITUDE	153	165	830	n/a	7.8125
S157-D165	NIRSCWAMPLITUDE	157	165	830	n/a	7.8125
S158-D165	NIRSCWAMPLITUDE	158	165	830	n/a	7.8125
S159-D165	NIRSCWAMPLITUDE	159	165	830	n/a	7.8125
S160-D165	NIRSCWAMPLITUDE	160	165	830	n/a	7.8125
S163-D165	NIRSCWAMPLITUDE	163	165	830	n/a	7.8125
S164-D165	NIRSCWAMPLITUDE	164	165	830	n/a	7.8125
S165-D165	NIRSCWAMPLITUDE	165	165	830	n/a	7.8125
S166-D165	NIRSCWAMPLITUDE	166	165	830	n/a	7.8125
S169-D165	NIRSCWAMPLITUDE	169	165	830	n/a	7.8125
S170-D165	NIRSCWAMPLITUDE	170	165	830	n/a	7.8125
S171-D165	NIRSCWAMPLITUDE	171	165	830	n/a	7.8125
S172-D165	NIRSCWAMPLITUDE	172	165	830	n/a	7.8125
S175-D165	NIRSCWAMPLITUDE	175	165	830	n/a	7.8125
S176-D165	NIRSCWAMPLITUDE	176	165	830	n/a	7.8125
S177-D165	NIRSCWAMPLITUDE	177	165	830	n/a	7.8125
S178-D165	NIRSCWAMPLITUDE	178	165	830	n/a	7.8125
S181-D165	NIRSCWAMPLITUDE	181	165	830	n/a	7.8125
S182-D165	NIRSCWAMPLITUDE	182	165	830	n/a	7.8125
S183-D165	NIRSCWAMPLITUDE	183	165	830	n/a	7.8125
S184-D165	NIRSCWAMPLITUDE	184	165	830	n/a	7.8125
S187-D165	NIRSCWAMPLITUDE	187	165	830	n/a	7.8125
S188-D165	NIRSCWAMPLITUDE	188	165	830	n/a	7.8125
S189-D165	NIRSCWAMPLITUDE	189	165	830	n/a	7.8125
S145-D166	NIRSCWAMPLITUDE	145	166	830	n/a	7.8125
S146-D166	NIRSCWAMPLITUDE	146	166	830	n/a	7.8125
S147-D166	NIRSCWAMPLITUDE	147	166	830	n/a	7.8125
S151-D166	NIRSCWAMPLITUDE	151	166	830	n/a	7.8125
S152-D166	NIRSCWAMPLITUDE	152	166	830	n/a	7.8125
S153-D166	NIRSCWAMPLITUDE	153	166	830	n/a	7.8125
S154-D166	NIRSCWAMPLITUDE	154	166	830	n/a	7.8125
S155-D166	NIRSCWAMPLITUDE	155	166	830	n/a	7.8125
S157-D166	NIRSCWAMPLITUDE	157	166	830	n/a	7.8125
S158-D166	NIRSCWAMPLITUDE	158	166	830	n/a	7.8125
S159-D166	NIRSCWAMPLITUDE	159	166	830	n/a	7.8125
S160-D166	NIRSCWAMPLITUDE	160	166	830	n/a	7.8125
S161-D166	NIRSCWAMPLITUDE	161	166	830	n/a	7.8125
S163-D166	NIRSCWAMPLITUDE	163	166	830	n/a	7.8125
S164-D166	NIRSCWAMPLITUDE	164	166	830	n/a	7.8125
S165-D166	NIRSCWAMPLITUDE	165	166	830	n/a	7.8125
S166-D166	NIRSCWAMPLITUDE	166	166	830	n/a	7.8125
S167-D166	NIRSCWAMPLITUDE	167	166	830	n/a	7.8125
S169-D166	NIRSCWAMPLITUDE	169	166	830	n/a	7.8125
S170-D166	NIRSCWAMPLITUDE	170	166	830	n/a	7.8125
S171-D166	NIRSCWAMPLITUDE	171	166	830	n/a	7.8125
S172-D166	NIRSCWAMPLITUDE	172	166	830	n/a	7.8125
S173-D166	NIRSCWAMPLITUDE	173	166	830	n/a	7.8125
S175-D166	NIRSCWAMPLITUDE	175	166	830	n/a	7.8125
S176-D166	NIRSCWAMPLITUDE	176	166	830	n/a	7.8125
S177-D166	NIRSCWAMPLITUDE	177	166	830	n/a	7.8125
S178-D166	NIRSCWAMPLITUDE	178	166	830	n/a	7.8125
S179-D166	NIRSCWAMPLITUDE	179	166	830	n/a	7.8125
S181-D166	NIRSCWAMPLITUDE	181	166	830	n/a	7.8125
S182-D166	NIRSCWAMPLITUDE	182	166	830	n/a	7.8125
S183-D166	NIRSCWAMPLITUDE	183	166	830	n/a	7.8125
S184-D166	NIRSCWAMPLITUDE	184	166	830	n/a	7.8125
S185-D166	NIRSCWAMPLITUDE	185	166	830	n/a	7.8125
S187-D166	NIRSCWAMPLITUDE	187	166	830	n/a	7.8125
S188-D166	NIRSCWAMPLITUDE	188	166	830	n/a	7.8125
S189-D166	NIRSCWAMPLITUDE	189	166	830	n/a	7.8125
S145-D167	NIRSCWAMPLITUDE	145	167	830	n/a	7.8125
S146-D167	NIRSCWAMPLITUDE	146	167	830	n/a	7.8125
S147-D167	NIRSCWAMPLITUDE	147	167	830	n/a	7.8125
S148-D167	NIRSCWAMPLITUDE	148	167	830	n/a	7.8125
S151-D167	NIRSCWAMPLITUDE	151	167	830	n/a	7.8125
S152-D167	NIRSCWAMPLITUDE	152	167	830	n/a	7.8125
S153-D167	NIRSCWAMPLITUDE	153	167	830	n/a	7.8125
S154-D167	NIRSCWAMPLITUDE	154	167	830	n/a	7.8125
S155-D167	NIRSCWAMPLITUDE	155	167	830	n/a	7.8125
S157-D167	NIRSCWAMPLITUDE	157	167	830	n/a	7.8125
S158-D167	NIRSCWAMPLITUDE	158	167	830	n/a	7.8125
S159-D167	NIRSCWAMPLITUDE	159	167	830	n/a	7.8125
S160-D167	NIRSCWAMPLITUDE	160	167	830	n/a	7.8125
S161-D167	NIRSCWAMPLITUDE	161	167	830	n/a	7.8125
S162-D167	NIRSCWAMPLITUDE	162	167	830	n/a	7.8125
S163-D167	NIRSCWAMPLITUDE	163	167	830	n/a	7.8125
S164-D167	NIRSCWAMPLITUDE	164	167	830	n/a	7.8125
S165-D167	NIRSCWAMPLITUDE	165	167	830	n/a	7.8125
S166-D167	NIRSCWAMPLITUDE	166	167	830	n/a	7.8125
S167-D167	NIRSCWAMPLITUDE	167	167	830	n/a	7.8125
S168-D167	NIRSCWAMPLITUDE	168	167	830	n/a	7.8125
S169-D167	NIRSCWAMPLITUDE	169	167	830	n/a	7.8125
S170-D167	NIRSCWAMPLITUDE	170	167	830	n/a	7.8125
S171-D167	NIRSCWAMPLITUDE	171	167	830	n/a	7.8125
S172-D167	NIRSCWAMPLITUDE	172	167	830	n/a	7.8125
S173-D167	NIRSCWAMPLITUDE	173	167	830	n/a	7.8125
S174-D167	NIRSCWAMPLITUDE	174	167	830	n/a	7.8125
S175-D167	NIRSCWAMPLITUDE	175	167	830	n/a	7.8125
S176-D167	NIRSCWAMPLITUDE	176	167	830	n/a	7.8125
S177-D167	NIRSCWAMPLITUDE	177	167	830	n/a	7.8125
S178-D167	NIRSCWAMPLITUDE	178	167	830	n/a	7.8125
S179-D167	NIRSCWAMPLITUDE	179	167	830	n/a	7.8125
S180-D167	NIRSCWAMPLITUDE	180	167	830	n/a	7.8125
S181-D167	NIRSCWAMPLITUDE	181	167	830	n/a	7.8125
S182-D167	NIRSCWAMPLITUDE	182	167	830	n/a	7.8125
S183-D167	NIRSCWAMPLITUDE	183	167	830	n/a	7.8125
S184-D167	NIRSCWAMPLITUDE	184	167	830	n/a	7.8125
S185-D167	NIRSCWAMPLITUDE	185	167	830	n/a	7.8125
S187-D167	NIRSCWAMPLITUDE	187	167	830	n/a	7.8125
S188-D167	NIRSCWAMPLITUDE	188	167	830	n/a	7.8125
S189-D167	NIRSCWAMPLITUDE	189	167	830	n/a	7.8125
S190-D167	NIRSCWAMPLITUDE	190	167	830	n/a	7.8125
S146-D168	NIRSCWAMPLITUDE	146	168	830	n/a	7.8125
S147-D168	NIRSCWAMPLITUDE	147	168	830	n/a	7.8125
S148-D168	NIRSCWAMPLITUDE	148	168	830	n/a	7.8125
S149-D168	NIRSCWAMPLITUDE	149	168	830	n/a	7.8125
S151-D168	NIRSCWAMPLITUDE	151	168	830	n/a	7.8125
S152-D168	NIRSCWAMPLITUDE	152	168	830	n/a	7.8125
S153-D168	NIRSCWAMPLITUDE	153	168	830	n/a	7.8125
S154-D168	NIRSCWAMPLITUDE	154	168	830	n/a	7.8125
S155-D168	NIRSCWAMPLITUDE	155	168	830	n/a	7.8125
S156-D168	NIRSCWAMPLITUDE	156	168	830	n/a	7.8125
S157-D168	NIRSCWAMPLITUDE	157	168	830	n/a	7.8125
S158-D168	NIRSCWAMPLITUDE	158	168	830	n/a	7.8125
S159-D168	NIRSCWAMPLITUDE	159	168	830	n/a	7.8125
S160-D168	NIRSCWAMPLITUDE	160	168	830	n/a	7.8125
S161-D168	NIRSCWAMPLITUDE	161	168	830	n/a	7.8125
S162-D168	NIRSCWAMPLITUDE	162	168	830	n/a	7.8125
S163-D168	NIRSCWAMPLITUDE	163	168	830	n/a	7.8125
S164-D168	NIRSCWAMPLITUDE	164	168	830	n/a	7.8125
S165-D168	NIRSCWAMPLITUDE	165	168	830	n/a	7.8125
S166-D168	NIRSCWAMPLITUDE	166	168	830	n/a	7.8125
S167-D168	NIRSCWAMPLITUDE	167	168	830	n/a	7.8125
S168-D168	NIRSCWAMPLITUDE	168	168	830	n/a	7.8125
S169-D168	NIRSCWAMPLITUDE	169	168	830	n/a	7.8125
S170-D168	NIRSCWAMPLITUDE	170	168	830	n/a	7.8125
S171-D168	NIRSCWAMPLITUDE	171	168	830	n/a	7.8125
S172-D168	NIRSCWAMPLITUDE	172	168	830	n/a	7.8125
S173-D168	NIRSCWAMPLITUDE	173	168	830	n/a	7.8125
S174-D168	NIRSCWAMPLITUDE	174	168	830	n/a	7.8125
S175-D168	NIRSCWAMPLITUDE	175	168	830	n/a	7.8125
S176-D168	NIRSCWAMPLITUDE	176	168	830	n/a	7.8125
S177-D168	NIRSCWAMPLITUDE	177	168	830	n/a	7.8125
S178-D168	NIRSCWAMPLITUDE	178	168	830	n/a	7.8125
S179-D168	NIRSCWAMPLITUDE	179	168	830	n/a	7.8125
S180-D168	NIRSCWAMPLITUDE	180	168	830	n/a	7.8125
S181-D168	NIRSCWAMPLITUDE	181	168	830	n/a	7.8125
S182-D168	NIRSCWAMPLITUDE	182	168	830	n/a	7.8125
S183-D168	NIRSCWAMPLITUDE	183	168	830	n/a	7.8125
S184-D168	NIRSCWAMPLITUDE	184	168	830	n/a	7.8125
S185-D168	NIRSCWAMPLITUDE	185	168	830	n/a	7.8125
S186-D168	NIRSCWAMPLITUDE	186	168	830	n/a	7.8125
S188-D168	NIRSCWAMPLITUDE	188	168	830	n/a	7.8125
S189-D168	NIRSCWAMPLITUDE	189	168	830	n/a	7.8125
S190-D168	NIRSCWAMPLITUDE	190	168	830	n/a	7.8125
S191-D168	NIRSCWAMPLITUDE	191	168	830	n/a	7.8125
S249-D168	NIRSCWAMPLITUDE	249	168	830	n/a	7.8125
S250-D168	NIRSCWAMPLITUDE	250	168	830	n/a	7.8125
S147-D169	NIRSCWAMPLITUDE	147	169	830	n/a	7.8125
S148-D169	NIRSCWAMPLITUDE	148	169	830	n/a	7.8125
S149-D169	NIRSCWAMPLITUDE	149	169	830	n/a	7.8125
S150-D169	NIRSCWAMPLITUDE	150	169	830	n/a	7.8125
S152-D169	NIRSCWAMPLITUDE	152	169	830	n/a	7.8125
S153-D169	NIRSCWAMPLITUDE	153	169	830	n/a	7.8125
S154-D169	NIRSCWAMPLITUDE	154	169	830	n/a	7.8125
S155-D169	NIRSCWAMPLITUDE	155	169	830	n/a	7.8125
S156-D169	NIRSCWAMPLITUDE	156	169	830	n/a	7.8125
S157-D169	NIRSCWAMPLITUDE	157	169	830	n/a	7.8125
S158-D169	NIRSCWAMPLITUDE	158	169	830	n/a	7.8125
S159-D169	NIRSCWAMPLITUDE	159	169	830	n/a	7.8125
S160-D169	NIRSCWAMPLITUDE	160	169	830	n/a	7.8125
S161-D169	NIRSCWAMPLITUDE	161	169	830	n/a	7.8125
S162-D169	NIRSCWAMPLITUDE	162	169	830	n/a	7.8125
S163-D169	NIRSCWAMPLITUDE	163	169	830	n/a	7.8125
S164-D169	NIRSCWAMPLITUDE	164	169	830	n/a	7.8125
S165-D169	NIRSCWAMPLITUDE	165	169	830	n/a	7.8125
S166-D169	NIRSCWAMPLITUDE	166	169	830	n/a	7.8125
S167-D169	NIRSCWAMPLITUDE	167	169	830	n/a	7.8125
S168-D169	NIRSCWAMPLITUDE	168	169	830	n/a	7.8125
S169-D169	NIRSCWAMPLITUDE	169	169	830	n/a	7.8125
S170-D169	NIRSCWAMPLITUDE	170	169	830	n/a	7.8125
S171-D169	NIRSCWAMPLITUDE	171	169	830	n/a	7.8125
S172-D169	NIRSCWAMPLITUDE	172	169	830	n/a	7.8125
S173-D169	NIRSCWAMPLITUDE	173	169	830	n/a	7.8125
S174-D169	NIRSCWAMPLITUDE	174	169	830	n/a	7.8125
S175-D169	NIRSCWAMPLITUDE	175	169	830	n/a	7.8125
S176-D169	NIRSCWAMPLITUDE	176	169	830	n/a	7.8125
S177-D169	NIRSCWAMPLITUDE	177	169	830	n/a	7.8125
S178-D169	NIRSCWAMPLITUDE	178	169	830	n/a	7.8125
S179-D169	NIRSCWAMPLITUDE	179	169	830	n/a	7.8125
S180-D169	NIRSCWAMPLITUDE	180	169	830	n/a	7.8125
S182-D169	NIRSCWAMPLITUDE	182	169	830	n/a	7.8125
S183-D169	NIRSCWAMPLITUDE	183	169	830	n/a	7.8125
S184-D169	NIRSCWAMPLITUDE	184	169	830	n/a	7.8125
S185-D169	NIRSCWAMPLITUDE	185	169	830	n/a	7.8125
S186-D169	NIRSCWAMPLITUDE	186	169	830	n/a	7.8125
S189-D169	NIRSCWAMPLITUDE	189	169	830	n/a	7.8125
S190-D169	NIRSCWAMPLITUDE	190	169	830	n/a	7.8125
S191-D169	NIRSCWAMPLITUDE	191	169	830	n/a	7.8125
S192-D169	NIRSCWAMPLITUDE	192	169	830	n/a	7.8125
S237-D169	NIRSCWAMPLITUDE	237	169	830	n/a	7.8125
S238-D169	NIRSCWAMPLITUDE	238	169	830	n/a	7.8125
S239-D169	NIRSCWAMPLITUDE	239	169	830	n/a	7.8125
S240-D169	NIRSCWAMPLITUDE	240	169	830	n/a	7.8125
S247-D169	NIRSCWAMPLITUDE	247	169	830	n/a	7.8125
S248-D169	NIRSCWAMPLITUDE	248	169	830	n/a	7.8125
S249-D169	NIRSCWAMPLITUDE	249	169	830	n/a	7.8125
S250-D169	NIRSCWAMPLITUDE	250	169	830	n/a	7.8125
S148-D170	NIRSCWAMPLITUDE	148	170	830	n/a	7.8125
S149-D170	NIRSCWAMPLITUDE	149	170	830	n/a	7.8125
S150-D170	NIRSCWAMPLITUDE	150	170	830	n/a	7.8125
S153-D170	NIRSCWAMPLITUDE	153	170	830	n/a	7.8125
S154-D170	NIRSCWAMPLITUDE	154	170	830	n/a	7.8125
S155-D170	NIRSCWAMPLITUDE	155	170	830	n/a	7.8125
S156-D170	NIRSCWAMPLITUDE	156	170	830	n/a	7.8125
S158-D170	NIRSCWAMPLITUDE	158	170	830	n/a	7.8125
S159-D170	NIRSCWAMPLITUDE	159	170	830	n/a	7.8125
S160-D170	NIRSCWAMPLITUDE	160	170	830	n/a	7.8125
S161-D170	NIRSCWAMPLITUDE	161	170	830	n/a	7.8125
S162-D170	NIRSCWAMPLITUDE	162	170	830	n/a	7.8125
S164-D170	NIRSCWAMPLITUDE	164	170	830	n/a	7.8125
S165-D170	NIRSCWAMPLITUDE	165	170	830	n/a	7.8125
S166-D170	NIRSCWAMPLITUDE	166	170	830	n/a	7.8125
S167-D170	NIRSCWAMPLITUDE	167	170	830	n/a	7.8125
S168-D170	NIRSCWAMPLITUDE	168	170	830	n/a	7.8125
S170-D170	NIRSCWAMPLITUDE	170	170	830	n/a	7.8125
S171-D170	NIRSCWAMPLITUDE	171	170	830	n/a	7.8125
S172-D170	NIRSCWAMPLITUDE	172	170	830	n/a	7.8125
S173-D170	NIRSCWAMPLITUDE	173	170	830	n/a	7.8125
S174-D170	NIRSCWAMPLITUDE	174	170	830	n/a	7.8125
S176-D170	NIRSCWAMPLITUDE	176	170	830	n/a	7.8125
S177-D170	NIRSCWAMPLITUDE	177	170	830	n/a	7.8125
S178-D170	NIRSCWAMPLITUDE	178	170	830	n/a	7.8125
S179-D170	NIRSCWAMPLITUDE	179	170	830	n/a	7.8125
S180-D170	NIRSCWAMPLITUDE	180	170	830	n/a	7.8125
S182-D170	NIRSCWAMPLITUDE	182	170	830	n/a	7.8125
S183-D170	NIRSCWAMPLITUDE	183	170	830	n/a	7.8125
S184-D170	NIRSCWAMPLITUDE	184	170	830	n/a	7.8125
S185-D170	NIRSCWAMPLITUDE	185	170	830	n/a	7.8125
S186-D170	NIRSCWAMPLITUDE	186	170	830	n/a	7.8125
S189-D170	NIRSCWAMPLITUDE	189	170	830	n/a	7.8125
S190-D170	NIRSCWAMPLITUDE	190	170	830	n/a	7.8125
S191-D170	NIRSCWAMPLITUDE	191	170	830	n/a	7.8125
S192-D170	NIRSCWAMPLITUDE	192	170	830	n/a	7.8125
S227-D170	NIRSCWAMPLITUDE	227	170	830	n/a	7.8125
S228-D170	NIRSCWAMPLITUDE	228	170	830	n/a	7.8125
S229-D170	NIRSCWAMPLITUDE	229	170	830	n/a	7.8125
S235-D170	NIRSCWAMPLITUDE	235	170	830	n/a	7.8125
S236-D170	NIRSCWAMPLITUDE	236	170	830	n/a	7.8125
S237-D170	NIRSCWAMPLITUDE	237	170	830	n/a	7.8125
S238-D170	NIRSCWAMPLITUDE	238	170	830	n/a	7.8125
S239-D170	NIRSCWAMPLITUDE	239	170	830	n/a	7.8125
S240-D170	NIRSCWAMPLITUDE	240	170	830	n/a	7.8125
S246-D170	NIRSCWAMPLITUDE	246	170	830	n/a	7.8125
S247-D170	NIRSCWAMPLITUDE	247	170	830	n/a	7.8125
S248-D170	NIRSCWAMPLITUDE	248	170	830	n/a	7.8125
S249-D170	NIRSCWAMPLITUDE	249	170	830	n/a	7.8125
S250-D170	NIRSCWAMPLITUDE	250	170	830	n/a	7.8125
S255-D170	NIRSCWAMPLITUDE	255	170	830	n/a	7.8125
S151-D171	NIRSCWAMPLITUDE	151	171	830	n/a	7.8125
S152-D171	NIRSCWAMPLITUDE	152	171	830	n/a	7.8125
S157-D171	NIRSCWAMPLITUDE	157	171	830	n/a	7.8125
S158-D171	NIRSCWAMPLITUDE	158	171	830	n/a	7.8125
S159-D171	NIRSCWAMPLITUDE	159	171	830	n/a	7.8125
S163-D171	NIRSCWAMPLITUDE	163	171	830	n/a	7.8125
S164-D171	NIRSCWAMPLITUDE	164	171	830	n/a	7.8125
S165-D171	NIRSCWAMPLITUDE	165	171	830	n/a	7.8125
S166-D171	NIRSCWAMPLITUDE	166	171	830	n/a	7.8125
S169-D171	NIRSCWAMPLITUDE	169	171	830	n/a	7.8125
S170-D171	NIRSCWAMPLITUDE	170	171	830	n/a	7.8125
S171-D171	NIRSCWAMPLITUDE	171	171	830	n/a	7.8125
S172-D171	NIRSCWAMPLITUDE	172	171	830	n/a	7.8125
S175-D171	NIRSCWAMPLITUDE	175	171	830	n/a	7.8125
S176-D171	NIRSCWAMPLITUDE	176	171	830	n/a	7.8125
S177-D171	NIRSCWAMPLITUDE	177	171	830	n/a	7.8125
S178-D171	NIRSCWAMPLITUDE	178	171	830	n/a	7.8125
S181-D171	NIRSCWAMPLITUDE	181	171	830	n/a	7.8125
S182-D171	NIRSCWAMPLITUDE	182	171	830	n/a	7.8125
S183-D171	NIRSCWAMPLITUDE	183	171	830	n/a	7.8125
S184-D171	NIRSCWAMPLITUDE	184	171	830	n/a	7.8125
S187-D171	NIRSCWAMPLITUDE	187	171	830	n/a	7.8125
S188-D171	NIRSCWAMPLITUDE	188	171	830	n/a	7.8125
S189-D171	NIRSCWAMPLITUDE	189	171	830	n/a	7.8125
S190-D171	NIRSCWAMPLITUDE	190	171	830	n/a	7.8125
S151-D172	NIRSCWAMPLITUDE	151	172	830	n/a	7.8125
S152-D172	NIRSCWAMPLITUDE	152	172	830	n/a	7.8125
S153-D172	NIRSCWAMPLITUDE	153	172	830	n/a	7.8125
S157-D172	NIRSCWAMPLITUDE	157	172	830	n/a	7.8125
S158-D172	NIRSCWAMPLITUDE	158	172	830	n/a	7.8125
S159-D172	NIRSCWAMPLITUDE	159	172	830	n/a	7.8125
S160-D172	NIRSCWAMPLITUDE	160	172	830	n/a	7.8125
S161-D172	NIRSCWAMPLITUDE	161	172	830	n/a	7.8125
S163-D172	NIRSCWAMPLITUDE	163	172	830	n/a	7.8125
S164-D172	NIRSCWAMPLITUDE	164	172	830	n/a	7.8125
S165-D172	NIRSCWAMPLITUDE	165	172	830	n/a	7.8125
S166-D172	NIRSCWAMPLITUDE	166	172	830	n/a	7.8125
S167-D172	NIRSCWAMPLITUDE	167	172	830	n/a	7.8125
S169-D172	NIRSCWAMPLITUDE	169	172	830	n/a	7.8125
S170-D172	NIRSCWAMPLITUDE	170	172	830	n/a	7.8125
S171-D172	NIRSCWAMPLITUDE	171	172	830	n/a	7.8125
S172-D172	NIRSCWAMPLITUDE	172	172	830	n/a	7.8125
S173-D172	NIRSCWAMPLITUDE	173	172	830	n/a	7.8125
S175-D172	NIRSCWAMPLITUDE	175	172	830	n/a	7.8125
S176-D172	NIRSCWAMPLITUDE	176	172	830	n/a	7.8125
S177-D172	NIRSCWAMPLITUDE	177	172	830	n/a	7.8125
S178-D172	NIRSCWAMPLITUDE	178	172	830	n/a	7.8125
S179-D172	NIRSCWAMPLITUDE	179	172	830	n/a	7.8125
S181-D172	NIRSCWAMPLITUDE	181	172	830	n/a	7.8125
S182-D172	NIRSCWAMPLITUDE	182	172	830	n/a	7.8125
S183-D172	NIRSCWAMPLITUDE	183	172	830	n/a	7.8125
S184-D172	NIRSCWAMPLITUDE	184	172	830	n/a	7.8125
S185-D172	NIRSCWAMPLITUDE	185	172	830	n/a	7.8125
S187-D172	NIRSCWAMPLITUDE	187	172	830	n/a	7.8125
S188-D172	NIRSCWAMPLITUDE	188	172	830	n/a	7.8125
S189-D172	NIRSCWAMPLITUDE	189	172	830	n/a	7.8125
S190-D172	NIRSCWAMPLITUDE	190	172	830	n/a	7.8125
S191-D172	NIRSCWAMPLITUDE	191	172	830	n/a	7.8125
S151-D173	NIRSCWAMPLITUDE	151	173	830	n/a	7.8125
S152-D173	NIRSCWAMPLITUDE	152	173	830	n/a	7.8125
S153-D173	NIRSCWAMPLITUDE	153	173	830	n/a	7.8125
S154-D173	NIRSCWAMPLITUDE	154	173	830	n/a	7.8125
S157-D173	NIRSCWAMPLITUDE	157	173	830	n/a	7.8125
S158-D173	NIRSCWAMPLITUDE	158	173	830	n/a	7.8125
S159-D173	NIRSCWAMPLITUDE	159	173	830	n/a	7.8125
S160-D173	NIRSCWAMPLITUDE	160	173	830	n/a	7.8125
S161-D173	NIRSCWAMPLITUDE	161	173	830	n/a	7.8125
S162-D173	NIRSCWAMPLITUDE	162	173	830	n/a	7.8125
S163-D173	NIRSCWAMPLITUDE	163	173	830	n/a	7.8125
S164-D173	NIRSCWAMPLITUDE	164	173	830	n/a	7.8125
S165-D173	NIRSCWAMPLITUDE	165	173	830	n/a	7.8125
S166-D173	NIRSCWAMPLITUDE	166	173	830	n/a	7.8125
S167-D173	NIRSCWAMPLITUDE	167	173	830	n/a	7.8125
S168-D173	NIRSCWAMPLITUDE	168	173	830	n/a	7.8125
S169-D173	NIRSCWAMPLITUDE	169	173	830	n/a	7.8125
S170-D173	NIRSCWAMPLITUDE	170	173	830	n/a	7.8125
S171-D173	NIRSCWAMPLITUDE	171	173	830	n/a	7.8125
S172-D173	NIRSCWAMPLITUDE	172	173	830	n/a	7.8125
S173-D173	NIRSCWAMPLITUDE	173	173	830	n/a	7.8125
S174-D173	NIRSCWAMPLITUDE	174	173	830	n/a	7.8125
S175-D173	NIRSCWAMPLITUDE	175	173	830	n/a	7.8125
S176-D173	NIRSCWAMPLITUDE	176	173	830	n/a	7.8125
S177-D173	NIRSCWAMPLITUDE	177	173	830	n/a	7.8125
S178-D173	NIRSCWAMPLITUDE	178	173	830	n/a	7.8125
S179-D173	NIRSCWAMPLITUDE	179	173	830	n/a	7.8125
S180-D173	NIRSCWAMPLITUDE	180	173	830	n/a	7.8125
S181-D173	NIRSCWAMPLITUDE	181	173	830	n/a	7.8125
S182-D173	NIRSCWAMPLITUDE	182	173	830	n/a	7.8125
S183-D173	NIRSCWAMPLITUDE	183	173	830	n/a	7.8125
S184-D173	NIRSCWAMPLITUDE	184	173	830	n/a	7.8125
S185-D173	NIRSCWAMPLITUDE	185	173	830	n/a	7.8125
S186-D173	NIRSCWAMPLITUDE	186	173	830	n/a	7.8125
S187-D173	NIRSCWAMPLITUDE	187	173	830	n/a	7.8125
S188-D173	NIRSCWAMPLITUDE	188	173	830	n/a	7.8125
S189-D173	NIRSCWAMPLITUDE	189	173	830	n/a	7.8125
S190-D173	NIRSCWAMPLITUDE	190	173	830	n/a	7.8125
S191-D173	NIRSCWAMPLITUDE	191	173	830	n/a	7.8125
S152-D174	NIRSCWAMPLITUDE	152	174	830	n/a	7.8125
S153-D174	NIRSCWAMPLITUDE	153	174	830	n/a	7.8125
S154-D174	NIRSCWAMPLITUDE	154	174	830	n/a	7.8125
S155-D174	NIRSCWAMPLITUDE	155	174	830	n/a	7.8125
S157-D174	NIRSCWAMPLITUDE	157	174	830	n/a	7.8125
S158-D174	NIRSCWAMPLITUDE	158	174	830	n/a	7.8125
S159-D174	NIRSCWAMPLITUDE	159	174	830	n/a	7.8125
S160-D174	NIRSCWAMPLITUDE	160	174	830	n/a	7.8125
S161-D174	NIRSCWAMPLITUDE	161	174	830	n/a	7.8125
S162-D174	NIRSCWAMPLITUDE	162	174	830	n/a	7.8125
S163-D174	NIRSCWAMPLITUDE	163	174	830	n/a	7.8125
S164-D174	NIRSCWAMPLITUDE	164	174	830	n/a	7.8125
S165-D174	NIRSCWAMPLITUDE	165	174	830	n/a	7.8125
S166-D174	NIRSCWAMPLITUDE	166	174	830	n/a	7.8125
S167-D174	NIRSCWAMPLITUDE	167	174	830	n/a	7.8125
S168-D174	NIRSCWAMPLITUDE	168	174	830	n/a	7.8125
S169-D174	NIRSCWAMPLITUDE	169	174	830	n/a	7.8125
S170-D174	NIRSCWAMPLITUDE	170	174	830	n/a	7.8125
S171-D174	NIRSCWAMPLITUDE	171	174	830	n/a	7.8125
S172-D174	NIRSCWAMPLITUDE	172	174	830	n/a	7.8125
S173-D174	NIRSCWAMPLITUDE	173	174	830	n/a	7.8125
S174-D174	NIRSCWAMPLITUDE	174	174	830	n/a	7.8125
S175-D174	NIRSCWAMPLITUDE	175	174	830	n/a	7.8125
S176-D174	NIRSCWAMPLITUDE	176	174	830	n/a	7.8125
S177-D174	NIRSCWAMPLITUDE	177	174	830	n/a	7.8125
S178-D174	NIRSCWAMPLITUDE	178	174	830	n/a	7.8125
S179-D174	NIRSCWAMPLITUDE	179	174	830	n/a	7.8125
S180-D174	NIRSCWAMPLITUDE	180	174	830	n/a	7.8125
S181-D174	NIRSCWAMPLITUDE	181	174	830	n/a	7.8125
S182-D174	NIRSCWAMPLITUDE	182	174	830	n/a	7.8125
S183-D174	NIRSCWAMPLITUDE	183	174	830	n/a	7.8125
S184-D174	NIRSCWAMPLITUDE	184	174	830	n/a	7.8125
S185-D174	NIRSCWAMPLITUDE	185	174	830	n/a	7.8125
S186-D174	NIRSCWAMPLITUDE	186	174	830	n/a	7.8125
S187-D174	NIRSCWAMPLITUDE	187	174	830	n/a	7.8125
S188-D174	NIRSCWAMPLITUDE	188	174	830	n/a	7.8125
S189-D174	NIRSCWAMPLITUDE	189	174	830	n/a	7.8125
S190-D174	NIRSCWAMPLITUDE	190	174	830	n/a	7.8125
S191-D174	NIRSCWAMPLITUDE	191	174	830	n/a	7.8125
S192-D174	NIRSCWAMPLITUDE	192	174	830	n/a	7.8125
S240-D174	NIRSCWAMPLITUDE	240	174	830	n/a	7.8125
S249-D174	NIRSCWAMPLITUDE	249	174	830	n/a	7.8125
S250-D174	NIRSCWAMPLITUDE	250	174	830	n/a	7.8125
S153-D175	NIRSCWAMPLITUDE	153	175	830	n/a	7.8125
S154-D175	NIRSCWAMPLITUDE	154	175	830	n/a	7.8125
S155-D175	NIRSCWAMPLITUDE	155	175	830	n/a	7.8125
S156-D175	NIRSCWAMPLITUDE	156	175	830	n/a	7.8125
S157-D175	NIRSCWAMPLITUDE	157	175	830	n/a	7.8125
S158-D175	NIRSCWAMPLITUDE	158	175	830	n/a	7.8125
S159-D175	NIRSCWAMPLITUDE	159	175	830	n/a	7.8125
S160-D175	NIRSCWAMPLITUDE	160	175	830	n/a	7.8125
S161-D175	NIRSCWAMPLITUDE	161	175	830	n/a	7.8125
S162-D175	NIRSCWAMPLITUDE	162	175	830	n/a	7.8125
S163-D175	NIRSCWAMPLITUDE	163	175	830	n/a	7.8125
S164-D175	NIRSCWAMPLITUDE	164	175	830	n/a	7.8125
S165-D175	NIRSCWAMPLITUDE	165	175	830	n/a	7.8125
S166-D175	NIRSCWAMPLITUDE	166	175	830	n/a	7.8125
S167-D175	NIRSCWAMPLITUDE	167	175	830	n/a	7.8125
S168-D175	NIRSCWAMPLITUDE	168	175	830	n/a	7.8125
S169-D175	NIRSCWAMPLITUDE	169	175	830	n/a	7.8125
S170-D175	NIRSCWAMPLITUDE	170	175	830	n/a	7.8125
S171-D175	NIRSCWAMPLITUDE	171	175	830	n/a	7.8125
S172-D175	NIRSCWAMPLITUDE	172	175	830	n/a	7.8125
S173-D175	NIRSCWAMPLITUDE	173	175	830	n/a	7.8125
S174-D175	NIRSCWAMPLITUDE	174	175	830	n/a	7.8125
S175-D175	NIRSCWAMPLITUDE	175	175	830	n/a	7.8125
S176-D175	NIRSCWAMPLITUDE	176	175	830	n/a	7.8125
S177-D175	NIRSCWAMPLITUDE	177	175	830	n/a	7.8125
S178-D175	NIRSCWAMPLITUDE	178	175	830	n/a	7.8125
S179-D175	NIRSCWAMPLITUDE	179	175	830	n/a	7.8125
S180-D175	NIRSCWAMPLITUDE	180	175	830	n/a	7.8125
S181-D175	NIRSCWAMPLITUDE	181	175	830	n/a	7.8125
S182-D175	NIRSCWAMPLITUDE	182	175	830	n/a	7.8125
S183-D175	NIRSCWAMPLITUDE	183	175	830	n/a	7.8125
S184-D175	NIRSCWAMPLITUDE	184	175	830	n/a	7.8125
S185-D175	NIRSCWAMPLITUDE	185	175	830	n/a	7.8125
S186-D175	NIRSCWAMPLITUDE	186	175	830	n/a	7.8125
S187-D175	NIRSCWAMPLITUDE	187	175	830	n/a	7.8125
S188-D175	NIRSCWAMPLITUDE	188	175	830	n/a	7.8125
S189-D175	NIRSCWAMPLITUDE	189	175	830	n/a	7.8125
S190-D175	NIRSCWAMPLITUDE	190	175	830	n/a	7.8125
S191-D175	NIRSCWAMPLITUDE	191	175	830	n/a	7.8125
S192-D175	NIRSCWAMPLITUDE	192	175	830	n/a	7.8125
S237-D175	NIRSCWAMPLITUDE	237	175	830	n/a	7.8125
S238-D175	NIRSCWAMPLITUDE	238	175	830	n/a	7.8125
S239-D175	NIRSCWAMPLITUDE	239	175	830	n/a	7.8125
S240-D175	NIRSCWAMPLITUDE	240	175	830	n/a	7.8125
S247-D175	NIRSCWAMPLITUDE	247	175	830	n/a	7.8125
S248-D175	NIRSCWAMPLITUDE	248	175	830	n/a	7.8125
S249-D175	NIRSCWAMPLITUDE	249	175	830	n/a	7.8125
S250-D175	NIRSCWAMPLITUDE	250	175	830	n/a	7.8125
S154-D176	NIRSCWAMPLITUDE	154	176	830	n/a	7.8125
S155-D176	NIRSCWAMPLITUDE	155	176	830	n/a	7.8125
S156-D176	NIRSCWAMPLITUDE	156	176	830	n/a	7.8125
S159-D176	NIRSCWAMPLITUDE	159	176	830	n/a	7.8125
S160-D176	NIRSCWAMPLITUDE	160	176	830	n/a	7.8125
S161-D176	NIRSCWAMPLITUDE	161	176	830	n/a	7.8125
S162-D176	NIRSCWAMPLITUDE	162	176	830	n/a	7.8125
S164-D176	NIRSCWAMPLITUDE	164	176	830	n/a	7.8125
S165-D176	NIRSCWAMPLITUDE	165	176	830	n/a	7.8125
S166-D176	NIRSCWAMPLITUDE	166	176	830	n/a	7.8125
S167-D176	NIRSCWAMPLITUDE	167	176	830	n/a	7.8125
S168-D176	NIRSCWAMPLITUDE	168	176	830	n/a	7.8125
S170-D176	NIRSCWAMPLITUDE	170	176	830	n/a	7.8125
S171-D176	NIRSCWAMPLITUDE	171	176	830	n/a	7.8125
S172-D176	NIRSCWAMPLITUDE	172	176	830	n/a	7.8125
S173-D176	NIRSCWAMPLITUDE	173	176	830	n/a	7.8125
S174-D176	NIRSCWAMPLITUDE	174	176	830	n/a	7.8125
S176-D176	NIRSCWAMPLITUDE	176	176	830	n/a	7.8125
S177-D176	NIRSCWAMPLITUDE	177	176	830	n/a	7.8125
S178-D176	NIRSCWAMPLITUDE	178	176	830	n/a	7.8125
S179-D176	NIRSCWAMPLITUDE	179	176	830	n/a	7.8125
S180-D176	NIRSCWAMPLITUDE	180	176	830	n/a	7.8125
S182-D176	NIRSCWAMPLITUDE	182	176	830	n/a	7.8125
S183-D176	NIRSCWAMPLITUDE	183	176	830	n/a	7.8125
S184-D176	NIRSCWAMPLITUDE	184	176	830	n/a	7.8125
S185-D176	NIRSCWAMPLITUDE	185	176	830	n/a	7.8125
S186-D176	NIRSCWAMPLITUDE	186	176	830	n/a	7.8125
S188-D176	NIRSCWAMPLITUDE	188	176	830	n/a	7.8125
S189-D176	NIRSCWAMPLITUDE	189	176	830	n/a	7.8125
S190-D176	NIRSCWAMPLITUDE	190	176	830	n/a	7.8125
S191-D176	NIRSCWAMPLITUDE	191	176	830	n/a	7.8125
S192-D176	NIRSCWAMPLITUDE	192	176	830	n/a	7.8125
S227-D176	NIRSCWAMPLITUDE	227	176	830	n/a	7.8125
S228-D176	NIRSCWAMPLITUDE	228	176	830	n/a	7.8125
S229-D176	NIRSCWAMPLITUDE	229	176	830	n/a	7.8125
S236-D176	NIRSCWAMPLITUDE	236	176	830	n/a	7.8125
S237-D176	NIRSCWAMPLITUDE	237	176	830	n/a	7.8125
S238-D176	NIRSCWAMPLITUDE	238	176	830	n/a	7.8125
S239-D176	NIRSCWAMPLITUDE	239	176	830	n/a	7.8125
S240-D176	NIRSCWAMPLITUDE	240	176	830	n/a	7.8125
S246-D176	NIRSCWAMPLITUDE	246	176	830	n/a	7.8125
S247-D176	NIRSCWAMPLITUDE	247	176	830	n/a	7.8125
S248-D176	NIRSCWAMPLITUDE	248	176	830	n/a	7.8125
S249-D176	NIRSCWAMPLITUDE	249	176	830	n/a	7.8125
S250-D176	NIRSCWAMPLITUDE	250	176	830	n/a	7.8125
S157-D177	NIRSCWAMPLITUDE	157	177	830	n/a	7.8125
S158-D177	NIRSCWAMPLITUDE	158	177	830	n/a	7.8125
S163-D177	NIRSCWAMPLITUDE	163	177	830	n/a	7.8125
S164-D177	NIRSCWAMPLITUDE	164	177	830	n/a	7.8125
S165-D177	NIRSCWAMPLITUDE	165	177	830	n/a	7.8125
S169-D177	NIRSCWAMPLITUDE	169	177	830	n/a	7.8125
S170-D177	NIRSCWAMPLITUDE	170	177	830	n/a	7.8125
S171-D177	NIRSCWAMPLITUDE	171	177	830	n/a	7.8125
S172-D177	NIRSCWAMPLITUDE	172	177	830	n/a	7.8125
S175-D177	NIRSCWAMPLITUDE	175	177	830	n/a	7.8125
S176-D177	NIRSCWAMPLITUDE	176	177	830	n/a	7.8125
S177-D177	NIRSCWAMPLITUDE	177	177	830	n/a	7.8125
S178-D177	NIRSCWAMPLITUDE	178	177	830	n/a	7.8125
S181-D177	NIRSCWAMPLITUDE	181	177	830	n/a	7.8125
S182-D177	NIRSCWAMPLITUDE	182	177	830	n/a	7.8125
S183-D177	NIRSCWAMPLITUDE	183	177	830	n/a	7.8125
S184-D177	NIRSCWAMPLITUDE	184	177	830	n/a	7.8125
S187-D177	NIRSCWAMPLITUDE	187	177	830	n/a	7.8125
S188-D177	NIRSCWAMPLITUDE	188	177	830	n/a	7.8125
S189-D177	NIRSCWAMPLITUDE	189	177	830	n/a	7.8125
S190-D177	NIRSCWAMPLITUDE	190	177	830	n/a	7.8125
S157-D178	NIRSCWAMPLITUDE	157	178	830	n/a	7.8125
S158-D178	NIRSCWAMPLITUDE	158	178	830	n/a	7.8125
S159-D178	NIRSCWAMPLITUDE	159	178	830	n/a	7.8125
S163-D178	NIRSCWAMPLITUDE	163	178	830	n/a	7.8125
S164-D178	NIRSCWAMPLITUDE	164	178	830	n/a	7.8125
S165-D178	NIRSCWAMPLITUDE	165	178	830	n/a	7.8125
S166-D178	NIRSCWAMPLITUDE	166	178	830	n/a	7.8125
S167-D178	NIRSCWAMPLITUDE	167	178	830	n/a	7.8125
S169-D178	NIRSCWAMPLITUDE	169	178	830	n/a	7.8125
S170-D178	NIRSCWAMPLITUDE	170	178	830	n/a	7.8125
S171-D178	NIRSCWAMPLITUDE	171	178	830	n/a	7.8125
S172-D178	NIRSCWAMPLITUDE	172	178	830	n/a	7.8125
S173-D178	NIRSCWAMPLITUDE	173	178	830	n/a	7.8125
S175-D178	NIRSCWAMPLITUDE	175	178	830	n/a	7.8125
S176-D178	NIRSCWAMPLITUDE	176	178	830	n/a	7.8125
S177-D178	NIRSCWAMPLITUDE	177	178	830	n/a	7.8125
S178-D178	NIRSCWAMPLITUDE	178	178	830	n/a	7.8125
S179-D178	NIRSCWAMPLITUDE	179	178	830	n/a	7.8125
S181-D178	NIRSCWAMPLITUDE	181	178	830	n/a	7.8125
S182-D178	NIRSCWAMPLITUDE	182	178	830	n/a	7.8125
S183-D178	NIRSCWAMPLITUDE	183	178	830	n/a	7.8125
S184-D178	NIRSCWAMPLITUDE	184	178	830	n/a	7.8125
S185-D178	NIRSCWAMPLITUDE	185	178	830	n/a	7.8125
S187-D178	NIRSCWAMPLITUDE	187	178	830	n/a	7.8125
S188-D178	NIRSCWAMPLITUDE	188	178	830	n/a	7.8125
S189-D178	NIRSCWAMPLITUDE	189	178	830	n/a	7.8125
S190-D178	NIRSCWAMPLITUDE	190	178	830	n/a	7.8125
S191-D178	NIRSCWAMPLITUDE	191	178	830	n/a	7.8125
S157-D179	NIRSCWAMPLITUDE	157	179	830	n/a	7.8125
S158-D179	NIRSCWAMPLITUDE	158	179	830	n/a	7.8125
S159-D179	NIRSCWAMPLITUDE	159	179	830	n/a	7.8125
S160-D179	NIRSCWAMPLITUDE	160	179	830	n/a	7.8125
S163-D179	NIRSCWAMPLITUDE	163	179	830	n/a	7.8125
S164-D179	NIRSCWAMPLITUDE	164	179	830	n/a	7.8125
S165-D179	NIRSCWAMPLITUDE	165	179	830	n/a	7.8125
S166-D179	NIRSCWAMPLITUDE	166	179	830	n/a	7.8125
S167-D179	NIRSCWAMPLITUDE	167	179	830	n/a	7.8125
S168-D179	NIRSCWAMPLITUDE	168	179	830	n/a	7.8125
S169-D179	NIRSCWAMPLITUDE	169	179	830	n/a	7.8125
S170-D179	NIRSCWAMPLITUDE	170	179	830	n/a	7.8125
S171-D179	NIRSCWAMPLITUDE	171	179	830	n/a	7.8125
S172-D179	NIRSCWAMPLITUDE	172	179	830	n/a	7.8125
S173-D179	NIRSCWAMPLITUDE	173	179	830	n/a	7.8125
S174-D179	NIRSCWAMPLITUDE	174	179	830	n/a	7.8125
S175-D179	NIRSCWAMPLITUDE	175	179	830	n/a	7.8125
S176-D179	NIRSCWAMPLITUDE	176	179	830	n/a	7.8125
S177-D179	NIRSCWAMPLITUDE	177	179	830	n/a	7.8125
S178-D179	NIRSCWAMPLITUDE	178	179	830	n/a	7.8125
S179-D179	NIRSCWAMPLITUDE	179	179	830	n/a	7.8125
S180-D179	NIRSCWAMPLITUDE	180	179	830	n/a	7.8125
S181-D179	NIRSCWAMPLITUDE	181	179	830	n/a	7.8125
S182-D179	NIRSCWAMPLITUDE	182	179	830	n/a	7.8125
S183-D179	NIRSCWAMPLITUDE	183	179	830	n/a	7.8125
S184-D179	NIRSCWAMPLITUDE	184	179	830	n/a	7.8125
S185-D179	NIRSCWAMPLITUDE	185	179	830	n/a	7.8125
S186-D179	NIRSCWAMPLITUDE	186	179	830	n/a	7.8125
S187-D179	NIRSCWAMPLITUDE	187	179	830	n/a	7.8125
S188-D179	NIRSCWAMPLITUDE	188	179	830	n/a	7.8125
S189-D179	NIRSCWAMPLITUDE	189	179	830	n/a	7.8125
S190-D179	NIRSCWAMPLITUDE	190	179	830	n/a	7.8125
S191-D179	NIRSCWAMPLITUDE	191	179	830	n/a	7.8125
S192-D179	NIRSCWAMPLITUDE	192	179	830	n/a	7.8125
S250-D179	NIRSCWAMPLITUDE	250	179	830	n/a	7.8125
S158-D180	NIRSCWAMPLITUDE	158	180	830	n/a	7.8125
S159-D180	NIRSCWAMPLITUDE	159	180	830	n/a	7.8125
S160-D180	NIRSCWAMPLITUDE	160	180	830	n/a	7.8125
S161-D180	NIRSCWAMPLITUDE	161	180	830	n/a	7.8125
S162-D180	NIRSCWAMPLITUDE	162	180	830	n/a	7.8125
S163-D180	NIRSCWAMPLITUDE	163	180	830	n/a	7.8125
S164-D180	NIRSCWAMPLITUDE	164	180	830	n/a	7.8125
S165-D180	NIRSCWAMPLITUDE	165	180	830	n/a	7.8125
S166-D180	NIRSCWAMPLITUDE	166	180	830	n/a	7.8125
S167-D180	NIRSCWAMPLITUDE	167	180	830	n/a	7.8125
S168-D180	NIRSCWAMPLITUDE	168	180	830	n/a	7.8125
S169-D180	NIRSCWAMPLITUDE	169	180	830	n/a	7.8125
S170-D180	NIRSCWAMPLITUDE	170	180	830	n/a	7.8125
S171-D180	NIRSCWAMPLITUDE	171	180	830	n/a	7.8125
S172-D180	NIRSCWAMPLITUDE	172	180	830	n/a	7.8125
S173-D180	NIRSCWAMPLITUDE	173	180	830	n/a	7.8125
S174-D180	NIRSCWAMPLITUDE	174	180	830	n/a	7.8125
S175-D180	NIRSCWAMPLITUDE	175	180	830	n/a	7.8125
S176-D180	NIRSCWAMPLITUDE	176	180	830	n/a	7.8125
S177-D180	NIRSCWAMPLITUDE	177	180	830	n/a	7.8125
S178-D180	NIRSCWAMPLITUDE	178	180	830	n/a	7.8125
S179-D180	NIRSCWAMPLITUDE	179	180	830	n/a	7.8125
S180-D180	NIRSCWAMPLITUDE	180	180	830	n/a	7.8125
S181-D180	NIRSCWAMPLITUDE	181	180	830	n/a	7.8125
S182-D180	NIRSCWAMPLITUDE	182	180	830	n/a	7.8125
S183-D180	NIRSCWAMPLITUDE	183	180	830	n/a	7.8125
S184-D180	NIRSCWAMPLITUDE	184	180	830	n/a	7.8125
S185-D180	NIRSCWAMPLITUDE	185	180	830	n/a	7.8125
S186-D180	NIRSCWAMPLITUDE	186	180	830	n/a	7.8125
S187-D180	NIRSCWAMPLITUDE	187	180	830	n/a	7.8125
S188-D180	NIRSCWAMPLITUDE	188	180	830	n/a	7.8125
S189-D180	NIRSCWAMPLITUDE	189	180	830	n/a	7.8125
S190-D180	NIRSCWAMPLITUDE	190	180	830	n/a	7.8125
S191-D180	NIRSCWAMPLITUDE	191	180	830	n/a	7.8125
S192-D180	NIRSCWAMPLITUDE	192	180	830	n/a	7.8125
S239-D180	NIRSCWAMPLITUDE	239	180	830	n/a	7.8125
S240-D180	NIRSCWAMPLITUDE	240	180	830	n/a	7.8125
S249-D180	NIRSCWAMPLITUDE	249	180	830	n/a	7.8125
S250-D180	NIRSCWAMPLITUDE	250	180	830	n/a	7.8125
S159-D181	NIRSCWAMPLITUDE	159	181	830	n/a	7.8125
S160-D181	NIRSCWAMPLITUDE	160	181	830	n/a	7.8125
S161-D181	NIRSCWAMPLITUDE	161	181	830	n/a	7.8125
S162-D181	NIRSCWAMPLITUDE	162	181	830	n/a	7.8125
S163-D181	NIRSCWAMPLITUDE	163	181	830	n/a	7.8125
S164-D181	NIRSCWAMPLITUDE	164	181	830	n/a	7.8125
S165-D181	NIRSCWAMPLITUDE	165	181	830	n/a	7.8125
S166-D181	NIRSCWAMPLITUDE	166	181	830	n/a	7.8125
S167-D181	NIRSCWAMPLITUDE	167	181	830	n/a	7.8125
S168-D181	NIRSCWAMPLITUDE	168	181	830	n/a	7.8125
S169-D181	NIRSCWAMPLITUDE	169	181	830	n/a	7.8125
S170-D181	NIRSCWAMPLITUDE	170	181	830	n/a	7.8125
S171-D181	NIRSCWAMPLITUDE	171	181	830	n/a	7.8125
S172-D181	NIRSCWAMPLITUDE	172	181	830	n/a	7.8125
S173-D181	NIRSCWAMPLITUDE	173	181	830	n/a	7.8125
S174-D181	NIRSCWAMPLITUDE	174	181	830	n/a	7.8125
S175-D181	NIRSCWAMPLITUDE	175	181	830	n/a	7.8125
S176-D181	NIRSCWAMPLITUDE	176	181	830	n/a	7.8125
S177-D181	NIRSCWAMPLITUDE	177	181	830	n/a	7.8125
S178-D181	NIRSCWAMPLITUDE	178	181	830	n/a	7.8125
S179-D181	NIRSCWAMPLITUDE	179	181	830	n/a	7.8125
S180-D181	NIRSCWAMPLITUDE	180	181	830	n/a	7.8125
S181-D181	NIRSCWAMPLITUDE	181	181	830	n/a	7.8125
S182-D181	NIRSCWAMPLITUDE	182	181	830	n/a	7.8125
S183-D181	NIRSCWAMPLITUDE	183	181	830	n/a	7.8125
S184-D181	NIRSCWAMPLITUDE	184	181	830	n/a	7.8125
S185-D181	NIRSCWAMPLITUDE	185	181	830	n/a	7.8125
S186-D181	NIRSCWAMPLITUDE	186	181	830	n/a	7.8125
S187-D181	NIRSCWAMPLITUDE	187	181	830	n/a	7.8125
S188-D181	NIRSCWAMPLITUDE	188	181	830	n/a	7.8125
S189-D181	NIRSCWAMPLITUDE	189	181	830	n/a	7.8125
S190-D181	NIRSCWAMPLITUDE	190	181	830	n/a	7.8125
S191-D181	NIRSCWAMPLITUDE	191	181	830	n/a	7.8125
S192-D181	NIRSCWAMPLITUDE	192	181	830	n/a	7.8125
S229-D181	NIRSCWAMPLITUDE	229	181	830	n/a	7.8125
S238-D181	NIRSCWAMPLITUDE	238	181	830	n/a	7.8125
S239-D181	NIRSCWAMPLITUDE	239	181	830	n/a	7.8125
S240-D181	NIRSCWAMPLITUDE	240	181	830	n/a	7.8125
S248-D181	NIRSCWAMPLITUDE	248	181	830	n/a	7.8125
S249-D181	NIRSCWAMPLITUDE	249	181	830	n/a	7.8125
S250-D181	NIRSCWAMPLITUDE	250	181	830	n/a	7.8125
S160-D182	NIRSCWAMPLITUDE	160	182	830	n/a	7.8125
S161-D182	NIRSCWAMPLITUDE	161	182	830	n/a	7.8125
S162-D182	NIRSCWAMPLITUDE	162	182	830	n/a	7.8125
S165-D182	NIRSCWAMPLITUDE	165	182	830	n/a	7.8125
S166-D182	NIRSCWAMPLITUDE	166	182	830	n/a	7.8125
S167-D182	NIRSCWAMPLITUDE	167	182	830	n/a	7.8125
S168-D182	NIRSCWAMPLITUDE	168	182	830	n/a	7.8125
S170-D182	NIRSCWAMPLITUDE	170	182	830	n/a	7.8125
S171-D182	NIRSCWAMPLITUDE	171	182	830	n/a	7.8125
S172-D182	NIRSCWAMPLITUDE	172	182	830	n/a	7.8125
S173-D182	NIRSCWAMPLITUDE	173	182	830	n/a	7.8125
S174-D182	NIRSCWAMPLITUDE	174	182	830	n/a	7.8125
S176-D182	NIRSCWAMPLITUDE	176	182	830	n/a	7.8125
S177-D182	NIRSCWAMPLITUDE	177	182	830	n/a	7.8125
S178-D182	NIRSCWAMPLITUDE	178	182	830	n/a	7.8125
S179-D182	NIRSCWAMPLITUDE	179	182	830	n/a	7.8125
S180-D182	NIRSCWAMPLITUDE	180	182	830	n/a	7.8125
S182-D182	NIRSCWAMPLITUDE	182	182	830	n/a	7.8125
S183-D182	NIRSCWAMPLITUDE	183	182	830	n/a	7.8125
S184-D182	NIRSCWAMPLITUDE	184	182	830	n/a	7.8125
S185-D182	NIRSCWAMPLITUDE	185	182	830	n/a	7.8125
S186-D182	NIRSCWAMPLITUDE	186	182	830	n/a	7.8125
S188-D182	NIRSCWAMPLITUDE	188	182	830	n/a	7.8125
S189-D182	NIRSCWAMPLITUDE	189	182	830	n/a	7.8125
S190-D182	NIRSCWAMPLITUDE	190	182	830	n/a	7.8125
S191-D182	NIRSCWAMPLITUDE	191	182	830	n/a	7.8125
S192-D182	NIRSCWAMPLITUDE	192	182	830	n/a	7.8125
S216-D182	NIRSCWAMPLITUDE	216	182	830	n/a	7.8125
S217-D182	NIRSCWAMPLITUDE	217	182	830	n/a	7.8125
S218-D182	NIRSCWAMPLITUDE	218	182	830	n/a	7.8125
S227-D182	NIRSCWAMPLITUDE	227	182	830	n/a	7.8125
S228-D182	NIRSCWAMPLITUDE	228	182	830	n/a	7.8125
S229-D182	NIRSCWAMPLITUDE	229	182	830	n/a	7.8125
S236-D182	NIRSCWAMPLITUDE	236	182	830	n/a	7.8125
S237-D182	NIRSCWAMPLITUDE	237	182	830	n/a	7.8125
S238-D182	NIRSCWAMPLITUDE	238	182	830	n/a	7.8125
S239-D182	NIRSCWAMPLITUDE	239	182	830	n/a	7.8125
S240-D182	NIRSCWAMPLITUDE	240	182	830	n/a	7.8125
S247-D182	NIRSCWAMPLITUDE	247	182	830	n/a	7.8125
S248-D182	NIRSCWAMPLITUDE	248	182	830	n/a	7.8125
S249-D182	NIRSCWAMPLITUDE	249	182	830	n/a	7.8125
S250-D182	NIRSCWAMPLITUDE	250	182	830	n/a	7.8125
S163-D183	NIRSCWAMPLITUDE	163	183	830	n/a	7.8125
S164-D183	NIRSCWAMPLITUDE	164	183	830	n/a	7.8125
S169-D183	NIRSCWAMPLITUDE	169	183	830	n/a	7.8125
S170-D183	NIRSCWAMPLITUDE	170	183	830	n/a	7.8125
S171-D183	NIRSCWAMPLITUDE	171	183	830	n/a	7.8125
S175-D183	NIRSCWAMPLITUDE	175	183	830	n/a	7.8125
S176-D183	NIRSCWAMPLITUDE	176	183	830	n/a	7.8125
S177-D183	NIRSCWAMPLITUDE	177	183	830	n/a	7.8125
S178-D183	NIRSCWAMPLITUDE	178	183	830	n/a	7.8125
S181-D183	NIRSCWAMPLITUDE	181	183	830	n/a	7.8125
S182-D183	NIRSCWAMPLITUDE	182	183	830	n/a	7.8125
S183-D183	NIRSCWAMPLITUDE	183	183	830	n/a	7.8125
S184-D183	NIRSCWAMPLITUDE	184	183	830	n/a	7.8125
S187-D183	NIRSCWAMPLITUDE	187	183	830	n/a	7.8125
S188-D183	NIRSCWAMPLITUDE	188	183	830	n/a	7.8125
S189-D183	NIRSCWAMPLITUDE	189	183	830	n/a	7.8125
S190-D183	NIRSCWAMPLITUDE	190	183	830	n/a	7.8125
S163-D184	NIRSCWAMPLITUDE	163	184	830	n/a	7.8125
S164-D184	NIRSCWAMPLITUDE	164	184	830	n/a	7.8125
S165-D184	NIRSCWAMPLITUDE	165	184	830	n/a	7.8125
S169-D184	NIRSCWAMPLITUDE	169	184	830	n/a	7.8125
S170-D184	NIRSCWAMPLITUDE	170	184	830	n/a	7.8125
S171-D184	NIRSCWAMPLITUDE	171	184	830	n/a	7.8125
S172-D184	NIRSCWAMPLITUDE	172	184	830	n/a	7.8125
S173-D184	NIRSCWAMPLITUDE	173	184	830	n/a	7.8125
S175-D184	NIRSCWAMPLITUDE	175	184	830	n/a	7.8125
S176-D184	NIRSCWAMPLITUDE	176	184	830	n/a	7.8125
S177-D184	NIRSCWAMPLITUDE	177	184	830	n/a	7.8125
S178-D184	NIRSCWAMPLITUDE	178	184	830	n/a	7.8125
S179-D184	NIRSCWAMPLITUDE	179	184	830	n/a	7.8125
S181-D184	NIRSCWAMPLITUDE	181	184	830	n/a	7.8125
S182-D184	NIRSCWAMPLITUDE	182	184	830	n/a	7.8125
S183-D184	NIRSCWAMPLITUDE	183	184	830	n/a	7.8125
S184-D184	NIRSCWAMPLITUDE	184	184	830	n/a	7.8125
S185-D184	NIRSCWAMPLITUDE	185	184	830	n/a	7.8125
S187-D184	NIRSCWAMPLITUDE	187	184	830	n/a	7.8125
S188-D184	NIRSCWAMPLITUDE	188	184	830	n/a	7.8125
S189-D184	NIRSCWAMPLITUDE	189	184	830	n/a	7.8125
S190-D184	NIRSCWAMPLITUDE	190	184	830	n/a	7.8125
S191-D184	NIRSCWAMPLITUDE	191	184	830	n/a	7.8125
S192-D184	NIRSCWAMPLITUDE	192	184	830	n/a	7.8125
S163-D185	NIRSCWAMPLITUDE	163	185	830	n/a	7.8125
S164-D185	NIRSCWAMPLITUDE	164	185	830	n/a	7.8125
S165-D185	NIRSCWAMPLITUDE	165	185	830	n/a	7.8125
S166-D185	NIRSCWAMPLITUDE	166	185	830	n/a	7.8125
S167-D185	NIRSCWAMPLITUDE	167	185	830	n/a	7.8125
S169-D185	NIRSCWAMPLITUDE	169	185	830	n/a	7.8125
S170-D185	NIRSCWAMPLITUDE	170	185	830	n/a	7.8125
S171-D185	NIRSCWAMPLITUDE	171	185	830	n/a	7.8125
S172-D185	NIRSCWAMPLITUDE	172	185	830	n/a	7.8125
S173-D185	NIRSCWAMPLITUDE	173	185	830	n/a	7.8125
S174-D185	NIRSCWAMPLITUDE	174	185	830	n/a	7.8125
S175-D185	NIRSCWAMPLITUDE	175	185	830	n/a	7.8125
S176-D185	NIRSCWAMPLITUDE	176	185	830	n/a	7.8125
S177-D185	NIRSCWAMPLITUDE	177	185	830	n/a	7.8125
S178-D185	NIRSCWAMPLITUDE	178	185	830	n/a	7.8125
S179-D185	NIRSCWAMPLITUDE	179	185	830	n/a	7.8125
S180-D185	NIRSCWAMPLITUDE	180	185	830	n/a	7.8125
S181-D185	NIRSCWAMPLITUDE	181	185	830	n/a	7.8125
S182-D185	NIRSCWAMPLITUDE	182	185	830	n/a	7.8125
S183-D185	NIRSCWAMPLITUDE	183	185	830	n/a	7.8125
S184-D185	NIRSCWAMPLITUDE	184	185	830	n/a	7.8125
S185-D185	NIRSCWAMPLITUDE	185	185	830	n/a	7.8125
S186-D185	NIRSCWAMPLITUDE	186	185	830	n/a	7.8125
S187-D185	NIRSCWAMPLITUDE	187	185	830	n/a	7.8125
S188-D185	NIRSCWAMPLITUDE	188	185	830	n/a	7.8125
S189-D185	NIRSCWAMPLITUDE	189	185	830	n/a	7.8125
S190-D185	NIRSCWAMPLITUDE	190	185	830	n/a	7.8125
S191-D185	NIRSCWAMPLITUDE	191	185	830	n/a	7.8125
S192-D185	NIRSCWAMPLITUDE	192	185	830	n/a	7.8125
S250-D185	NIRSCWAMPLITUDE	250	185	830	n/a	7.8125
S163-D186	NIRSCWAMPLITUDE	163	186	830	n/a	7.8125
S164-D186	NIRSCWAMPLITUDE	164	186	830	n/a	7.8125
S165-D186	NIRSCWAMPLITUDE	165	186	830	n/a	7.8125
S166-D186	NIRSCWAMPLITUDE	166	186	830	n/a	7.8125
S167-D186	NIRSCWAMPLITUDE	167	186	830	n/a	7.8125
S168-D186	NIRSCWAMPLITUDE	168	186	830	n/a	7.8125
S169-D186	NIRSCWAMPLITUDE	169	186	830	n/a	7.8125
S170-D186	NIRSCWAMPLITUDE	170	186	830	n/a	7.8125
S171-D186	NIRSCWAMPLITUDE	171	186	830	n/a	7.8125
S172-D186	NIRSCWAMPLITUDE	172	186	830	n/a	7.8125
S173-D186	NIRSCWAMPLITUDE	173	186	830	n/a	7.8125
S174-D186	NIRSCWAMPLITUDE	174	186	830	n/a	7.8125
S175-D186	NIRSCWAMPLITUDE	175	186	830	n/a	7.8125
S176-D186	NIRSCWAMPLITUDE	176	186	830	n/a	7.8125
S177-D186	NIRSCWAMPLITUDE	177	186	830	n/a	7.8125
S178-D186	NIRSCWAMPLITUDE	178	186	830	n/a	7.8125
S179-D186	NIRSCWAMPLITUDE	179	186	830	n/a	7.8125
S180-D186	NIRSCWAMPLITUDE	180	186	830	n/a	7.8125
S181-D186	NIRSCWAMPLITUDE	181	186	830	n/a	7.8125
S182-D186	NIRSCWAMPLITUDE	182	186	830	n/a	7.8125
S183-D186	NIRSCWAMPLITUDE	183	186	830	n/a	7.8125
S184-D186	NIRSCWAMPLITUDE	184	186	830	n/a	7.8125
S185-D186	NIRSCWAMPLITUDE	185	186	830	n/a	7.8125
S186-D186	NIRSCWAMPLITUDE	186	186	830	n/a	7.8125
S187-D186	NIRSCWAMPLITUDE	187	186	830	n/a	7.8125
S188-D186	NIRSCWAMPLITUDE	188	186	830	n/a	7.8125
S189-D186	NIRSCWAMPLITUDE	189	186	830	n/a	7.8125
S190-D186	NIRSCWAMPLITUDE	190	186	830	n/a	7.8125
S191-D186	NIRSCWAMPLITUDE	191	186	830	n/a	7.8125
S192-D186	NIRSCWAMPLITUDE	192	186	830	n/a	7.8125
S239-D186	NIRSCWAMPLITUDE	239	186	830	n/a	7.8125
S240-D186	NIRSCWAMPLITUDE	240	186	830	n/a	7.8125
S249-D186	NIRSCWAMPLITUDE	249	186	830	n/a	7.8125
S250-D186	NIRSCWAMPLITUDE	250	186	830	n/a	7.8125
S165-D187	NIRSCWAMPLITUDE	165	187	830	n/a	7.8125
S166-D187	NIRSCWAMPLITUDE	166	187	830	n/a	7.8125
S167-D187	NIRSCWAMPLITUDE	167	187	830	n/a	7.8125
S168-D187	NIRSCWAMPLITUDE	168	187	830	n/a	7.8125
S169-D187	NIRSCWAMPLITUDE	169	187	830	n/a	7.8125
S170-D187	NIRSCWAMPLITUDE	170	187	830	n/a	7.8125
S171-D187	NIRSCWAMPLITUDE	171	187	830	n/a	7.8125
S172-D187	NIRSCWAMPLITUDE	172	187	830	n/a	7.8125
S173-D187	NIRSCWAMPLITUDE	173	187	830	n/a	7.8125
S174-D187	NIRSCWAMPLITUDE	174	187	830	n/a	7.8125
S175-D187	NIRSCWAMPLITUDE	175	187	830	n/a	7.8125
S176-D187	NIRSCWAMPLITUDE	176	187	830	n/a	7.8125
S177-D187	NIRSCWAMPLITUDE	177	187	830	n/a	7.8125
S178-D187	NIRSCWAMPLITUDE	178	187	830	n/a	7.8125
S179-D187	NIRSCWAMPLITUDE	179	187	830	n/a	7.8125
S180-D187	NIRSCWAMPLITUDE	180	187	830	n/a	7.8125
S181-D187	NIRSCWAMPLITUDE	181	187	830	n/a	7.8125
S182-D187	NIRSCWAMPLITUDE	182	187	830	n/a	7.8125
S183-D187	NIRSCWAMPLITUDE	183	187	830	n/a	7.8125
S184-D187	NIRSCWAMPLITUDE	184	187	830	n/a	7.8125
S185-D187	NIRSCWAMPLITUDE	185	187	830	n/a	7.8125
S186-D187	NIRSCWAMPLITUDE	186	187	830	n/a	7.8125
S187-D187	NIRSCWAMPLITUDE	187	187	830	n/a	7.8125
S188-D187	NIRSCWAMPLITUDE	188	187	830	n/a	7.8125
S189-D187	NIRSCWAMPLITUDE	189	187	830	n/a	7.8125
S190-D187	NIRSCWAMPLITUDE	190	187	830	n/a	7.8125
S191-D187	NIRSCWAMPLITUDE	191	187	830	n/a	7.8125
S192-D187	NIRSCWAMPLITUDE	192	187	830	n/a	7.8125
S218-D187	NIRSCWAMPLITUDE	218	187	830	n/a	7.8125
S229-D187	NIRSCWAMPLITUDE	229	187	830	n/a	7.8125
S238-D187	NIRSCWAMPLITUDE	238	187	830	n/a	7.8125
S239-D187	NIRSCWAMPLITUDE	239	187	830	n/a	7.8125
S240-D187	NIRSCWAMPLITUDE	240	187	830	n/a	7.8125
S249-D187	NIRSCWAMPLITUDE	249	187	830	n/a	7.8125
S250-D187	NIRSCWAMPLITUDE	250	187	830	n/a	7.8125
S6-D188	NIRSCWAMPLITUDE	6	188	830	n/a	7.8125
S166-D188	NIRSCWAMPLITUDE	166	188	830	n/a	7.8125
S167-D188	NIRSCWAMPLITUDE	167	188	830	n/a	7.8125
S168-D188	NIRSCWAMPLITUDE	168	188	830	n/a	7.8125
S171-D188	NIRSCWAMPLITUDE	171	188	830	n/a	7.8125
S172-D188	NIRSCWAMPLITUDE	172	188	830	n/a	7.8125
S173-D188	NIRSCWAMPLITUDE	173	188	830	n/a	7.8125
S174-D188	NIRSCWAMPLITUDE	174	188	830	n/a	7.8125
S176-D188	NIRSCWAMPLITUDE	176	188	830	n/a	7.8125
S177-D188	NIRSCWAMPLITUDE	177	188	830	n/a	7.8125
S178-D188	NIRSCWAMPLITUDE	178	188	830	n/a	7.8125
S179-D188	NIRSCWAMPLITUDE	179	188	830	n/a	7.8125
S180-D188	NIRSCWAMPLITUDE	180	188	830	n/a	7.8125
S182-D188	NIRSCWAMPLITUDE	182	188	830	n/a	7.8125
S183-D188	NIRSCWAMPLITUDE	183	188	830	n/a	7.8125
S184-D188	NIRSCWAMPLITUDE	184	188	830	n/a	7.8125
S185-D188	NIRSCWAMPLITUDE	185	188	830	n/a	7.8125
S186-D188	NIRSCWAMPLITUDE	186	188	830	n/a	7.8125
S188-D188	NIRSCWAMPLITUDE	188	188	830	n/a	7.8125
S189-D188	NIRSCWAMPLITUDE	189	188	830	n/a	7.8125
S190-D188	NIRSCWAMPLITUDE	190	188	830	n/a	7.8125
S191-D188	NIRSCWAMPLITUDE	191	188	830	n/a	7.8125
S192-D188	NIRSCWAMPLITUDE	192	188	830	n/a	7.8125
S216-D188	NIRSCWAMPLITUDE	216	188	830	n/a	7.8125
S217-D188	NIRSCWAMPLITUDE	217	188	830	n/a	7.8125
S218-D188	NIRSCWAMPLITUDE	218	188	830	n/a	7.8125
S228-D188	NIRSCWAMPLITUDE	228	188	830	n/a	7.8125
S229-D188	NIRSCWAMPLITUDE	229	188	830	n/a	7.8125
S237-D188	NIRSCWAMPLITUDE	237	188	830	n/a	7.8125
S238-D188	NIRSCWAMPLITUDE	238	188	830	n/a	7.8125
S239-D188	NIRSCWAMPLITUDE	239	188	830	n/a	7.8125
S240-D188	NIRSCWAMPLITUDE	240	188	830	n/a	7.8125
S248-D188	NIRSCWAMPLITUDE	248	188	830	n/a	7.8125
S249-D188	NIRSCWAMPLITUDE	249	188	830	n/a	7.8125
S250-D188	NIRSCWAMPLITUDE	250	188	830	n/a	7.8125
S59-D189	NIRSCWAMPLITUDE	59	189	830	n/a	7.8125
S60-D189	NIRSCWAMPLITUDE	60	189	830	n/a	7.8125
S65-D189	NIRSCWAMPLITUDE	65	189	830	n/a	7.8125
S69-D189	NIRSCWAMPLITUDE	69	189	830	n/a	7.8125
S70-D189	NIRSCWAMPLITUDE	70	189	830	n/a	7.8125
S73-D189	NIRSCWAMPLITUDE	73	189	830	n/a	7.8125
S74-D189	NIRSCWAMPLITUDE	74	189	830	n/a	7.8125
S75-D189	NIRSCWAMPLITUDE	75	189	830	n/a	7.8125
S78-D189	NIRSCWAMPLITUDE	78	189	830	n/a	7.8125
S79-D189	NIRSCWAMPLITUDE	79	189	830	n/a	7.8125
S80-D189	NIRSCWAMPLITUDE	80	189	830	n/a	7.8125
S81-D189	NIRSCWAMPLITUDE	81	189	830	n/a	7.8125
S84-D189	NIRSCWAMPLITUDE	84	189	830	n/a	7.8125
S85-D189	NIRSCWAMPLITUDE	85	189	830	n/a	7.8125
S86-D189	NIRSCWAMPLITUDE	86	189	830	n/a	7.8125
S87-D189	NIRSCWAMPLITUDE	87	189	830	n/a	7.8125
S90-D189	NIRSCWAMPLITUDE	90	189	830	n/a	7.8125
S91-D189	NIRSCWAMPLITUDE	91	189	830	n/a	7.8125
S92-D189	NIRSCWAMPLITUDE	92	189	830	n/a	7.8125
S93-D189	NIRSCWAMPLITUDE	93	189	830	n/a	7.8125
S97-D189	NIRSCWAMPLITUDE	97	189	830	n/a	7.8125
S98-D189	NIRSCWAMPLITUDE	98	189	830	n/a	7.8125
S99-D189	NIRSCWAMPLITUDE	99	189	830	n/a	7.8125
S103-D189	NIRSCWAMPLITUDE	103	189	830	n/a	7.8125
S104-D189	NIRSCWAMPLITUDE	104	189	830	n/a	7.8125
S105-D189	NIRSCWAMPLITUDE	105	189	830	n/a	7.8125
S110-D189	NIRSCWAMPLITUDE	110	189	830	n/a	7.8125
S111-D189	NIRSCWAMPLITUDE	111	189	830	n/a	7.8125
S117-D189	NIRSCWAMPLITUDE	117	189	830	n/a	7.8125
S193-D189	NIRSCWAMPLITUDE	193	189	830	n/a	7.8125
S194-D189	NIRSCWAMPLITUDE	194	189	830	n/a	7.8125
S195-D189	NIRSCWAMPLITUDE	195	189	830	n/a	7.8125
S198-D189	NIRSCWAMPLITUDE	198	189	830	n/a	7.8125
S199-D189	NIRSCWAMPLITUDE	199	189	830	n/a	7.8125
S200-D189	NIRSCWAMPLITUDE	200	189	830	n/a	7.8125
S208-D189	NIRSCWAMPLITUDE	208	189	830	n/a	7.8125
S209-D189	NIRSCWAMPLITUDE	209	189	830	n/a	7.8125
S210-D189	NIRSCWAMPLITUDE	210	189	830	n/a	7.8125
S219-D189	NIRSCWAMPLITUDE	219	189	830	n/a	7.8125
S220-D189	NIRSCWAMPLITUDE	220	189	830	n/a	7.8125
S221-D189	NIRSCWAMPLITUDE	221	189	830	n/a	7.8125
S222-D189	NIRSCWAMPLITUDE	222	189	830	n/a	7.8125
S230-D189	NIRSCWAMPLITUDE	230	189	830	n/a	7.8125
S231-D189	NIRSCWAMPLITUDE	231	189	830	n/a	7.8125
S241-D189	NIRSCWAMPLITUDE	241	189	830	n/a	7.8125
S242-D189	NIRSCWAMPLITUDE	242	189	830	n/a	7.8125
S251-D189	NIRSCWAMPLITUDE	251	189	830	n/a	7.8125
S70-D190	NIRSCWAMPLITUDE	70	190	830	n/a	7.8125
S74-D190	NIRSCWAMPLITUDE	74	190	830	n/a	7.8125
S75-D190	NIRSCWAMPLITUDE	75	190	830	n/a	7.8125
S79-D190	NIRSCWAMPLITUDE	79	190	830	n/a	7.8125
S80-D190	NIRSCWAMPLITUDE	80	190	830	n/a	7.8125
S81-D190	NIRSCWAMPLITUDE	81	190	830	n/a	7.8125
S85-D190	NIRSCWAMPLITUDE	85	190	830	n/a	7.8125
S86-D190	NIRSCWAMPLITUDE	86	190	830	n/a	7.8125
S87-D190	NIRSCWAMPLITUDE	87	190	830	n/a	7.8125
S91-D190	NIRSCWAMPLITUDE	91	190	830	n/a	7.8125
S92-D190	NIRSCWAMPLITUDE	92	190	830	n/a	7.8125
S93-D190	NIRSCWAMPLITUDE	93	190	830	n/a	7.8125
S96-D190	NIRSCWAMPLITUDE	96	190	830	n/a	7.8125
S97-D190	NIRSCWAMPLITUDE	97	190	830	n/a	7.8125
S98-D190	NIRSCWAMPLITUDE	98	190	830	n/a	7.8125
S99-D190	NIRSCWAMPLITUDE	99	190	830	n/a	7.8125
S103-D190	NIRSCWAMPLITUDE	103	190	830	n/a	7.8125
S104-D190	NIRSCWAMPLITUDE	104	190	830	n/a	7.8125
S105-D190	NIRSCWAMPLITUDE	105	190	830	n/a	7.8125
S109-D190	NIRSCWAMPLITUDE	109	190	830	n/a	7.8125
S110-D190	NIRSCWAMPLITUDE	110	190	830	n/a	7.8125
S111-D190	NIRSCWAMPLITUDE	111	190	830	n/a	7.8125
S115-D190	NIRSCWAMPLITUDE	115	190	830	n/a	7.8125
S116-D190	NIRSCWAMPLITUDE	116	190	830	n/a	7.8125
S117-D190	NIRSCWAMPLITUDE	117	190	830	n/a	7.8125
S122-D190	NIRSCWAMPLITUDE	122	190	830	n/a	7.8125
S193-D190	NIRSCWAMPLITUDE	193	190	830	n/a	7.8125
S194-D190	NIRSCWAMPLITUDE	194	190	830	n/a	7.8125
S195-D190	NIRSCWAMPLITUDE	195	190	830	n/a	7.8125
S198-D190	NIRSCWAMPLITUDE	198	190	830	n/a	7.8125
S199-D190	NIRSCWAMPLITUDE	199	190	830	n/a	7.8125
S200-D190	NIRSCWAMPLITUDE	200	190	830	n/a	7.8125
S208-D190	NIRSCWAMPLITUDE	208	190	830	n/a	7.8125
S209-D190	NIRSCWAMPLITUDE	209	190	830	n/a	7.8125
S210-D190	NIRSCWAMPLITUDE	210	190	830	n/a	7.8125
S219-D190	NIRSCWAMPLITUDE	219	190	830	n/a	7.8125
S220-D190	NIRSCWAMPLITUDE	220	190	830	n/a	7.8125
S221-D190	NIRSCWAMPLITUDE	221	190	830	n/a	7.8125
S222-D190	NIRSCWAMPLITUDE	222	190	830	n/a	7.8125
S230-D190	NIRSCWAMPLITUDE	230	190	830	n/a	7.8125
S231-D190	NIRSCWAMPLITUDE	231	190	830	n/a	7.8125
S232-D190	NIRSCWAMPLITUDE	232	190	830	n/a	7.8125
S241-D190	NIRSCWAMPLITUDE	241	190	830	n/a	7.8125
S242-D190	NIRSCWAMPLITUDE	242	190	830	n/a	7.8125
S243-D190	NIRSCWAMPLITUDE	243	190	830	n/a	7.8125
S251-D190	NIRSCWAMPLITUDE	251	190	830	n/a	7.8125
S252-D190	NIRSCWAMPLITUDE	252	190	830	n/a	7.8125
S47-D191	NIRSCWAMPLITUDE	47	191	830	n/a	7.8125
S48-D191	NIRSCWAMPLITUDE	48	191	830	n/a	7.8125
S52-D191	NIRSCWAMPLITUDE	52	191	830	n/a	7.8125
S53-D191	NIRSCWAMPLITUDE	53	191	830	n/a	7.8125
S54-D191	NIRSCWAMPLITUDE	54	191	830	n/a	7.8125
S58-D191	NIRSCWAMPLITUDE	58	191	830	n/a	7.8125
S59-D191	NIRSCWAMPLITUDE	59	191	830	n/a	7.8125
S60-D191	NIRSCWAMPLITUDE	60	191	830	n/a	7.8125
S65-D191	NIRSCWAMPLITUDE	65	191	830	n/a	7.8125
S69-D191	NIRSCWAMPLITUDE	69	191	830	n/a	7.8125
S70-D191	NIRSCWAMPLITUDE	70	191	830	n/a	7.8125
S74-D191	NIRSCWAMPLITUDE	74	191	830	n/a	7.8125
S75-D191	NIRSCWAMPLITUDE	75	191	830	n/a	7.8125
S80-D191	NIRSCWAMPLITUDE	80	191	830	n/a	7.8125
S81-D191	NIRSCWAMPLITUDE	81	191	830	n/a	7.8125
S86-D191	NIRSCWAMPLITUDE	86	191	830	n/a	7.8125
S87-D191	NIRSCWAMPLITUDE	87	191	830	n/a	7.8125
S93-D191	NIRSCWAMPLITUDE	93	191	830	n/a	7.8125
S99-D191	NIRSCWAMPLITUDE	99	191	830	n/a	7.8125
S193-D191	NIRSCWAMPLITUDE	193	191	830	n/a	7.8125
S194-D191	NIRSCWAMPLITUDE	194	191	830	n/a	7.8125
S195-D191	NIRSCWAMPLITUDE	195	191	830	n/a	7.8125
S196-D191	NIRSCWAMPLITUDE	196	191	830	n/a	7.8125
S197-D191	NIRSCWAMPLITUDE	197	191	830	n/a	7.8125
S198-D191	NIRSCWAMPLITUDE	198	191	830	n/a	7.8125
S199-D191	NIRSCWAMPLITUDE	199	191	830	n/a	7.8125
S200-D191	NIRSCWAMPLITUDE	200	191	830	n/a	7.8125
S201-D191	NIRSCWAMPLITUDE	201	191	830	n/a	7.8125
S202-D191	NIRSCWAMPLITUDE	202	191	830	n/a	7.8125
S208-D191	NIRSCWAMPLITUDE	208	191	830	n/a	7.8125
S209-D191	NIRSCWAMPLITUDE	209	191	830	n/a	7.8125
S210-D191	NIRSCWAMPLITUDE	210	191	830	n/a	7.8125
S211-D191	NIRSCWAMPLITUDE	211	191	830	n/a	7.8125
S212-D191	NIRSCWAMPLITUDE	212	191	830	n/a	7.8125
S219-D191	NIRSCWAMPLITUDE	219	191	830	n/a	7.8125
S220-D191	NIRSCWAMPLITUDE	220	191	830	n/a	7.8125
S221-D191	NIRSCWAMPLITUDE	221	191	830	n/a	7.8125
S222-D191	NIRSCWAMPLITUDE	222	191	830	n/a	7.8125
S223-D191	NIRSCWAMPLITUDE	223	191	830	n/a	7.8125
S230-D191	NIRSCWAMPLITUDE	230	191	830	n/a	7.8125
S231-D191	NIRSCWAMPLITUDE	231	191	830	n/a	7.8125
S232-D191	NIRSCWAMPLITUDE	232	191	830	n/a	7.8125
S251-D191	NIRSCWAMPLITUDE	251	191	830	n/a	7.8125
S42-D192	NIRSCWAMPLITUDE	42	192	830	n/a	7.8125
S47-D192	NIRSCWAMPLITUDE	47	192	830	n/a	7.8125
S48-D192	NIRSCWAMPLITUDE	48	192	830	n/a	7.8125
S52-D192	NIRSCWAMPLITUDE	52	192	830	n/a	7.8125
S53-D192	NIRSCWAMPLITUDE	53	192	830	n/a	7.8125
S54-D192	NIRSCWAMPLITUDE	54	192	830	n/a	7.8125
S58-D192	NIRSCWAMPLITUDE	58	192	830	n/a	7.8125
S59-D192	NIRSCWAMPLITUDE	59	192	830	n/a	7.8125
S60-D192	NIRSCWAMPLITUDE	60	192	830	n/a	7.8125
S65-D192	NIRSCWAMPLITUDE	65	192	830	n/a	7.8125
S70-D192	NIRSCWAMPLITUDE	70	192	830	n/a	7.8125
S75-D192	NIRSCWAMPLITUDE	75	192	830	n/a	7.8125
S81-D192	NIRSCWAMPLITUDE	81	192	830	n/a	7.8125
S87-D192	NIRSCWAMPLITUDE	87	192	830	n/a	7.8125
S193-D192	NIRSCWAMPLITUDE	193	192	830	n/a	7.8125
S194-D192	NIRSCWAMPLITUDE	194	192	830	n/a	7.8125
S195-D192	NIRSCWAMPLITUDE	195	192	830	n/a	7.8125
S196-D192	NIRSCWAMPLITUDE	196	192	830	n/a	7.8125
S197-D192	NIRSCWAMPLITUDE	197	192	830	n/a	7.8125
S198-D192	NIRSCWAMPLITUDE	198	192	830	n/a	7.8125
S199-D192	NIRSCWAMPLITUDE	199	192	830	n/a	7.8125
S200-D192	NIRSCWAMPLITUDE	200	192	830	n/a	7.8125
S201-D192	NIRSCWAMPLITUDE	201	192	830	n/a	7.8125
S202-D192	NIRSCWAMPLITUDE	202	192	830	n/a	7.8125
S203-D192	NIRSCWAMPLITUDE	203	192	830	n/a	7.8125
S208-D192	NIRSCWAMPLITUDE	208	192	830	n/a	7.8125
S209-D192	NIRSCWAMPLITUDE	209	192	830	n/a	7.8125
S210-D192	NIRSCWAMPLITUDE	210	192	830	n/a	7.8125
S211-D192	NIRSCWAMPLITUDE	211	192	830	n/a	7.8125
S212-D192	NIRSCWAMPLITUDE	212	192	830	n/a	7.8125
S213-D192	NIRSCWAMPLITUDE	213	192	830	n/a	7.8125
S219-D192	NIRSCWAMPLITUDE	219	192	830	n/a	7.8125
S220-D192	NIRSCWAMPLITUDE	220	192	830	n/a	7.8125
S221-D192	NIRSCWAMPLITUDE	221	192	830	n/a	7.8125
S222-D192	NIRSCWAMPLITUDE	222	192	830	n/a	7.8125
S223-D192	NIRSCWAMPLITUDE	223	192	830	n/a	7.8125
S224-D192	NIRSCWAMPLITUDE	224	192	830	n/a	7.8125
S230-D192	NIRSCWAMPLITUDE	230	192	830	n/a	7.8125
S231-D192	NIRSCWAMPLITUDE	231	192	830	n/a	7.8125
S232-D192	NIRSCWAMPLITUDE	232	192	830	n/a	7.8125
S233-D192	NIRSCWAMPLITUDE	233	192	830	n/a	7.8125
S251-D192	NIRSCWAMPLITUDE	251	192	830	n/a	7.8125
S36-D193	NIRSCWAMPLITUDE	36	193	830	n/a	7.8125
S41-D193	NIRSCWAMPLITUDE	41	193	830	n/a	7.8125
S42-D193	NIRSCWAMPLITUDE	42	193	830	n/a	7.8125
S47-D193	NIRSCWAMPLITUDE	47	193	830	n/a	7.8125
S48-D193	NIRSCWAMPLITUDE	48	193	830	n/a	7.8125
S52-D193	NIRSCWAMPLITUDE	52	193	830	n/a	7.8125
S53-D193	NIRSCWAMPLITUDE	53	193	830	n/a	7.8125
S54-D193	NIRSCWAMPLITUDE	54	193	830	n/a	7.8125
S58-D193	NIRSCWAMPLITUDE	58	193	830	n/a	7.8125
S59-D193	NIRSCWAMPLITUDE	59	193	830	n/a	7.8125
S60-D193	NIRSCWAMPLITUDE	60	193	830	n/a	7.8125
S193-D193	NIRSCWAMPLITUDE	193	193	830	n/a	7.8125
S194-D193	NIRSCWAMPLITUDE	194	193	830	n/a	7.8125
S195-D193	NIRSCWAMPLITUDE	195	193	830	n/a	7.8125
S196-D193	NIRSCWAMPLITUDE	196	193	830	n/a	7.8125
S197-D193	NIRSCWAMPLITUDE	197	193	830	n/a	7.8125
S198-D193	NIRSCWAMPLITUDE	198	193	830	n/a	7.8125
S199-D193	NIRSCWAMPLITUDE	199	193	830	n/a	7.8125
S200-D193	NIRSCWAMPLITUDE	200	193	830	n/a	7.8125
S201-D193	NIRSCWAMPLITUDE	201	193	830	n/a	7.8125
S202-D193	NIRSCWAMPLITUDE	202	193	830	n/a	7.8125
S203-D193	NIRSCWAMPLITUDE	203	193	830	n/a	7.8125
S204-D193	NIRSCWAMPLITUDE	204	193	830	n/a	7.8125
S208-D193	NIRSCWAMPLITUDE	208	193	830	n/a	7.8125
S209-D193	NIRSCWAMPLITUDE	209	193	830	n/a	7.8125
S210-D193	NIRSCWAMPLITUDE	210	193	830	n/a	7.8125
S211-D193	NIRSCWAMPLITUDE	211	193	830	n/a	7.8125
S212-D193	NIRSCWAMPLITUDE	212	193	830	n/a	7.8125
S213-D193	NIRSCWAMPLITUDE	213	193	830	n/a	7.8125
S214-D193	NIRSCWAMPLITUDE	214	193	830	n/a	7.8125
S219-D193	NIRSCWAMPLITUDE	219	193	830	n/a	7.8125
S220-D193	NIRSCWAMPLITUDE	220	193	830	n/a	7.8125
S221-D193	NIRSCWAMPLITUDE	221	193	830	n/a	7.8125
S222-D193	NIRSCWAMPLITUDE	222	193	830	n/a	7.8125
S223-D193	NIRSCWAMPLITUDE	223	193	830	n/a	7.8125
S224-D193	NIRSCWAMPLITUDE	224	193	830	n/a	7.8125
S225-D193	NIRSCWAMPLITUDE	225	193	830	n/a	7.8125
S230-D193	NIRSCWAMPLITUDE	230	193	830	n/a	7.8125
S231-D193	NIRSCWAMPLITUDE	231	193	830	n/a	7.8125
S232-D193	NIRSCWAMPLITUDE	232	193	830	n/a	7.8125
S233-D193	NIRSCWAMPLITUDE	233	193	830	n/a	7.8125
S234-D193	NIRSCWAMPLITUDE	234	193	830	n/a	7.8125
S235-D193	NIRSCWAMPLITUDE	235	193	830	n/a	7.8125
S30-D194	NIRSCWAMPLITUDE	30	194	830	n/a	7.8125
S35-D194	NIRSCWAMPLITUDE	35	194	830	n/a	7.8125
S36-D194	NIRSCWAMPLITUDE	36	194	830	n/a	7.8125
S41-D194	NIRSCWAMPLITUDE	41	194	830	n/a	7.8125
S42-D194	NIRSCWAMPLITUDE	42	194	830	n/a	7.8125
S47-D194	NIRSCWAMPLITUDE	47	194	830	n/a	7.8125
S48-D194	NIRSCWAMPLITUDE	48	194	830	n/a	7.8125
S53-D194	NIRSCWAMPLITUDE	53	194	830	n/a	7.8125
S54-D194	NIRSCWAMPLITUDE	54	194	830	n/a	7.8125
S59-D194	NIRSCWAMPLITUDE	59	194	830	n/a	7.8125
S60-D194	NIRSCWAMPLITUDE	60	194	830	n/a	7.8125
S194-D194	NIRSCWAMPLITUDE	194	194	830	n/a	7.8125
S195-D194	NIRSCWAMPLITUDE	195	194	830	n/a	7.8125
S196-D194	NIRSCWAMPLITUDE	196	194	830	n/a	7.8125
S197-D194	NIRSCWAMPLITUDE	197	194	830	n/a	7.8125
S198-D194	NIRSCWAMPLITUDE	198	194	830	n/a	7.8125
S199-D194	NIRSCWAMPLITUDE	199	194	830	n/a	7.8125
S200-D194	NIRSCWAMPLITUDE	200	194	830	n/a	7.8125
S201-D194	NIRSCWAMPLITUDE	201	194	830	n/a	7.8125
S202-D194	NIRSCWAMPLITUDE	202	194	830	n/a	7.8125
S203-D194	NIRSCWAMPLITUDE	203	194	830	n/a	7.8125
S204-D194	NIRSCWAMPLITUDE	204	194	830	n/a	7.8125
S205-D194	NIRSCWAMPLITUDE	205	194	830	n/a	7.8125
S208-D194	NIRSCWAMPLITUDE	208	194	830	n/a	7.8125
S209-D194	NIRSCWAMPLITUDE	209	194	830	n/a	7.8125
S210-D194	NIRSCWAMPLITUDE	210	194	830	n/a	7.8125
S211-D194	NIRSCWAMPLITUDE	211	194	830	n/a	7.8125
S212-D194	NIRSCWAMPLITUDE	212	194	830	n/a	7.8125
S213-D194	NIRSCWAMPLITUDE	213	194	830	n/a	7.8125
S214-D194	NIRSCWAMPLITUDE	214	194	830	n/a	7.8125
S215-D194	NIRSCWAMPLITUDE	215	194	830	n/a	7.8125
S220-D194	NIRSCWAMPLITUDE	220	194	830	n/a	7.8125
S221-D194	NIRSCWAMPLITUDE	221	194	830	n/a	7.8125
S222-D194	NIRSCWAMPLITUDE	222	194	830	n/a	7.8125
S223-D194	NIRSCWAMPLITUDE	223	194	830	n/a	7.8125
S224-D194	NIRSCWAMPLITUDE	224	194	830	n/a	7.8125
S225-D194	NIRSCWAMPLITUDE	225	194	830	n/a	7.8125
S226-D194	NIRSCWAMPLITUDE	226	194	830	n/a	7.8125
S227-D194	NIRSCWAMPLITUDE	227	194	830	n/a	7.8125
S231-D194	NIRSCWAMPLITUDE	231	194	830	n/a	7.8125
S232-D194	NIRSCWAMPLITUDE	232	194	830	n/a	7.8125
S233-D194	NIRSCWAMPLITUDE	233	194	830	n/a	7.8125
S234-D194	NIRSCWAMPLITUDE	234	194	830	n/a	7.8125
S235-D194	NIRSCWAMPLITUDE	235	194	830	n/a	7.8125
S236-D194	NIRSCWAMPLITUDE	236	194	830	n/a	7.8125
S24-D195	NIRSCWAMPLITUDE	24	195	830	n/a	7.8125
S29-D195	NIRSCWAMPLITUDE	29	195	830	n/a	7.8125
S30-D195	NIRSCWAMPLITUDE	30	195	830	n/a	7.8125
S35-D195	NIRSCWAMPLITUDE	35	195	830	n/a	7.8125
S36-D195	NIRSCWAMPLITUDE	36	195	830	n/a	7.8125
S41-D195	NIRSCWAMPLITUDE	41	195	830	n/a	7.8125
S42-D195	NIRSCWAMPLITUDE	42	195	830	n/a	7.8125
S47-D195	NIRSCWAMPLITUDE	47	195	830	n/a	7.8125
S48-D195	NIRSCWAMPLITUDE	48	195	830	n/a	7.8125
S53-D195	NIRSCWAMPLITUDE	53	195	830	n/a	7.8125
S54-D195	NIRSCWAMPLITUDE	54	195	830	n/a	7.8125
S59-D195	NIRSCWAMPLITUDE	59	195	830	n/a	7.8125
S60-D195	NIRSCWAMPLITUDE	60	195	830	n/a	7.8125
S194-D195	NIRSCWAMPLITUDE	194	195	830	n/a	7.8125
S195-D195	NIRSCWAMPLITUDE	195	195	830	n/a	7.8125
S196-D195	NIRSCWAMPLITUDE	196	195	830	n/a	7.8125
S197-D195	NIRSCWAMPLITUDE	197	195	830	n/a	7.8125
S199-D195	NIRSCWAMPLITUDE	199	195	830	n/a	7.8125
S200-D195	NIRSCWAMPLITUDE	200	195	830	n/a	7.8125
S201-D195	NIRSCWAMPLITUDE	201	195	830	n/a	7.8125
S202-D195	NIRSCWAMPLITUDE	202	195	830	n/a	7.8125
S203-D195	NIRSCWAMPLITUDE	203	195	830	n/a	7.8125
S204-D195	NIRSCWAMPLITUDE	204	195	830	n/a	7.8125
S205-D195	NIRSCWAMPLITUDE	205	195	830	n/a	7.8125
S206-D195	NIRSCWAMPLITUDE	206	195	830	n/a	7.8125
S209-D195	NIRSCWAMPLITUDE	209	195	830	n/a	7.8125
S210-D195	NIRSCWAMPLITUDE	210	195	830	n/a	7.8125
S211-D195	NIRSCWAMPLITUDE	211	195	830	n/a	7.8125
S212-D195	NIRSCWAMPLITUDE	212	195	830	n/a	7.8125
S213-D195	NIRSCWAMPLITUDE	213	195	830	n/a	7.8125
S214-D195	NIRSCWAMPLITUDE	214	195	830	n/a	7.8125
S215-D195	NIRSCWAMPLITUDE	215	195	830	n/a	7.8125
S216-D195	NIRSCWAMPLITUDE	216	195	830	n/a	7.8125
S221-D195	NIRSCWAMPLITUDE	221	195	830	n/a	7.8125
S222-D195	NIRSCWAMPLITUDE	222	195	830	n/a	7.8125
S223-D195	NIRSCWAMPLITUDE	223	195	830	n/a	7.8125
S224-D195	NIRSCWAMPLITUDE	224	195	830	n/a	7.8125
S225-D195	NIRSCWAMPLITUDE	225	195	830	n/a	7.8125
S226-D195	NIRSCWAMPLITUDE	226	195	830	n/a	7.8125
S227-D195	NIRSCWAMPLITUDE	227	195	830	n/a	7.8125
S228-D195	NIRSCWAMPLITUDE	228	195	830	n/a	7.8125
S233-D195	NIRSCWAMPLITUDE	233	195	830	n/a	7.8125
S234-D195	NIRSCWAMPLITUDE	234	195	830	n/a	7.8125
S235-D195	NIRSCWAMPLITUDE	235	195	830	n/a	7.8125
S236-D195	NIRSCWAMPLITUDE	236	195	830	n/a	7.8125
S237-D195	NIRSCWAMPLITUDE	237	195	830	n/a	7.8125
S12-D196	NIRSCWAMPLITUDE	12	196	830	n/a	7.8125
S17-D196	NIRSCWAMPLITUDE	17	196	830	n/a	7.8125
S18-D196	NIRSCWAMPLITUDE	18	196	830	n/a	7.8125
S23-D196	NIRSCWAMPLITUDE	23	196	830	n/a	7.8125
S24-D196	NIRSCWAMPLITUDE	24	196	830	n/a	7.8125
S28-D196	NIRSCWAMPLITUDE	28	196	830	n/a	7.8125
S29-D196	NIRSCWAMPLITUDE	29	196	830	n/a	7.8125
S30-D196	NIRSCWAMPLITUDE	30	196	830	n/a	7.8125
S34-D196	NIRSCWAMPLITUDE	34	196	830	n/a	7.8125
S35-D196	NIRSCWAMPLITUDE	35	196	830	n/a	7.8125
S36-D196	NIRSCWAMPLITUDE	36	196	830	n/a	7.8125
S40-D196	NIRSCWAMPLITUDE	40	196	830	n/a	7.8125
S41-D196	NIRSCWAMPLITUDE	41	196	830	n/a	7.8125
S42-D196	NIRSCWAMPLITUDE	42	196	830	n/a	7.8125
S47-D196	NIRSCWAMPLITUDE	47	196	830	n/a	7.8125
S48-D196	NIRSCWAMPLITUDE	48	196	830	n/a	7.8125
S53-D196	NIRSCWAMPLITUDE	53	196	830	n/a	7.8125
S54-D196	NIRSCWAMPLITUDE	54	196	830	n/a	7.8125
S60-D196	NIRSCWAMPLITUDE	60	196	830	n/a	7.8125
S195-D196	NIRSCWAMPLITUDE	195	196	830	n/a	7.8125
S196-D196	NIRSCWAMPLITUDE	196	196	830	n/a	7.8125
S197-D196	NIRSCWAMPLITUDE	197	196	830	n/a	7.8125
S200-D196	NIRSCWAMPLITUDE	200	196	830	n/a	7.8125
S201-D196	NIRSCWAMPLITUDE	201	196	830	n/a	7.8125
S202-D196	NIRSCWAMPLITUDE	202	196	830	n/a	7.8125
S203-D196	NIRSCWAMPLITUDE	203	196	830	n/a	7.8125
S204-D196	NIRSCWAMPLITUDE	204	196	830	n/a	7.8125
S205-D196	NIRSCWAMPLITUDE	205	196	830	n/a	7.8125
S206-D196	NIRSCWAMPLITUDE	206	196	830	n/a	7.8125
S207-D196	NIRSCWAMPLITUDE	207	196	830	n/a	7.8125
S210-D196	NIRSCWAMPLITUDE	210	196	830	n/a	7.8125
S211-D196	NIRSCWAMPLITUDE	211	196	830	n/a	7.8125
S212-D196	NIRSCWAMPLITUDE	212	196	830	n/a	7.8125
S213-D196	NIRSCWAMPLITUDE	213	196	830	n/a	7.8125
S214-D196	NIRSCWAMPLITUDE	214	196	830	n/a	7.8125
S215-D196	NIRSCWAMPLITUDE	215	196	830	n/a	7.8125
S216-D196	NIRSCWAMPLITUDE	216	196	830	n/a	7.8125
S217-D196	NIRSCWAMPLITUDE	217	196	830	n/a	7.8125
S223-D196	NIRSCWAMPLITUDE	223	196	830	n/a	7.8125
S224-D196	NIRSCWAMPLITUDE	224	196	830	n/a	7.8125
S225-D196	NIRSCWAMPLITUDE	225	196	830	n/a	7.8125
S226-D196	NIRSCWAMPLITUDE	226	196	830	n/a	7.8125
S227-D196	NIRSCWAMPLITUDE	227	196	830	n/a	7.8125
S228-D196	NIRSCWAMPLITUDE	228	196	830	n/a	7.8125
S229-D196	NIRSCWAMPLITUDE	229	196	830	n/a	7.8125
S234-D196	NIRSCWAMPLITUDE	234	196	830	n/a	7.8125
S235-D196	NIRSCWAMPLITUDE	235	196	830	n/a	7.8125
S236-D196	NIRSCWAMPLITUDE	236	196	830	n/a	7.8125
S237-D196	NIRSCWAMPLITUDE	237	196	830	n/a	7.8125
S238-D196	NIRSCWAMPLITUDE	238	196	830	n/a	7.8125
S6-D197	NIRSCWAMPLITUDE	6	197	830	n/a	7.8125
S11-D197	NIRSCWAMPLITUDE	11	197	830	n/a	7.8125
S12-D197	NIRSCWAMPLITUDE	12	197	830	n/a	7.8125
S16-D197	NIRSCWAMPLITUDE	16	197	830	n/a	7.8125
S17-D197	NIRSCWAMPLITUDE	17	197	830	n/a	7.8125
S18-D197	NIRSCWAMPLITUDE	18	197	830	n/a	7.8125
S22-D197	NIRSCWAMPLITUDE	22	197	830	n/a	7.8125
S23-D197	NIRSCWAMPLITUDE	23	197	830	n/a	7.8125
S24-D197	NIRSCWAMPLITUDE	24	197	830	n/a	7.8125
S28-D197	NIRSCWAMPLITUDE	28	197	830	n/a	7.8125
S29-D197	NIRSCWAMPLITUDE	29	197	830	n/a	7.8125
S30-D197	NIRSCWAMPLITUDE	30	197	830	n/a	7.8125
S34-D197	NIRSCWAMPLITUDE	34	197	830	n/a	7.8125
S35-D197	NIRSCWAMPLITUDE	35	197	830	n/a	7.8125
S36-D197	NIRSCWAMPLITUDE	36	197	830	n/a	7.8125
S40-D197	NIRSCWAMPLITUDE	40	197	830	n/a	7.8125
S41-D197	NIRSCWAMPLITUDE	41	197	830	n/a	7.8125
S42-D197	NIRSCWAMPLITUDE	42	197	830	n/a	7.8125
S47-D197	NIRSCWAMPLITUDE	47	197	830	n/a	7.8125
S48-D197	NIRSCWAMPLITUDE	48	197	830	n/a	7.8125
S54-D197	NIRSCWAMPLITUDE	54	197	830	n/a	7.8125
S195-D197	NIRSCWAMPLITUDE	195	197	830	n/a	7.8125
S196-D197	NIRSCWAMPLITUDE	196	197	830	n/a	7.8125
S197-D197	NIRSCWAMPLITUDE	197	197	830	n/a	7.8125
S201-D197	NIRSCWAMPLITUDE	201	197	830	n/a	7.8125
S202-D197	NIRSCWAMPLITUDE	202	197	830	n/a	7.8125
S203-D197	NIRSCWAMPLITUDE	203	197	830	n/a	7.8125
S204-D197	NIRSCWAMPLITUDE	204	197	830	n/a	7.8125
S205-D197	NIRSCWAMPLITUDE	205	197	830	n/a	7.8125
S206-D197	NIRSCWAMPLITUDE	206	197	830	n/a	7.8125
S207-D197	NIRSCWAMPLITUDE	207	197	830	n/a	7.8125
S211-D197	NIRSCWAMPLITUDE	211	197	830	n/a	7.8125
S212-D197	NIRSCWAMPLITUDE	212	197	830	n/a	7.8125
S213-D197	NIRSCWAMPLITUDE	213	197	830	n/a	7.8125
S214-D197	NIRSCWAMPLITUDE	214	197	830	n/a	7.8125
S215-D197	NIRSCWAMPLITUDE	215	197	830	n/a	7.8125
S216-D197	NIRSCWAMPLITUDE	216	197	830	n/a	7.8125
S217-D197	NIRSCWAMPLITUDE	217	197	830	n/a	7.8125
S218-D197	NIRSCWAMPLITUDE	218	197	830	n/a	7.8125
S224-D197	NIRSCWAMPLITUDE	224	197	830	n/a	7.8125
S225-D197	NIRSCWAMPLITUDE	225	197	830	n/a	7.8125
S226-D197	NIRSCWAMPLITUDE	226	197	830	n/a	7.8125
S227-D197	NIRSCWAMPLITUDE	227	197	830	n/a	7.8125
S228-D197	NIRSCWAMPLITUDE	228	197	830	n/a	7.8125
S229-D197	NIRSCWAMPLITUDE	229	197	830	n/a	7.8125
S234-D197	NIRSCWAMPLITUDE	234	197	830	n/a	7.8125
S235-D197	NIRSCWAMPLITUDE	235	197	830	n/a	7.8125
S236-D197	NIRSCWAMPLITUDE	236	197	830	n/a	7.8125
S237-D197	NIRSCWAMPLITUDE	237	197	830	n/a	7.8125
S238-D197	NIRSCWAMPLITUDE	238	197	830	n/a	7.8125
S239-D197	NIRSCWAMPLITUDE	239	197	830	n/a	7.8125
S5-D198	NIRSCWAMPLITUDE	5	198	830	n/a	7.8125
S6-D198	NIRSCWAMPLITUDE	6	198	830	n/a	7.8125
S10-D198	NIRSCWAMPLITUDE	10	198	830	n/a	7.8125
S11-D198	NIRSCWAMPLITUDE	11	198	830	n/a	7.8125
S12-D198	NIRSCWAMPLITUDE	12	198	830	n/a	7.8125
S16-D198	NIRSCWAMPLITUDE	16	198	830	n/a	7.8125
S17-D198	NIRSCWAMPLITUDE	17	198	830	n/a	7.8125
S18-D198	NIRSCWAMPLITUDE	18	198	830	n/a	7.8125
S22-D198	NIRSCWAMPLITUDE	22	198	830	n/a	7.8125
S23-D198	NIRSCWAMPLITUDE	23	198	830	n/a	7.8125
S24-D198	NIRSCWAMPLITUDE	24	198	830	n/a	7.8125
S28-D198	NIRSCWAMPLITUDE	28	198	830	n/a	7.8125
S29-D198	NIRSCWAMPLITUDE	29	198	830	n/a	7.8125
S30-D198	NIRSCWAMPLITUDE	30	198	830	n/a	7.8125
S34-D198	NIRSCWAMPLITUDE	34	198	830	n/a	7.8125
S35-D198	NIRSCWAMPLITUDE	35	198	830	n/a	7.8125
S36-D198	NIRSCWAMPLITUDE	36	198	830	n/a	7.8125
S41-D198	NIRSCWAMPLITUDE	41	198	830	n/a	7.8125
S42-D198	NIRSCWAMPLITUDE	42	198	830	n/a	7.8125
S48-D198	NIRSCWAMPLITUDE	48	198	830	n/a	7.8125
S196-D198	NIRSCWAMPLITUDE	196	198	830	n/a	7.8125
S197-D198	NIRSCWAMPLITUDE	197	198	830	n/a	7.8125
S202-D198	NIRSCWAMPLITUDE	202	198	830	n/a	7.8125
S203-D198	NIRSCWAMPLITUDE	203	198	830	n/a	7.8125
S204-D198	NIRSCWAMPLITUDE	204	198	830	n/a	7.8125
S205-D198	NIRSCWAMPLITUDE	205	198	830	n/a	7.8125
S206-D198	NIRSCWAMPLITUDE	206	198	830	n/a	7.8125
S207-D198	NIRSCWAMPLITUDE	207	198	830	n/a	7.8125
S212-D198	NIRSCWAMPLITUDE	212	198	830	n/a	7.8125
S213-D198	NIRSCWAMPLITUDE	213	198	830	n/a	7.8125
S214-D198	NIRSCWAMPLITUDE	214	198	830	n/a	7.8125
S215-D198	NIRSCWAMPLITUDE	215	198	830	n/a	7.8125
S216-D198	NIRSCWAMPLITUDE	216	198	830	n/a	7.8125
S217-D198	NIRSCWAMPLITUDE	217	198	830	n/a	7.8125
S218-D198	NIRSCWAMPLITUDE	218	198	830	n/a	7.8125
S225-D198	NIRSCWAMPLITUDE	225	198	830	n/a	7.8125
S226-D198	NIRSCWAMPLITUDE	226	198	830	n/a	7.8125
S227-D198	NIRSCWAMPLITUDE	227	198	830	n/a	7.8125
S228-D198	NIRSCWAMPLITUDE	228	198	830	n/a	7.8125
S229-D198	NIRSCWAMPLITUDE	229	198	830	n/a	7.8125
S236-D198	NIRSCWAMPLITUDE	236	198	830	n/a	7.8125
S237-D198	NIRSCWAMPLITUDE	237	198	830	n/a	7.8125
S238-D198	NIRSCWAMPLITUDE	238	198	830	n/a	7.8125
S239-D198	NIRSCWAMPLITUDE	239	198	830	n/a	7.8125
S240-D198	NIRSCWAMPLITUDE	240	198	830	n/a	7.8125
S54-D199	NIRSCWAMPLITUDE	54	199	830	n/a	7.8125
S59-D199	NIRSCWAMPLITUDE	59	199	830	n/a	7.8125
S60-D199	NIRSCWAMPLITUDE	60	199	830	n/a	7.8125
S65-D199	NIRSCWAMPLITUDE	65	199	830	n/a	7.8125
S70-D199	NIRSCWAMPLITUDE	70	199	830	n/a	7.8125
S74-D199	NIRSCWAMPLITUDE	74	199	830	n/a	7.8125
S75-D199	NIRSCWAMPLITUDE	75	199	830	n/a	7.8125
S79-D199	NIRSCWAMPLITUDE	79	199	830	n/a	7.8125
S80-D199	NIRSCWAMPLITUDE	80	199	830	n/a	7.8125
S81-D199	NIRSCWAMPLITUDE	81	199	830	n/a	7.8125
S85-D199	NIRSCWAMPLITUDE	85	199	830	n/a	7.8125
S86-D199	NIRSCWAMPLITUDE	86	199	830	n/a	7.8125
S87-D199	NIRSCWAMPLITUDE	87	199	830	n/a	7.8125
S91-D199	NIRSCWAMPLITUDE	91	199	830	n/a	7.8125
S92-D199	NIRSCWAMPLITUDE	92	199	830	n/a	7.8125
S93-D199	NIRSCWAMPLITUDE	93	199	830	n/a	7.8125
S98-D199	NIRSCWAMPLITUDE	98	199	830	n/a	7.8125
S99-D199	NIRSCWAMPLITUDE	99	199	830	n/a	7.8125
S104-D199	NIRSCWAMPLITUDE	104	199	830	n/a	7.8125
S105-D199	NIRSCWAMPLITUDE	105	199	830	n/a	7.8125
S111-D199	NIRSCWAMPLITUDE	111	199	830	n/a	7.8125
S117-D199	NIRSCWAMPLITUDE	117	199	830	n/a	7.8125
S193-D199	NIRSCWAMPLITUDE	193	199	830	n/a	7.8125
S194-D199	NIRSCWAMPLITUDE	194	199	830	n/a	7.8125
S195-D199	NIRSCWAMPLITUDE	195	199	830	n/a	7.8125
S196-D199	NIRSCWAMPLITUDE	196	199	830	n/a	7.8125
S198-D199	NIRSCWAMPLITUDE	198	199	830	n/a	7.8125
S199-D199	NIRSCWAMPLITUDE	199	199	830	n/a	7.8125
S200-D199	NIRSCWAMPLITUDE	200	199	830	n/a	7.8125
S201-D199	NIRSCWAMPLITUDE	201	199	830	n/a	7.8125
S208-D199	NIRSCWAMPLITUDE	208	199	830	n/a	7.8125
S209-D199	NIRSCWAMPLITUDE	209	199	830	n/a	7.8125
S210-D199	NIRSCWAMPLITUDE	210	199	830	n/a	7.8125
S211-D199	NIRSCWAMPLITUDE	211	199	830	n/a	7.8125
S219-D199	NIRSCWAMPLITUDE	219	199	830	n/a	7.8125
S220-D199	NIRSCWAMPLITUDE	220	199	830	n/a	7.8125
S221-D199	NIRSCWAMPLITUDE	221	199	830	n/a	7.8125
S222-D199	NIRSCWAMPLITUDE	222	199	830	n/a	7.8125
S223-D199	NIRSCWAMPLITUDE	223	199	830	n/a	7.8125
S230-D199	NIRSCWAMPLITUDE	230	199	830	n/a	7.8125
S231-D199	NIRSCWAMPLITUDE	231	199	830	n/a	7.8125
S232-D199	NIRSCWAMPLITUDE	232	199	830	n/a	7.8125
S233-D199	NIRSCWAMPLITUDE	233	199	830	n/a	7.8125
S241-D199	NIRSCWAMPLITUDE	241	199	830	n/a	7.8125
S242-D199	NIRSCWAMPLITUDE	242	199	830	n/a	7.8125
S243-D199	NIRSCWAMPLITUDE	243	199	830	n/a	7.8125
S251-D199	NIRSCWAMPLITUDE	251	199	830	n/a	7.8125
S54-D200	NIRSCWAMPLITUDE	54	200	830	n/a	7.8125
S59-D200	NIRSCWAMPLITUDE	59	200	830	n/a	7.8125
S60-D200	NIRSCWAMPLITUDE	60	200	830	n/a	7.8125
S70-D200	NIRSCWAMPLITUDE	70	200	830	n/a	7.8125
S75-D200	NIRSCWAMPLITUDE	75	200	830	n/a	7.8125
S80-D200	NIRSCWAMPLITUDE	80	200	830	n/a	7.8125
S81-D200	NIRSCWAMPLITUDE	81	200	830	n/a	7.8125
S86-D200	NIRSCWAMPLITUDE	86	200	830	n/a	7.8125
S87-D200	NIRSCWAMPLITUDE	87	200	830	n/a	7.8125
S93-D200	NIRSCWAMPLITUDE	93	200	830	n/a	7.8125
S99-D200	NIRSCWAMPLITUDE	99	200	830	n/a	7.8125
S105-D200	NIRSCWAMPLITUDE	105	200	830	n/a	7.8125
S111-D200	NIRSCWAMPLITUDE	111	200	830	n/a	7.8125
S193-D200	NIRSCWAMPLITUDE	193	200	830	n/a	7.8125
S194-D200	NIRSCWAMPLITUDE	194	200	830	n/a	7.8125
S195-D200	NIRSCWAMPLITUDE	195	200	830	n/a	7.8125
S196-D200	NIRSCWAMPLITUDE	196	200	830	n/a	7.8125
S197-D200	NIRSCWAMPLITUDE	197	200	830	n/a	7.8125
S198-D200	NIRSCWAMPLITUDE	198	200	830	n/a	7.8125
S199-D200	NIRSCWAMPLITUDE	199	200	830	n/a	7.8125
S200-D200	NIRSCWAMPLITUDE	200	200	830	n/a	7.8125
S201-D200	NIRSCWAMPLITUDE	201	200	830	n/a	7.8125
S202-D200	NIRSCWAMPLITUDE	202	200	830	n/a	7.8125
S208-D200	NIRSCWAMPLITUDE	208	200	830	n/a	7.8125
S209-D200	NIRSCWAMPLITUDE	209	200	830	n/a	7.8125
S210-D200	NIRSCWAMPLITUDE	210	200	830	n/a	7.8125
S211-D200	NIRSCWAMPLITUDE	211	200	830	n/a	7.8125
S212-D200	NIRSCWAMPLITUDE	212	200	830	n/a	7.8125
S219-D200	NIRSCWAMPLITUDE	219	200	830	n/a	7.8125
S220-D200	NIRSCWAMPLITUDE	220	200	830	n/a	7.8125
S221-D200	NIRSCWAMPLITUDE	221	200	830	n/a	7.8125
S222-D200	NIRSCWAMPLITUDE	222	200	830	n/a	7.8125
S223-D200	NIRSCWAMPLITUDE	223	200	830	n/a	7.8125
S224-D200	NIRSCWAMPLITUDE	224	200	830	n/a	7.8125
S230-D200	NIRSCWAMPLITUDE	230	200	830	n/a	7.8125
S231-D200	NIRSCWAMPLITUDE	231	200	830	n/a	7.8125
S232-D200	NIRSCWAMPLITUDE	232	200	830	n/a	7.8125
S233-D200	NIRSCWAMPLITUDE	233	200	830	n/a	7.8125
S241-D200	NIRSCWAMPLITUDE	241	200	830	n/a	7.8125
S242-D200	NIRSCWAMPLITUDE	242	200	830	n/a	7.8125
S243-D200	NIRSCWAMPLITUDE	243	200	830	n/a	7.8125
S244-D200	NIRSCWAMPLITUDE	244	200	830	n/a	7.8125
S251-D200	NIRSCWAMPLITUDE	251	200	830	n/a	7.8125
S48-D201	NIRSCWAMPLITUDE	48	201	830	n/a	7.8125
S54-D201	NIRSCWAMPLITUDE	54	201	830	n/a	7.8125
S59-D201	NIRSCWAMPLITUDE	59	201	830	n/a	7.8125
S60-D201	NIRSCWAMPLITUDE	60	201	830	n/a	7.8125
S81-D201	NIRSCWAMPLITUDE	81	201	830	n/a	7.8125
S87-D201	NIRSCWAMPLITUDE	87	201	830	n/a	7.8125
S193-D201	NIRSCWAMPLITUDE	193	201	830	n/a	7.8125
S194-D201	NIRSCWAMPLITUDE	194	201	830	n/a	7.8125
S195-D201	NIRSCWAMPLITUDE	195	201	830	n/a	7.8125
S196-D201	NIRSCWAMPLITUDE	196	201	830	n/a	7.8125
S197-D201	NIRSCWAMPLITUDE	197	201	830	n/a	7.8125
S198-D201	NIRSCWAMPLITUDE	198	201	830	n/a	7.8125
S199-D201	NIRSCWAMPLITUDE	199	201	830	n/a	7.8125
S200-D201	NIRSCWAMPLITUDE	200	201	830	n/a	7.8125
S201-D201	NIRSCWAMPLITUDE	201	201	830	n/a	7.8125
S202-D201	NIRSCWAMPLITUDE	202	201	830	n/a	7.8125
S203-D201	NIRSCWAMPLITUDE	203	201	830	n/a	7.8125
S208-D201	NIRSCWAMPLITUDE	208	201	830	n/a	7.8125
S209-D201	NIRSCWAMPLITUDE	209	201	830	n/a	7.8125
S210-D201	NIRSCWAMPLITUDE	210	201	830	n/a	7.8125
S211-D201	NIRSCWAMPLITUDE	211	201	830	n/a	7.8125
S212-D201	NIRSCWAMPLITUDE	212	201	830	n/a	7.8125
S213-D201	NIRSCWAMPLITUDE	213	201	830	n/a	7.8125
S219-D201	NIRSCWAMPLITUDE	219	201	830	n/a	7.8125
S220-D201	NIRSCWAMPLITUDE	220	201	830	n/a	7.8125
S221-D201	NIRSCWAMPLITUDE	221	201	830	n/a	7.8125
S222-D201	NIRSCWAMPLITUDE	222	201	830	n/a	7.8125
S223-D201	NIRSCWAMPLITUDE	223	201	830	n/a	7.8125
S224-D201	NIRSCWAMPLITUDE	224	201	830	n/a	7.8125
S225-D201	NIRSCWAMPLITUDE	225	201	830	n/a	7.8125
S230-D201	NIRSCWAMPLITUDE	230	201	830	n/a	7.8125
S231-D201	NIRSCWAMPLITUDE	231	201	830	n/a	7.8125
S232-D201	NIRSCWAMPLITUDE	232	201	830	n/a	7.8125
S233-D201	NIRSCWAMPLITUDE	233	201	830	n/a	7.8125
S234-D201	NIRSCWAMPLITUDE	234	201	830	n/a	7.8125
S241-D201	NIRSCWAMPLITUDE	241	201	830	n/a	7.8125
S242-D201	NIRSCWAMPLITUDE	242	201	830	n/a	7.8125
S243-D201	NIRSCWAMPLITUDE	243	201	830	n/a	7.8125
S244-D201	NIRSCWAMPLITUDE	244	201	830	n/a	7.8125
S245-D201	NIRSCWAMPLITUDE	245	201	830	n/a	7.8125
S251-D201	NIRSCWAMPLITUDE	251	201	830	n/a	7.8125
S42-D202	NIRSCWAMPLITUDE	42	202	830	n/a	7.8125
S48-D202	NIRSCWAMPLITUDE	48	202	830	n/a	7.8125
S53-D202	NIRSCWAMPLITUDE	53	202	830	n/a	7.8125
S54-D202	NIRSCWAMPLITUDE	54	202	830	n/a	7.8125
S59-D202	NIRSCWAMPLITUDE	59	202	830	n/a	7.8125
S60-D202	NIRSCWAMPLITUDE	60	202	830	n/a	7.8125
S193-D202	NIRSCWAMPLITUDE	193	202	830	n/a	7.8125
S194-D202	NIRSCWAMPLITUDE	194	202	830	n/a	7.8125
S195-D202	NIRSCWAMPLITUDE	195	202	830	n/a	7.8125
S196-D202	NIRSCWAMPLITUDE	196	202	830	n/a	7.8125
S197-D202	NIRSCWAMPLITUDE	197	202	830	n/a	7.8125
S198-D202	NIRSCWAMPLITUDE	198	202	830	n/a	7.8125
S199-D202	NIRSCWAMPLITUDE	199	202	830	n/a	7.8125
S200-D202	NIRSCWAMPLITUDE	200	202	830	n/a	7.8125
S201-D202	NIRSCWAMPLITUDE	201	202	830	n/a	7.8125
S202-D202	NIRSCWAMPLITUDE	202	202	830	n/a	7.8125
S203-D202	NIRSCWAMPLITUDE	203	202	830	n/a	7.8125
S204-D202	NIRSCWAMPLITUDE	204	202	830	n/a	7.8125
S208-D202	NIRSCWAMPLITUDE	208	202	830	n/a	7.8125
S209-D202	NIRSCWAMPLITUDE	209	202	830	n/a	7.8125
S210-D202	NIRSCWAMPLITUDE	210	202	830	n/a	7.8125
S211-D202	NIRSCWAMPLITUDE	211	202	830	n/a	7.8125
S212-D202	NIRSCWAMPLITUDE	212	202	830	n/a	7.8125
S213-D202	NIRSCWAMPLITUDE	213	202	830	n/a	7.8125
S214-D202	NIRSCWAMPLITUDE	214	202	830	n/a	7.8125
S219-D202	NIRSCWAMPLITUDE	219	202	830	n/a	7.8125
S220-D202	NIRSCWAMPLITUDE	220	202	830	n/a	7.8125
S221-D202	NIRSCWAMPLITUDE	221	202	830	n/a	7.8125
S222-D202	NIRSCWAMPLITUDE	222	202	830	n/a	7.8125
S223-D202	NIRSCWAMPLITUDE	223	202	830	n/a	7.8125
S224-D202	NIRSCWAMPLITUDE	224	202	830	n/a	7.8125
S225-D202	NIRSCWAMPLITUDE	225	202	830	n/a	7.8125
S226-D202	NIRSCWAMPLITUDE	226	202	830	n/a	7.8125
S230-D202	NIRSCWAMPLITUDE	230	202	830	n/a	7.8125
S231-D202	NIRSCWAMPLITUDE	231	202	830	n/a	7.8125
S232-D202	NIRSCWAMPLITUDE	232	202	830	n/a	7.8125
S233-D202	NIRSCWAMPLITUDE	233	202	830	n/a	7.8125
S234-D202	NIRSCWAMPLITUDE	234	202	830	n/a	7.8125
S235-D202	NIRSCWAMPLITUDE	235	202	830	n/a	7.8125
S242-D202	NIRSCWAMPLITUDE	242	202	830	n/a	7.8125
S243-D202	NIRSCWAMPLITUDE	243	202	830	n/a	7.8125
S244-D202	NIRSCWAMPLITUDE	244	202	830	n/a	7.8125
S245-D202	NIRSCWAMPLITUDE	245	202	830	n/a	7.8125
S246-D202	NIRSCWAMPLITUDE	246	202	830	n/a	7.8125
S251-D202	NIRSCWAMPLITUDE	251	202	830	n/a	7.8125
S36-D203	NIRSCWAMPLITUDE	36	203	830	n/a	7.8125
S42-D203	NIRSCWAMPLITUDE	42	203	830	n/a	7.8125
S48-D203	NIRSCWAMPLITUDE	48	203	830	n/a	7.8125
S54-D203	NIRSCWAMPLITUDE	54	203	830	n/a	7.8125
S60-D203	NIRSCWAMPLITUDE	60	203	830	n/a	7.8125
S194-D203	NIRSCWAMPLITUDE	194	203	830	n/a	7.8125
S195-D203	NIRSCWAMPLITUDE	195	203	830	n/a	7.8125
S196-D203	NIRSCWAMPLITUDE	196	203	830	n/a	7.8125
S197-D203	NIRSCWAMPLITUDE	197	203	830	n/a	7.8125
S198-D203	NIRSCWAMPLITUDE	198	203	830	n/a	7.8125
S199-D203	NIRSCWAMPLITUDE	199	203	830	n/a	7.8125
S200-D203	NIRSCWAMPLITUDE	200	203	830	n/a	7.8125
S201-D203	NIRSCWAMPLITUDE	201	203	830	n/a	7.8125
S202-D203	NIRSCWAMPLITUDE	202	203	830	n/a	7.8125
S203-D203	NIRSCWAMPLITUDE	203	203	830	n/a	7.8125
S204-D203	NIRSCWAMPLITUDE	204	203	830	n/a	7.8125
S205-D203	NIRSCWAMPLITUDE	205	203	830	n/a	7.8125
S208-D203	NIRSCWAMPLITUDE	208	203	830	n/a	7.8125
S209-D203	NIRSCWAMPLITUDE	209	203	830	n/a	7.8125
S210-D203	NIRSCWAMPLITUDE	210	203	830	n/a	7.8125
S211-D203	NIRSCWAMPLITUDE	211	203	830	n/a	7.8125
S212-D203	NIRSCWAMPLITUDE	212	203	830	n/a	7.8125
S213-D203	NIRSCWAMPLITUDE	213	203	830	n/a	7.8125
S214-D203	NIRSCWAMPLITUDE	214	203	830	n/a	7.8125
S215-D203	NIRSCWAMPLITUDE	215	203	830	n/a	7.8125
S220-D203	NIRSCWAMPLITUDE	220	203	830	n/a	7.8125
S221-D203	NIRSCWAMPLITUDE	221	203	830	n/a	7.8125
S222-D203	NIRSCWAMPLITUDE	222	203	830	n/a	7.8125
S223-D203	NIRSCWAMPLITUDE	223	203	830	n/a	7.8125
S224-D203	NIRSCWAMPLITUDE	224	203	830	n/a	7.8125
S225-D203	NIRSCWAMPLITUDE	225	203	830	n/a	7.8125
S226-D203	NIRSCWAMPLITUDE	226	203	830	n/a	7.8125
S227-D203	NIRSCWAMPLITUDE	227	203	830	n/a	7.8125
S231-D203	NIRSCWAMPLITUDE	231	203	830	n/a	7.8125
S232-D203	NIRSCWAMPLITUDE	232	203	830	n/a	7.8125
S233-D203	NIRSCWAMPLITUDE	233	203	830	n/a	7.8125
S234-D203	NIRSCWAMPLITUDE	234	203	830	n/a	7.8125
S235-D203	NIRSCWAMPLITUDE	235	203	830	n/a	7.8125
S236-D203	NIRSCWAMPLITUDE	236	203	830	n/a	7.8125
S243-D203	NIRSCWAMPLITUDE	243	203	830	n/a	7.8125
S244-D203	NIRSCWAMPLITUDE	244	203	830	n/a	7.8125
S245-D203	NIRSCWAMPLITUDE	245	203	830	n/a	7.8125
S246-D203	NIRSCWAMPLITUDE	246	203	830	n/a	7.8125
S24-D204	NIRSCWAMPLITUDE	24	204	830	n/a	7.8125
S30-D204	NIRSCWAMPLITUDE	30	204	830	n/a	7.8125
S36-D204	NIRSCWAMPLITUDE	36	204	830	n/a	7.8125
S42-D204	NIRSCWAMPLITUDE	42	204	830	n/a	7.8125
S48-D204	NIRSCWAMPLITUDE	48	204	830	n/a	7.8125
S54-D204	NIRSCWAMPLITUDE	54	204	830	n/a	7.8125
S60-D204	NIRSCWAMPLITUDE	60	204	830	n/a	7.8125
S194-D204	NIRSCWAMPLITUDE	194	204	830	n/a	7.8125
S195-D204	NIRSCWAMPLITUDE	195	204	830	n/a	7.8125
S196-D204	NIRSCWAMPLITUDE	196	204	830	n/a	7.8125
S197-D204	NIRSCWAMPLITUDE	197	204	830	n/a	7.8125
S199-D204	NIRSCWAMPLITUDE	199	204	830	n/a	7.8125
S200-D204	NIRSCWAMPLITUDE	200	204	830	n/a	7.8125
S201-D204	NIRSCWAMPLITUDE	201	204	830	n/a	7.8125
S202-D204	NIRSCWAMPLITUDE	202	204	830	n/a	7.8125
S203-D204	NIRSCWAMPLITUDE	203	204	830	n/a	7.8125
S204-D204	NIRSCWAMPLITUDE	204	204	830	n/a	7.8125
S205-D204	NIRSCWAMPLITUDE	205	204	830	n/a	7.8125
S206-D204	NIRSCWAMPLITUDE	206	204	830	n/a	7.8125
S209-D204	NIRSCWAMPLITUDE	209	204	830	n/a	7.8125
S210-D204	NIRSCWAMPLITUDE	210	204	830	n/a	7.8125
S211-D204	NIRSCWAMPLITUDE	211	204	830	n/a	7.8125
S212-D204	NIRSCWAMPLITUDE	212	204	830	n/a	7.8125
S213-D204	NIRSCWAMPLITUDE	213	204	830	n/a	7.8125
S214-D204	NIRSCWAMPLITUDE	214	204	830	n/a	7.8125
S215-D204	NIRSCWAMPLITUDE	215	204	830	n/a	7.8125
S216-D204	NIRSCWAMPLITUDE	216	204	830	n/a	7.8125
S221-D204	NIRSCWAMPLITUDE	221	204	830	n/a	7.8125
S222-D204	NIRSCWAMPLITUDE	222	204	830	n/a	7.8125
S223-D204	NIRSCWAMPLITUDE	223	204	830	n/a	7.8125
S224-D204	NIRSCWAMPLITUDE	224	204	830	n/a	7.8125
S225-D204	NIRSCWAMPLITUDE	225	204	830	n/a	7.8125
S226-D204	NIRSCWAMPLITUDE	226	204	830	n/a	7.8125
S227-D204	NIRSCWAMPLITUDE	227	204	830	n/a	7.8125
S228-D204	NIRSCWAMPLITUDE	228	204	830	n/a	7.8125
S232-D204	NIRSCWAMPLITUDE	232	204	830	n/a	7.8125
S233-D204	NIRSCWAMPLITUDE	233	204	830	n/a	7.8125
S234-D204	NIRSCWAMPLITUDE	234	204	830	n/a	7.8125
S235-D204	NIRSCWAMPLITUDE	235	204	830	n/a	7.8125
S236-D204	NIRSCWAMPLITUDE	236	204	830	n/a	7.8125
S237-D204	NIRSCWAMPLITUDE	237	204	830	n/a	7.8125
S244-D204	NIRSCWAMPLITUDE	244	204	830	n/a	7.8125
S245-D204	NIRSCWAMPLITUDE	245	204	830	n/a	7.8125
S246-D204	NIRSCWAMPLITUDE	246	204	830	n/a	7.8125
S247-D204	NIRSCWAMPLITUDE	247	204	830	n/a	7.8125
S248-D204	NIRSCWAMPLITUDE	248	204	830	n/a	7.8125
S18-D205	NIRSCWAMPLITUDE	18	205	830	n/a	7.8125
S24-D205	NIRSCWAMPLITUDE	24	205	830	n/a	7.8125
S29-D205	NIRSCWAMPLITUDE	29	205	830	n/a	7.8125
S30-D205	NIRSCWAMPLITUDE	30	205	830	n/a	7.8125
S35-D205	NIRSCWAMPLITUDE	35	205	830	n/a	7.8125
S36-D205	NIRSCWAMPLITUDE	36	205	830	n/a	7.8125
S42-D205	NIRSCWAMPLITUDE	42	205	830	n/a	7.8125
S48-D205	NIRSCWAMPLITUDE	48	205	830	n/a	7.8125
S54-D205	NIRSCWAMPLITUDE	54	205	830	n/a	7.8125
S195-D205	NIRSCWAMPLITUDE	195	205	830	n/a	7.8125
S196-D205	NIRSCWAMPLITUDE	196	205	830	n/a	7.8125
S197-D205	NIRSCWAMPLITUDE	197	205	830	n/a	7.8125
S200-D205	NIRSCWAMPLITUDE	200	205	830	n/a	7.8125
S201-D205	NIRSCWAMPLITUDE	201	205	830	n/a	7.8125
S202-D205	NIRSCWAMPLITUDE	202	205	830	n/a	7.8125
S203-D205	NIRSCWAMPLITUDE	203	205	830	n/a	7.8125
S204-D205	NIRSCWAMPLITUDE	204	205	830	n/a	7.8125
S205-D205	NIRSCWAMPLITUDE	205	205	830	n/a	7.8125
S206-D205	NIRSCWAMPLITUDE	206	205	830	n/a	7.8125
S207-D205	NIRSCWAMPLITUDE	207	205	830	n/a	7.8125
S210-D205	NIRSCWAMPLITUDE	210	205	830	n/a	7.8125
S211-D205	NIRSCWAMPLITUDE	211	205	830	n/a	7.8125
S212-D205	NIRSCWAMPLITUDE	212	205	830	n/a	7.8125
S213-D205	NIRSCWAMPLITUDE	213	205	830	n/a	7.8125
S214-D205	NIRSCWAMPLITUDE	214	205	830	n/a	7.8125
S215-D205	NIRSCWAMPLITUDE	215	205	830	n/a	7.8125
S216-D205	NIRSCWAMPLITUDE	216	205	830	n/a	7.8125
S217-D205	NIRSCWAMPLITUDE	217	205	830	n/a	7.8125
S222-D205	NIRSCWAMPLITUDE	222	205	830	n/a	7.8125
S223-D205	NIRSCWAMPLITUDE	223	205	830	n/a	7.8125
S224-D205	NIRSCWAMPLITUDE	224	205	830	n/a	7.8125
S225-D205	NIRSCWAMPLITUDE	225	205	830	n/a	7.8125
S226-D205	NIRSCWAMPLITUDE	226	205	830	n/a	7.8125
S227-D205	NIRSCWAMPLITUDE	227	205	830	n/a	7.8125
S228-D205	NIRSCWAMPLITUDE	228	205	830	n/a	7.8125
S229-D205	NIRSCWAMPLITUDE	229	205	830	n/a	7.8125
S233-D205	NIRSCWAMPLITUDE	233	205	830	n/a	7.8125
S234-D205	NIRSCWAMPLITUDE	234	205	830	n/a	7.8125
S235-D205	NIRSCWAMPLITUDE	235	205	830	n/a	7.8125
S236-D205	NIRSCWAMPLITUDE	236	205	830	n/a	7.8125
S237-D205	NIRSCWAMPLITUDE	237	205	830	n/a	7.8125
S238-D205	NIRSCWAMPLITUDE	238	205	830	n/a	7.8125
S245-D205	NIRSCWAMPLITUDE	245	205	830	n/a	7.8125
S246-D205	NIRSCWAMPLITUDE	246	205	830	n/a	7.8125
S247-D205	NIRSCWAMPLITUDE	247	205	830	n/a	7.8125
S248-D205	NIRSCWAMPLITUDE	248	205	830	n/a	7.8125
S249-D205	NIRSCWAMPLITUDE	249	205	830	n/a	7.8125
S6-D206	NIRSCWAMPLITUDE	6	206	830	n/a	7.8125
S11-D206	NIRSCWAMPLITUDE	11	206	830	n/a	7.8125
S12-D206	NIRSCWAMPLITUDE	12	206	830	n/a	7.8125
S17-D206	NIRSCWAMPLITUDE	17	206	830	n/a	7.8125
S18-D206	NIRSCWAMPLITUDE	18	206	830	n/a	7.8125
S23-D206	NIRSCWAMPLITUDE	23	206	830	n/a	7.8125
S24-D206	NIRSCWAMPLITUDE	24	206	830	n/a	7.8125
S29-D206	NIRSCWAMPLITUDE	29	206	830	n/a	7.8125
S30-D206	NIRSCWAMPLITUDE	30	206	830	n/a	7.8125
S35-D206	NIRSCWAMPLITUDE	35	206	830	n/a	7.8125
S36-D206	NIRSCWAMPLITUDE	36	206	830	n/a	7.8125
S42-D206	NIRSCWAMPLITUDE	42	206	830	n/a	7.8125
S48-D206	NIRSCWAMPLITUDE	48	206	830	n/a	7.8125
S196-D206	NIRSCWAMPLITUDE	196	206	830	n/a	7.8125
S197-D206	NIRSCWAMPLITUDE	197	206	830	n/a	7.8125
S201-D206	NIRSCWAMPLITUDE	201	206	830	n/a	7.8125
S202-D206	NIRSCWAMPLITUDE	202	206	830	n/a	7.8125
S203-D206	NIRSCWAMPLITUDE	203	206	830	n/a	7.8125
S204-D206	NIRSCWAMPLITUDE	204	206	830	n/a	7.8125
S205-D206	NIRSCWAMPLITUDE	205	206	830	n/a	7.8125
S206-D206	NIRSCWAMPLITUDE	206	206	830	n/a	7.8125
S207-D206	NIRSCWAMPLITUDE	207	206	830	n/a	7.8125
S211-D206	NIRSCWAMPLITUDE	211	206	830	n/a	7.8125
S212-D206	NIRSCWAMPLITUDE	212	206	830	n/a	7.8125
S213-D206	NIRSCWAMPLITUDE	213	206	830	n/a	7.8125
S214-D206	NIRSCWAMPLITUDE	214	206	830	n/a	7.8125
S215-D206	NIRSCWAMPLITUDE	215	206	830	n/a	7.8125
S216-D206	NIRSCWAMPLITUDE	216	206	830	n/a	7.8125
S217-D206	NIRSCWAMPLITUDE	217	206	830	n/a	7.8125
S218-D206	NIRSCWAMPLITUDE	218	206	830	n/a	7.8125
S223-D206	NIRSCWAMPLITUDE	223	206	830	n/a	7.8125
S224-D206	NIRSCWAMPLITUDE	224	206	830	n/a	7.8125
S225-D206	NIRSCWAMPLITUDE	225	206	830	n/a	7.8125
S226-D206	NIRSCWAMPLITUDE	226	206	830	n/a	7.8125
S227-D206	NIRSCWAMPLITUDE	227	206	830	n/a	7.8125
S228-D206	NIRSCWAMPLITUDE	228	206	830	n/a	7.8125
S229-D206	NIRSCWAMPLITUDE	229	206	830	n/a	7.8125
S234-D206	NIRSCWAMPLITUDE	234	206	830	n/a	7.8125
S235-D206	NIRSCWAMPLITUDE	235	206	830	n/a	7.8125
S236-D206	NIRSCWAMPLITUDE	236	206	830	n/a	7.8125
S237-D206	NIRSCWAMPLITUDE	237	206	830	n/a	7.8125
S238-D206	NIRSCWAMPLITUDE	238	206	830	n/a	7.8125
S239-D206	NIRSCWAMPLITUDE	239	206	830	n/a	7.8125
S245-D206	NIRSCWAMPLITUDE	245	206	830	n/a	7.8125
S246-D206	NIRSCWAMPLITUDE	246	206	830	n/a	7.8125
S247-D206	NIRSCWAMPLITUDE	247	206	830	n/a	7.8125
S248-D206	NIRSCWAMPLITUDE	248	206	830	n/a	7.8125
S249-D206	NIRSCWAMPLITUDE	249	206	830	n/a	7.8125
S250-D206	NIRSCWAMPLITUDE	250	206	830	n/a	7.8125
S5-D207	NIRSCWAMPLITUDE	5	207	830	n/a	7.8125
S6-D207	NIRSCWAMPLITUDE	6	207	830	n/a	7.8125
S11-D207	NIRSCWAMPLITUDE	11	207	830	n/a	7.8125
S12-D207	NIRSCWAMPLITUDE	12	207	830	n/a	7.8125
S16-D207	NIRSCWAMPLITUDE	16	207	830	n/a	7.8125
S17-D207	NIRSCWAMPLITUDE	17	207	830	n/a	7.8125
S18-D207	NIRSCWAMPLITUDE	18	207	830	n/a	7.8125
S22-D207	NIRSCWAMPLITUDE	22	207	830	n/a	7.8125
S23-D207	NIRSCWAMPLITUDE	23	207	830	n/a	7.8125
S24-D207	NIRSCWAMPLITUDE	24	207	830	n/a	7.8125
S29-D207	NIRSCWAMPLITUDE	29	207	830	n/a	7.8125
S30-D207	NIRSCWAMPLITUDE	30	207	830	n/a	7.8125
S35-D207	NIRSCWAMPLITUDE	35	207	830	n/a	7.8125
S36-D207	NIRSCWAMPLITUDE	36	207	830	n/a	7.8125
S42-D207	NIRSCWAMPLITUDE	42	207	830	n/a	7.8125
S197-D207	NIRSCWAMPLITUDE	197	207	830	n/a	7.8125
S202-D207	NIRSCWAMPLITUDE	202	207	830	n/a	7.8125
S203-D207	NIRSCWAMPLITUDE	203	207	830	n/a	7.8125
S204-D207	NIRSCWAMPLITUDE	204	207	830	n/a	7.8125
S205-D207	NIRSCWAMPLITUDE	205	207	830	n/a	7.8125
S206-D207	NIRSCWAMPLITUDE	206	207	830	n/a	7.8125
S207-D207	NIRSCWAMPLITUDE	207	207	830	n/a	7.8125
S212-D207	NIRSCWAMPLITUDE	212	207	830	n/a	7.8125
S213-D207	NIRSCWAMPLITUDE	213	207	830	n/a	7.8125
S214-D207	NIRSCWAMPLITUDE	214	207	830	n/a	7.8125
S215-D207	NIRSCWAMPLITUDE	215	207	830	n/a	7.8125
S216-D207	NIRSCWAMPLITUDE	216	207	830	n/a	7.8125
S217-D207	NIRSCWAMPLITUDE	217	207	830	n/a	7.8125
S218-D207	NIRSCWAMPLITUDE	218	207	830	n/a	7.8125
S224-D207	NIRSCWAMPLITUDE	224	207	830	n/a	7.8125
S225-D207	NIRSCWAMPLITUDE	225	207	830	n/a	7.8125
S226-D207	NIRSCWAMPLITUDE	226	207	830	n/a	7.8125
S227-D207	NIRSCWAMPLITUDE	227	207	830	n/a	7.8125
S228-D207	NIRSCWAMPLITUDE	228	207	830	n/a	7.8125
S229-D207	NIRSCWAMPLITUDE	229	207	830	n/a	7.8125
S235-D207	NIRSCWAMPLITUDE	235	207	830	n/a	7.8125
S236-D207	NIRSCWAMPLITUDE	236	207	830	n/a	7.8125
S237-D207	NIRSCWAMPLITUDE	237	207	830	n/a	7.8125
S238-D207	NIRSCWAMPLITUDE	238	207	830	n/a	7.8125
S239-D207	NIRSCWAMPLITUDE	239	207	830	n/a	7.8125
S240-D207	NIRSCWAMPLITUDE	240	207	830	n/a	7.8125
S247-D207	NIRSCWAMPLITUDE	247	207	830	n/a	7.8125
S248-D207	NIRSCWAMPLITUDE	248	207	830	n/a	7.8125
S249-D207	NIRSCWAMPLITUDE	249	207	830	n/a	7.8125
S250-D207	NIRSCWAMPLITUDE	250	207	830	n/a	7.8125
S4-D208	NIRSCWAMPLITUDE	4	208	830	n/a	7.8125
S5-D208	NIRSCWAMPLITUDE	5	208	830	n/a	7.8125
S6-D208	NIRSCWAMPLITUDE	6	208	830	n/a	7.8125
S10-D208	NIRSCWAMPLITUDE	10	208	830	n/a	7.8125
S11-D208	NIRSCWAMPLITUDE	11	208	830	n/a	7.8125
S12-D208	NIRSCWAMPLITUDE	12	208	830	n/a	7.8125
S16-D208	NIRSCWAMPLITUDE	16	208	830	n/a	7.8125
S17-D208	NIRSCWAMPLITUDE	17	208	830	n/a	7.8125
S18-D208	NIRSCWAMPLITUDE	18	208	830	n/a	7.8125
S22-D208	NIRSCWAMPLITUDE	22	208	830	n/a	7.8125
S23-D208	NIRSCWAMPLITUDE	23	208	830	n/a	7.8125
S24-D208	NIRSCWAMPLITUDE	24	208	830	n/a	7.8125
S29-D208	NIRSCWAMPLITUDE	29	208	830	n/a	7.8125
S30-D208	NIRSCWAMPLITUDE	30	208	830	n/a	7.8125
S35-D208	NIRSCWAMPLITUDE	35	208	830	n/a	7.8125
S36-D208	NIRSCWAMPLITUDE	36	208	830	n/a	7.8125
S186-D208	NIRSCWAMPLITUDE	186	208	830	n/a	7.8125
S192-D208	NIRSCWAMPLITUDE	192	208	830	n/a	7.8125
S203-D208	NIRSCWAMPLITUDE	203	208	830	n/a	7.8125
S204-D208	NIRSCWAMPLITUDE	204	208	830	n/a	7.8125
S205-D208	NIRSCWAMPLITUDE	205	208	830	n/a	7.8125
S206-D208	NIRSCWAMPLITUDE	206	208	830	n/a	7.8125
S207-D208	NIRSCWAMPLITUDE	207	208	830	n/a	7.8125
S213-D208	NIRSCWAMPLITUDE	213	208	830	n/a	7.8125
S214-D208	NIRSCWAMPLITUDE	214	208	830	n/a	7.8125
S215-D208	NIRSCWAMPLITUDE	215	208	830	n/a	7.8125
S216-D208	NIRSCWAMPLITUDE	216	208	830	n/a	7.8125
S217-D208	NIRSCWAMPLITUDE	217	208	830	n/a	7.8125
S218-D208	NIRSCWAMPLITUDE	218	208	830	n/a	7.8125
S225-D208	NIRSCWAMPLITUDE	225	208	830	n/a	7.8125
S226-D208	NIRSCWAMPLITUDE	226	208	830	n/a	7.8125
S227-D208	NIRSCWAMPLITUDE	227	208	830	n/a	7.8125
S228-D208	NIRSCWAMPLITUDE	228	208	830	n/a	7.8125
S229-D208	NIRSCWAMPLITUDE	229	208	830	n/a	7.8125
S236-D208	NIRSCWAMPLITUDE	236	208	830	n/a	7.8125
S237-D208	NIRSCWAMPLITUDE	237	208	830	n/a	7.8125
S238-D208	NIRSCWAMPLITUDE	238	208	830	n/a	7.8125
S239-D208	NIRSCWAMPLITUDE	239	208	830	n/a	7.8125
S240-D208	NIRSCWAMPLITUDE	240	208	830	n/a	7.8125
S247-D208	NIRSCWAMPLITUDE	247	208	830	n/a	7.8125
S248-D208	NIRSCWAMPLITUDE	248	208	830	n/a	7.8125
S249-D208	NIRSCWAMPLITUDE	249	208	830	n/a	7.8125
S250-D208	NIRSCWAMPLITUDE	250	208	830	n/a	7.8125
S3-D209	NIRSCWAMPLITUDE	3	209	830	n/a	7.8125
S4-D209	NIRSCWAMPLITUDE	4	209	830	n/a	7.8125
S5-D209	NIRSCWAMPLITUDE	5	209	830	n/a	7.8125
S6-D209	NIRSCWAMPLITUDE	6	209	830	n/a	7.8125
S9-D209	NIRSCWAMPLITUDE	9	209	830	n/a	7.8125
S10-D209	NIRSCWAMPLITUDE	10	209	830	n/a	7.8125
S11-D209	NIRSCWAMPLITUDE	11	209	830	n/a	7.8125
S12-D209	NIRSCWAMPLITUDE	12	209	830	n/a	7.8125
S15-D209	NIRSCWAMPLITUDE	15	209	830	n/a	7.8125
S16-D209	NIRSCWAMPLITUDE	16	209	830	n/a	7.8125
S17-D209	NIRSCWAMPLITUDE	17	209	830	n/a	7.8125
S18-D209	NIRSCWAMPLITUDE	18	209	830	n/a	7.8125
S22-D209	NIRSCWAMPLITUDE	22	209	830	n/a	7.8125
S23-D209	NIRSCWAMPLITUDE	23	209	830	n/a	7.8125
S24-D209	NIRSCWAMPLITUDE	24	209	830	n/a	7.8125
S29-D209	NIRSCWAMPLITUDE	29	209	830	n/a	7.8125
S30-D209	NIRSCWAMPLITUDE	30	209	830	n/a	7.8125
S180-D209	NIRSCWAMPLITUDE	180	209	830	n/a	7.8125
S186-D209	NIRSCWAMPLITUDE	186	209	830	n/a	7.8125
S191-D209	NIRSCWAMPLITUDE	191	209	830	n/a	7.8125
S192-D209	NIRSCWAMPLITUDE	192	209	830	n/a	7.8125
S204-D209	NIRSCWAMPLITUDE	204	209	830	n/a	7.8125
S205-D209	NIRSCWAMPLITUDE	205	209	830	n/a	7.8125
S206-D209	NIRSCWAMPLITUDE	206	209	830	n/a	7.8125
S207-D209	NIRSCWAMPLITUDE	207	209	830	n/a	7.8125
S214-D209	NIRSCWAMPLITUDE	214	209	830	n/a	7.8125
S215-D209	NIRSCWAMPLITUDE	215	209	830	n/a	7.8125
S216-D209	NIRSCWAMPLITUDE	216	209	830	n/a	7.8125
S217-D209	NIRSCWAMPLITUDE	217	209	830	n/a	7.8125
S218-D209	NIRSCWAMPLITUDE	218	209	830	n/a	7.8125
S226-D209	NIRSCWAMPLITUDE	226	209	830	n/a	7.8125
S227-D209	NIRSCWAMPLITUDE	227	209	830	n/a	7.8125
S228-D209	NIRSCWAMPLITUDE	228	209	830	n/a	7.8125
S229-D209	NIRSCWAMPLITUDE	229	209	830	n/a	7.8125
S237-D209	NIRSCWAMPLITUDE	237	209	830	n/a	7.8125
S238-D209	NIRSCWAMPLITUDE	238	209	830	n/a	7.8125
S239-D209	NIRSCWAMPLITUDE	239	209	830	n/a	7.8125
S240-D209	NIRSCWAMPLITUDE	240	209	830	n/a	7.8125
S248-D209	NIRSCWAMPLITUDE	248	209	830	n/a	7.8125
S249-D209	NIRSCWAMPLITUDE	249	209	830	n/a	7.8125
S250-D209	NIRSCWAMPLITUDE	250	209	830	n/a	7.8125
S60-D210	NIRSCWAMPLITUDE	60	210	830	n/a	7.8125
S75-D210	NIRSCWAMPLITUDE	75	210	830	n/a	7.8125
S80-D210	NIRSCWAMPLITUDE	80	210	830	n/a	7.8125
S81-D210	NIRSCWAMPLITUDE	81	210	830	n/a	7.8125
S86-D210	NIRSCWAMPLITUDE	86	210	830	n/a	7.8125
S87-D210	NIRSCWAMPLITUDE	87	210	830	n/a	7.8125
S92-D210	NIRSCWAMPLITUDE	92	210	830	n/a	7.8125
S93-D210	NIRSCWAMPLITUDE	93	210	830	n/a	7.8125
S98-D210	NIRSCWAMPLITUDE	98	210	830	n/a	7.8125
S99-D210	NIRSCWAMPLITUDE	99	210	830	n/a	7.8125
S104-D210	NIRSCWAMPLITUDE	104	210	830	n/a	7.8125
S105-D210	NIRSCWAMPLITUDE	105	210	830	n/a	7.8125
S110-D210	NIRSCWAMPLITUDE	110	210	830	n/a	7.8125
S111-D210	NIRSCWAMPLITUDE	111	210	830	n/a	7.8125
S116-D210	NIRSCWAMPLITUDE	116	210	830	n/a	7.8125
S117-D210	NIRSCWAMPLITUDE	117	210	830	n/a	7.8125
S193-D210	NIRSCWAMPLITUDE	193	210	830	n/a	7.8125
S194-D210	NIRSCWAMPLITUDE	194	210	830	n/a	7.8125
S195-D210	NIRSCWAMPLITUDE	195	210	830	n/a	7.8125
S196-D210	NIRSCWAMPLITUDE	196	210	830	n/a	7.8125
S198-D210	NIRSCWAMPLITUDE	198	210	830	n/a	7.8125
S199-D210	NIRSCWAMPLITUDE	199	210	830	n/a	7.8125
S200-D210	NIRSCWAMPLITUDE	200	210	830	n/a	7.8125
S201-D210	NIRSCWAMPLITUDE	201	210	830	n/a	7.8125
S208-D210	NIRSCWAMPLITUDE	208	210	830	n/a	7.8125
S209-D210	NIRSCWAMPLITUDE	209	210	830	n/a	7.8125
S210-D210	NIRSCWAMPLITUDE	210	210	830	n/a	7.8125
S211-D210	NIRSCWAMPLITUDE	211	210	830	n/a	7.8125
S219-D210	NIRSCWAMPLITUDE	219	210	830	n/a	7.8125
S220-D210	NIRSCWAMPLITUDE	220	210	830	n/a	7.8125
S221-D210	NIRSCWAMPLITUDE	221	210	830	n/a	7.8125
S222-D210	NIRSCWAMPLITUDE	222	210	830	n/a	7.8125
S223-D210	NIRSCWAMPLITUDE	223	210	830	n/a	7.8125
S230-D210	NIRSCWAMPLITUDE	230	210	830	n/a	7.8125
S231-D210	NIRSCWAMPLITUDE	231	210	830	n/a	7.8125
S232-D210	NIRSCWAMPLITUDE	232	210	830	n/a	7.8125
S233-D210	NIRSCWAMPLITUDE	233	210	830	n/a	7.8125
S241-D210	NIRSCWAMPLITUDE	241	210	830	n/a	7.8125
S242-D210	NIRSCWAMPLITUDE	242	210	830	n/a	7.8125
S243-D210	NIRSCWAMPLITUDE	243	210	830	n/a	7.8125
S244-D210	NIRSCWAMPLITUDE	244	210	830	n/a	7.8125
S251-D210	NIRSCWAMPLITUDE	251	210	830	n/a	7.8125
S252-D210	NIRSCWAMPLITUDE	252	210	830	n/a	7.8125
S253-D210	NIRSCWAMPLITUDE	253	210	830	n/a	7.8125
S60-D211	NIRSCWAMPLITUDE	60	211	830	n/a	7.8125
S81-D211	NIRSCWAMPLITUDE	81	211	830	n/a	7.8125
S87-D211	NIRSCWAMPLITUDE	87	211	830	n/a	7.8125
S93-D211	NIRSCWAMPLITUDE	93	211	830	n/a	7.8125
S99-D211	NIRSCWAMPLITUDE	99	211	830	n/a	7.8125
S105-D211	NIRSCWAMPLITUDE	105	211	830	n/a	7.8125
S111-D211	NIRSCWAMPLITUDE	111	211	830	n/a	7.8125
S117-D211	NIRSCWAMPLITUDE	117	211	830	n/a	7.8125
S193-D211	NIRSCWAMPLITUDE	193	211	830	n/a	7.8125
S194-D211	NIRSCWAMPLITUDE	194	211	830	n/a	7.8125
S195-D211	NIRSCWAMPLITUDE	195	211	830	n/a	7.8125
S196-D211	NIRSCWAMPLITUDE	196	211	830	n/a	7.8125
S197-D211	NIRSCWAMPLITUDE	197	211	830	n/a	7.8125
S198-D211	NIRSCWAMPLITUDE	198	211	830	n/a	7.8125
S199-D211	NIRSCWAMPLITUDE	199	211	830	n/a	7.8125
S200-D211	NIRSCWAMPLITUDE	200	211	830	n/a	7.8125
S201-D211	NIRSCWAMPLITUDE	201	211	830	n/a	7.8125
S202-D211	NIRSCWAMPLITUDE	202	211	830	n/a	7.8125
S208-D211	NIRSCWAMPLITUDE	208	211	830	n/a	7.8125
S209-D211	NIRSCWAMPLITUDE	209	211	830	n/a	7.8125
S210-D211	NIRSCWAMPLITUDE	210	211	830	n/a	7.8125
S211-D211	NIRSCWAMPLITUDE	211	211	830	n/a	7.8125
S212-D211	NIRSCWAMPLITUDE	212	211	830	n/a	7.8125
S219-D211	NIRSCWAMPLITUDE	219	211	830	n/a	7.8125
S220-D211	NIRSCWAMPLITUDE	220	211	830	n/a	7.8125
S221-D211	NIRSCWAMPLITUDE	221	211	830	n/a	7.8125
S222-D211	NIRSCWAMPLITUDE	222	211	830	n/a	7.8125
S223-D211	NIRSCWAMPLITUDE	223	211	830	n/a	7.8125
S224-D211	NIRSCWAMPLITUDE	224	211	830	n/a	7.8125
S230-D211	NIRSCWAMPLITUDE	230	211	830	n/a	7.8125
S231-D211	NIRSCWAMPLITUDE	231	211	830	n/a	7.8125
S232-D211	NIRSCWAMPLITUDE	232	211	830	n/a	7.8125
S233-D211	NIRSCWAMPLITUDE	233	211	830	n/a	7.8125
S234-D211	NIRSCWAMPLITUDE	234	211	830	n/a	7.8125
S241-D211	NIRSCWAMPLITUDE	241	211	830	n/a	7.8125
S242-D211	NIRSCWAMPLITUDE	242	211	830	n/a	7.8125
S243-D211	NIRSCWAMPLITUDE	243	211	830	n/a	7.8125
S244-D211	NIRSCWAMPLITUDE	244	211	830	n/a	7.8125
S245-D211	NIRSCWAMPLITUDE	245	211	830	n/a	7.8125
S251-D211	NIRSCWAMPLITUDE	251	211	830	n/a	7.8125
S252-D211	NIRSCWAMPLITUDE	252	211	830	n/a	7.8125
S253-D211	NIRSCWAMPLITUDE	253	211	830	n/a	7.8125
S254-D211	NIRSCWAMPLITUDE	254	211	830	n/a	7.8125
S60-D212	NIRSCWAMPLITUDE	60	212	830	n/a	7.8125
S193-D212	NIRSCWAMPLITUDE	193	212	830	n/a	7.8125
S194-D212	NIRSCWAMPLITUDE	194	212	830	n/a	7.8125
S195-D212	NIRSCWAMPLITUDE	195	212	830	n/a	7.8125
S196-D212	NIRSCWAMPLITUDE	196	212	830	n/a	7.8125
S197-D212	NIRSCWAMPLITUDE	197	212	830	n/a	7.8125
S198-D212	NIRSCWAMPLITUDE	198	212	830	n/a	7.8125
S199-D212	NIRSCWAMPLITUDE	199	212	830	n/a	7.8125
S200-D212	NIRSCWAMPLITUDE	200	212	830	n/a	7.8125
S201-D212	NIRSCWAMPLITUDE	201	212	830	n/a	7.8125
S202-D212	NIRSCWAMPLITUDE	202	212	830	n/a	7.8125
S203-D212	NIRSCWAMPLITUDE	203	212	830	n/a	7.8125
S208-D212	NIRSCWAMPLITUDE	208	212	830	n/a	7.8125
S209-D212	NIRSCWAMPLITUDE	209	212	830	n/a	7.8125
S210-D212	NIRSCWAMPLITUDE	210	212	830	n/a	7.8125
S211-D212	NIRSCWAMPLITUDE	211	212	830	n/a	7.8125
S212-D212	NIRSCWAMPLITUDE	212	212	830	n/a	7.8125
S213-D212	NIRSCWAMPLITUDE	213	212	830	n/a	7.8125
S219-D212	NIRSCWAMPLITUDE	219	212	830	n/a	7.8125
S220-D212	NIRSCWAMPLITUDE	220	212	830	n/a	7.8125
S221-D212	NIRSCWAMPLITUDE	221	212	830	n/a	7.8125
S222-D212	NIRSCWAMPLITUDE	222	212	830	n/a	7.8125
S223-D212	NIRSCWAMPLITUDE	223	212	830	n/a	7.8125
S224-D212	NIRSCWAMPLITUDE	224	212	830	n/a	7.8125
S225-D212	NIRSCWAMPLITUDE	225	212	830	n/a	7.8125
S230-D212	NIRSCWAMPLITUDE	230	212	830	n/a	7.8125
S231-D212	NIRSCWAMPLITUDE	231	212	830	n/a	7.8125
S232-D212	NIRSCWAMPLITUDE	232	212	830	n/a	7.8125
S233-D212	NIRSCWAMPLITUDE	233	212	830	n/a	7.8125
S234-D212	NIRSCWAMPLITUDE	234	212	830	n/a	7.8125
S235-D212	NIRSCWAMPLITUDE	235	212	830	n/a	7.8125
S241-D212	NIRSCWAMPLITUDE	241	212	830	n/a	7.8125
S242-D212	NIRSCWAMPLITUDE	242	212	830	n/a	7.8125
S243-D212	NIRSCWAMPLITUDE	243	212	830	n/a	7.8125
S244-D212	NIRSCWAMPLITUDE	244	212	830	n/a	7.8125
S245-D212	NIRSCWAMPLITUDE	245	212	830	n/a	7.8125
S251-D212	NIRSCWAMPLITUDE	251	212	830	n/a	7.8125
S252-D212	NIRSCWAMPLITUDE	252	212	830	n/a	7.8125
S253-D212	NIRSCWAMPLITUDE	253	212	830	n/a	7.8125
S254-D212	NIRSCWAMPLITUDE	254	212	830	n/a	7.8125
S255-D212	NIRSCWAMPLITUDE	255	212	830	n/a	7.8125
S60-D213	NIRSCWAMPLITUDE	60	213	830	n/a	7.8125
S193-D213	NIRSCWAMPLITUDE	193	213	830	n/a	7.8125
S194-D213	NIRSCWAMPLITUDE	194	213	830	n/a	7.8125
S195-D213	NIRSCWAMPLITUDE	195	213	830	n/a	7.8125
S196-D213	NIRSCWAMPLITUDE	196	213	830	n/a	7.8125
S197-D213	NIRSCWAMPLITUDE	197	213	830	n/a	7.8125
S198-D213	NIRSCWAMPLITUDE	198	213	830	n/a	7.8125
S199-D213	NIRSCWAMPLITUDE	199	213	830	n/a	7.8125
S200-D213	NIRSCWAMPLITUDE	200	213	830	n/a	7.8125
S201-D213	NIRSCWAMPLITUDE	201	213	830	n/a	7.8125
S202-D213	NIRSCWAMPLITUDE	202	213	830	n/a	7.8125
S203-D213	NIRSCWAMPLITUDE	203	213	830	n/a	7.8125
S204-D213	NIRSCWAMPLITUDE	204	213	830	n/a	7.8125
S208-D213	NIRSCWAMPLITUDE	208	213	830	n/a	7.8125
S209-D213	NIRSCWAMPLITUDE	209	213	830	n/a	7.8125
S210-D213	NIRSCWAMPLITUDE	210	213	830	n/a	7.8125
S211-D213	NIRSCWAMPLITUDE	211	213	830	n/a	7.8125
S212-D213	NIRSCWAMPLITUDE	212	213	830	n/a	7.8125
S213-D213	NIRSCWAMPLITUDE	213	213	830	n/a	7.8125
S214-D213	NIRSCWAMPLITUDE	214	213	830	n/a	7.8125
S219-D213	NIRSCWAMPLITUDE	219	213	830	n/a	7.8125
S220-D213	NIRSCWAMPLITUDE	220	213	830	n/a	7.8125
S221-D213	NIRSCWAMPLITUDE	221	213	830	n/a	7.8125
S222-D213	NIRSCWAMPLITUDE	222	213	830	n/a	7.8125
S223-D213	NIRSCWAMPLITUDE	223	213	830	n/a	7.8125
S224-D213	NIRSCWAMPLITUDE	224	213	830	n/a	7.8125
S225-D213	NIRSCWAMPLITUDE	225	213	830	n/a	7.8125
S226-D213	NIRSCWAMPLITUDE	226	213	830	n/a	7.8125
S230-D213	NIRSCWAMPLITUDE	230	213	830	n/a	7.8125
S231-D213	NIRSCWAMPLITUDE	231	213	830	n/a	7.8125
S232-D213	NIRSCWAMPLITUDE	232	213	830	n/a	7.8125
S233-D213	NIRSCWAMPLITUDE	233	213	830	n/a	7.8125
S234-D213	NIRSCWAMPLITUDE	234	213	830	n/a	7.8125
S235-D213	NIRSCWAMPLITUDE	235	213	830	n/a	7.8125
S236-D213	NIRSCWAMPLITUDE	236	213	830	n/a	7.8125
S241-D213	NIRSCWAMPLITUDE	241	213	830	n/a	7.8125
S242-D213	NIRSCWAMPLITUDE	242	213	830	n/a	7.8125
S243-D213	NIRSCWAMPLITUDE	243	213	830	n/a	7.8125
S244-D213	NIRSCWAMPLITUDE	244	213	830	n/a	7.8125
S245-D213	NIRSCWAMPLITUDE	245	213	830	n/a	7.8125
S246-D213	NIRSCWAMPLITUDE	246	213	830	n/a	7.8125
S251-D213	NIRSCWAMPLITUDE	251	213	830	n/a	7.8125
S252-D213	NIRSCWAMPLITUDE	252	213	830	n/a	7.8125
S253-D213	NIRSCWAMPLITUDE	253	213	830	n/a	7.8125
S254-D213	NIRSCWAMPLITUDE	254	213	830	n/a	7.8125
S255-D213	NIRSCWAMPLITUDE	255	213	830	n/a	7.8125
S194-D214	NIRSCWAMPLITUDE	194	214	830	n/a	7.8125
S195-D214	NIRSCWAMPLITUDE	195	214	830	n/a	7.8125
S196-D214	NIRSCWAMPLITUDE	196	214	830	n/a	7.8125
S197-D214	NIRSCWAMPLITUDE	197	214	830	n/a	7.8125
S198-D214	NIRSCWAMPLITUDE	198	214	830	n/a	7.8125
S199-D214	NIRSCWAMPLITUDE	199	214	830	n/a	7.8125
S200-D214	NIRSCWAMPLITUDE	200	214	830	n/a	7.8125
S201-D214	NIRSCWAMPLITUDE	201	214	830	n/a	7.8125
S202-D214	NIRSCWAMPLITUDE	202	214	830	n/a	7.8125
S203-D214	NIRSCWAMPLITUDE	203	214	830	n/a	7.8125
S204-D214	NIRSCWAMPLITUDE	204	214	830	n/a	7.8125
S205-D214	NIRSCWAMPLITUDE	205	214	830	n/a	7.8125
S208-D214	NIRSCWAMPLITUDE	208	214	830	n/a	7.8125
S209-D214	NIRSCWAMPLITUDE	209	214	830	n/a	7.8125
S210-D214	NIRSCWAMPLITUDE	210	214	830	n/a	7.8125
S211-D214	NIRSCWAMPLITUDE	211	214	830	n/a	7.8125
S212-D214	NIRSCWAMPLITUDE	212	214	830	n/a	7.8125
S213-D214	NIRSCWAMPLITUDE	213	214	830	n/a	7.8125
S214-D214	NIRSCWAMPLITUDE	214	214	830	n/a	7.8125
S215-D214	NIRSCWAMPLITUDE	215	214	830	n/a	7.8125
S220-D214	NIRSCWAMPLITUDE	220	214	830	n/a	7.8125
S221-D214	NIRSCWAMPLITUDE	221	214	830	n/a	7.8125
S222-D214	NIRSCWAMPLITUDE	222	214	830	n/a	7.8125
S223-D214	NIRSCWAMPLITUDE	223	214	830	n/a	7.8125
S224-D214	NIRSCWAMPLITUDE	224	214	830	n/a	7.8125
S225-D214	NIRSCWAMPLITUDE	225	214	830	n/a	7.8125
S226-D214	NIRSCWAMPLITUDE	226	214	830	n/a	7.8125
S227-D214	NIRSCWAMPLITUDE	227	214	830	n/a	7.8125
S230-D214	NIRSCWAMPLITUDE	230	214	830	n/a	7.8125
S231-D214	NIRSCWAMPLITUDE	231	214	830	n/a	7.8125
S232-D214	NIRSCWAMPLITUDE	232	214	830	n/a	7.8125
S233-D214	NIRSCWAMPLITUDE	233	214	830	n/a	7.8125
S234-D214	NIRSCWAMPLITUDE	234	214	830	n/a	7.8125
S235-D214	NIRSCWAMPLITUDE	235	214	830	n/a	7.8125
S236-D214	NIRSCWAMPLITUDE	236	214	830	n/a	7.8125
S237-D214	NIRSCWAMPLITUDE	237	214	830	n/a	7.8125
S242-D214	NIRSCWAMPLITUDE	242	214	830	n/a	7.8125
S243-D214	NIRSCWAMPLITUDE	243	214	830	n/a	7.8125
S244-D214	NIRSCWAMPLITUDE	244	214	830	n/a	7.8125
S245-D214	NIRSCWAMPLITUDE	245	214	830	n/a	7.8125
S246-D214	NIRSCWAMPLITUDE	246	214	830	n/a	7.8125
S247-D214	NIRSCWAMPLITUDE	247	214	830	n/a	7.8125
S253-D214	NIRSCWAMPLITUDE	253	214	830	n/a	7.8125
S254-D214	NIRSCWAMPLITUDE	254	214	830	n/a	7.8125
S255-D214	NIRSCWAMPLITUDE	255	214	830	n/a	7.8125
S194-D215	NIRSCWAMPLITUDE	194	215	830	n/a	7.8125
S195-D215	NIRSCWAMPLITUDE	195	215	830	n/a	7.8125
S196-D215	NIRSCWAMPLITUDE	196	215	830	n/a	7.8125
S197-D215	NIRSCWAMPLITUDE	197	215	830	n/a	7.8125
S199-D215	NIRSCWAMPLITUDE	199	215	830	n/a	7.8125
S200-D215	NIRSCWAMPLITUDE	200	215	830	n/a	7.8125
S201-D215	NIRSCWAMPLITUDE	201	215	830	n/a	7.8125
S202-D215	NIRSCWAMPLITUDE	202	215	830	n/a	7.8125
S203-D215	NIRSCWAMPLITUDE	203	215	830	n/a	7.8125
S204-D215	NIRSCWAMPLITUDE	204	215	830	n/a	7.8125
S205-D215	NIRSCWAMPLITUDE	205	215	830	n/a	7.8125
S206-D215	NIRSCWAMPLITUDE	206	215	830	n/a	7.8125
S209-D215	NIRSCWAMPLITUDE	209	215	830	n/a	7.8125
S210-D215	NIRSCWAMPLITUDE	210	215	830	n/a	7.8125
S211-D215	NIRSCWAMPLITUDE	211	215	830	n/a	7.8125
S212-D215	NIRSCWAMPLITUDE	212	215	830	n/a	7.8125
S213-D215	NIRSCWAMPLITUDE	213	215	830	n/a	7.8125
S214-D215	NIRSCWAMPLITUDE	214	215	830	n/a	7.8125
S215-D215	NIRSCWAMPLITUDE	215	215	830	n/a	7.8125
S216-D215	NIRSCWAMPLITUDE	216	215	830	n/a	7.8125
S221-D215	NIRSCWAMPLITUDE	221	215	830	n/a	7.8125
S222-D215	NIRSCWAMPLITUDE	222	215	830	n/a	7.8125
S223-D215	NIRSCWAMPLITUDE	223	215	830	n/a	7.8125
S224-D215	NIRSCWAMPLITUDE	224	215	830	n/a	7.8125
S225-D215	NIRSCWAMPLITUDE	225	215	830	n/a	7.8125
S226-D215	NIRSCWAMPLITUDE	226	215	830	n/a	7.8125
S227-D215	NIRSCWAMPLITUDE	227	215	830	n/a	7.8125
S228-D215	NIRSCWAMPLITUDE	228	215	830	n/a	7.8125
S231-D215	NIRSCWAMPLITUDE	231	215	830	n/a	7.8125
S232-D215	NIRSCWAMPLITUDE	232	215	830	n/a	7.8125
S233-D215	NIRSCWAMPLITUDE	233	215	830	n/a	7.8125
S234-D215	NIRSCWAMPLITUDE	234	215	830	n/a	7.8125
S235-D215	NIRSCWAMPLITUDE	235	215	830	n/a	7.8125
S236-D215	NIRSCWAMPLITUDE	236	215	830	n/a	7.8125
S237-D215	NIRSCWAMPLITUDE	237	215	830	n/a	7.8125
S238-D215	NIRSCWAMPLITUDE	238	215	830	n/a	7.8125
S243-D215	NIRSCWAMPLITUDE	243	215	830	n/a	7.8125
S244-D215	NIRSCWAMPLITUDE	244	215	830	n/a	7.8125
S245-D215	NIRSCWAMPLITUDE	245	215	830	n/a	7.8125
S246-D215	NIRSCWAMPLITUDE	246	215	830	n/a	7.8125
S247-D215	NIRSCWAMPLITUDE	247	215	830	n/a	7.8125
S248-D215	NIRSCWAMPLITUDE	248	215	830	n/a	7.8125
S254-D215	NIRSCWAMPLITUDE	254	215	830	n/a	7.8125
S255-D215	NIRSCWAMPLITUDE	255	215	830	n/a	7.8125
S24-D216	NIRSCWAMPLITUDE	24	216	830	n/a	7.8125
S30-D216	NIRSCWAMPLITUDE	30	216	830	n/a	7.8125
S36-D216	NIRSCWAMPLITUDE	36	216	830	n/a	7.8125
S195-D216	NIRSCWAMPLITUDE	195	216	830	n/a	7.8125
S196-D216	NIRSCWAMPLITUDE	196	216	830	n/a	7.8125
S197-D216	NIRSCWAMPLITUDE	197	216	830	n/a	7.8125
S200-D216	NIRSCWAMPLITUDE	200	216	830	n/a	7.8125
S201-D216	NIRSCWAMPLITUDE	201	216	830	n/a	7.8125
S202-D216	NIRSCWAMPLITUDE	202	216	830	n/a	7.8125
S203-D216	NIRSCWAMPLITUDE	203	216	830	n/a	7.8125
S204-D216	NIRSCWAMPLITUDE	204	216	830	n/a	7.8125
S205-D216	NIRSCWAMPLITUDE	205	216	830	n/a	7.8125
S206-D216	NIRSCWAMPLITUDE	206	216	830	n/a	7.8125
S207-D216	NIRSCWAMPLITUDE	207	216	830	n/a	7.8125
S210-D216	NIRSCWAMPLITUDE	210	216	830	n/a	7.8125
S211-D216	NIRSCWAMPLITUDE	211	216	830	n/a	7.8125
S212-D216	NIRSCWAMPLITUDE	212	216	830	n/a	7.8125
S213-D216	NIRSCWAMPLITUDE	213	216	830	n/a	7.8125
S214-D216	NIRSCWAMPLITUDE	214	216	830	n/a	7.8125
S215-D216	NIRSCWAMPLITUDE	215	216	830	n/a	7.8125
S216-D216	NIRSCWAMPLITUDE	216	216	830	n/a	7.8125
S217-D216	NIRSCWAMPLITUDE	217	216	830	n/a	7.8125
S222-D216	NIRSCWAMPLITUDE	222	216	830	n/a	7.8125
S223-D216	NIRSCWAMPLITUDE	223	216	830	n/a	7.8125
S224-D216	NIRSCWAMPLITUDE	224	216	830	n/a	7.8125
S225-D216	NIRSCWAMPLITUDE	225	216	830	n/a	7.8125
S226-D216	NIRSCWAMPLITUDE	226	216	830	n/a	7.8125
S227-D216	NIRSCWAMPLITUDE	227	216	830	n/a	7.8125
S228-D216	NIRSCWAMPLITUDE	228	216	830	n/a	7.8125
S229-D216	NIRSCWAMPLITUDE	229	216	830	n/a	7.8125
S232-D216	NIRSCWAMPLITUDE	232	216	830	n/a	7.8125
S233-D216	NIRSCWAMPLITUDE	233	216	830	n/a	7.8125
S234-D216	NIRSCWAMPLITUDE	234	216	830	n/a	7.8125
S235-D216	NIRSCWAMPLITUDE	235	216	830	n/a	7.8125
S236-D216	NIRSCWAMPLITUDE	236	216	830	n/a	7.8125
S237-D216	NIRSCWAMPLITUDE	237	216	830	n/a	7.8125
S238-D216	NIRSCWAMPLITUDE	238	216	830	n/a	7.8125
S239-D216	NIRSCWAMPLITUDE	239	216	830	n/a	7.8125
S244-D216	NIRSCWAMPLITUDE	244	216	830	n/a	7.8125
S245-D216	NIRSCWAMPLITUDE	245	216	830	n/a	7.8125
S246-D216	NIRSCWAMPLITUDE	246	216	830	n/a	7.8125
S247-D216	NIRSCWAMPLITUDE	247	216	830	n/a	7.8125
S248-D216	NIRSCWAMPLITUDE	248	216	830	n/a	7.8125
S249-D216	NIRSCWAMPLITUDE	249	216	830	n/a	7.8125
S254-D216	NIRSCWAMPLITUDE	254	216	830	n/a	7.8125
S255-D216	NIRSCWAMPLITUDE	255	216	830	n/a	7.8125
S12-D217	NIRSCWAMPLITUDE	12	217	830	n/a	7.8125
S18-D217	NIRSCWAMPLITUDE	18	217	830	n/a	7.8125
S24-D217	NIRSCWAMPLITUDE	24	217	830	n/a	7.8125
S30-D217	NIRSCWAMPLITUDE	30	217	830	n/a	7.8125
S36-D217	NIRSCWAMPLITUDE	36	217	830	n/a	7.8125
S174-D217	NIRSCWAMPLITUDE	174	217	830	n/a	7.8125
S180-D217	NIRSCWAMPLITUDE	180	217	830	n/a	7.8125
S196-D217	NIRSCWAMPLITUDE	196	217	830	n/a	7.8125
S197-D217	NIRSCWAMPLITUDE	197	217	830	n/a	7.8125
S201-D217	NIRSCWAMPLITUDE	201	217	830	n/a	7.8125
S202-D217	NIRSCWAMPLITUDE	202	217	830	n/a	7.8125
S203-D217	NIRSCWAMPLITUDE	203	217	830	n/a	7.8125
S204-D217	NIRSCWAMPLITUDE	204	217	830	n/a	7.8125
S205-D217	NIRSCWAMPLITUDE	205	217	830	n/a	7.8125
S206-D217	NIRSCWAMPLITUDE	206	217	830	n/a	7.8125
S207-D217	NIRSCWAMPLITUDE	207	217	830	n/a	7.8125
S211-D217	NIRSCWAMPLITUDE	211	217	830	n/a	7.8125
S212-D217	NIRSCWAMPLITUDE	212	217	830	n/a	7.8125
S213-D217	NIRSCWAMPLITUDE	213	217	830	n/a	7.8125
S214-D217	NIRSCWAMPLITUDE	214	217	830	n/a	7.8125
S215-D217	NIRSCWAMPLITUDE	215	217	830	n/a	7.8125
S216-D217	NIRSCWAMPLITUDE	216	217	830	n/a	7.8125
S217-D217	NIRSCWAMPLITUDE	217	217	830	n/a	7.8125
S218-D217	NIRSCWAMPLITUDE	218	217	830	n/a	7.8125
S223-D217	NIRSCWAMPLITUDE	223	217	830	n/a	7.8125
S224-D217	NIRSCWAMPLITUDE	224	217	830	n/a	7.8125
S225-D217	NIRSCWAMPLITUDE	225	217	830	n/a	7.8125
S226-D217	NIRSCWAMPLITUDE	226	217	830	n/a	7.8125
S227-D217	NIRSCWAMPLITUDE	227	217	830	n/a	7.8125
S228-D217	NIRSCWAMPLITUDE	228	217	830	n/a	7.8125
S229-D217	NIRSCWAMPLITUDE	229	217	830	n/a	7.8125
S233-D217	NIRSCWAMPLITUDE	233	217	830	n/a	7.8125
S234-D217	NIRSCWAMPLITUDE	234	217	830	n/a	7.8125
S235-D217	NIRSCWAMPLITUDE	235	217	830	n/a	7.8125
S236-D217	NIRSCWAMPLITUDE	236	217	830	n/a	7.8125
S237-D217	NIRSCWAMPLITUDE	237	217	830	n/a	7.8125
S238-D217	NIRSCWAMPLITUDE	238	217	830	n/a	7.8125
S239-D217	NIRSCWAMPLITUDE	239	217	830	n/a	7.8125
S240-D217	NIRSCWAMPLITUDE	240	217	830	n/a	7.8125
S245-D217	NIRSCWAMPLITUDE	245	217	830	n/a	7.8125
S246-D217	NIRSCWAMPLITUDE	246	217	830	n/a	7.8125
S247-D217	NIRSCWAMPLITUDE	247	217	830	n/a	7.8125
S248-D217	NIRSCWAMPLITUDE	248	217	830	n/a	7.8125
S249-D217	NIRSCWAMPLITUDE	249	217	830	n/a	7.8125
S250-D217	NIRSCWAMPLITUDE	250	217	830	n/a	7.8125
S255-D217	NIRSCWAMPLITUDE	255	217	830	n/a	7.8125
S5-D218	NIRSCWAMPLITUDE	5	218	830	n/a	7.8125
S6-D218	NIRSCWAMPLITUDE	6	218	830	n/a	7.8125
S11-D218	NIRSCWAMPLITUDE	11	218	830	n/a	7.8125
S12-D218	NIRSCWAMPLITUDE	12	218	830	n/a	7.8125
S17-D218	NIRSCWAMPLITUDE	17	218	830	n/a	7.8125
S18-D218	NIRSCWAMPLITUDE	18	218	830	n/a	7.8125
S23-D218	NIRSCWAMPLITUDE	23	218	830	n/a	7.8125
S24-D218	NIRSCWAMPLITUDE	24	218	830	n/a	7.8125
S30-D218	NIRSCWAMPLITUDE	30	218	830	n/a	7.8125
S36-D218	NIRSCWAMPLITUDE	36	218	830	n/a	7.8125
S174-D218	NIRSCWAMPLITUDE	174	218	830	n/a	7.8125
S180-D218	NIRSCWAMPLITUDE	180	218	830	n/a	7.8125
S186-D218	NIRSCWAMPLITUDE	186	218	830	n/a	7.8125
S192-D218	NIRSCWAMPLITUDE	192	218	830	n/a	7.8125
S197-D218	NIRSCWAMPLITUDE	197	218	830	n/a	7.8125
S202-D218	NIRSCWAMPLITUDE	202	218	830	n/a	7.8125
S203-D218	NIRSCWAMPLITUDE	203	218	830	n/a	7.8125
S204-D218	NIRSCWAMPLITUDE	204	218	830	n/a	7.8125
S205-D218	NIRSCWAMPLITUDE	205	218	830	n/a	7.8125
S206-D218	NIRSCWAMPLITUDE	206	218	830	n/a	7.8125
S207-D218	NIRSCWAMPLITUDE	207	218	830	n/a	7.8125
S212-D218	NIRSCWAMPLITUDE	212	218	830	n/a	7.8125
S213-D218	NIRSCWAMPLITUDE	213	218	830	n/a	7.8125
S214-D218	NIRSCWAMPLITUDE	214	218	830	n/a	7.8125
S215-D218	NIRSCWAMPLITUDE	215	218	830	n/a	7.8125
S216-D218	NIRSCWAMPLITUDE	216	218	830	n/a	7.8125
S217-D218	NIRSCWAMPLITUDE	217	218	830	n/a	7.8125
S218-D218	NIRSCWAMPLITUDE	218	218	830	n/a	7.8125
S224-D218	NIRSCWAMPLITUDE	224	218	830	n/a	7.8125
S225-D218	NIRSCWAMPLITUDE	225	218	830	n/a	7.8125
S226-D218	NIRSCWAMPLITUDE	226	218	830	n/a	7.8125
S227-D218	NIRSCWAMPLITUDE	227	218	830	n/a	7.8125
S228-D218	NIRSCWAMPLITUDE	228	218	830	n/a	7.8125
S229-D218	NIRSCWAMPLITUDE	229	218	830	n/a	7.8125
S234-D218	NIRSCWAMPLITUDE	234	218	830	n/a	7.8125
S235-D218	NIRSCWAMPLITUDE	235	218	830	n/a	7.8125
S236-D218	NIRSCWAMPLITUDE	236	218	830	n/a	7.8125
S237-D218	NIRSCWAMPLITUDE	237	218	830	n/a	7.8125
S238-D218	NIRSCWAMPLITUDE	238	218	830	n/a	7.8125
S239-D218	NIRSCWAMPLITUDE	239	218	830	n/a	7.8125
S240-D218	NIRSCWAMPLITUDE	240	218	830	n/a	7.8125
S246-D218	NIRSCWAMPLITUDE	246	218	830	n/a	7.8125
S247-D218	NIRSCWAMPLITUDE	247	218	830	n/a	7.8125
S248-D218	NIRSCWAMPLITUDE	248	218	830	n/a	7.8125
S249-D218	NIRSCWAMPLITUDE	249	218	830	n/a	7.8125
S250-D218	NIRSCWAMPLITUDE	250	218	830	n/a	7.8125
S5-D219	NIRSCWAMPLITUDE	5	219	830	n/a	7.8125
S6-D219	NIRSCWAMPLITUDE	6	219	830	n/a	7.8125
S10-D219	NIRSCWAMPLITUDE	10	219	830	n/a	7.8125
S11-D219	NIRSCWAMPLITUDE	11	219	830	n/a	7.8125
S12-D219	NIRSCWAMPLITUDE	12	219	830	n/a	7.8125
S17-D219	NIRSCWAMPLITUDE	17	219	830	n/a	7.8125
S18-D219	NIRSCWAMPLITUDE	18	219	830	n/a	7.8125
S23-D219	NIRSCWAMPLITUDE	23	219	830	n/a	7.8125
S24-D219	NIRSCWAMPLITUDE	24	219	830	n/a	7.8125
S30-D219	NIRSCWAMPLITUDE	30	219	830	n/a	7.8125
S174-D219	NIRSCWAMPLITUDE	174	219	830	n/a	7.8125
S179-D219	NIRSCWAMPLITUDE	179	219	830	n/a	7.8125
S180-D219	NIRSCWAMPLITUDE	180	219	830	n/a	7.8125
S185-D219	NIRSCWAMPLITUDE	185	219	830	n/a	7.8125
S186-D219	NIRSCWAMPLITUDE	186	219	830	n/a	7.8125
S191-D219	NIRSCWAMPLITUDE	191	219	830	n/a	7.8125
S192-D219	NIRSCWAMPLITUDE	192	219	830	n/a	7.8125
S203-D219	NIRSCWAMPLITUDE	203	219	830	n/a	7.8125
S204-D219	NIRSCWAMPLITUDE	204	219	830	n/a	7.8125
S205-D219	NIRSCWAMPLITUDE	205	219	830	n/a	7.8125
S206-D219	NIRSCWAMPLITUDE	206	219	830	n/a	7.8125
S207-D219	NIRSCWAMPLITUDE	207	219	830	n/a	7.8125
S213-D219	NIRSCWAMPLITUDE	213	219	830	n/a	7.8125
S214-D219	NIRSCWAMPLITUDE	214	219	830	n/a	7.8125
S215-D219	NIRSCWAMPLITUDE	215	219	830	n/a	7.8125
S216-D219	NIRSCWAMPLITUDE	216	219	830	n/a	7.8125
S217-D219	NIRSCWAMPLITUDE	217	219	830	n/a	7.8125
S218-D219	NIRSCWAMPLITUDE	218	219	830	n/a	7.8125
S225-D219	NIRSCWAMPLITUDE	225	219	830	n/a	7.8125
S226-D219	NIRSCWAMPLITUDE	226	219	830	n/a	7.8125
S227-D219	NIRSCWAMPLITUDE	227	219	830	n/a	7.8125
S228-D219	NIRSCWAMPLITUDE	228	219	830	n/a	7.8125
S229-D219	NIRSCWAMPLITUDE	229	219	830	n/a	7.8125
S235-D219	NIRSCWAMPLITUDE	235	219	830	n/a	7.8125
S236-D219	NIRSCWAMPLITUDE	236	219	830	n/a	7.8125
S237-D219	NIRSCWAMPLITUDE	237	219	830	n/a	7.8125
S238-D219	NIRSCWAMPLITUDE	238	219	830	n/a	7.8125
S239-D219	NIRSCWAMPLITUDE	239	219	830	n/a	7.8125
S240-D219	NIRSCWAMPLITUDE	240	219	830	n/a	7.8125
S247-D219	NIRSCWAMPLITUDE	247	219	830	n/a	7.8125
S248-D219	NIRSCWAMPLITUDE	248	219	830	n/a	7.8125
S249-D219	NIRSCWAMPLITUDE	249	219	830	n/a	7.8125
S250-D219	NIRSCWAMPLITUDE	250	219	830	n/a	7.8125
S4-D220	NIRSCWAMPLITUDE	4	220	830	n/a	7.8125
S5-D220	NIRSCWAMPLITUDE	5	220	830	n/a	7.8125
S6-D220	NIRSCWAMPLITUDE	6	220	830	n/a	7.8125
S10-D220	NIRSCWAMPLITUDE	10	220	830	n/a	7.8125
S11-D220	NIRSCWAMPLITUDE	11	220	830	n/a	7.8125
S12-D220	NIRSCWAMPLITUDE	12	220	830	n/a	7.8125
S16-D220	NIRSCWAMPLITUDE	16	220	830	n/a	7.8125
S17-D220	NIRSCWAMPLITUDE	17	220	830	n/a	7.8125
S18-D220	NIRSCWAMPLITUDE	18	220	830	n/a	7.8125
S23-D220	NIRSCWAMPLITUDE	23	220	830	n/a	7.8125
S24-D220	NIRSCWAMPLITUDE	24	220	830	n/a	7.8125
S30-D220	NIRSCWAMPLITUDE	30	220	830	n/a	7.8125
S174-D220	NIRSCWAMPLITUDE	174	220	830	n/a	7.8125
S179-D220	NIRSCWAMPLITUDE	179	220	830	n/a	7.8125
S180-D220	NIRSCWAMPLITUDE	180	220	830	n/a	7.8125
S185-D220	NIRSCWAMPLITUDE	185	220	830	n/a	7.8125
S186-D220	NIRSCWAMPLITUDE	186	220	830	n/a	7.8125
S190-D220	NIRSCWAMPLITUDE	190	220	830	n/a	7.8125
S191-D220	NIRSCWAMPLITUDE	191	220	830	n/a	7.8125
S192-D220	NIRSCWAMPLITUDE	192	220	830	n/a	7.8125
S204-D220	NIRSCWAMPLITUDE	204	220	830	n/a	7.8125
S205-D220	NIRSCWAMPLITUDE	205	220	830	n/a	7.8125
S206-D220	NIRSCWAMPLITUDE	206	220	830	n/a	7.8125
S207-D220	NIRSCWAMPLITUDE	207	220	830	n/a	7.8125
S214-D220	NIRSCWAMPLITUDE	214	220	830	n/a	7.8125
S215-D220	NIRSCWAMPLITUDE	215	220	830	n/a	7.8125
S216-D220	NIRSCWAMPLITUDE	216	220	830	n/a	7.8125
S217-D220	NIRSCWAMPLITUDE	217	220	830	n/a	7.8125
S218-D220	NIRSCWAMPLITUDE	218	220	830	n/a	7.8125
S226-D220	NIRSCWAMPLITUDE	226	220	830	n/a	7.8125
S227-D220	NIRSCWAMPLITUDE	227	220	830	n/a	7.8125
S228-D220	NIRSCWAMPLITUDE	228	220	830	n/a	7.8125
S229-D220	NIRSCWAMPLITUDE	229	220	830	n/a	7.8125
S236-D220	NIRSCWAMPLITUDE	236	220	830	n/a	7.8125
S237-D220	NIRSCWAMPLITUDE	237	220	830	n/a	7.8125
S238-D220	NIRSCWAMPLITUDE	238	220	830	n/a	7.8125
S239-D220	NIRSCWAMPLITUDE	239	220	830	n/a	7.8125
S240-D220	NIRSCWAMPLITUDE	240	220	830	n/a	7.8125
S248-D220	NIRSCWAMPLITUDE	248	220	830	n/a	7.8125
S249-D220	NIRSCWAMPLITUDE	249	220	830	n/a	7.8125
S250-D220	NIRSCWAMPLITUDE	250	220	830	n/a	7.8125
S81-D221	NIRSCWAMPLITUDE	81	221	830	n/a	7.8125
S86-D221	NIRSCWAMPLITUDE	86	221	830	n/a	7.8125
S87-D221	NIRSCWAMPLITUDE	87	221	830	n/a	7.8125
S92-D221	NIRSCWAMPLITUDE	92	221	830	n/a	7.8125
S93-D221	NIRSCWAMPLITUDE	93	221	830	n/a	7.8125
S98-D221	NIRSCWAMPLITUDE	98	221	830	n/a	7.8125
S99-D221	NIRSCWAMPLITUDE	99	221	830	n/a	7.8125
S103-D221	NIRSCWAMPLITUDE	103	221	830	n/a	7.8125
S104-D221	NIRSCWAMPLITUDE	104	221	830	n/a	7.8125
S105-D221	NIRSCWAMPLITUDE	105	221	830	n/a	7.8125
S109-D221	NIRSCWAMPLITUDE	109	221	830	n/a	7.8125
S110-D221	NIRSCWAMPLITUDE	110	221	830	n/a	7.8125
S111-D221	NIRSCWAMPLITUDE	111	221	830	n/a	7.8125
S116-D221	NIRSCWAMPLITUDE	116	221	830	n/a	7.8125
S117-D221	NIRSCWAMPLITUDE	117	221	830	n/a	7.8125
S122-D221	NIRSCWAMPLITUDE	122	221	830	n/a	7.8125
S127-D221	NIRSCWAMPLITUDE	127	221	830	n/a	7.8125
S138-D221	NIRSCWAMPLITUDE	138	221	830	n/a	7.8125
S193-D221	NIRSCWAMPLITUDE	193	221	830	n/a	7.8125
S194-D221	NIRSCWAMPLITUDE	194	221	830	n/a	7.8125
S195-D221	NIRSCWAMPLITUDE	195	221	830	n/a	7.8125
S198-D221	NIRSCWAMPLITUDE	198	221	830	n/a	7.8125
S199-D221	NIRSCWAMPLITUDE	199	221	830	n/a	7.8125
S200-D221	NIRSCWAMPLITUDE	200	221	830	n/a	7.8125
S201-D221	NIRSCWAMPLITUDE	201	221	830	n/a	7.8125
S208-D221	NIRSCWAMPLITUDE	208	221	830	n/a	7.8125
S209-D221	NIRSCWAMPLITUDE	209	221	830	n/a	7.8125
S210-D221	NIRSCWAMPLITUDE	210	221	830	n/a	7.8125
S211-D221	NIRSCWAMPLITUDE	211	221	830	n/a	7.8125
S219-D221	NIRSCWAMPLITUDE	219	221	830	n/a	7.8125
S220-D221	NIRSCWAMPLITUDE	220	221	830	n/a	7.8125
S221-D221	NIRSCWAMPLITUDE	221	221	830	n/a	7.8125
S222-D221	NIRSCWAMPLITUDE	222	221	830	n/a	7.8125
S223-D221	NIRSCWAMPLITUDE	223	221	830	n/a	7.8125
S230-D221	NIRSCWAMPLITUDE	230	221	830	n/a	7.8125
S231-D221	NIRSCWAMPLITUDE	231	221	830	n/a	7.8125
S232-D221	NIRSCWAMPLITUDE	232	221	830	n/a	7.8125
S233-D221	NIRSCWAMPLITUDE	233	221	830	n/a	7.8125
S241-D221	NIRSCWAMPLITUDE	241	221	830	n/a	7.8125
S242-D221	NIRSCWAMPLITUDE	242	221	830	n/a	7.8125
S243-D221	NIRSCWAMPLITUDE	243	221	830	n/a	7.8125
S244-D221	NIRSCWAMPLITUDE	244	221	830	n/a	7.8125
S251-D221	NIRSCWAMPLITUDE	251	221	830	n/a	7.8125
S252-D221	NIRSCWAMPLITUDE	252	221	830	n/a	7.8125
S253-D221	NIRSCWAMPLITUDE	253	221	830	n/a	7.8125
S254-D221	NIRSCWAMPLITUDE	254	221	830	n/a	7.8125
S81-D222	NIRSCWAMPLITUDE	81	222	830	n/a	7.8125
S87-D222	NIRSCWAMPLITUDE	87	222	830	n/a	7.8125
S93-D222	NIRSCWAMPLITUDE	93	222	830	n/a	7.8125
S99-D222	NIRSCWAMPLITUDE	99	222	830	n/a	7.8125
S105-D222	NIRSCWAMPLITUDE	105	222	830	n/a	7.8125
S110-D222	NIRSCWAMPLITUDE	110	222	830	n/a	7.8125
S111-D222	NIRSCWAMPLITUDE	111	222	830	n/a	7.8125
S116-D222	NIRSCWAMPLITUDE	116	222	830	n/a	7.8125
S117-D222	NIRSCWAMPLITUDE	117	222	830	n/a	7.8125
S138-D222	NIRSCWAMPLITUDE	138	222	830	n/a	7.8125
S193-D222	NIRSCWAMPLITUDE	193	222	830	n/a	7.8125
S194-D222	NIRSCWAMPLITUDE	194	222	830	n/a	7.8125
S195-D222	NIRSCWAMPLITUDE	195	222	830	n/a	7.8125
S196-D222	NIRSCWAMPLITUDE	196	222	830	n/a	7.8125
S198-D222	NIRSCWAMPLITUDE	198	222	830	n/a	7.8125
S199-D222	NIRSCWAMPLITUDE	199	222	830	n/a	7.8125
S200-D222	NIRSCWAMPLITUDE	200	222	830	n/a	7.8125
S201-D222	NIRSCWAMPLITUDE	201	222	830	n/a	7.8125
S202-D222	NIRSCWAMPLITUDE	202	222	830	n/a	7.8125
S208-D222	NIRSCWAMPLITUDE	208	222	830	n/a	7.8125
S209-D222	NIRSCWAMPLITUDE	209	222	830	n/a	7.8125
S210-D222	NIRSCWAMPLITUDE	210	222	830	n/a	7.8125
S211-D222	NIRSCWAMPLITUDE	211	222	830	n/a	7.8125
S212-D222	NIRSCWAMPLITUDE	212	222	830	n/a	7.8125
S219-D222	NIRSCWAMPLITUDE	219	222	830	n/a	7.8125
S220-D222	NIRSCWAMPLITUDE	220	222	830	n/a	7.8125
S221-D222	NIRSCWAMPLITUDE	221	222	830	n/a	7.8125
S222-D222	NIRSCWAMPLITUDE	222	222	830	n/a	7.8125
S223-D222	NIRSCWAMPLITUDE	223	222	830	n/a	7.8125
S224-D222	NIRSCWAMPLITUDE	224	222	830	n/a	7.8125
S230-D222	NIRSCWAMPLITUDE	230	222	830	n/a	7.8125
S231-D222	NIRSCWAMPLITUDE	231	222	830	n/a	7.8125
S232-D222	NIRSCWAMPLITUDE	232	222	830	n/a	7.8125
S233-D222	NIRSCWAMPLITUDE	233	222	830	n/a	7.8125
S234-D222	NIRSCWAMPLITUDE	234	222	830	n/a	7.8125
S241-D222	NIRSCWAMPLITUDE	241	222	830	n/a	7.8125
S242-D222	NIRSCWAMPLITUDE	242	222	830	n/a	7.8125
S243-D222	NIRSCWAMPLITUDE	243	222	830	n/a	7.8125
S244-D222	NIRSCWAMPLITUDE	244	222	830	n/a	7.8125
S245-D222	NIRSCWAMPLITUDE	245	222	830	n/a	7.8125
S251-D222	NIRSCWAMPLITUDE	251	222	830	n/a	7.8125
S252-D222	NIRSCWAMPLITUDE	252	222	830	n/a	7.8125
S253-D222	NIRSCWAMPLITUDE	253	222	830	n/a	7.8125
S254-D222	NIRSCWAMPLITUDE	254	222	830	n/a	7.8125
S255-D222	NIRSCWAMPLITUDE	255	222	830	n/a	7.8125
S111-D223	NIRSCWAMPLITUDE	111	223	830	n/a	7.8125
S117-D223	NIRSCWAMPLITUDE	117	223	830	n/a	7.8125
S138-D223	NIRSCWAMPLITUDE	138	223	830	n/a	7.8125
S144-D223	NIRSCWAMPLITUDE	144	223	830	n/a	7.8125
S193-D223	NIRSCWAMPLITUDE	193	223	830	n/a	7.8125
S194-D223	NIRSCWAMPLITUDE	194	223	830	n/a	7.8125
S195-D223	NIRSCWAMPLITUDE	195	223	830	n/a	7.8125
S196-D223	NIRSCWAMPLITUDE	196	223	830	n/a	7.8125
S197-D223	NIRSCWAMPLITUDE	197	223	830	n/a	7.8125
S198-D223	NIRSCWAMPLITUDE	198	223	830	n/a	7.8125
S199-D223	NIRSCWAMPLITUDE	199	223	830	n/a	7.8125
S200-D223	NIRSCWAMPLITUDE	200	223	830	n/a	7.8125
S201-D223	NIRSCWAMPLITUDE	201	223	830	n/a	7.8125
S202-D223	NIRSCWAMPLITUDE	202	223	830	n/a	7.8125
S208-D223	NIRSCWAMPLITUDE	208	223	830	n/a	7.8125
S209-D223	NIRSCWAMPLITUDE	209	223	830	n/a	7.8125
S210-D223	NIRSCWAMPLITUDE	210	223	830	n/a	7.8125
S211-D223	NIRSCWAMPLITUDE	211	223	830	n/a	7.8125
S212-D223	NIRSCWAMPLITUDE	212	223	830	n/a	7.8125
S213-D223	NIRSCWAMPLITUDE	213	223	830	n/a	7.8125
S219-D223	NIRSCWAMPLITUDE	219	223	830	n/a	7.8125
S220-D223	NIRSCWAMPLITUDE	220	223	830	n/a	7.8125
S221-D223	NIRSCWAMPLITUDE	221	223	830	n/a	7.8125
S222-D223	NIRSCWAMPLITUDE	222	223	830	n/a	7.8125
S223-D223	NIRSCWAMPLITUDE	223	223	830	n/a	7.8125
S224-D223	NIRSCWAMPLITUDE	224	223	830	n/a	7.8125
S225-D223	NIRSCWAMPLITUDE	225	223	830	n/a	7.8125
S230-D223	NIRSCWAMPLITUDE	230	223	830	n/a	7.8125
S231-D223	NIRSCWAMPLITUDE	231	223	830	n/a	7.8125
S232-D223	NIRSCWAMPLITUDE	232	223	830	n/a	7.8125
S233-D223	NIRSCWAMPLITUDE	233	223	830	n/a	7.8125
S234-D223	NIRSCWAMPLITUDE	234	223	830	n/a	7.8125
S235-D223	NIRSCWAMPLITUDE	235	223	830	n/a	7.8125
S241-D223	NIRSCWAMPLITUDE	241	223	830	n/a	7.8125
S242-D223	NIRSCWAMPLITUDE	242	223	830	n/a	7.8125
S243-D223	NIRSCWAMPLITUDE	243	223	830	n/a	7.8125
S244-D223	NIRSCWAMPLITUDE	244	223	830	n/a	7.8125
S245-D223	NIRSCWAMPLITUDE	245	223	830	n/a	7.8125
S246-D223	NIRSCWAMPLITUDE	246	223	830	n/a	7.8125
S251-D223	NIRSCWAMPLITUDE	251	223	830	n/a	7.8125
S252-D223	NIRSCWAMPLITUDE	252	223	830	n/a	7.8125
S253-D223	NIRSCWAMPLITUDE	253	223	830	n/a	7.8125
S254-D223	NIRSCWAMPLITUDE	254	223	830	n/a	7.8125
S255-D223	NIRSCWAMPLITUDE	255	223	830	n/a	7.8125
S138-D224	NIRSCWAMPLITUDE	138	224	830	n/a	7.8125
S144-D224	NIRSCWAMPLITUDE	144	224	830	n/a	7.8125
S193-D224	NIRSCWAMPLITUDE	193	224	830	n/a	7.8125
S194-D224	NIRSCWAMPLITUDE	194	224	830	n/a	7.8125
S195-D224	NIRSCWAMPLITUDE	195	224	830	n/a	7.8125
S196-D224	NIRSCWAMPLITUDE	196	224	830	n/a	7.8125
S197-D224	NIRSCWAMPLITUDE	197	224	830	n/a	7.8125
S198-D224	NIRSCWAMPLITUDE	198	224	830	n/a	7.8125
S199-D224	NIRSCWAMPLITUDE	199	224	830	n/a	7.8125
S200-D224	NIRSCWAMPLITUDE	200	224	830	n/a	7.8125
S201-D224	NIRSCWAMPLITUDE	201	224	830	n/a	7.8125
S202-D224	NIRSCWAMPLITUDE	202	224	830	n/a	7.8125
S203-D224	NIRSCWAMPLITUDE	203	224	830	n/a	7.8125
S208-D224	NIRSCWAMPLITUDE	208	224	830	n/a	7.8125
S209-D224	NIRSCWAMPLITUDE	209	224	830	n/a	7.8125
S210-D224	NIRSCWAMPLITUDE	210	224	830	n/a	7.8125
S211-D224	NIRSCWAMPLITUDE	211	224	830	n/a	7.8125
S212-D224	NIRSCWAMPLITUDE	212	224	830	n/a	7.8125
S213-D224	NIRSCWAMPLITUDE	213	224	830	n/a	7.8125
S214-D224	NIRSCWAMPLITUDE	214	224	830	n/a	7.8125
S219-D224	NIRSCWAMPLITUDE	219	224	830	n/a	7.8125
S220-D224	NIRSCWAMPLITUDE	220	224	830	n/a	7.8125
S221-D224	NIRSCWAMPLITUDE	221	224	830	n/a	7.8125
S222-D224	NIRSCWAMPLITUDE	222	224	830	n/a	7.8125
S223-D224	NIRSCWAMPLITUDE	223	224	830	n/a	7.8125
S224-D224	NIRSCWAMPLITUDE	224	224	830	n/a	7.8125
S225-D224	NIRSCWAMPLITUDE	225	224	830	n/a	7.8125
S226-D224	NIRSCWAMPLITUDE	226	224	830	n/a	7.8125
S230-D224	NIRSCWAMPLITUDE	230	224	830	n/a	7.8125
S231-D224	NIRSCWAMPLITUDE	231	224	830	n/a	7.8125
S232-D224	NIRSCWAMPLITUDE	232	224	830	n/a	7.8125
S233-D224	NIRSCWAMPLITUDE	233	224	830	n/a	7.8125
S234-D224	NIRSCWAMPLITUDE	234	224	830	n/a	7.8125
S235-D224	NIRSCWAMPLITUDE	235	224	830	n/a	7.8125
S236-D224	NIRSCWAMPLITUDE	236	224	830	n/a	7.8125
S241-D224	NIRSCWAMPLITUDE	241	224	830	n/a	7.8125
S242-D224	NIRSCWAMPLITUDE	242	224	830	n/a	7.8125
S243-D224	NIRSCWAMPLITUDE	243	224	830	n/a	7.8125
S244-D224	NIRSCWAMPLITUDE	244	224	830	n/a	7.8125
S245-D224	NIRSCWAMPLITUDE	245	224	830	n/a	7.8125
S246-D224	NIRSCWAMPLITUDE	246	224	830	n/a	7.8125
S247-D224	NIRSCWAMPLITUDE	247	224	830	n/a	7.8125
S251-D224	NIRSCWAMPLITUDE	251	224	830	n/a	7.8125
S252-D224	NIRSCWAMPLITUDE	252	224	830	n/a	7.8125
S253-D224	NIRSCWAMPLITUDE	253	224	830	n/a	7.8125
S254-D224	NIRSCWAMPLITUDE	254	224	830	n/a	7.8125
S255-D224	NIRSCWAMPLITUDE	255	224	830	n/a	7.8125
S138-D225	NIRSCWAMPLITUDE	138	225	830	n/a	7.8125
S144-D225	NIRSCWAMPLITUDE	144	225	830	n/a	7.8125
S150-D225	NIRSCWAMPLITUDE	150	225	830	n/a	7.8125
S195-D225	NIRSCWAMPLITUDE	195	225	830	n/a	7.8125
S196-D225	NIRSCWAMPLITUDE	196	225	830	n/a	7.8125
S197-D225	NIRSCWAMPLITUDE	197	225	830	n/a	7.8125
S199-D225	NIRSCWAMPLITUDE	199	225	830	n/a	7.8125
S200-D225	NIRSCWAMPLITUDE	200	225	830	n/a	7.8125
S201-D225	NIRSCWAMPLITUDE	201	225	830	n/a	7.8125
S202-D225	NIRSCWAMPLITUDE	202	225	830	n/a	7.8125
S203-D225	NIRSCWAMPLITUDE	203	225	830	n/a	7.8125
S204-D225	NIRSCWAMPLITUDE	204	225	830	n/a	7.8125
S208-D225	NIRSCWAMPLITUDE	208	225	830	n/a	7.8125
S209-D225	NIRSCWAMPLITUDE	209	225	830	n/a	7.8125
S210-D225	NIRSCWAMPLITUDE	210	225	830	n/a	7.8125
S211-D225	NIRSCWAMPLITUDE	211	225	830	n/a	7.8125
S212-D225	NIRSCWAMPLITUDE	212	225	830	n/a	7.8125
S213-D225	NIRSCWAMPLITUDE	213	225	830	n/a	7.8125
S214-D225	NIRSCWAMPLITUDE	214	225	830	n/a	7.8125
S215-D225	NIRSCWAMPLITUDE	215	225	830	n/a	7.8125
S220-D225	NIRSCWAMPLITUDE	220	225	830	n/a	7.8125
S221-D225	NIRSCWAMPLITUDE	221	225	830	n/a	7.8125
S222-D225	NIRSCWAMPLITUDE	222	225	830	n/a	7.8125
S223-D225	NIRSCWAMPLITUDE	223	225	830	n/a	7.8125
S224-D225	NIRSCWAMPLITUDE	224	225	830	n/a	7.8125
S225-D225	NIRSCWAMPLITUDE	225	225	830	n/a	7.8125
S226-D225	NIRSCWAMPLITUDE	226	225	830	n/a	7.8125
S227-D225	NIRSCWAMPLITUDE	227	225	830	n/a	7.8125
S230-D225	NIRSCWAMPLITUDE	230	225	830	n/a	7.8125
S231-D225	NIRSCWAMPLITUDE	231	225	830	n/a	7.8125
S232-D225	NIRSCWAMPLITUDE	232	225	830	n/a	7.8125
S233-D225	NIRSCWAMPLITUDE	233	225	830	n/a	7.8125
S234-D225	NIRSCWAMPLITUDE	234	225	830	n/a	7.8125
S235-D225	NIRSCWAMPLITUDE	235	225	830	n/a	7.8125
S236-D225	NIRSCWAMPLITUDE	236	225	830	n/a	7.8125
S237-D225	NIRSCWAMPLITUDE	237	225	830	n/a	7.8125
S241-D225	NIRSCWAMPLITUDE	241	225	830	n/a	7.8125
S242-D225	NIRSCWAMPLITUDE	242	225	830	n/a	7.8125
S243-D225	NIRSCWAMPLITUDE	243	225	830	n/a	7.8125
S244-D225	NIRSCWAMPLITUDE	244	225	830	n/a	7.8125
S245-D225	NIRSCWAMPLITUDE	245	225	830	n/a	7.8125
S246-D225	NIRSCWAMPLITUDE	246	225	830	n/a	7.8125
S247-D225	NIRSCWAMPLITUDE	247	225	830	n/a	7.8125
S248-D225	NIRSCWAMPLITUDE	248	225	830	n/a	7.8125
S252-D225	NIRSCWAMPLITUDE	252	225	830	n/a	7.8125
S253-D225	NIRSCWAMPLITUDE	253	225	830	n/a	7.8125
S254-D225	NIRSCWAMPLITUDE	254	225	830	n/a	7.8125
S255-D225	NIRSCWAMPLITUDE	255	225	830	n/a	7.8125
S150-D226	NIRSCWAMPLITUDE	150	226	830	n/a	7.8125
S156-D226	NIRSCWAMPLITUDE	156	226	830	n/a	7.8125
S162-D226	NIRSCWAMPLITUDE	162	226	830	n/a	7.8125
S196-D226	NIRSCWAMPLITUDE	196	226	830	n/a	7.8125
S197-D226	NIRSCWAMPLITUDE	197	226	830	n/a	7.8125
S200-D226	NIRSCWAMPLITUDE	200	226	830	n/a	7.8125
S201-D226	NIRSCWAMPLITUDE	201	226	830	n/a	7.8125
S202-D226	NIRSCWAMPLITUDE	202	226	830	n/a	7.8125
S203-D226	NIRSCWAMPLITUDE	203	226	830	n/a	7.8125
S204-D226	NIRSCWAMPLITUDE	204	226	830	n/a	7.8125
S205-D226	NIRSCWAMPLITUDE	205	226	830	n/a	7.8125
S209-D226	NIRSCWAMPLITUDE	209	226	830	n/a	7.8125
S210-D226	NIRSCWAMPLITUDE	210	226	830	n/a	7.8125
S211-D226	NIRSCWAMPLITUDE	211	226	830	n/a	7.8125
S212-D226	NIRSCWAMPLITUDE	212	226	830	n/a	7.8125
S213-D226	NIRSCWAMPLITUDE	213	226	830	n/a	7.8125
S214-D226	NIRSCWAMPLITUDE	214	226	830	n/a	7.8125
S215-D226	NIRSCWAMPLITUDE	215	226	830	n/a	7.8125
S216-D226	NIRSCWAMPLITUDE	216	226	830	n/a	7.8125
S221-D226	NIRSCWAMPLITUDE	221	226	830	n/a	7.8125
S222-D226	NIRSCWAMPLITUDE	222	226	830	n/a	7.8125
S223-D226	NIRSCWAMPLITUDE	223	226	830	n/a	7.8125
S224-D226	NIRSCWAMPLITUDE	224	226	830	n/a	7.8125
S225-D226	NIRSCWAMPLITUDE	225	226	830	n/a	7.8125
S226-D226	NIRSCWAMPLITUDE	226	226	830	n/a	7.8125
S227-D226	NIRSCWAMPLITUDE	227	226	830	n/a	7.8125
S228-D226	NIRSCWAMPLITUDE	228	226	830	n/a	7.8125
S231-D226	NIRSCWAMPLITUDE	231	226	830	n/a	7.8125
S232-D226	NIRSCWAMPLITUDE	232	226	830	n/a	7.8125
S233-D226	NIRSCWAMPLITUDE	233	226	830	n/a	7.8125
S234-D226	NIRSCWAMPLITUDE	234	226	830	n/a	7.8125
S235-D226	NIRSCWAMPLITUDE	235	226	830	n/a	7.8125
S236-D226	NIRSCWAMPLITUDE	236	226	830	n/a	7.8125
S237-D226	NIRSCWAMPLITUDE	237	226	830	n/a	7.8125
S238-D226	NIRSCWAMPLITUDE	238	226	830	n/a	7.8125
S242-D226	NIRSCWAMPLITUDE	242	226	830	n/a	7.8125
S243-D226	NIRSCWAMPLITUDE	243	226	830	n/a	7.8125
S244-D226	NIRSCWAMPLITUDE	244	226	830	n/a	7.8125
S245-D226	NIRSCWAMPLITUDE	245	226	830	n/a	7.8125
S246-D226	NIRSCWAMPLITUDE	246	226	830	n/a	7.8125
S247-D226	NIRSCWAMPLITUDE	247	226	830	n/a	7.8125
S248-D226	NIRSCWAMPLITUDE	248	226	830	n/a	7.8125
S249-D226	NIRSCWAMPLITUDE	249	226	830	n/a	7.8125
S253-D226	NIRSCWAMPLITUDE	253	226	830	n/a	7.8125
S254-D226	NIRSCWAMPLITUDE	254	226	830	n/a	7.8125
S255-D226	NIRSCWAMPLITUDE	255	226	830	n/a	7.8125
S156-D227	NIRSCWAMPLITUDE	156	227	830	n/a	7.8125
S162-D227	NIRSCWAMPLITUDE	162	227	830	n/a	7.8125
S168-D227	NIRSCWAMPLITUDE	168	227	830	n/a	7.8125
S174-D227	NIRSCWAMPLITUDE	174	227	830	n/a	7.8125
S196-D227	NIRSCWAMPLITUDE	196	227	830	n/a	7.8125
S197-D227	NIRSCWAMPLITUDE	197	227	830	n/a	7.8125
S201-D227	NIRSCWAMPLITUDE	201	227	830	n/a	7.8125
S202-D227	NIRSCWAMPLITUDE	202	227	830	n/a	7.8125
S203-D227	NIRSCWAMPLITUDE	203	227	830	n/a	7.8125
S204-D227	NIRSCWAMPLITUDE	204	227	830	n/a	7.8125
S205-D227	NIRSCWAMPLITUDE	205	227	830	n/a	7.8125
S206-D227	NIRSCWAMPLITUDE	206	227	830	n/a	7.8125
S210-D227	NIRSCWAMPLITUDE	210	227	830	n/a	7.8125
S211-D227	NIRSCWAMPLITUDE	211	227	830	n/a	7.8125
S212-D227	NIRSCWAMPLITUDE	212	227	830	n/a	7.8125
S213-D227	NIRSCWAMPLITUDE	213	227	830	n/a	7.8125
S214-D227	NIRSCWAMPLITUDE	214	227	830	n/a	7.8125
S215-D227	NIRSCWAMPLITUDE	215	227	830	n/a	7.8125
S216-D227	NIRSCWAMPLITUDE	216	227	830	n/a	7.8125
S217-D227	NIRSCWAMPLITUDE	217	227	830	n/a	7.8125
S222-D227	NIRSCWAMPLITUDE	222	227	830	n/a	7.8125
S223-D227	NIRSCWAMPLITUDE	223	227	830	n/a	7.8125
S224-D227	NIRSCWAMPLITUDE	224	227	830	n/a	7.8125
S225-D227	NIRSCWAMPLITUDE	225	227	830	n/a	7.8125
S226-D227	NIRSCWAMPLITUDE	226	227	830	n/a	7.8125
S227-D227	NIRSCWAMPLITUDE	227	227	830	n/a	7.8125
S228-D227	NIRSCWAMPLITUDE	228	227	830	n/a	7.8125
S229-D227	NIRSCWAMPLITUDE	229	227	830	n/a	7.8125
S232-D227	NIRSCWAMPLITUDE	232	227	830	n/a	7.8125
S233-D227	NIRSCWAMPLITUDE	233	227	830	n/a	7.8125
S234-D227	NIRSCWAMPLITUDE	234	227	830	n/a	7.8125
S235-D227	NIRSCWAMPLITUDE	235	227	830	n/a	7.8125
S236-D227	NIRSCWAMPLITUDE	236	227	830	n/a	7.8125
S237-D227	NIRSCWAMPLITUDE	237	227	830	n/a	7.8125
S238-D227	NIRSCWAMPLITUDE	238	227	830	n/a	7.8125
S239-D227	NIRSCWAMPLITUDE	239	227	830	n/a	7.8125
S243-D227	NIRSCWAMPLITUDE	243	227	830	n/a	7.8125
S244-D227	NIRSCWAMPLITUDE	244	227	830	n/a	7.8125
S245-D227	NIRSCWAMPLITUDE	245	227	830	n/a	7.8125
S246-D227	NIRSCWAMPLITUDE	246	227	830	n/a	7.8125
S247-D227	NIRSCWAMPLITUDE	247	227	830	n/a	7.8125
S248-D227	NIRSCWAMPLITUDE	248	227	830	n/a	7.8125
S249-D227	NIRSCWAMPLITUDE	249	227	830	n/a	7.8125
S250-D227	NIRSCWAMPLITUDE	250	227	830	n/a	7.8125
S253-D227	NIRSCWAMPLITUDE	253	227	830	n/a	7.8125
S254-D227	NIRSCWAMPLITUDE	254	227	830	n/a	7.8125
S255-D227	NIRSCWAMPLITUDE	255	227	830	n/a	7.8125
S156-D228	NIRSCWAMPLITUDE	156	228	830	n/a	7.8125
S162-D228	NIRSCWAMPLITUDE	162	228	830	n/a	7.8125
S168-D228	NIRSCWAMPLITUDE	168	228	830	n/a	7.8125
S174-D228	NIRSCWAMPLITUDE	174	228	830	n/a	7.8125
S180-D228	NIRSCWAMPLITUDE	180	228	830	n/a	7.8125
S186-D228	NIRSCWAMPLITUDE	186	228	830	n/a	7.8125
S197-D228	NIRSCWAMPLITUDE	197	228	830	n/a	7.8125
S202-D228	NIRSCWAMPLITUDE	202	228	830	n/a	7.8125
S203-D228	NIRSCWAMPLITUDE	203	228	830	n/a	7.8125
S204-D228	NIRSCWAMPLITUDE	204	228	830	n/a	7.8125
S205-D228	NIRSCWAMPLITUDE	205	228	830	n/a	7.8125
S206-D228	NIRSCWAMPLITUDE	206	228	830	n/a	7.8125
S207-D228	NIRSCWAMPLITUDE	207	228	830	n/a	7.8125
S211-D228	NIRSCWAMPLITUDE	211	228	830	n/a	7.8125
S212-D228	NIRSCWAMPLITUDE	212	228	830	n/a	7.8125
S213-D228	NIRSCWAMPLITUDE	213	228	830	n/a	7.8125
S214-D228	NIRSCWAMPLITUDE	214	228	830	n/a	7.8125
S215-D228	NIRSCWAMPLITUDE	215	228	830	n/a	7.8125
S216-D228	NIRSCWAMPLITUDE	216	228	830	n/a	7.8125
S217-D228	NIRSCWAMPLITUDE	217	228	830	n/a	7.8125
S218-D228	NIRSCWAMPLITUDE	218	228	830	n/a	7.8125
S223-D228	NIRSCWAMPLITUDE	223	228	830	n/a	7.8125
S224-D228	NIRSCWAMPLITUDE	224	228	830	n/a	7.8125
S225-D228	NIRSCWAMPLITUDE	225	228	830	n/a	7.8125
S226-D228	NIRSCWAMPLITUDE	226	228	830	n/a	7.8125
S227-D228	NIRSCWAMPLITUDE	227	228	830	n/a	7.8125
S228-D228	NIRSCWAMPLITUDE	228	228	830	n/a	7.8125
S229-D228	NIRSCWAMPLITUDE	229	228	830	n/a	7.8125
S233-D228	NIRSCWAMPLITUDE	233	228	830	n/a	7.8125
S234-D228	NIRSCWAMPLITUDE	234	228	830	n/a	7.8125
S235-D228	NIRSCWAMPLITUDE	235	228	830	n/a	7.8125
S236-D228	NIRSCWAMPLITUDE	236	228	830	n/a	7.8125
S237-D228	NIRSCWAMPLITUDE	237	228	830	n/a	7.8125
S238-D228	NIRSCWAMPLITUDE	238	228	830	n/a	7.8125
S239-D228	NIRSCWAMPLITUDE	239	228	830	n/a	7.8125
S240-D228	NIRSCWAMPLITUDE	240	228	830	n/a	7.8125
S244-D228	NIRSCWAMPLITUDE	244	228	830	n/a	7.8125
S245-D228	NIRSCWAMPLITUDE	245	228	830	n/a	7.8125
S246-D228	NIRSCWAMPLITUDE	246	228	830	n/a	7.8125
S247-D228	NIRSCWAMPLITUDE	247	228	830	n/a	7.8125
S248-D228	NIRSCWAMPLITUDE	248	228	830	n/a	7.8125
S249-D228	NIRSCWAMPLITUDE	249	228	830	n/a	7.8125
S250-D228	NIRSCWAMPLITUDE	250	228	830	n/a	7.8125
S254-D228	NIRSCWAMPLITUDE	254	228	830	n/a	7.8125
S255-D228	NIRSCWAMPLITUDE	255	228	830	n/a	7.8125
S6-D229	NIRSCWAMPLITUDE	6	229	830	n/a	7.8125
S12-D229	NIRSCWAMPLITUDE	12	229	830	n/a	7.8125
S18-D229	NIRSCWAMPLITUDE	18	229	830	n/a	7.8125
S24-D229	NIRSCWAMPLITUDE	24	229	830	n/a	7.8125
S162-D229	NIRSCWAMPLITUDE	162	229	830	n/a	7.8125
S167-D229	NIRSCWAMPLITUDE	167	229	830	n/a	7.8125
S168-D229	NIRSCWAMPLITUDE	168	229	830	n/a	7.8125
S173-D229	NIRSCWAMPLITUDE	173	229	830	n/a	7.8125
S174-D229	NIRSCWAMPLITUDE	174	229	830	n/a	7.8125
S179-D229	NIRSCWAMPLITUDE	179	229	830	n/a	7.8125
S180-D229	NIRSCWAMPLITUDE	180	229	830	n/a	7.8125
S185-D229	NIRSCWAMPLITUDE	185	229	830	n/a	7.8125
S186-D229	NIRSCWAMPLITUDE	186	229	830	n/a	7.8125
S191-D229	NIRSCWAMPLITUDE	191	229	830	n/a	7.8125
S192-D229	NIRSCWAMPLITUDE	192	229	830	n/a	7.8125
S203-D229	NIRSCWAMPLITUDE	203	229	830	n/a	7.8125
S204-D229	NIRSCWAMPLITUDE	204	229	830	n/a	7.8125
S205-D229	NIRSCWAMPLITUDE	205	229	830	n/a	7.8125
S206-D229	NIRSCWAMPLITUDE	206	229	830	n/a	7.8125
S207-D229	NIRSCWAMPLITUDE	207	229	830	n/a	7.8125
S212-D229	NIRSCWAMPLITUDE	212	229	830	n/a	7.8125
S213-D229	NIRSCWAMPLITUDE	213	229	830	n/a	7.8125
S214-D229	NIRSCWAMPLITUDE	214	229	830	n/a	7.8125
S215-D229	NIRSCWAMPLITUDE	215	229	830	n/a	7.8125
S216-D229	NIRSCWAMPLITUDE	216	229	830	n/a	7.8125
S217-D229	NIRSCWAMPLITUDE	217	229	830	n/a	7.8125
S218-D229	NIRSCWAMPLITUDE	218	229	830	n/a	7.8125
S224-D229	NIRSCWAMPLITUDE	224	229	830	n/a	7.8125
S225-D229	NIRSCWAMPLITUDE	225	229	830	n/a	7.8125
S226-D229	NIRSCWAMPLITUDE	226	229	830	n/a	7.8125
S227-D229	NIRSCWAMPLITUDE	227	229	830	n/a	7.8125
S228-D229	NIRSCWAMPLITUDE	228	229	830	n/a	7.8125
S229-D229	NIRSCWAMPLITUDE	229	229	830	n/a	7.8125
S234-D229	NIRSCWAMPLITUDE	234	229	830	n/a	7.8125
S235-D229	NIRSCWAMPLITUDE	235	229	830	n/a	7.8125
S236-D229	NIRSCWAMPLITUDE	236	229	830	n/a	7.8125
S237-D229	NIRSCWAMPLITUDE	237	229	830	n/a	7.8125
S238-D229	NIRSCWAMPLITUDE	238	229	830	n/a	7.8125
S239-D229	NIRSCWAMPLITUDE	239	229	830	n/a	7.8125
S240-D229	NIRSCWAMPLITUDE	240	229	830	n/a	7.8125
S245-D229	NIRSCWAMPLITUDE	245	229	830	n/a	7.8125
S246-D229	NIRSCWAMPLITUDE	246	229	830	n/a	7.8125
S247-D229	NIRSCWAMPLITUDE	247	229	830	n/a	7.8125
S248-D229	NIRSCWAMPLITUDE	248	229	830	n/a	7.8125
S249-D229	NIRSCWAMPLITUDE	249	229	830	n/a	7.8125
S250-D229	NIRSCWAMPLITUDE	250	229	830	n/a	7.8125
S255-D229	NIRSCWAMPLITUDE	255	229	830	n/a	7.8125
S5-D230	NIRSCWAMPLITUDE	5	230	830	n/a	7.8125
S6-D230	NIRSCWAMPLITUDE	6	230	830	n/a	7.8125
S11-D230	NIRSCWAMPLITUDE	11	230	830	n/a	7.8125
S12-D230	NIRSCWAMPLITUDE	12	230	830	n/a	7.8125
S18-D230	NIRSCWAMPLITUDE	18	230	830	n/a	7.8125
S24-D230	NIRSCWAMPLITUDE	24	230	830	n/a	7.8125
S168-D230	NIRSCWAMPLITUDE	168	230	830	n/a	7.8125
S173-D230	NIRSCWAMPLITUDE	173	230	830	n/a	7.8125
S174-D230	NIRSCWAMPLITUDE	174	230	830	n/a	7.8125
S179-D230	NIRSCWAMPLITUDE	179	230	830	n/a	7.8125
S180-D230	NIRSCWAMPLITUDE	180	230	830	n/a	7.8125
S184-D230	NIRSCWAMPLITUDE	184	230	830	n/a	7.8125
S185-D230	NIRSCWAMPLITUDE	185	230	830	n/a	7.8125
S186-D230	NIRSCWAMPLITUDE	186	230	830	n/a	7.8125
S191-D230	NIRSCWAMPLITUDE	191	230	830	n/a	7.8125
S192-D230	NIRSCWAMPLITUDE	192	230	830	n/a	7.8125
S204-D230	NIRSCWAMPLITUDE	204	230	830	n/a	7.8125
S205-D230	NIRSCWAMPLITUDE	205	230	830	n/a	7.8125
S206-D230	NIRSCWAMPLITUDE	206	230	830	n/a	7.8125
S207-D230	NIRSCWAMPLITUDE	207	230	830	n/a	7.8125
S213-D230	NIRSCWAMPLITUDE	213	230	830	n/a	7.8125
S214-D230	NIRSCWAMPLITUDE	214	230	830	n/a	7.8125
S215-D230	NIRSCWAMPLITUDE	215	230	830	n/a	7.8125
S216-D230	NIRSCWAMPLITUDE	216	230	830	n/a	7.8125
S217-D230	NIRSCWAMPLITUDE	217	230	830	n/a	7.8125
S218-D230	NIRSCWAMPLITUDE	218	230	830	n/a	7.8125
S225-D230	NIRSCWAMPLITUDE	225	230	830	n/a	7.8125
S226-D230	NIRSCWAMPLITUDE	226	230	830	n/a	7.8125
S227-D230	NIRSCWAMPLITUDE	227	230	830	n/a	7.8125
S228-D230	NIRSCWAMPLITUDE	228	230	830	n/a	7.8125
S229-D230	NIRSCWAMPLITUDE	229	230	830	n/a	7.8125
S235-D230	NIRSCWAMPLITUDE	235	230	830	n/a	7.8125
S236-D230	NIRSCWAMPLITUDE	236	230	830	n/a	7.8125
S237-D230	NIRSCWAMPLITUDE	237	230	830	n/a	7.8125
S238-D230	NIRSCWAMPLITUDE	238	230	830	n/a	7.8125
S239-D230	NIRSCWAMPLITUDE	239	230	830	n/a	7.8125
S240-D230	NIRSCWAMPLITUDE	240	230	830	n/a	7.8125
S246-D230	NIRSCWAMPLITUDE	246	230	830	n/a	7.8125
S247-D230	NIRSCWAMPLITUDE	247	230	830	n/a	7.8125
S248-D230	NIRSCWAMPLITUDE	248	230	830	n/a	7.8125
S249-D230	NIRSCWAMPLITUDE	249	230	830	n/a	7.8125
S250-D230	NIRSCWAMPLITUDE	250	230	830	n/a	7.8125
S5-D231	NIRSCWAMPLITUDE	5	231	830	n/a	7.8125
S6-D231	NIRSCWAMPLITUDE	6	231	830	n/a	7.8125
S11-D231	NIRSCWAMPLITUDE	11	231	830	n/a	7.8125
S12-D231	NIRSCWAMPLITUDE	12	231	830	n/a	7.8125
S18-D231	NIRSCWAMPLITUDE	18	231	830	n/a	7.8125
S24-D231	NIRSCWAMPLITUDE	24	231	830	n/a	7.8125
S168-D231	NIRSCWAMPLITUDE	168	231	830	n/a	7.8125
S173-D231	NIRSCWAMPLITUDE	173	231	830	n/a	7.8125
S174-D231	NIRSCWAMPLITUDE	174	231	830	n/a	7.8125
S178-D231	NIRSCWAMPLITUDE	178	231	830	n/a	7.8125
S179-D231	NIRSCWAMPLITUDE	179	231	830	n/a	7.8125
S180-D231	NIRSCWAMPLITUDE	180	231	830	n/a	7.8125
S184-D231	NIRSCWAMPLITUDE	184	231	830	n/a	7.8125
S185-D231	NIRSCWAMPLITUDE	185	231	830	n/a	7.8125
S186-D231	NIRSCWAMPLITUDE	186	231	830	n/a	7.8125
S190-D231	NIRSCWAMPLITUDE	190	231	830	n/a	7.8125
S191-D231	NIRSCWAMPLITUDE	191	231	830	n/a	7.8125
S192-D231	NIRSCWAMPLITUDE	192	231	830	n/a	7.8125
S205-D231	NIRSCWAMPLITUDE	205	231	830	n/a	7.8125
S206-D231	NIRSCWAMPLITUDE	206	231	830	n/a	7.8125
S207-D231	NIRSCWAMPLITUDE	207	231	830	n/a	7.8125
S214-D231	NIRSCWAMPLITUDE	214	231	830	n/a	7.8125
S215-D231	NIRSCWAMPLITUDE	215	231	830	n/a	7.8125
S216-D231	NIRSCWAMPLITUDE	216	231	830	n/a	7.8125
S217-D231	NIRSCWAMPLITUDE	217	231	830	n/a	7.8125
S218-D231	NIRSCWAMPLITUDE	218	231	830	n/a	7.8125
S226-D231	NIRSCWAMPLITUDE	226	231	830	n/a	7.8125
S227-D231	NIRSCWAMPLITUDE	227	231	830	n/a	7.8125
S228-D231	NIRSCWAMPLITUDE	228	231	830	n/a	7.8125
S229-D231	NIRSCWAMPLITUDE	229	231	830	n/a	7.8125
S236-D231	NIRSCWAMPLITUDE	236	231	830	n/a	7.8125
S237-D231	NIRSCWAMPLITUDE	237	231	830	n/a	7.8125
S238-D231	NIRSCWAMPLITUDE	238	231	830	n/a	7.8125
S239-D231	NIRSCWAMPLITUDE	239	231	830	n/a	7.8125
S240-D231	NIRSCWAMPLITUDE	240	231	830	n/a	7.8125
S247-D231	NIRSCWAMPLITUDE	247	231	830	n/a	7.8125
S248-D231	NIRSCWAMPLITUDE	248	231	830	n/a	7.8125
S249-D231	NIRSCWAMPLITUDE	249	231	830	n/a	7.8125
S250-D231	NIRSCWAMPLITUDE	250	231	830	n/a	7.8125
S87-D232	NIRSCWAMPLITUDE	87	232	830	n/a	7.8125
S92-D232	NIRSCWAMPLITUDE	92	232	830	n/a	7.8125
S93-D232	NIRSCWAMPLITUDE	93	232	830	n/a	7.8125
S98-D232	NIRSCWAMPLITUDE	98	232	830	n/a	7.8125
S99-D232	NIRSCWAMPLITUDE	99	232	830	n/a	7.8125
S103-D232	NIRSCWAMPLITUDE	103	232	830	n/a	7.8125
S104-D232	NIRSCWAMPLITUDE	104	232	830	n/a	7.8125
S105-D232	NIRSCWAMPLITUDE	105	232	830	n/a	7.8125
S109-D232	NIRSCWAMPLITUDE	109	232	830	n/a	7.8125
S110-D232	NIRSCWAMPLITUDE	110	232	830	n/a	7.8125
S111-D232	NIRSCWAMPLITUDE	111	232	830	n/a	7.8125
S115-D232	NIRSCWAMPLITUDE	115	232	830	n/a	7.8125
S116-D232	NIRSCWAMPLITUDE	116	232	830	n/a	7.8125
S117-D232	NIRSCWAMPLITUDE	117	232	830	n/a	7.8125
S121-D232	NIRSCWAMPLITUDE	121	232	830	n/a	7.8125
S122-D232	NIRSCWAMPLITUDE	122	232	830	n/a	7.8125
S126-D232	NIRSCWAMPLITUDE	126	232	830	n/a	7.8125
S127-D232	NIRSCWAMPLITUDE	127	232	830	n/a	7.8125
S132-D232	NIRSCWAMPLITUDE	132	232	830	n/a	7.8125
S137-D232	NIRSCWAMPLITUDE	137	232	830	n/a	7.8125
S138-D232	NIRSCWAMPLITUDE	138	232	830	n/a	7.8125
S144-D232	NIRSCWAMPLITUDE	144	232	830	n/a	7.8125
S193-D232	NIRSCWAMPLITUDE	193	232	830	n/a	7.8125
S198-D232	NIRSCWAMPLITUDE	198	232	830	n/a	7.8125
S199-D232	NIRSCWAMPLITUDE	199	232	830	n/a	7.8125
S200-D232	NIRSCWAMPLITUDE	200	232	830	n/a	7.8125
S208-D232	NIRSCWAMPLITUDE	208	232	830	n/a	7.8125
S209-D232	NIRSCWAMPLITUDE	209	232	830	n/a	7.8125
S210-D232	NIRSCWAMPLITUDE	210	232	830	n/a	7.8125
S219-D232	NIRSCWAMPLITUDE	219	232	830	n/a	7.8125
S220-D232	NIRSCWAMPLITUDE	220	232	830	n/a	7.8125
S221-D232	NIRSCWAMPLITUDE	221	232	830	n/a	7.8125
S222-D232	NIRSCWAMPLITUDE	222	232	830	n/a	7.8125
S223-D232	NIRSCWAMPLITUDE	223	232	830	n/a	7.8125
S230-D232	NIRSCWAMPLITUDE	230	232	830	n/a	7.8125
S231-D232	NIRSCWAMPLITUDE	231	232	830	n/a	7.8125
S232-D232	NIRSCWAMPLITUDE	232	232	830	n/a	7.8125
S233-D232	NIRSCWAMPLITUDE	233	232	830	n/a	7.8125
S241-D232	NIRSCWAMPLITUDE	241	232	830	n/a	7.8125
S242-D232	NIRSCWAMPLITUDE	242	232	830	n/a	7.8125
S243-D232	NIRSCWAMPLITUDE	243	232	830	n/a	7.8125
S244-D232	NIRSCWAMPLITUDE	244	232	830	n/a	7.8125
S251-D232	NIRSCWAMPLITUDE	251	232	830	n/a	7.8125
S252-D232	NIRSCWAMPLITUDE	252	232	830	n/a	7.8125
S253-D232	NIRSCWAMPLITUDE	253	232	830	n/a	7.8125
S254-D232	NIRSCWAMPLITUDE	254	232	830	n/a	7.8125
S99-D233	NIRSCWAMPLITUDE	99	233	830	n/a	7.8125
S105-D233	NIRSCWAMPLITUDE	105	233	830	n/a	7.8125
S110-D233	NIRSCWAMPLITUDE	110	233	830	n/a	7.8125
S111-D233	NIRSCWAMPLITUDE	111	233	830	n/a	7.8125
S116-D233	NIRSCWAMPLITUDE	116	233	830	n/a	7.8125
S117-D233	NIRSCWAMPLITUDE	117	233	830	n/a	7.8125
S122-D233	NIRSCWAMPLITUDE	122	233	830	n/a	7.8125
S127-D233	NIRSCWAMPLITUDE	127	233	830	n/a	7.8125
S132-D233	NIRSCWAMPLITUDE	132	233	830	n/a	7.8125
S137-D233	NIRSCWAMPLITUDE	137	233	830	n/a	7.8125
S138-D233	NIRSCWAMPLITUDE	138	233	830	n/a	7.8125
S143-D233	NIRSCWAMPLITUDE	143	233	830	n/a	7.8125
S144-D233	NIRSCWAMPLITUDE	144	233	830	n/a	7.8125
S193-D233	NIRSCWAMPLITUDE	193	233	830	n/a	7.8125
S198-D233	NIRSCWAMPLITUDE	198	233	830	n/a	7.8125
S199-D233	NIRSCWAMPLITUDE	199	233	830	n/a	7.8125
S200-D233	NIRSCWAMPLITUDE	200	233	830	n/a	7.8125
S201-D233	NIRSCWAMPLITUDE	201	233	830	n/a	7.8125
S208-D233	NIRSCWAMPLITUDE	208	233	830	n/a	7.8125
S209-D233	NIRSCWAMPLITUDE	209	233	830	n/a	7.8125
S210-D233	NIRSCWAMPLITUDE	210	233	830	n/a	7.8125
S211-D233	NIRSCWAMPLITUDE	211	233	830	n/a	7.8125
S219-D233	NIRSCWAMPLITUDE	219	233	830	n/a	7.8125
S220-D233	NIRSCWAMPLITUDE	220	233	830	n/a	7.8125
S221-D233	NIRSCWAMPLITUDE	221	233	830	n/a	7.8125
S222-D233	NIRSCWAMPLITUDE	222	233	830	n/a	7.8125
S223-D233	NIRSCWAMPLITUDE	223	233	830	n/a	7.8125
S224-D233	NIRSCWAMPLITUDE	224	233	830	n/a	7.8125
S230-D233	NIRSCWAMPLITUDE	230	233	830	n/a	7.8125
S231-D233	NIRSCWAMPLITUDE	231	233	830	n/a	7.8125
S232-D233	NIRSCWAMPLITUDE	232	233	830	n/a	7.8125
S233-D233	NIRSCWAMPLITUDE	233	233	830	n/a	7.8125
S234-D233	NIRSCWAMPLITUDE	234	233	830	n/a	7.8125
S241-D233	NIRSCWAMPLITUDE	241	233	830	n/a	7.8125
S242-D233	NIRSCWAMPLITUDE	242	233	830	n/a	7.8125
S243-D233	NIRSCWAMPLITUDE	243	233	830	n/a	7.8125
S244-D233	NIRSCWAMPLITUDE	244	233	830	n/a	7.8125
S245-D233	NIRSCWAMPLITUDE	245	233	830	n/a	7.8125
S251-D233	NIRSCWAMPLITUDE	251	233	830	n/a	7.8125
S252-D233	NIRSCWAMPLITUDE	252	233	830	n/a	7.8125
S253-D233	NIRSCWAMPLITUDE	253	233	830	n/a	7.8125
S254-D233	NIRSCWAMPLITUDE	254	233	830	n/a	7.8125
S255-D233	NIRSCWAMPLITUDE	255	233	830	n/a	7.8125
S111-D234	NIRSCWAMPLITUDE	111	234	830	n/a	7.8125
S117-D234	NIRSCWAMPLITUDE	117	234	830	n/a	7.8125
S137-D234	NIRSCWAMPLITUDE	137	234	830	n/a	7.8125
S138-D234	NIRSCWAMPLITUDE	138	234	830	n/a	7.8125
S143-D234	NIRSCWAMPLITUDE	143	234	830	n/a	7.8125
S144-D234	NIRSCWAMPLITUDE	144	234	830	n/a	7.8125
S150-D234	NIRSCWAMPLITUDE	150	234	830	n/a	7.8125
S193-D234	NIRSCWAMPLITUDE	193	234	830	n/a	7.8125
S198-D234	NIRSCWAMPLITUDE	198	234	830	n/a	7.8125
S199-D234	NIRSCWAMPLITUDE	199	234	830	n/a	7.8125
S200-D234	NIRSCWAMPLITUDE	200	234	830	n/a	7.8125
S201-D234	NIRSCWAMPLITUDE	201	234	830	n/a	7.8125
S208-D234	NIRSCWAMPLITUDE	208	234	830	n/a	7.8125
S209-D234	NIRSCWAMPLITUDE	209	234	830	n/a	7.8125
S210-D234	NIRSCWAMPLITUDE	210	234	830	n/a	7.8125
S211-D234	NIRSCWAMPLITUDE	211	234	830	n/a	7.8125
S212-D234	NIRSCWAMPLITUDE	212	234	830	n/a	7.8125
S219-D234	NIRSCWAMPLITUDE	219	234	830	n/a	7.8125
S220-D234	NIRSCWAMPLITUDE	220	234	830	n/a	7.8125
S221-D234	NIRSCWAMPLITUDE	221	234	830	n/a	7.8125
S222-D234	NIRSCWAMPLITUDE	222	234	830	n/a	7.8125
S223-D234	NIRSCWAMPLITUDE	223	234	830	n/a	7.8125
S224-D234	NIRSCWAMPLITUDE	224	234	830	n/a	7.8125
S225-D234	NIRSCWAMPLITUDE	225	234	830	n/a	7.8125
S230-D234	NIRSCWAMPLITUDE	230	234	830	n/a	7.8125
S231-D234	NIRSCWAMPLITUDE	231	234	830	n/a	7.8125
S232-D234	NIRSCWAMPLITUDE	232	234	830	n/a	7.8125
S233-D234	NIRSCWAMPLITUDE	233	234	830	n/a	7.8125
S234-D234	NIRSCWAMPLITUDE	234	234	830	n/a	7.8125
S235-D234	NIRSCWAMPLITUDE	235	234	830	n/a	7.8125
S241-D234	NIRSCWAMPLITUDE	241	234	830	n/a	7.8125
S242-D234	NIRSCWAMPLITUDE	242	234	830	n/a	7.8125
S243-D234	NIRSCWAMPLITUDE	243	234	830	n/a	7.8125
S244-D234	NIRSCWAMPLITUDE	244	234	830	n/a	7.8125
S245-D234	NIRSCWAMPLITUDE	245	234	830	n/a	7.8125
S246-D234	NIRSCWAMPLITUDE	246	234	830	n/a	7.8125
S251-D234	NIRSCWAMPLITUDE	251	234	830	n/a	7.8125
S252-D234	NIRSCWAMPLITUDE	252	234	830	n/a	7.8125
S253-D234	NIRSCWAMPLITUDE	253	234	830	n/a	7.8125
S254-D234	NIRSCWAMPLITUDE	254	234	830	n/a	7.8125
S255-D234	NIRSCWAMPLITUDE	255	234	830	n/a	7.8125
S137-D235	NIRSCWAMPLITUDE	137	235	830	n/a	7.8125
S138-D235	NIRSCWAMPLITUDE	138	235	830	n/a	7.8125
S143-D235	NIRSCWAMPLITUDE	143	235	830	n/a	7.8125
S144-D235	NIRSCWAMPLITUDE	144	235	830	n/a	7.8125
S149-D235	NIRSCWAMPLITUDE	149	235	830	n/a	7.8125
S150-D235	NIRSCWAMPLITUDE	150	235	830	n/a	7.8125
S156-D235	NIRSCWAMPLITUDE	156	235	830	n/a	7.8125
S193-D235	NIRSCWAMPLITUDE	193	235	830	n/a	7.8125
S198-D235	NIRSCWAMPLITUDE	198	235	830	n/a	7.8125
S199-D235	NIRSCWAMPLITUDE	199	235	830	n/a	7.8125
S200-D235	NIRSCWAMPLITUDE	200	235	830	n/a	7.8125
S201-D235	NIRSCWAMPLITUDE	201	235	830	n/a	7.8125
S202-D235	NIRSCWAMPLITUDE	202	235	830	n/a	7.8125
S208-D235	NIRSCWAMPLITUDE	208	235	830	n/a	7.8125
S209-D235	NIRSCWAMPLITUDE	209	235	830	n/a	7.8125
S210-D235	NIRSCWAMPLITUDE	210	235	830	n/a	7.8125
S211-D235	NIRSCWAMPLITUDE	211	235	830	n/a	7.8125
S212-D235	NIRSCWAMPLITUDE	212	235	830	n/a	7.8125
S213-D235	NIRSCWAMPLITUDE	213	235	830	n/a	7.8125
S219-D235	NIRSCWAMPLITUDE	219	235	830	n/a	7.8125
S220-D235	NIRSCWAMPLITUDE	220	235	830	n/a	7.8125
S221-D235	NIRSCWAMPLITUDE	221	235	830	n/a	7.8125
S222-D235	NIRSCWAMPLITUDE	222	235	830	n/a	7.8125
S223-D235	NIRSCWAMPLITUDE	223	235	830	n/a	7.8125
S224-D235	NIRSCWAMPLITUDE	224	235	830	n/a	7.8125
S225-D235	NIRSCWAMPLITUDE	225	235	830	n/a	7.8125
S226-D235	NIRSCWAMPLITUDE	226	235	830	n/a	7.8125
S230-D235	NIRSCWAMPLITUDE	230	235	830	n/a	7.8125
S231-D235	NIRSCWAMPLITUDE	231	235	830	n/a	7.8125
S232-D235	NIRSCWAMPLITUDE	232	235	830	n/a	7.8125
S233-D235	NIRSCWAMPLITUDE	233	235	830	n/a	7.8125
S234-D235	NIRSCWAMPLITUDE	234	235	830	n/a	7.8125
S235-D235	NIRSCWAMPLITUDE	235	235	830	n/a	7.8125
S236-D235	NIRSCWAMPLITUDE	236	235	830	n/a	7.8125
S241-D235	NIRSCWAMPLITUDE	241	235	830	n/a	7.8125
S242-D235	NIRSCWAMPLITUDE	242	235	830	n/a	7.8125
S243-D235	NIRSCWAMPLITUDE	243	235	830	n/a	7.8125
S244-D235	NIRSCWAMPLITUDE	244	235	830	n/a	7.8125
S245-D235	NIRSCWAMPLITUDE	245	235	830	n/a	7.8125
S246-D235	NIRSCWAMPLITUDE	246	235	830	n/a	7.8125
S247-D235	NIRSCWAMPLITUDE	247	235	830	n/a	7.8125
S251-D235	NIRSCWAMPLITUDE	251	235	830	n/a	7.8125
S252-D235	NIRSCWAMPLITUDE	252	235	830	n/a	7.8125
S253-D235	NIRSCWAMPLITUDE	253	235	830	n/a	7.8125
S254-D235	NIRSCWAMPLITUDE	254	235	830	n/a	7.8125
S255-D235	NIRSCWAMPLITUDE	255	235	830	n/a	7.8125
S137-D236	NIRSCWAMPLITUDE	137	236	830	n/a	7.8125
S138-D236	NIRSCWAMPLITUDE	138	236	830	n/a	7.8125
S143-D236	NIRSCWAMPLITUDE	143	236	830	n/a	7.8125
S144-D236	NIRSCWAMPLITUDE	144	236	830	n/a	7.8125
S149-D236	NIRSCWAMPLITUDE	149	236	830	n/a	7.8125
S150-D236	NIRSCWAMPLITUDE	150	236	830	n/a	7.8125
S156-D236	NIRSCWAMPLITUDE	156	236	830	n/a	7.8125
S162-D236	NIRSCWAMPLITUDE	162	236	830	n/a	7.8125
S200-D236	NIRSCWAMPLITUDE	200	236	830	n/a	7.8125
S201-D236	NIRSCWAMPLITUDE	201	236	830	n/a	7.8125
S202-D236	NIRSCWAMPLITUDE	202	236	830	n/a	7.8125
S203-D236	NIRSCWAMPLITUDE	203	236	830	n/a	7.8125
S208-D236	NIRSCWAMPLITUDE	208	236	830	n/a	7.8125
S209-D236	NIRSCWAMPLITUDE	209	236	830	n/a	7.8125
S210-D236	NIRSCWAMPLITUDE	210	236	830	n/a	7.8125
S211-D236	NIRSCWAMPLITUDE	211	236	830	n/a	7.8125
S212-D236	NIRSCWAMPLITUDE	212	236	830	n/a	7.8125
S213-D236	NIRSCWAMPLITUDE	213	236	830	n/a	7.8125
S214-D236	NIRSCWAMPLITUDE	214	236	830	n/a	7.8125
S220-D236	NIRSCWAMPLITUDE	220	236	830	n/a	7.8125
S221-D236	NIRSCWAMPLITUDE	221	236	830	n/a	7.8125
S222-D236	NIRSCWAMPLITUDE	222	236	830	n/a	7.8125
S223-D236	NIRSCWAMPLITUDE	223	236	830	n/a	7.8125
S224-D236	NIRSCWAMPLITUDE	224	236	830	n/a	7.8125
S225-D236	NIRSCWAMPLITUDE	225	236	830	n/a	7.8125
S226-D236	NIRSCWAMPLITUDE	226	236	830	n/a	7.8125
S227-D236	NIRSCWAMPLITUDE	227	236	830	n/a	7.8125
S230-D236	NIRSCWAMPLITUDE	230	236	830	n/a	7.8125
S231-D236	NIRSCWAMPLITUDE	231	236	830	n/a	7.8125
S232-D236	NIRSCWAMPLITUDE	232	236	830	n/a	7.8125
S233-D236	NIRSCWAMPLITUDE	233	236	830	n/a	7.8125
S234-D236	NIRSCWAMPLITUDE	234	236	830	n/a	7.8125
S235-D236	NIRSCWAMPLITUDE	235	236	830	n/a	7.8125
S236-D236	NIRSCWAMPLITUDE	236	236	830	n/a	7.8125
S237-D236	NIRSCWAMPLITUDE	237	236	830	n/a	7.8125
S241-D236	NIRSCWAMPLITUDE	241	236	830	n/a	7.8125
S242-D236	NIRSCWAMPLITUDE	242	236	830	n/a	7.8125
S243-D236	NIRSCWAMPLITUDE	243	236	830	n/a	7.8125
S244-D236	NIRSCWAMPLITUDE	244	236	830	n/a	7.8125
S245-D236	NIRSCWAMPLITUDE	245	236	830	n/a	7.8125
S246-D236	NIRSCWAMPLITUDE	246	236	830	n/a	7.8125
S247-D236	NIRSCWAMPLITUDE	247	236	830	n/a	7.8125
S248-D236	NIRSCWAMPLITUDE	248	236	830	n/a	7.8125
S252-D236	NIRSCWAMPLITUDE	252	236	830	n/a	7.8125
S253-D236	NIRSCWAMPLITUDE	253	236	830	n/a	7.8125
S254-D236	NIRSCWAMPLITUDE	254	236	830	n/a	7.8125
S255-D236	NIRSCWAMPLITUDE	255	236	830	n/a	7.8125
S138-D237	NIRSCWAMPLITUDE	138	237	830	n/a	7.8125
S144-D237	NIRSCWAMPLITUDE	144	237	830	n/a	7.8125
S149-D237	NIRSCWAMPLITUDE	149	237	830	n/a	7.8125
S150-D237	NIRSCWAMPLITUDE	150	237	830	n/a	7.8125
S155-D237	NIRSCWAMPLITUDE	155	237	830	n/a	7.8125
S156-D237	NIRSCWAMPLITUDE	156	237	830	n/a	7.8125
S161-D237	NIRSCWAMPLITUDE	161	237	830	n/a	7.8125
S162-D237	NIRSCWAMPLITUDE	162	237	830	n/a	7.8125
S168-D237	NIRSCWAMPLITUDE	168	237	830	n/a	7.8125
S174-D237	NIRSCWAMPLITUDE	174	237	830	n/a	7.8125
S200-D237	NIRSCWAMPLITUDE	200	237	830	n/a	7.8125
S201-D237	NIRSCWAMPLITUDE	201	237	830	n/a	7.8125
S202-D237	NIRSCWAMPLITUDE	202	237	830	n/a	7.8125
S203-D237	NIRSCWAMPLITUDE	203	237	830	n/a	7.8125
S204-D237	NIRSCWAMPLITUDE	204	237	830	n/a	7.8125
S210-D237	NIRSCWAMPLITUDE	210	237	830	n/a	7.8125
S211-D237	NIRSCWAMPLITUDE	211	237	830	n/a	7.8125
S212-D237	NIRSCWAMPLITUDE	212	237	830	n/a	7.8125
S213-D237	NIRSCWAMPLITUDE	213	237	830	n/a	7.8125
S214-D237	NIRSCWAMPLITUDE	214	237	830	n/a	7.8125
S215-D237	NIRSCWAMPLITUDE	215	237	830	n/a	7.8125
S221-D237	NIRSCWAMPLITUDE	221	237	830	n/a	7.8125
S222-D237	NIRSCWAMPLITUDE	222	237	830	n/a	7.8125
S223-D237	NIRSCWAMPLITUDE	223	237	830	n/a	7.8125
S224-D237	NIRSCWAMPLITUDE	224	237	830	n/a	7.8125
S225-D237	NIRSCWAMPLITUDE	225	237	830	n/a	7.8125
S226-D237	NIRSCWAMPLITUDE	226	237	830	n/a	7.8125
S227-D237	NIRSCWAMPLITUDE	227	237	830	n/a	7.8125
S228-D237	NIRSCWAMPLITUDE	228	237	830	n/a	7.8125
S231-D237	NIRSCWAMPLITUDE	231	237	830	n/a	7.8125
S232-D237	NIRSCWAMPLITUDE	232	237	830	n/a	7.8125
S233-D237	NIRSCWAMPLITUDE	233	237	830	n/a	7.8125
S234-D237	NIRSCWAMPLITUDE	234	237	830	n/a	7.8125
S235-D237	NIRSCWAMPLITUDE	235	237	830	n/a	7.8125
S236-D237	NIRSCWAMPLITUDE	236	237	830	n/a	7.8125
S237-D237	NIRSCWAMPLITUDE	237	237	830	n/a	7.8125
S238-D237	NIRSCWAMPLITUDE	238	237	830	n/a	7.8125
S242-D237	NIRSCWAMPLITUDE	242	237	830	n/a	7.8125
S243-D237	NIRSCWAMPLITUDE	243	237	830	n/a	7.8125
S244-D237	NIRSCWAMPLITUDE	244	237	830	n/a	7.8125
S245-D237	NIRSCWAMPLITUDE	245	237	830	n/a	7.8125
S246-D237	NIRSCWAMPLITUDE	246	237	830	n/a	7.8125
S247-D237	NIRSCWAMPLITUDE	247	237	830	n/a	7.8125
S248-D237	NIRSCWAMPLITUDE	248	237	830	n/a	7.8125
S249-D237	NIRSCWAMPLITUDE	249	237	830	n/a	7.8125
S252-D237	NIRSCWAMPLITUDE	252	237	830	n/a	7.8125
S253-D237	NIRSCWAMPLITUDE	253	237	830	n/a	7.8125
S254-D237	NIRSCWAMPLITUDE	254	237	830	n/a	7.8125
S255-D237	NIRSCWAMPLITUDE	255	237	830	n/a	7.8125
S144-D238	NIRSCWAMPLITUDE	144	238	830	n/a	7.8125
S150-D238	NIRSCWAMPLITUDE	150	238	830	n/a	7.8125
S155-D238	NIRSCWAMPLITUDE	155	238	830	n/a	7.8125
S156-D238	NIRSCWAMPLITUDE	156	238	830	n/a	7.8125
S161-D238	NIRSCWAMPLITUDE	161	238	830	n/a	7.8125
S162-D238	NIRSCWAMPLITUDE	162	238	830	n/a	7.8125
S167-D238	NIRSCWAMPLITUDE	167	238	830	n/a	7.8125
S168-D238	NIRSCWAMPLITUDE	168	238	830	n/a	7.8125
S173-D238	NIRSCWAMPLITUDE	173	238	830	n/a	7.8125
S174-D238	NIRSCWAMPLITUDE	174	238	830	n/a	7.8125
S180-D238	NIRSCWAMPLITUDE	180	238	830	n/a	7.8125
S201-D238	NIRSCWAMPLITUDE	201	238	830	n/a	7.8125
S202-D238	NIRSCWAMPLITUDE	202	238	830	n/a	7.8125
S203-D238	NIRSCWAMPLITUDE	203	238	830	n/a	7.8125
S204-D238	NIRSCWAMPLITUDE	204	238	830	n/a	7.8125
S205-D238	NIRSCWAMPLITUDE	205	238	830	n/a	7.8125
S211-D238	NIRSCWAMPLITUDE	211	238	830	n/a	7.8125
S212-D238	NIRSCWAMPLITUDE	212	238	830	n/a	7.8125
S213-D238	NIRSCWAMPLITUDE	213	238	830	n/a	7.8125
S214-D238	NIRSCWAMPLITUDE	214	238	830	n/a	7.8125
S215-D238	NIRSCWAMPLITUDE	215	238	830	n/a	7.8125
S216-D238	NIRSCWAMPLITUDE	216	238	830	n/a	7.8125
S222-D238	NIRSCWAMPLITUDE	222	238	830	n/a	7.8125
S223-D238	NIRSCWAMPLITUDE	223	238	830	n/a	7.8125
S224-D238	NIRSCWAMPLITUDE	224	238	830	n/a	7.8125
S225-D238	NIRSCWAMPLITUDE	225	238	830	n/a	7.8125
S226-D238	NIRSCWAMPLITUDE	226	238	830	n/a	7.8125
S227-D238	NIRSCWAMPLITUDE	227	238	830	n/a	7.8125
S228-D238	NIRSCWAMPLITUDE	228	238	830	n/a	7.8125
S229-D238	NIRSCWAMPLITUDE	229	238	830	n/a	7.8125
S232-D238	NIRSCWAMPLITUDE	232	238	830	n/a	7.8125
S233-D238	NIRSCWAMPLITUDE	233	238	830	n/a	7.8125
S234-D238	NIRSCWAMPLITUDE	234	238	830	n/a	7.8125
S235-D238	NIRSCWAMPLITUDE	235	238	830	n/a	7.8125
S236-D238	NIRSCWAMPLITUDE	236	238	830	n/a	7.8125
S237-D238	NIRSCWAMPLITUDE	237	238	830	n/a	7.8125
S238-D238	NIRSCWAMPLITUDE	238	238	830	n/a	7.8125
S239-D238	NIRSCWAMPLITUDE	239	238	830	n/a	7.8125
S243-D238	NIRSCWAMPLITUDE	243	238	830	n/a	7.8125
S244-D238	NIRSCWAMPLITUDE	244	238	830	n/a	7.8125
S245-D238	NIRSCWAMPLITUDE	245	238	830	n/a	7.8125
S246-D238	NIRSCWAMPLITUDE	246	238	830	n/a	7.8125
S247-D238	NIRSCWAMPLITUDE	247	238	830	n/a	7.8125
S248-D238	NIRSCWAMPLITUDE	248	238	830	n/a	7.8125
S249-D238	NIRSCWAMPLITUDE	249	238	830	n/a	7.8125
S250-D238	NIRSCWAMPLITUDE	250	238	830	n/a	7.8125
S253-D238	NIRSCWAMPLITUDE	253	238	830	n/a	7.8125
S254-D238	NIRSCWAMPLITUDE	254	238	830	n/a	7.8125
S255-D238	NIRSCWAMPLITUDE	255	238	830	n/a	7.8125
S150-D239	NIRSCWAMPLITUDE	150	239	830	n/a	7.8125
S155-D239	NIRSCWAMPLITUDE	155	239	830	n/a	7.8125
S156-D239	NIRSCWAMPLITUDE	156	239	830	n/a	7.8125
S161-D239	NIRSCWAMPLITUDE	161	239	830	n/a	7.8125
S162-D239	NIRSCWAMPLITUDE	162	239	830	n/a	7.8125
S167-D239	NIRSCWAMPLITUDE	167	239	830	n/a	7.8125
S168-D239	NIRSCWAMPLITUDE	168	239	830	n/a	7.8125
S173-D239	NIRSCWAMPLITUDE	173	239	830	n/a	7.8125
S174-D239	NIRSCWAMPLITUDE	174	239	830	n/a	7.8125
S179-D239	NIRSCWAMPLITUDE	179	239	830	n/a	7.8125
S180-D239	NIRSCWAMPLITUDE	180	239	830	n/a	7.8125
S185-D239	NIRSCWAMPLITUDE	185	239	830	n/a	7.8125
S186-D239	NIRSCWAMPLITUDE	186	239	830	n/a	7.8125
S202-D239	NIRSCWAMPLITUDE	202	239	830	n/a	7.8125
S203-D239	NIRSCWAMPLITUDE	203	239	830	n/a	7.8125
S204-D239	NIRSCWAMPLITUDE	204	239	830	n/a	7.8125
S205-D239	NIRSCWAMPLITUDE	205	239	830	n/a	7.8125
S206-D239	NIRSCWAMPLITUDE	206	239	830	n/a	7.8125
S212-D239	NIRSCWAMPLITUDE	212	239	830	n/a	7.8125
S213-D239	NIRSCWAMPLITUDE	213	239	830	n/a	7.8125
S214-D239	NIRSCWAMPLITUDE	214	239	830	n/a	7.8125
S215-D239	NIRSCWAMPLITUDE	215	239	830	n/a	7.8125
S216-D239	NIRSCWAMPLITUDE	216	239	830	n/a	7.8125
S217-D239	NIRSCWAMPLITUDE	217	239	830	n/a	7.8125
S223-D239	NIRSCWAMPLITUDE	223	239	830	n/a	7.8125
S224-D239	NIRSCWAMPLITUDE	224	239	830	n/a	7.8125
S225-D239	NIRSCWAMPLITUDE	225	239	830	n/a	7.8125
S226-D239	NIRSCWAMPLITUDE	226	239	830	n/a	7.8125
S227-D239	NIRSCWAMPLITUDE	227	239	830	n/a	7.8125
S228-D239	NIRSCWAMPLITUDE	228	239	830	n/a	7.8125
S229-D239	NIRSCWAMPLITUDE	229	239	830	n/a	7.8125
S233-D239	NIRSCWAMPLITUDE	233	239	830	n/a	7.8125
S234-D239	NIRSCWAMPLITUDE	234	239	830	n/a	7.8125
S235-D239	NIRSCWAMPLITUDE	235	239	830	n/a	7.8125
S236-D239	NIRSCWAMPLITUDE	236	239	830	n/a	7.8125
S237-D239	NIRSCWAMPLITUDE	237	239	830	n/a	7.8125
S238-D239	NIRSCWAMPLITUDE	238	239	830	n/a	7.8125
S239-D239	NIRSCWAMPLITUDE	239	239	830	n/a	7.8125
S240-D239	NIRSCWAMPLITUDE	240	239	830	n/a	7.8125
S244-D239	NIRSCWAMPLITUDE	244	239	830	n/a	7.8125
S245-D239	NIRSCWAMPLITUDE	245	239	830	n/a	7.8125
S246-D239	NIRSCWAMPLITUDE	246	239	830	n/a	7.8125
S247-D239	NIRSCWAMPLITUDE	247	239	830	n/a	7.8125
S248-D239	NIRSCWAMPLITUDE	248	239	830	n/a	7.8125
S249-D239	NIRSCWAMPLITUDE	249	239	830	n/a	7.8125
S250-D239	NIRSCWAMPLITUDE	250	239	830	n/a	7.8125
S254-D239	NIRSCWAMPLITUDE	254	239	830	n/a	7.8125
S255-D239	NIRSCWAMPLITUDE	255	239	830	n/a	7.8125
S156-D240	NIRSCWAMPLITUDE	156	240	830	n/a	7.8125
S161-D240	NIRSCWAMPLITUDE	161	240	830	n/a	7.8125
S162-D240	NIRSCWAMPLITUDE	162	240	830	n/a	7.8125
S166-D240	NIRSCWAMPLITUDE	166	240	830	n/a	7.8125
S167-D240	NIRSCWAMPLITUDE	167	240	830	n/a	7.8125
S168-D240	NIRSCWAMPLITUDE	168	240	830	n/a	7.8125
S172-D240	NIRSCWAMPLITUDE	172	240	830	n/a	7.8125
S173-D240	NIRSCWAMPLITUDE	173	240	830	n/a	7.8125
S174-D240	NIRSCWAMPLITUDE	174	240	830	n/a	7.8125
S178-D240	NIRSCWAMPLITUDE	178	240	830	n/a	7.8125
S179-D240	NIRSCWAMPLITUDE	179	240	830	n/a	7.8125
S180-D240	NIRSCWAMPLITUDE	180	240	830	n/a	7.8125
S184-D240	NIRSCWAMPLITUDE	184	240	830	n/a	7.8125
S185-D240	NIRSCWAMPLITUDE	185	240	830	n/a	7.8125
S186-D240	NIRSCWAMPLITUDE	186	240	830	n/a	7.8125
S191-D240	NIRSCWAMPLITUDE	191	240	830	n/a	7.8125
S192-D240	NIRSCWAMPLITUDE	192	240	830	n/a	7.8125
S203-D240	NIRSCWAMPLITUDE	203	240	830	n/a	7.8125
S204-D240	NIRSCWAMPLITUDE	204	240	830	n/a	7.8125
S205-D240	NIRSCWAMPLITUDE	205	240	830	n/a	7.8125
S206-D240	NIRSCWAMPLITUDE	206	240	830	n/a	7.8125
S207-D240	NIRSCWAMPLITUDE	207	240	830	n/a	7.8125
S213-D240	NIRSCWAMPLITUDE	213	240	830	n/a	7.8125
S214-D240	NIRSCWAMPLITUDE	214	240	830	n/a	7.8125
S215-D240	NIRSCWAMPLITUDE	215	240	830	n/a	7.8125
S216-D240	NIRSCWAMPLITUDE	216	240	830	n/a	7.8125
S217-D240	NIRSCWAMPLITUDE	217	240	830	n/a	7.8125
S218-D240	NIRSCWAMPLITUDE	218	240	830	n/a	7.8125
S224-D240	NIRSCWAMPLITUDE	224	240	830	n/a	7.8125
S225-D240	NIRSCWAMPLITUDE	225	240	830	n/a	7.8125
S226-D240	NIRSCWAMPLITUDE	226	240	830	n/a	7.8125
S227-D240	NIRSCWAMPLITUDE	227	240	830	n/a	7.8125
S228-D240	NIRSCWAMPLITUDE	228	240	830	n/a	7.8125
S229-D240	NIRSCWAMPLITUDE	229	240	830	n/a	7.8125
S234-D240	NIRSCWAMPLITUDE	234	240	830	n/a	7.8125
S235-D240	NIRSCWAMPLITUDE	235	240	830	n/a	7.8125
S236-D240	NIRSCWAMPLITUDE	236	240	830	n/a	7.8125
S237-D240	NIRSCWAMPLITUDE	237	240	830	n/a	7.8125
S238-D240	NIRSCWAMPLITUDE	238	240	830	n/a	7.8125
S239-D240	NIRSCWAMPLITUDE	239	240	830	n/a	7.8125
S240-D240	NIRSCWAMPLITUDE	240	240	830	n/a	7.8125
S245-D240	NIRSCWAMPLITUDE	245	240	830	n/a	7.8125
S246-D240	NIRSCWAMPLITUDE	246	240	830	n/a	7.8125
S247-D240	NIRSCWAMPLITUDE	247	240	830	n/a	7.8125
S248-D240	NIRSCWAMPLITUDE	248	240	830	n/a	7.8125
S249-D240	NIRSCWAMPLITUDE	249	240	830	n/a	7.8125
S250-D240	NIRSCWAMPLITUDE	250	240	830	n/a	7.8125
S255-D240	NIRSCWAMPLITUDE	255	240	830	n/a	7.8125
S6-D241	NIRSCWAMPLITUDE	6	241	830	n/a	7.8125
S12-D241	NIRSCWAMPLITUDE	12	241	830	n/a	7.8125
S161-D241	NIRSCWAMPLITUDE	161	241	830	n/a	7.8125
S162-D241	NIRSCWAMPLITUDE	162	241	830	n/a	7.8125
S166-D241	NIRSCWAMPLITUDE	166	241	830	n/a	7.8125
S167-D241	NIRSCWAMPLITUDE	167	241	830	n/a	7.8125
S168-D241	NIRSCWAMPLITUDE	168	241	830	n/a	7.8125
S172-D241	NIRSCWAMPLITUDE	172	241	830	n/a	7.8125
S173-D241	NIRSCWAMPLITUDE	173	241	830	n/a	7.8125
S174-D241	NIRSCWAMPLITUDE	174	241	830	n/a	7.8125
S178-D241	NIRSCWAMPLITUDE	178	241	830	n/a	7.8125
S179-D241	NIRSCWAMPLITUDE	179	241	830	n/a	7.8125
S180-D241	NIRSCWAMPLITUDE	180	241	830	n/a	7.8125
S184-D241	NIRSCWAMPLITUDE	184	241	830	n/a	7.8125
S185-D241	NIRSCWAMPLITUDE	185	241	830	n/a	7.8125
S186-D241	NIRSCWAMPLITUDE	186	241	830	n/a	7.8125
S190-D241	NIRSCWAMPLITUDE	190	241	830	n/a	7.8125
S191-D241	NIRSCWAMPLITUDE	191	241	830	n/a	7.8125
S192-D241	NIRSCWAMPLITUDE	192	241	830	n/a	7.8125
S204-D241	NIRSCWAMPLITUDE	204	241	830	n/a	7.8125
S205-D241	NIRSCWAMPLITUDE	205	241	830	n/a	7.8125
S206-D241	NIRSCWAMPLITUDE	206	241	830	n/a	7.8125
S207-D241	NIRSCWAMPLITUDE	207	241	830	n/a	7.8125
S214-D241	NIRSCWAMPLITUDE	214	241	830	n/a	7.8125
S215-D241	NIRSCWAMPLITUDE	215	241	830	n/a	7.8125
S216-D241	NIRSCWAMPLITUDE	216	241	830	n/a	7.8125
S217-D241	NIRSCWAMPLITUDE	217	241	830	n/a	7.8125
S218-D241	NIRSCWAMPLITUDE	218	241	830	n/a	7.8125
S225-D241	NIRSCWAMPLITUDE	225	241	830	n/a	7.8125
S226-D241	NIRSCWAMPLITUDE	226	241	830	n/a	7.8125
S227-D241	NIRSCWAMPLITUDE	227	241	830	n/a	7.8125
S228-D241	NIRSCWAMPLITUDE	228	241	830	n/a	7.8125
S229-D241	NIRSCWAMPLITUDE	229	241	830	n/a	7.8125
S235-D241	NIRSCWAMPLITUDE	235	241	830	n/a	7.8125
S236-D241	NIRSCWAMPLITUDE	236	241	830	n/a	7.8125
S237-D241	NIRSCWAMPLITUDE	237	241	830	n/a	7.8125
S238-D241	NIRSCWAMPLITUDE	238	241	830	n/a	7.8125
S239-D241	NIRSCWAMPLITUDE	239	241	830	n/a	7.8125
S240-D241	NIRSCWAMPLITUDE	240	241	830	n/a	7.8125
S246-D241	NIRSCWAMPLITUDE	246	241	830	n/a	7.8125
S247-D241	NIRSCWAMPLITUDE	247	241	830	n/a	7.8125
S248-D241	NIRSCWAMPLITUDE	248	241	830	n/a	7.8125
S249-D241	NIRSCWAMPLITUDE	249	241	830	n/a	7.8125
S250-D241	NIRSCWAMPLITUDE	250	241	830	n/a	7.8125
S5-D242	NIRSCWAMPLITUDE	5	242	830	n/a	7.8125
S6-D242	NIRSCWAMPLITUDE	6	242	830	n/a	7.8125
S12-D242	NIRSCWAMPLITUDE	12	242	830	n/a	7.8125
S162-D242	NIRSCWAMPLITUDE	162	242	830	n/a	7.8125
S167-D242	NIRSCWAMPLITUDE	167	242	830	n/a	7.8125
S168-D242	NIRSCWAMPLITUDE	168	242	830	n/a	7.8125
S172-D242	NIRSCWAMPLITUDE	172	242	830	n/a	7.8125
S173-D242	NIRSCWAMPLITUDE	173	242	830	n/a	7.8125
S174-D242	NIRSCWAMPLITUDE	174	242	830	n/a	7.8125
S177-D242	NIRSCWAMPLITUDE	177	242	830	n/a	7.8125
S178-D242	NIRSCWAMPLITUDE	178	242	830	n/a	7.8125
S179-D242	NIRSCWAMPLITUDE	179	242	830	n/a	7.8125
S180-D242	NIRSCWAMPLITUDE	180	242	830	n/a	7.8125
S183-D242	NIRSCWAMPLITUDE	183	242	830	n/a	7.8125
S184-D242	NIRSCWAMPLITUDE	184	242	830	n/a	7.8125
S185-D242	NIRSCWAMPLITUDE	185	242	830	n/a	7.8125
S186-D242	NIRSCWAMPLITUDE	186	242	830	n/a	7.8125
S189-D242	NIRSCWAMPLITUDE	189	242	830	n/a	7.8125
S190-D242	NIRSCWAMPLITUDE	190	242	830	n/a	7.8125
S191-D242	NIRSCWAMPLITUDE	191	242	830	n/a	7.8125
S192-D242	NIRSCWAMPLITUDE	192	242	830	n/a	7.8125
S205-D242	NIRSCWAMPLITUDE	205	242	830	n/a	7.8125
S206-D242	NIRSCWAMPLITUDE	206	242	830	n/a	7.8125
S207-D242	NIRSCWAMPLITUDE	207	242	830	n/a	7.8125
S215-D242	NIRSCWAMPLITUDE	215	242	830	n/a	7.8125
S216-D242	NIRSCWAMPLITUDE	216	242	830	n/a	7.8125
S217-D242	NIRSCWAMPLITUDE	217	242	830	n/a	7.8125
S218-D242	NIRSCWAMPLITUDE	218	242	830	n/a	7.8125
S226-D242	NIRSCWAMPLITUDE	226	242	830	n/a	7.8125
S227-D242	NIRSCWAMPLITUDE	227	242	830	n/a	7.8125
S228-D242	NIRSCWAMPLITUDE	228	242	830	n/a	7.8125
S229-D242	NIRSCWAMPLITUDE	229	242	830	n/a	7.8125
S236-D242	NIRSCWAMPLITUDE	236	242	830	n/a	7.8125
S237-D242	NIRSCWAMPLITUDE	237	242	830	n/a	7.8125
S238-D242	NIRSCWAMPLITUDE	238	242	830	n/a	7.8125
S239-D242	NIRSCWAMPLITUDE	239	242	830	n/a	7.8125
S240-D242	NIRSCWAMPLITUDE	240	242	830	n/a	7.8125
S247-D242	NIRSCWAMPLITUDE	247	242	830	n/a	7.8125
S248-D242	NIRSCWAMPLITUDE	248	242	830	n/a	7.8125
S249-D242	NIRSCWAMPLITUDE	249	242	830	n/a	7.8125
S250-D242	NIRSCWAMPLITUDE	250	242	830	n/a	7.8125
S80-D243	NIRSCWAMPLITUDE	80	243	830	n/a	7.8125
S81-D243	NIRSCWAMPLITUDE	81	243	830	n/a	7.8125
S85-D243	NIRSCWAMPLITUDE	85	243	830	n/a	7.8125
S86-D243	NIRSCWAMPLITUDE	86	243	830	n/a	7.8125
S87-D243	NIRSCWAMPLITUDE	87	243	830	n/a	7.8125
S91-D243	NIRSCWAMPLITUDE	91	243	830	n/a	7.8125
S92-D243	NIRSCWAMPLITUDE	92	243	830	n/a	7.8125
S93-D243	NIRSCWAMPLITUDE	93	243	830	n/a	7.8125
S97-D243	NIRSCWAMPLITUDE	97	243	830	n/a	7.8125
S98-D243	NIRSCWAMPLITUDE	98	243	830	n/a	7.8125
S99-D243	NIRSCWAMPLITUDE	99	243	830	n/a	7.8125
S102-D243	NIRSCWAMPLITUDE	102	243	830	n/a	7.8125
S103-D243	NIRSCWAMPLITUDE	103	243	830	n/a	7.8125
S104-D243	NIRSCWAMPLITUDE	104	243	830	n/a	7.8125
S105-D243	NIRSCWAMPLITUDE	105	243	830	n/a	7.8125
S108-D243	NIRSCWAMPLITUDE	108	243	830	n/a	7.8125
S109-D243	NIRSCWAMPLITUDE	109	243	830	n/a	7.8125
S110-D243	NIRSCWAMPLITUDE	110	243	830	n/a	7.8125
S111-D243	NIRSCWAMPLITUDE	111	243	830	n/a	7.8125
S115-D243	NIRSCWAMPLITUDE	115	243	830	n/a	7.8125
S116-D243	NIRSCWAMPLITUDE	116	243	830	n/a	7.8125
S117-D243	NIRSCWAMPLITUDE	117	243	830	n/a	7.8125
S121-D243	NIRSCWAMPLITUDE	121	243	830	n/a	7.8125
S122-D243	NIRSCWAMPLITUDE	122	243	830	n/a	7.8125
S127-D243	NIRSCWAMPLITUDE	127	243	830	n/a	7.8125
S193-D243	NIRSCWAMPLITUDE	193	243	830	n/a	7.8125
S194-D243	NIRSCWAMPLITUDE	194	243	830	n/a	7.8125
S198-D243	NIRSCWAMPLITUDE	198	243	830	n/a	7.8125
S199-D243	NIRSCWAMPLITUDE	199	243	830	n/a	7.8125
S200-D243	NIRSCWAMPLITUDE	200	243	830	n/a	7.8125
S208-D243	NIRSCWAMPLITUDE	208	243	830	n/a	7.8125
S209-D243	NIRSCWAMPLITUDE	209	243	830	n/a	7.8125
S210-D243	NIRSCWAMPLITUDE	210	243	830	n/a	7.8125
S219-D243	NIRSCWAMPLITUDE	219	243	830	n/a	7.8125
S220-D243	NIRSCWAMPLITUDE	220	243	830	n/a	7.8125
S221-D243	NIRSCWAMPLITUDE	221	243	830	n/a	7.8125
S222-D243	NIRSCWAMPLITUDE	222	243	830	n/a	7.8125
S230-D243	NIRSCWAMPLITUDE	230	243	830	n/a	7.8125
S231-D243	NIRSCWAMPLITUDE	231	243	830	n/a	7.8125
S232-D243	NIRSCWAMPLITUDE	232	243	830	n/a	7.8125
S241-D243	NIRSCWAMPLITUDE	241	243	830	n/a	7.8125
S242-D243	NIRSCWAMPLITUDE	242	243	830	n/a	7.8125
S243-D243	NIRSCWAMPLITUDE	243	243	830	n/a	7.8125
S251-D243	NIRSCWAMPLITUDE	251	243	830	n/a	7.8125
S252-D243	NIRSCWAMPLITUDE	252	243	830	n/a	7.8125
S253-D243	NIRSCWAMPLITUDE	253	243	830	n/a	7.8125
S99-D244	NIRSCWAMPLITUDE	99	244	830	n/a	7.8125
S105-D244	NIRSCWAMPLITUDE	105	244	830	n/a	7.8125
S110-D244	NIRSCWAMPLITUDE	110	244	830	n/a	7.8125
S111-D244	NIRSCWAMPLITUDE	111	244	830	n/a	7.8125
S116-D244	NIRSCWAMPLITUDE	116	244	830	n/a	7.8125
S117-D244	NIRSCWAMPLITUDE	117	244	830	n/a	7.8125
S121-D244	NIRSCWAMPLITUDE	121	244	830	n/a	7.8125
S122-D244	NIRSCWAMPLITUDE	122	244	830	n/a	7.8125
S126-D244	NIRSCWAMPLITUDE	126	244	830	n/a	7.8125
S127-D244	NIRSCWAMPLITUDE	127	244	830	n/a	7.8125
S131-D244	NIRSCWAMPLITUDE	131	244	830	n/a	7.8125
S132-D244	NIRSCWAMPLITUDE	132	244	830	n/a	7.8125
S136-D244	NIRSCWAMPLITUDE	136	244	830	n/a	7.8125
S137-D244	NIRSCWAMPLITUDE	137	244	830	n/a	7.8125
S138-D244	NIRSCWAMPLITUDE	138	244	830	n/a	7.8125
S142-D244	NIRSCWAMPLITUDE	142	244	830	n/a	7.8125
S143-D244	NIRSCWAMPLITUDE	143	244	830	n/a	7.8125
S144-D244	NIRSCWAMPLITUDE	144	244	830	n/a	7.8125
S149-D244	NIRSCWAMPLITUDE	149	244	830	n/a	7.8125
S150-D244	NIRSCWAMPLITUDE	150	244	830	n/a	7.8125
S193-D244	NIRSCWAMPLITUDE	193	244	830	n/a	7.8125
S208-D244	NIRSCWAMPLITUDE	208	244	830	n/a	7.8125
S209-D244	NIRSCWAMPLITUDE	209	244	830	n/a	7.8125
S210-D244	NIRSCWAMPLITUDE	210	244	830	n/a	7.8125
S219-D244	NIRSCWAMPLITUDE	219	244	830	n/a	7.8125
S220-D244	NIRSCWAMPLITUDE	220	244	830	n/a	7.8125
S221-D244	NIRSCWAMPLITUDE	221	244	830	n/a	7.8125
S222-D244	NIRSCWAMPLITUDE	222	244	830	n/a	7.8125
S223-D244	NIRSCWAMPLITUDE	223	244	830	n/a	7.8125
S230-D244	NIRSCWAMPLITUDE	230	244	830	n/a	7.8125
S231-D244	NIRSCWAMPLITUDE	231	244	830	n/a	7.8125
S232-D244	NIRSCWAMPLITUDE	232	244	830	n/a	7.8125
S233-D244	NIRSCWAMPLITUDE	233	244	830	n/a	7.8125
S234-D244	NIRSCWAMPLITUDE	234	244	830	n/a	7.8125
S241-D244	NIRSCWAMPLITUDE	241	244	830	n/a	7.8125
S242-D244	NIRSCWAMPLITUDE	242	244	830	n/a	7.8125
S243-D244	NIRSCWAMPLITUDE	243	244	830	n/a	7.8125
S244-D244	NIRSCWAMPLITUDE	244	244	830	n/a	7.8125
S245-D244	NIRSCWAMPLITUDE	245	244	830	n/a	7.8125
S251-D244	NIRSCWAMPLITUDE	251	244	830	n/a	7.8125
S252-D244	NIRSCWAMPLITUDE	252	244	830	n/a	7.8125
S253-D244	NIRSCWAMPLITUDE	253	244	830	n/a	7.8125
S254-D244	NIRSCWAMPLITUDE	254	244	830	n/a	7.8125
S255-D244	NIRSCWAMPLITUDE	255	244	830	n/a	7.8125
S111-D245	NIRSCWAMPLITUDE	111	245	830	n/a	7.8125
S117-D245	NIRSCWAMPLITUDE	117	245	830	n/a	7.8125
S122-D245	NIRSCWAMPLITUDE	122	245	830	n/a	7.8125
S127-D245	NIRSCWAMPLITUDE	127	245	830	n/a	7.8125
S132-D245	NIRSCWAMPLITUDE	132	245	830	n/a	7.8125
S136-D245	NIRSCWAMPLITUDE	136	245	830	n/a	7.8125
S137-D245	NIRSCWAMPLITUDE	137	245	830	n/a	7.8125
S138-D245	NIRSCWAMPLITUDE	138	245	830	n/a	7.8125
S142-D245	NIRSCWAMPLITUDE	142	245	830	n/a	7.8125
S143-D245	NIRSCWAMPLITUDE	143	245	830	n/a	7.8125
S144-D245	NIRSCWAMPLITUDE	144	245	830	n/a	7.8125
S149-D245	NIRSCWAMPLITUDE	149	245	830	n/a	7.8125
S150-D245	NIRSCWAMPLITUDE	150	245	830	n/a	7.8125
S156-D245	NIRSCWAMPLITUDE	156	245	830	n/a	7.8125
S193-D245	NIRSCWAMPLITUDE	193	245	830	n/a	7.8125
S208-D245	NIRSCWAMPLITUDE	208	245	830	n/a	7.8125
S209-D245	NIRSCWAMPLITUDE	209	245	830	n/a	7.8125
S210-D245	NIRSCWAMPLITUDE	210	245	830	n/a	7.8125
S211-D245	NIRSCWAMPLITUDE	211	245	830	n/a	7.8125
S219-D245	NIRSCWAMPLITUDE	219	245	830	n/a	7.8125
S220-D245	NIRSCWAMPLITUDE	220	245	830	n/a	7.8125
S221-D245	NIRSCWAMPLITUDE	221	245	830	n/a	7.8125
S222-D245	NIRSCWAMPLITUDE	222	245	830	n/a	7.8125
S223-D245	NIRSCWAMPLITUDE	223	245	830	n/a	7.8125
S224-D245	NIRSCWAMPLITUDE	224	245	830	n/a	7.8125
S230-D245	NIRSCWAMPLITUDE	230	245	830	n/a	7.8125
S231-D245	NIRSCWAMPLITUDE	231	245	830	n/a	7.8125
S232-D245	NIRSCWAMPLITUDE	232	245	830	n/a	7.8125
S233-D245	NIRSCWAMPLITUDE	233	245	830	n/a	7.8125
S234-D245	NIRSCWAMPLITUDE	234	245	830	n/a	7.8125
S235-D245	NIRSCWAMPLITUDE	235	245	830	n/a	7.8125
S241-D245	NIRSCWAMPLITUDE	241	245	830	n/a	7.8125
S242-D245	NIRSCWAMPLITUDE	242	245	830	n/a	7.8125
S243-D245	NIRSCWAMPLITUDE	243	245	830	n/a	7.8125
S244-D245	NIRSCWAMPLITUDE	244	245	830	n/a	7.8125
S245-D245	NIRSCWAMPLITUDE	245	245	830	n/a	7.8125
S246-D245	NIRSCWAMPLITUDE	246	245	830	n/a	7.8125
S251-D245	NIRSCWAMPLITUDE	251	245	830	n/a	7.8125
S252-D245	NIRSCWAMPLITUDE	252	245	830	n/a	7.8125
S253-D245	NIRSCWAMPLITUDE	253	245	830	n/a	7.8125
S254-D245	NIRSCWAMPLITUDE	254	245	830	n/a	7.8125
S255-D245	NIRSCWAMPLITUDE	255	245	830	n/a	7.8125
S132-D246	NIRSCWAMPLITUDE	132	246	830	n/a	7.8125
S136-D246	NIRSCWAMPLITUDE	136	246	830	n/a	7.8125
S137-D246	NIRSCWAMPLITUDE	137	246	830	n/a	7.8125
S138-D246	NIRSCWAMPLITUDE	138	246	830	n/a	7.8125
S142-D246	NIRSCWAMPLITUDE	142	246	830	n/a	7.8125
S143-D246	NIRSCWAMPLITUDE	143	246	830	n/a	7.8125
S144-D246	NIRSCWAMPLITUDE	144	246	830	n/a	7.8125
S148-D246	NIRSCWAMPLITUDE	148	246	830	n/a	7.8125
S149-D246	NIRSCWAMPLITUDE	149	246	830	n/a	7.8125
S150-D246	NIRSCWAMPLITUDE	150	246	830	n/a	7.8125
S155-D246	NIRSCWAMPLITUDE	155	246	830	n/a	7.8125
S156-D246	NIRSCWAMPLITUDE	156	246	830	n/a	7.8125
S162-D246	NIRSCWAMPLITUDE	162	246	830	n/a	7.8125
S208-D246	NIRSCWAMPLITUDE	208	246	830	n/a	7.8125
S209-D246	NIRSCWAMPLITUDE	209	246	830	n/a	7.8125
S210-D246	NIRSCWAMPLITUDE	210	246	830	n/a	7.8125
S211-D246	NIRSCWAMPLITUDE	211	246	830	n/a	7.8125
S212-D246	NIRSCWAMPLITUDE	212	246	830	n/a	7.8125
S213-D246	NIRSCWAMPLITUDE	213	246	830	n/a	7.8125
S219-D246	NIRSCWAMPLITUDE	219	246	830	n/a	7.8125
S220-D246	NIRSCWAMPLITUDE	220	246	830	n/a	7.8125
S221-D246	NIRSCWAMPLITUDE	221	246	830	n/a	7.8125
S222-D246	NIRSCWAMPLITUDE	222	246	830	n/a	7.8125
S223-D246	NIRSCWAMPLITUDE	223	246	830	n/a	7.8125
S224-D246	NIRSCWAMPLITUDE	224	246	830	n/a	7.8125
S225-D246	NIRSCWAMPLITUDE	225	246	830	n/a	7.8125
S230-D246	NIRSCWAMPLITUDE	230	246	830	n/a	7.8125
S231-D246	NIRSCWAMPLITUDE	231	246	830	n/a	7.8125
S232-D246	NIRSCWAMPLITUDE	232	246	830	n/a	7.8125
S233-D246	NIRSCWAMPLITUDE	233	246	830	n/a	7.8125
S234-D246	NIRSCWAMPLITUDE	234	246	830	n/a	7.8125
S235-D246	NIRSCWAMPLITUDE	235	246	830	n/a	7.8125
S236-D246	NIRSCWAMPLITUDE	236	246	830	n/a	7.8125
S241-D246	NIRSCWAMPLITUDE	241	246	830	n/a	7.8125
S242-D246	NIRSCWAMPLITUDE	242	246	830	n/a	7.8125
S243-D246	NIRSCWAMPLITUDE	243	246	830	n/a	7.8125
S244-D246	NIRSCWAMPLITUDE	244	246	830	n/a	7.8125
S245-D246	NIRSCWAMPLITUDE	245	246	830	n/a	7.8125
S246-D246	NIRSCWAMPLITUDE	246	246	830	n/a	7.8125
S247-D246	NIRSCWAMPLITUDE	247	246	830	n/a	7.8125
S251-D246	NIRSCWAMPLITUDE	251	246	830	n/a	7.8125
S252-D246	NIRSCWAMPLITUDE	252	246	830	n/a	7.8125
S253-D246	NIRSCWAMPLITUDE	253	246	830	n/a	7.8125
S254-D246	NIRSCWAMPLITUDE	254	246	830	n/a	7.8125
S255-D246	NIRSCWAMPLITUDE	255	246	830	n/a	7.8125
S136-D247	NIRSCWAMPLITUDE	136	247	830	n/a	7.8125
S137-D247	NIRSCWAMPLITUDE	137	247	830	n/a	7.8125
S138-D247	NIRSCWAMPLITUDE	138	247	830	n/a	7.8125
S142-D247	NIRSCWAMPLITUDE	142	247	830	n/a	7.8125
S143-D247	NIRSCWAMPLITUDE	143	247	830	n/a	7.8125
S144-D247	NIRSCWAMPLITUDE	144	247	830	n/a	7.8125
S148-D247	NIRSCWAMPLITUDE	148	247	830	n/a	7.8125
S149-D247	NIRSCWAMPLITUDE	149	247	830	n/a	7.8125
S150-D247	NIRSCWAMPLITUDE	150	247	830	n/a	7.8125
S155-D247	NIRSCWAMPLITUDE	155	247	830	n/a	7.8125
S156-D247	NIRSCWAMPLITUDE	156	247	830	n/a	7.8125
S161-D247	NIRSCWAMPLITUDE	161	247	830	n/a	7.8125
S162-D247	NIRSCWAMPLITUDE	162	247	830	n/a	7.8125
S168-D247	NIRSCWAMPLITUDE	168	247	830	n/a	7.8125
S209-D247	NIRSCWAMPLITUDE	209	247	830	n/a	7.8125
S210-D247	NIRSCWAMPLITUDE	210	247	830	n/a	7.8125
S211-D247	NIRSCWAMPLITUDE	211	247	830	n/a	7.8125
S212-D247	NIRSCWAMPLITUDE	212	247	830	n/a	7.8125
S213-D247	NIRSCWAMPLITUDE	213	247	830	n/a	7.8125
S214-D247	NIRSCWAMPLITUDE	214	247	830	n/a	7.8125
S220-D247	NIRSCWAMPLITUDE	220	247	830	n/a	7.8125
S221-D247	NIRSCWAMPLITUDE	221	247	830	n/a	7.8125
S222-D247	NIRSCWAMPLITUDE	222	247	830	n/a	7.8125
S223-D247	NIRSCWAMPLITUDE	223	247	830	n/a	7.8125
S224-D247	NIRSCWAMPLITUDE	224	247	830	n/a	7.8125
S225-D247	NIRSCWAMPLITUDE	225	247	830	n/a	7.8125
S226-D247	NIRSCWAMPLITUDE	226	247	830	n/a	7.8125
S227-D247	NIRSCWAMPLITUDE	227	247	830	n/a	7.8125
S230-D247	NIRSCWAMPLITUDE	230	247	830	n/a	7.8125
S231-D247	NIRSCWAMPLITUDE	231	247	830	n/a	7.8125
S232-D247	NIRSCWAMPLITUDE	232	247	830	n/a	7.8125
S233-D247	NIRSCWAMPLITUDE	233	247	830	n/a	7.8125
S234-D247	NIRSCWAMPLITUDE	234	247	830	n/a	7.8125
S235-D247	NIRSCWAMPLITUDE	235	247	830	n/a	7.8125
S236-D247	NIRSCWAMPLITUDE	236	247	830	n/a	7.8125
S237-D247	NIRSCWAMPLITUDE	237	247	830	n/a	7.8125
S241-D247	NIRSCWAMPLITUDE	241	247	830	n/a	7.8125
S242-D247	NIRSCWAMPLITUDE	242	247	830	n/a	7.8125
S243-D247	NIRSCWAMPLITUDE	243	247	830	n/a	7.8125
S244-D247	NIRSCWAMPLITUDE	244	247	830	n/a	7.8125
S245-D247	NIRSCWAMPLITUDE	245	247	830	n/a	7.8125
S246-D247	NIRSCWAMPLITUDE	246	247	830	n/a	7.8125
S247-D247	NIRSCWAMPLITUDE	247	247	830	n/a	7.8125
S248-D247	NIRSCWAMPLITUDE	248	247	830	n/a	7.8125
S252-D247	NIRSCWAMPLITUDE	252	247	830	n/a	7.8125
S253-D247	NIRSCWAMPLITUDE	253	247	830	n/a	7.8125
S254-D247	NIRSCWAMPLITUDE	254	247	830	n/a	7.8125
S255-D247	NIRSCWAMPLITUDE	255	247	830	n/a	7.8125
S137-D248	NIRSCWAMPLITUDE	137	248	830	n/a	7.8125
S138-D248	NIRSCWAMPLITUDE	138	248	830	n/a	7.8125
S143-D248	NIRSCWAMPLITUDE	143	248	830	n/a	7.8125
S144-D248	NIRSCWAMPLITUDE	144	248	830	n/a	7.8125
S148-D248	NIRSCWAMPLITUDE	148	248	830	n/a	7.8125
S149-D248	NIRSCWAMPLITUDE	149	248	830	n/a	7.8125
S150-D248	NIRSCWAMPLITUDE	150	248	830	n/a	7.8125
S154-D248	NIRSCWAMPLITUDE	154	248	830	n/a	7.8125
S155-D248	NIRSCWAMPLITUDE	155	248	830	n/a	7.8125
S156-D248	NIRSCWAMPLITUDE	156	248	830	n/a	7.8125
S160-D248	NIRSCWAMPLITUDE	160	248	830	n/a	7.8125
S161-D248	NIRSCWAMPLITUDE	161	248	830	n/a	7.8125
S162-D248	NIRSCWAMPLITUDE	162	248	830	n/a	7.8125
S167-D248	NIRSCWAMPLITUDE	167	248	830	n/a	7.8125
S168-D248	NIRSCWAMPLITUDE	168	248	830	n/a	7.8125
S174-D248	NIRSCWAMPLITUDE	174	248	830	n/a	7.8125
S210-D248	NIRSCWAMPLITUDE	210	248	830	n/a	7.8125
S211-D248	NIRSCWAMPLITUDE	211	248	830	n/a	7.8125
S212-D248	NIRSCWAMPLITUDE	212	248	830	n/a	7.8125
S213-D248	NIRSCWAMPLITUDE	213	248	830	n/a	7.8125
S214-D248	NIRSCWAMPLITUDE	214	248	830	n/a	7.8125
S215-D248	NIRSCWAMPLITUDE	215	248	830	n/a	7.8125
S221-D248	NIRSCWAMPLITUDE	221	248	830	n/a	7.8125
S222-D248	NIRSCWAMPLITUDE	222	248	830	n/a	7.8125
S223-D248	NIRSCWAMPLITUDE	223	248	830	n/a	7.8125
S224-D248	NIRSCWAMPLITUDE	224	248	830	n/a	7.8125
S225-D248	NIRSCWAMPLITUDE	225	248	830	n/a	7.8125
S226-D248	NIRSCWAMPLITUDE	226	248	830	n/a	7.8125
S227-D248	NIRSCWAMPLITUDE	227	248	830	n/a	7.8125
S228-D248	NIRSCWAMPLITUDE	228	248	830	n/a	7.8125
S231-D248	NIRSCWAMPLITUDE	231	248	830	n/a	7.8125
S232-D248	NIRSCWAMPLITUDE	232	248	830	n/a	7.8125
S233-D248	NIRSCWAMPLITUDE	233	248	830	n/a	7.8125
S234-D248	NIRSCWAMPLITUDE	234	248	830	n/a	7.8125
S235-D248	NIRSCWAMPLITUDE	235	248	830	n/a	7.8125
S236-D248	NIRSCWAMPLITUDE	236	248	830	n/a	7.8125
S237-D248	NIRSCWAMPLITUDE	237	248	830	n/a	7.8125
S238-D248	NIRSCWAMPLITUDE	238	248	830	n/a	7.8125
S242-D248	NIRSCWAMPLITUDE	242	248	830	n/a	7.8125
S243-D248	NIRSCWAMPLITUDE	243	248	830	n/a	7.8125
S244-D248	NIRSCWAMPLITUDE	244	248	830	n/a	7.8125
S245-D248	NIRSCWAMPLITUDE	245	248	830	n/a	7.8125
S246-D248	NIRSCWAMPLITUDE	246	248	830	n/a	7.8125
S247-D248	NIRSCWAMPLITUDE	247	248	830	n/a	7.8125
S248-D248	NIRSCWAMPLITUDE	248	248	830	n/a	7.8125
S249-D248	NIRSCWAMPLITUDE	249	248	830	n/a	7.8125
S252-D248	NIRSCWAMPLITUDE	252	248	830	n/a	7.8125
S253-D248	NIRSCWAMPLITUDE	253	248	830	n/a	7.8125
S254-D248	NIRSCWAMPLITUDE	254	248	830	n/a	7.8125
S255-D248	NIRSCWAMPLITUDE	255	248	830	n/a	7.8125
S138-D249	NIRSCWAMPLITUDE	138	249	830	n/a	7.8125
S143-D249	NIRSCWAMPLITUDE	143	249	830	n/a	7.8125
S144-D249	NIRSCWAMPLITUDE	144	249	830	n/a	7.8125
S149-D249	NIRSCWAMPLITUDE	149	249	830	n/a	7.8125
S150-D249	NIRSCWAMPLITUDE	150	249	830	n/a	7.8125
S154-D249	NIRSCWAMPLITUDE	154	249	830	n/a	7.8125
S155-D249	NIRSCWAMPLITUDE	155	249	830	n/a	7.8125
S156-D249	NIRSCWAMPLITUDE	156	249	830	n/a	7.8125
S160-D249	NIRSCWAMPLITUDE	160	249	830	n/a	7.8125
S161-D249	NIRSCWAMPLITUDE	161	249	830	n/a	7.8125
S162-D249	NIRSCWAMPLITUDE	162	249	830	n/a	7.8125
S166-D249	NIRSCWAMPLITUDE	166	249	830	n/a	7.8125
S167-D249	NIRSCWAMPLITUDE	167	249	830	n/a	7.8125
S168-D249	NIRSCWAMPLITUDE	168	249	830	n/a	7.8125
S173-D249	NIRSCWAMPLITUDE	173	249	830	n/a	7.8125
S174-D249	NIRSCWAMPLITUDE	174	249	830	n/a	7.8125
S179-D249	NIRSCWAMPLITUDE	179	249	830	n/a	7.8125
S180-D249	NIRSCWAMPLITUDE	180	249	830	n/a	7.8125
S211-D249	NIRSCWAMPLITUDE	211	249	830	n/a	7.8125
S212-D249	NIRSCWAMPLITUDE	212	249	830	n/a	7.8125
S213-D249	NIRSCWAMPLITUDE	213	249	830	n/a	7.8125
S214-D249	NIRSCWAMPLITUDE	214	249	830	n/a	7.8125
S215-D249	NIRSCWAMPLITUDE	215	249	830	n/a	7.8125
S216-D249	NIRSCWAMPLITUDE	216	249	830	n/a	7.8125
S223-D249	NIRSCWAMPLITUDE	223	249	830	n/a	7.8125
S224-D249	NIRSCWAMPLITUDE	224	249	830	n/a	7.8125
S225-D249	NIRSCWAMPLITUDE	225	249	830	n/a	7.8125
S226-D249	NIRSCWAMPLITUDE	226	249	830	n/a	7.8125
S227-D249	NIRSCWAMPLITUDE	227	249	830	n/a	7.8125
S228-D249	NIRSCWAMPLITUDE	228	249	830	n/a	7.8125
S229-D249	NIRSCWAMPLITUDE	229	249	830	n/a	7.8125
S232-D249	NIRSCWAMPLITUDE	232	249	830	n/a	7.8125
S233-D249	NIRSCWAMPLITUDE	233	249	830	n/a	7.8125
S234-D249	NIRSCWAMPLITUDE	234	249	830	n/a	7.8125
S235-D249	NIRSCWAMPLITUDE	235	249	830	n/a	7.8125
S236-D249	NIRSCWAMPLITUDE	236	249	830	n/a	7.8125
S237-D249	NIRSCWAMPLITUDE	237	249	830	n/a	7.8125
S238-D249	NIRSCWAMPLITUDE	238	249	830	n/a	7.8125
S239-D249	NIRSCWAMPLITUDE	239	249	830	n/a	7.8125
S243-D249	NIRSCWAMPLITUDE	243	249	830	n/a	7.8125
S244-D249	NIRSCWAMPLITUDE	244	249	830	n/a	7.8125
S245-D249	NIRSCWAMPLITUDE	245	249	830	n/a	7.8125
S246-D249	NIRSCWAMPLITUDE	246	249	830	n/a	7.8125
S247-D249	NIRSCWAMPLITUDE	247	249	830	n/a	7.8125
S248-D249	NIRSCWAMPLITUDE	248	249	830	n/a	7.8125
S249-D249	NIRSCWAMPLITUDE	249	249	830	n/a	7.8125
S250-D249	NIRSCWAMPLITUDE	250	249	830	n/a	7.8125
S253-D249	NIRSCWAMPLITUDE	253	249	830	n/a	7.8125
S254-D249	NIRSCWAMPLITUDE	254	249	830	n/a	7.8125
S255-D249	NIRSCWAMPLITUDE	255	249	830	n/a	7.8125
S144-D250	NIRSCWAMPLITUDE	144	250	830	n/a	7.8125
S149-D250	NIRSCWAMPLITUDE	149	250	830	n/a	7.8125
S150-D250	NIRSCWAMPLITUDE	150	250	830	n/a	7.8125
S154-D250	NIRSCWAMPLITUDE	154	250	830	n/a	7.8125
S155-D250	NIRSCWAMPLITUDE	155	250	830	n/a	7.8125
S156-D250	NIRSCWAMPLITUDE	156	250	830	n/a	7.8125
S160-D250	NIRSCWAMPLITUDE	160	250	830	n/a	7.8125
S161-D250	NIRSCWAMPLITUDE	161	250	830	n/a	7.8125
S162-D250	NIRSCWAMPLITUDE	162	250	830	n/a	7.8125
S166-D250	NIRSCWAMPLITUDE	166	250	830	n/a	7.8125
S167-D250	NIRSCWAMPLITUDE	167	250	830	n/a	7.8125
S168-D250	NIRSCWAMPLITUDE	168	250	830	n/a	7.8125
S172-D250	NIRSCWAMPLITUDE	172	250	830	n/a	7.8125
S173-D250	NIRSCWAMPLITUDE	173	250	830	n/a	7.8125
S174-D250	NIRSCWAMPLITUDE	174	250	830	n/a	7.8125
S178-D250	NIRSCWAMPLITUDE	178	250	830	n/a	7.8125
S179-D250	NIRSCWAMPLITUDE	179	250	830	n/a	7.8125
S180-D250	NIRSCWAMPLITUDE	180	250	830	n/a	7.8125
S185-D250	NIRSCWAMPLITUDE	185	250	830	n/a	7.8125
S186-D250	NIRSCWAMPLITUDE	186	250	830	n/a	7.8125
S212-D250	NIRSCWAMPLITUDE	212	250	830	n/a	7.8125
S213-D250	NIRSCWAMPLITUDE	213	250	830	n/a	7.8125
S214-D250	NIRSCWAMPLITUDE	214	250	830	n/a	7.8125
S215-D250	NIRSCWAMPLITUDE	215	250	830	n/a	7.8125
S216-D250	NIRSCWAMPLITUDE	216	250	830	n/a	7.8125
S217-D250	NIRSCWAMPLITUDE	217	250	830	n/a	7.8125
S224-D250	NIRSCWAMPLITUDE	224	250	830	n/a	7.8125
S225-D250	NIRSCWAMPLITUDE	225	250	830	n/a	7.8125
S226-D250	NIRSCWAMPLITUDE	226	250	830	n/a	7.8125
S227-D250	NIRSCWAMPLITUDE	227	250	830	n/a	7.8125
S228-D250	NIRSCWAMPLITUDE	228	250	830	n/a	7.8125
S229-D250	NIRSCWAMPLITUDE	229	250	830	n/a	7.8125
S233-D250	NIRSCWAMPLITUDE	233	250	830	n/a	7.8125
S234-D250	NIRSCWAMPLITUDE	234	250	830	n/a	7.8125
S235-D250	NIRSCWAMPLITUDE	235	250	830	n/a	7.8125
S236-D250	NIRSCWAMPLITUDE	236	250	830	n/a	7.8125
S237-D250	NIRSCWAMPLITUDE	237	250	830	n/a	7.8125
S238-D250	NIRSCWAMPLITUDE	238	250	830	n/a	7.8125
S239-D250	NIRSCWAMPLITUDE	239	250	830	n/a	7.8125
S240-D250	NIRSCWAMPLITUDE	240	250	830	n/a	7.8125
S244-D250	NIRSCWAMPLITUDE	244	250	830	n/a	7.8125
S245-D250	NIRSCWAMPLITUDE	245	250	830	n/a	7.8125
S246-D250	NIRSCWAMPLITUDE	246	250	830	n/a	7.8125
S247-D250	NIRSCWAMPLITUDE	247	250	830	n/a	7.8125
S248-D250	NIRSCWAMPLITUDE	248	250	830	n/a	7.8125
S249-D250	NIRSCWAMPLITUDE	249	250	830	n/a	7.8125
S250-D250	NIRSCWAMPLITUDE	250	250	830	n/a	7.8125
S253-D250	NIRSCWAMPLITUDE	253	250	830	n/a	7.8125
S254-D250	NIRSCWAMPLITUDE	254	250	830	n/a	7.8125
S255-D250	NIRSCWAMPLITUDE	255	250	830	n/a	7.8125
S150-D251	NIRSCWAMPLITUDE	150	251	830	n/a	7.8125
S154-D251	NIRSCWAMPLITUDE	154	251	830	n/a	7.8125
S155-D251	NIRSCWAMPLITUDE	155	251	830	n/a	7.8125
S156-D251	NIRSCWAMPLITUDE	156	251	830	n/a	7.8125
S160-D251	NIRSCWAMPLITUDE	160	251	830	n/a	7.8125
S161-D251	NIRSCWAMPLITUDE	161	251	830	n/a	7.8125
S162-D251	NIRSCWAMPLITUDE	162	251	830	n/a	7.8125
S165-D251	NIRSCWAMPLITUDE	165	251	830	n/a	7.8125
S166-D251	NIRSCWAMPLITUDE	166	251	830	n/a	7.8125
S167-D251	NIRSCWAMPLITUDE	167	251	830	n/a	7.8125
S168-D251	NIRSCWAMPLITUDE	168	251	830	n/a	7.8125
S171-D251	NIRSCWAMPLITUDE	171	251	830	n/a	7.8125
S172-D251	NIRSCWAMPLITUDE	172	251	830	n/a	7.8125
S173-D251	NIRSCWAMPLITUDE	173	251	830	n/a	7.8125
S174-D251	NIRSCWAMPLITUDE	174	251	830	n/a	7.8125
S177-D251	NIRSCWAMPLITUDE	177	251	830	n/a	7.8125
S178-D251	NIRSCWAMPLITUDE	178	251	830	n/a	7.8125
S179-D251	NIRSCWAMPLITUDE	179	251	830	n/a	7.8125
S180-D251	NIRSCWAMPLITUDE	180	251	830	n/a	7.8125
S184-D251	NIRSCWAMPLITUDE	184	251	830	n/a	7.8125
S185-D251	NIRSCWAMPLITUDE	185	251	830	n/a	7.8125
S186-D251	NIRSCWAMPLITUDE	186	251	830	n/a	7.8125
S191-D251	NIRSCWAMPLITUDE	191	251	830	n/a	7.8125
S192-D251	NIRSCWAMPLITUDE	192	251	830	n/a	7.8125
S213-D251	NIRSCWAMPLITUDE	213	251	830	n/a	7.8125
S214-D251	NIRSCWAMPLITUDE	214	251	830	n/a	7.8125
S215-D251	NIRSCWAMPLITUDE	215	251	830	n/a	7.8125
S216-D251	NIRSCWAMPLITUDE	216	251	830	n/a	7.8125
S217-D251	NIRSCWAMPLITUDE	217	251	830	n/a	7.8125
S218-D251	NIRSCWAMPLITUDE	218	251	830	n/a	7.8125
S225-D251	NIRSCWAMPLITUDE	225	251	830	n/a	7.8125
S226-D251	NIRSCWAMPLITUDE	226	251	830	n/a	7.8125
S227-D251	NIRSCWAMPLITUDE	227	251	830	n/a	7.8125
S228-D251	NIRSCWAMPLITUDE	228	251	830	n/a	7.8125
S229-D251	NIRSCWAMPLITUDE	229	251	830	n/a	7.8125
S234-D251	NIRSCWAMPLITUDE	234	251	830	n/a	7.8125
S235-D251	NIRSCWAMPLITUDE	235	251	830	n/a	7.8125
S236-D251	NIRSCWAMPLITUDE	236	251	830	n/a	7.8125
S237-D251	NIRSCWAMPLITUDE	237	251	830	n/a	7.8125
S238-D251	NIRSCWAMPLITUDE	238	251	830	n/a	7.8125
S239-D251	NIRSCWAMPLITUDE	239	251	830	n/a	7.8125
S240-D251	NIRSCWAMPLITUDE	240	251	830	n/a	7.8125
S245-D251	NIRSCWAMPLITUDE	245	251	830	n/a	7.8125
S246-D251	NIRSCWAMPLITUDE	246	251	830	n/a	7.8125
S247-D251	NIRSCWAMPLITUDE	247	251	830	n/a	7.8125
S248-D251	NIRSCWAMPLITUDE	248	251	830	n/a	7.8125
S249-D251	NIRSCWAMPLITUDE	249	251	830	n/a	7.8125
S250-D251	NIRSCWAMPLITUDE	250	251	830	n/a	7.8125
S254-D251	NIRSCWAMPLITUDE	254	251	830	n/a	7.8125
S255-D251	NIRSCWAMPLITUDE	255	251	830	n/a	7.8125
S81-D252	NIRSCWAMPLITUDE	81	252	830	n/a	7.8125
S86-D252	NIRSCWAMPLITUDE	86	252	830	n/a	7.8125
S87-D252	NIRSCWAMPLITUDE	87	252	830	n/a	7.8125
S91-D252	NIRSCWAMPLITUDE	91	252	830	n/a	7.8125
S92-D252	NIRSCWAMPLITUDE	92	252	830	n/a	7.8125
S93-D252	NIRSCWAMPLITUDE	93	252	830	n/a	7.8125
S97-D252	NIRSCWAMPLITUDE	97	252	830	n/a	7.8125
S98-D252	NIRSCWAMPLITUDE	98	252	830	n/a	7.8125
S99-D252	NIRSCWAMPLITUDE	99	252	830	n/a	7.8125
S102-D252	NIRSCWAMPLITUDE	102	252	830	n/a	7.8125
S103-D252	NIRSCWAMPLITUDE	103	252	830	n/a	7.8125
S104-D252	NIRSCWAMPLITUDE	104	252	830	n/a	7.8125
S105-D252	NIRSCWAMPLITUDE	105	252	830	n/a	7.8125
S108-D252	NIRSCWAMPLITUDE	108	252	830	n/a	7.8125
S109-D252	NIRSCWAMPLITUDE	109	252	830	n/a	7.8125
S110-D252	NIRSCWAMPLITUDE	110	252	830	n/a	7.8125
S111-D252	NIRSCWAMPLITUDE	111	252	830	n/a	7.8125
S114-D252	NIRSCWAMPLITUDE	114	252	830	n/a	7.8125
S115-D252	NIRSCWAMPLITUDE	115	252	830	n/a	7.8125
S116-D252	NIRSCWAMPLITUDE	116	252	830	n/a	7.8125
S117-D252	NIRSCWAMPLITUDE	117	252	830	n/a	7.8125
S120-D252	NIRSCWAMPLITUDE	120	252	830	n/a	7.8125
S121-D252	NIRSCWAMPLITUDE	121	252	830	n/a	7.8125
S122-D252	NIRSCWAMPLITUDE	122	252	830	n/a	7.8125
S126-D252	NIRSCWAMPLITUDE	126	252	830	n/a	7.8125
S127-D252	NIRSCWAMPLITUDE	127	252	830	n/a	7.8125
S132-D252	NIRSCWAMPLITUDE	132	252	830	n/a	7.8125
S137-D252	NIRSCWAMPLITUDE	137	252	830	n/a	7.8125
S138-D252	NIRSCWAMPLITUDE	138	252	830	n/a	7.8125
S193-D252	NIRSCWAMPLITUDE	193	252	830	n/a	7.8125
S198-D252	NIRSCWAMPLITUDE	198	252	830	n/a	7.8125
S199-D252	NIRSCWAMPLITUDE	199	252	830	n/a	7.8125
S208-D252	NIRSCWAMPLITUDE	208	252	830	n/a	7.8125
S209-D252	NIRSCWAMPLITUDE	209	252	830	n/a	7.8125
S219-D252	NIRSCWAMPLITUDE	219	252	830	n/a	7.8125
S220-D252	NIRSCWAMPLITUDE	220	252	830	n/a	7.8125
S221-D252	NIRSCWAMPLITUDE	221	252	830	n/a	7.8125
S222-D252	NIRSCWAMPLITUDE	222	252	830	n/a	7.8125
S230-D252	NIRSCWAMPLITUDE	230	252	830	n/a	7.8125
S231-D252	NIRSCWAMPLITUDE	231	252	830	n/a	7.8125
S232-D252	NIRSCWAMPLITUDE	232	252	830	n/a	7.8125
S241-D252	NIRSCWAMPLITUDE	241	252	830	n/a	7.8125
S242-D252	NIRSCWAMPLITUDE	242	252	830	n/a	7.8125
S243-D252	NIRSCWAMPLITUDE	243	252	830	n/a	7.8125
S251-D252	NIRSCWAMPLITUDE	251	252	830	n/a	7.8125
S252-D252	NIRSCWAMPLITUDE	252	252	830	n/a	7.8125
S253-D252	NIRSCWAMPLITUDE	253	252	830	n/a	7.8125
